step,obs_0,obs_1,obs_2,obs_3,obs_4,obs_5,obs_6,obs_7,obs_8,obs_9,obs_10,obs_11,obs_12,obs_13,obs_14,obs_15,obs_16,action_0,action_1,action_2,action_3,action_4,action_5,reward,done
0,-0.0992203950881958,-0.03776125982403755,-0.08526354283094406,-0.07673995196819305,-0.06075851991772652,0.027984358370304108,0.07948983460664749,0.0821465328335762,0.0904882550239563,0.011708875186741352,-0.01889812760055065,-0.025947896763682365,0.01234982069581747,0.027644693851470947,-0.04751894995570183,-0.07630522549152374,0.05659255385398865,-0.7123134136199951,0.41970014572143555,-0.5269002914428711,-0.13268303871154785,0.06855082511901855,-0.0060656070709228516,-0.29318612813949585,False
1,-0.10524094104766846,0.005525709595531225,-0.394587904214859,0.38039326667785645,-0.37267935276031494,-0.04096095263957977,0.10655275732278824,0.06810837239027023,-0.43681448698043823,-0.9720934629440308,-0.33843672275543213,-7.19435977935791,12.359143257141113,-7.988519191741943,-0.30694252252578735,0.227870911359787,-0.3760307729244232,0.46067261695861816,-0.7913656234741211,-0.5314991474151611,-0.689802885055542,-0.16150736808776855,-0.30959630012512207,-0.45639902353286743,False
2,-0.07230007648468018,0.027284087613224983,-0.4897109568119049,0.4071085751056671,-0.3435407876968384,-0.16093961894512177,0.1658368855714798,-0.09050045907497406,-0.32599663734436035,1.9110692739486694,2.0001606941223145,0.2887212038040161,-5.193235397338867,1.2223385572433472,-3.311586380004883,1.5289742946624756,-6.067228317260742,0.6534159183502197,0.8794054985046387,0.8498427867889404,0.5153388977050781,-0.9607160091400146,-0.42270851135253906,-0.14946672320365906,False
3,-0.05976647138595581,0.016508696600794792,-0.37972575426101685,0.2408725768327713,-0.19043351709842682,0.06580489873886108,-0.19707603752613068,-0.3738331198692322,0.35939162969589233,0.45670607686042786,0.8986006379127502,-0.016250967979431152,2.130735158920288,1.4380981922149658,5.4545979499816895,-12.332342147827148,-5.24021577835083,-0.5843720436096191,0.5699148178100586,0.8642709255218506,-0.9682824611663818,0.02323746681213379,0.5758647918701172,-0.6768753528594971,False
4,-0.08882021903991699,0.03175109252333641,-0.5168600082397461,0.395923376083374,0.17543083429336548,0.049270253628492355,-0.6413384079933167,-0.263779878616333,-0.5672982335090637,-0.5619550943374634,0.6090790033340454,-8.682595252990723,7.251869201660156,10.66545581817627,-3.671363115310669,-8.352079391479492,8.246136665344238,-0.806732177734375,-0.6372261047363281,-0.6484131813049316,0.7234232425689697,0.9656009674072266,-0.4642906188964844,-0.5332216024398804,False
5,-0.11488866806030273,0.017086772248148918,-0.5030181407928467,0.43021732568740845,0.43432292342185974,-0.13104352355003357,-0.4692782759666443,-0.5615575909614563,-0.1281634271144867,-0.2095993012189865,-0.49906936287879944,2.6442148685455322,0.1969323754310608,0.7828599810600281,-3.303454875946045,9.113829612731934,-12.059015274047852,-0.7457461357116699,-0.6256728172302246,0.3822920322418213,-0.6891844272613525,-0.1901698112487793,0.22626352310180664,-0.6556323766708374,False
6,-0.1582186222076416,0.029106806963682175,-0.43801891803741455,0.21385996043682098,0.7790789604187012,-0.3602752685546875,-0.6780649423599243,0.23390920460224152,-0.4515874683856964,-0.7482511401176453,3.8711118698120117,-6.550283908843994,-1.9059112071990967,8.624799728393555,-8.08422565460205,-5.233356952667236,18.043256759643555,0.02397918701171875,0.6633210182189941,0.6871337890625,-0.8000369071960449,0.1156759262084961,0.17630887031555176,-0.026114657521247864,False
7,-0.17215514183044434,0.10384049266576767,-0.5231900811195374,0.36558035016059875,0.6094129085540771,-0.74192214012146,-0.4139440059661865,0.20189936459064484,-0.2353428155183792,-0.0033135265111923218,1.5875767469406128,-0.7643837332725525,5.095573425292969,-4.515354633331299,-6.951690196990967,10.036478996276855,-12.35057258605957,-0.15227055549621582,-0.3510768413543701,0.2848532199859619,0.5435702800750732,-0.22735142707824707,0.9943928718566895,0.39578086137771606,False
8,-0.22394683957099915,0.11566776037216187,-0.4218904674053192,0.33823102712631226,0.65351402759552,-0.7630820274353027,-0.5683920383453369,0.4082759916782379,0.9093100428581238,-0.3112996220588684,0.9797576069831848,1.404450535774231,-1.287148118019104,2.695317268371582,-0.19468267261981964,-10.38525676727295,16.966033935546875,-0.9741182327270508,0.7696335315704346,-0.6874902248382568,-0.4687213897705078,-0.9974582195281982,0.604482889175415,-0.14803475141525269,False
9,-0.30241766571998596,0.15249989926815033,-0.5440496802330017,0.7353400588035583,0.4631628096103668,-0.6702876091003418,-0.901847779750824,0.30020156502723694,0.45921358466148376,-1.6131529808044434,-1.1721800565719604,1.2552801370620728,8.744743347167969,-8.43930721282959,3.90571928024292,-12.488545417785645,2.4899892807006836,0.2327866554260254,0.9283933639526367,-0.6236164569854736,-0.9032382965087891,-0.8409061431884766,0.817603349685669,0.14932474493980408,False
10,-0.28099524974823,0.20409515500068665,-0.2164493203163147,0.7087368965148926,0.06332763284444809,-0.7947387099266052,-1.167107343673706,0.43205544352531433,-0.7180795073509216,0.6654375195503235,-1.1316840648651123,9.202528953552246,-1.111951231956482,-9.653331756591797,-0.8806849718093872,-4.499526023864746,2.131577968597412,0.1889505386352539,-0.9556155204772949,0.40448498725891113,0.8612298965454102,-0.5220067501068115,0.6070711612701416,-0.03204122185707092,False
11,-0.23363682627677917,0.07990359514951706,0.40696051716804504,0.2833574414253235,-0.052555352449417114,-0.7801023125648499,-1.1684801578521729,0.5051024556159973,0.7567371129989624,1.242411732673645,1.648036241531372,10.980328559875488,-12.710031509399414,1.4118772745132446,1.7517286539077759,-0.546541154384613,-5.023716449737549,-0.622161865234375,-0.5533490180969238,-0.8437690734863281,0.9717144966125488,0.10325336456298828,0.741828441619873,0.3440034091472626,False
12,-0.23159301280975342,-0.09067998826503754,1.1100748777389526,-0.35014787316322327,-0.06664072722196579,-0.5199355483055115,-1.1811426877975464,0.5048157572746277,0.08510222285985947,0.8090291619300842,-1.3986518383026123,5.923479080200195,-4.889697074890137,-4.85084342956543,4.227950572967529,0.8154528737068176,-3.3838939666748047,-0.47424888610839844,0.11780524253845215,-0.4165925979614258,-0.8799166679382324,-0.5513648986816406,-0.506878137588501,-1.3012393712997437,False
13,-0.21802914142608643,0.05214942619204521,0.6957516670227051,-0.085212841629982,-0.33030056953430176,-0.6457353234291077,-1.0265660285949707,0.1567467600107193,-1.1712472438812256,1.3993453979492188,1.8469133377075195,-6.670941352844238,4.64457893371582,-5.53225564956665,-5.7320475578308105,5.642561435699463,-8.787771224975586,-0.39369797706604004,0.1406388282775879,0.541534423828125,-0.9833080768585205,-0.8785879611968994,0.24475932121276855,-1.37751305103302,False
14,-0.23100674152374268,0.26699844002723694,0.10019510984420776,0.1706313192844391,-0.31214067339897156,-0.9086293578147888,-1.2102293968200684,0.1799508035182953,-0.8407063484191895,-1.2812626361846924,4.673141002655029,-14.830497741699219,5.634350299835205,4.590352535247803,-4.3631134033203125,-10.442997932434082,7.773692607879639,-0.734503984451294,0.7263312339782715,0.8279111385345459,0.7579243183135986,-0.515615701675415,0.24127197265625,-1.6737375259399414,False
15,-0.2455746829509735,0.26686304807662964,-0.6080975532531738,0.7015529870986938,0.038115065544843674,-0.945114016532898,-1.156909704208374,0.11911468207836151,-1.235287070274353,-1.2024552822113037,-2.6478357315063477,-12.95944881439209,12.737507820129395,8.637508392333984,4.535099983215332,2.8197150230407715,-2.8337905406951904,-0.7403593063354492,0.5061671733856201,0.5576977729797363,0.15360546112060547,0.0006155967712402344,0.1796727180480957,0.2549051344394684,False
16,-0.24216270446777344,0.05622958391904831,-0.4909263551235199,0.7903662919998169,0.3468756377696991,-0.6465405225753784,-1.148522138595581,0.1712084412574768,0.3156883120536804,0.8161587715148926,-2.6533453464508057,2.6102068424224854,-0.9662944674491882,7.901500701904297,5.021805763244629,-3.0834288597106934,4.311184406280518,-0.1020209789276123,0.3215489387512207,0.8375308513641357,0.9824609756469727,-0.31876397132873535,-0.5182912349700928,0.07792927324771881,False
17,-0.267052561044693,-0.12391000241041183,-0.2737835645675659,0.7521809935569763,0.8339191675186157,-0.32669761776924133,-1.1389915943145752,0.018328387290239334,0.6411696672439575,0.45170196890830994,-3.247614622116089,1.6670584678649902,10.424019813537598,0.013944628648459911,7.8984904289245605,0.0031509394757449627,-7.993875503540039,-0.6933257579803467,-0.2848193645477295,-0.8888905048370361,0.6824753284454346,-0.30216097831726074,0.20471596717834473,0.338375449180603,False
18,-0.24620839953422546,-0.15522637963294983,-0.00781031372025609,0.7213672995567322,0.6567646861076355,-0.008044116199016571,-1.1919995546340942,-0.28295373916625977,0.9764420986175537,0.8571447730064392,0.7536477446556091,-0.471885085105896,4.275245189666748,-6.620616436004639,6.8681230545043945,-2.6258180141448975,-4.776474952697754,0.7092137336730957,0.7478878498077393,-0.9840905666351318,-0.8094794750213623,-0.44494175910949707,0.6996469497680664,-0.1103137731552124,False
19,-0.23721644282341003,-0.15737979114055634,0.27912625670433044,0.8008581399917603,0.04882200434803963,-0.03089328669011593,-1.1610747575759888,0.0030344142578542233,-0.15304601192474365,0.39890390634536743,1.3956201076507568,8.088711738586426,1.0943615436553955,-17.088109970092773,-5.297493934631348,-1.250717282295227,15.69118595123291,0.29343676567077637,-0.772416353225708,-0.8132152557373047,-0.7953085899353027,-0.3958303928375244,-0.9022197723388672,0.5199477672576904,False
20,-0.252773642539978,-0.11974829435348511,0.8088223338127136,0.4100647270679474,-0.30888548493385315,-0.18395386636257172,-1.1165094375610352,0.1985037475824356,0.8566802740097046,-0.4901735186576843,0.42841392755508423,11.574974060058594,-17.601402282714844,11.62508487701416,-1.8977077007293701,2.1074318885803223,-4.975997447967529,0.3765683174133301,0.6180565357208252,-0.1504061222076416,-0.7631838321685791,0.35712575912475586,-0.411329984664917,0.40779799222946167,False
21,-0.28727397322654724,-0.034808360040187836,1.038702368736267,0.05681217461824417,-0.04013456031680107,-0.5603142976760864,-0.6057280898094177,-0.37147289514541626,-1.252055048942566,-1.80219566822052,2.272085189819336,-6.540370464324951,4.345067024230957,3.6032891273498535,-9.683204650878906,13.992852210998535,-15.764655113220215,0.04813504219055176,-0.4701557159423828,-0.8743460178375244,-0.6185219287872314,0.36391472816467285,-0.5711808204650879,-0.7252811193466187,False
22,-0.3509194552898407,0.07519537210464478,0.9603914618492126,0.07770770788192749,-0.08249935507774353,-1.0531463623046875,-0.24904190003871918,-0.28565987944602966,0.4006684720516205,-3.06758975982666,1.082960605621338,0.023195266723632812,1.4288426637649536,-5.707403659820557,1.788399577140808,-0.547624409198761,0.6559203267097473,-0.24092864990234375,-0.325145959854126,0.39594459533691406,0.248671293258667,0.03045177459716797,-0.6367359161376953,0.5537257194519043,False
23,-0.3687378764152527,0.024399498477578163,1.0605179071426392,0.017688263207674026,-0.10837535560131073,-0.8493542075157166,-0.1952994465827942,-0.5131585001945496,0.12158054858446121,0.6495227813720703,-0.11830803751945496,-5.22848653793335,0.6442233324050903,5.548472881317139,0.22504828870296478,-2.155747413635254,10.167062759399414,0.7308721542358398,-0.34528589248657227,0.006983280181884766,0.44352126121520996,0.8568408489227295,0.07387685775756836,-0.19168290495872498,False
24,-0.3537788391113281,-1.1169337085448205e-05,1.0591789484024048,-0.21619242429733276,0.14312691986560822,-0.8494093418121338,-0.022174933925271034,-0.2002800852060318,1.051737904548645,1.4682880640029907,-1.0070284605026245,0.24023407697677612,-2.3846781253814697,2.2985193729400635,0.5908786654472351,6.731055736541748,2.6198842525482178,-0.7817087173461914,0.4172704219818115,-0.7267429828643799,0.31847667694091797,0.20082783699035645,-0.869469165802002,-0.3583375811576843,False
25,-0.30007001757621765,0.012138493359088898,0.7708079218864441,0.0737590417265892,-0.026142150163650513,-0.8384503722190857,0.4482441246509552,-0.5361351370811462,-0.5256226658821106,1.4544404745101929,-0.7174950838088989,-5.368926048278809,8.38489818572998,-6.930631160736084,-1.231692910194397,0.8966062664985657,10.073575973510742,-0.5463166236877441,-0.4858694076538086,-0.5065107345581055,-0.685391902923584,0.5273315906524658,0.8319137096405029,-0.7912254929542542,False
26,-0.23832350969314575,-0.044520337134599686,0.4263700544834137,0.4462333619594574,-0.31608521938323975,-1.0111464262008667,0.353493869304657,0.5418510437011719,-0.676935076713562,1.0245343446731567,-0.8039512038230896,-10.791329383850098,10.146504402160645,-6.686221122741699,2.3577606678009033,-7.163184642791748,25.158281326293945,0.7751376628875732,0.9949848651885986,-0.21708059310913086,0.06621694564819336,0.3089284896850586,-0.6797294616699219,0.11013296246528625,False
27,-0.17747461795806885,-0.18889999389648438,0.22152918577194214,0.6879890561103821,-0.28441280126571655,-0.8495097756385803,0.8354272246360779,-0.33867377042770386,0.5392204523086548,1.3471386432647705,-2.2680420875549316,-1.0105161666870117,2.9640543460845947,1.9847136735916138,15.15175724029541,-17.104711532592773,-8.916912078857422,0.45871567726135254,0.6507687568664551,-0.017031192779541016,0.3783121109008789,-0.38033390045166016,0.8972666263580322,1.001927375793457,False
28,-0.1776118278503418,-0.30200910568237305,0.22687050700187683,0.7781507968902588,-0.23529507219791412,-0.2166348099708557,-0.13542497158050537,-0.1422775238752365,1.2666162252426147,0.6717876195907593,-2.302793264389038,0.7455114126205444,2.0594913959503174,-0.7283591032028198,11.207090377807617,-22.68927001953125,14.58837890625,0.12262368202209473,0.628528356552124,0.4968373775482178,-0.03943943977355957,0.7356178760528564,0.3393254280090332,0.46700263023376465,False
29,-0.15465682744979858,-0.28703126311302185,0.20683854818344116,0.797365128993988,-0.11496751010417938,-0.20647788047790527,-0.5483963489532471,0.3822880685329437,0.248507559299469,1.0901986360549927,0.31819242238998413,-0.01840427704155445,-0.17106732726097107,4.609355449676514,-3.6930599212646484,-1.7580467462539673,9.216669082641602,0.5899887084960938,-0.7666056156158447,0.0850679874420166,0.35068297386169434,-0.39459228515625,0.8066067695617676,0.9191675186157227,False
30,-0.11999475955963135,-0.34075096249580383,0.5693597197532654,0.3797479271888733,0.20031985640525818,-0.10612869262695312,-0.648223876953125,0.3009091913700104,1.992348551750183,0.5833134055137634,-0.44570836424827576,9.318578720092773,-10.103901863098145,4.856632232666016,4.26627779006958,-5.41359281539917,-0.9672898054122925,0.8961422443389893,-0.8566920757293701,-0.3490753173828125,0.459566593170166,-0.5574994087219238,0.5130326747894287,2.397611141204834,False
31,-0.0670589804649353,-0.3242100179195404,1.1339308023452759,-0.14984609186649323,0.23713818192481995,0.18389500677585602,-1.2001636028289795,0.47608911991119385,2.7121496200561523,0.4876275360584259,5.635247230529785,-5.72818660736084,0.24520821869373322,-0.0869012176990509,1.998241901397705,-7.155087471008301,-9.223685264587402,-0.7986092567443848,0.8190882205963135,0.13158631324768066,0.6607716083526611,-0.9977908134460449,0.7295761108398438,-0.3367511034011841,False
32,-0.027364909648895264,-0.2143341600894928,0.5928114652633667,0.2479814887046814,0.3406374752521515,0.2107425481081009,-1.1626174449920654,0.13797776401042938,0.20166221261024475,1.5196359157562256,1.9459136724472046,-12.941487312316895,13.207976341247559,0.3259138762950897,-3.0078089237213135,4.284191608428955,-0.9663756489753723,-0.5424928665161133,-0.171372652053833,0.6648623943328857,-0.9109165668487549,-0.07987260818481445,-0.014545202255249023,-0.08601166307926178,False
33,-0.04750639200210571,-0.04017774015665054,-0.28920498490333557,0.8159281015396118,0.6736353635787964,0.011657066643238068,-0.9697824716567993,0.10467096418142319,-0.8638622760772705,0.1707182079553604,2.4101884365081787,-18.66413688659668,9.956499099731445,11.280252456665039,-0.18661120533943176,-2.2639005184173584,1.9325242042541504,-0.7449808120727539,0.5017421245574951,0.1555776596069336,-0.715782880783081,0.3903665542602539,0.17540645599365234,0.7401425242424011,False
34,-0.032758235931396484,0.1450752466917038,-0.5372276902198792,0.5718274116516113,0.4684537649154663,-0.4506770968437195,-0.5803816318511963,0.16815786063671112,-0.5556090474128723,1.189178705215454,5.848750591278076,-1.2955344915390015,-6.000359535217285,-12.626165390014648,-10.801071166992188,8.817441940307617,1.3263847827911377,0.7221050262451172,-0.6474518775939941,-0.19332647323608398,0.5297513008117676,0.5189034938812256,-0.37814807891845703,1.3858519792556763,False
35,-0.01844501495361328,0.22188033163547516,-0.1519586592912674,-0.163535937666893,0.02049746736884117,-0.5590623617172241,-0.12248151749372482,-0.14704979956150055,2.6639888286590576,0.1705840528011322,0.44111400842666626,11.742415428161621,-19.061866760253906,-7.76110315322876,0.42389869689941406,11.613639831542969,-12.464282989501953,0.006492137908935547,0.5908679962158203,-0.8669304847717285,-0.9322471618652344,-0.6315152645111084,0.08573651313781738,1.3153339624404907,False
36,-0.059368133544921875,0.2657168507575989,0.26736345887184143,-0.82989501953125,-0.34608253836631775,-0.640703558921814,0.21542467176914215,-0.3784829378128052,2.5274152755737305,-2.4038918018341064,-0.7489793300628662,4.282601833343506,-13.840119361877441,8.917025566101074,-2.067180633544922,2.4731016159057617,1.3207387924194336,-0.5147368907928467,0.45780277252197266,0.05142045021057129,-0.9059643745422363,0.10973739624023438,0.3962900638580322,-0.5595628023147583,False
37,-0.08227670192718506,0.254338800907135,-0.09510847181081772,-0.4035758674144745,-0.2791881263256073,-0.8233542442321777,0.20096471905708313,-0.13056433200836182,-0.9333192110061646,-0.9043453931808472,-3.7662880420684814,-5.958122253417969,8.723068237304688,7.012263298034668,-4.2652907371521,-0.7959270477294922,9.311989784240723,0.46248841285705566,-0.3809082508087158,-0.9087061882019043,-0.25800442695617676,0.028957843780517578,-0.29724693298339844,-0.5935404300689697,False
38,-0.1001015305519104,0.19836297631263733,-0.4150841236114502,-0.08713284879922867,-0.19095492362976074,-0.9956802725791931,0.19456206262111664,-0.007287279702723026,-0.33044394850730896,-0.9230746030807495,-1.0477049350738525,-1.1620903015136719,1.0085011720657349,-1.7838618755340576,-2.955108642578125,2.2175252437591553,-2.3916776180267334,0.4694669246673584,0.09952378273010254,-0.5449776649475098,-0.8689703941345215,0.8715705871582031,-0.5537655353546143,0.15742452442646027,False
39,-0.1287485957145691,0.02561165578663349,-0.25240471959114075,-0.023307092487812042,-0.41737377643585205,-1.0088306665420532,0.5926827788352966,-0.589360773563385,0.33773931860923767,-0.5859138369560242,-2.4395389556884766,2.692091703414917,-4.235928535461426,8.408894538879395,0.4403282403945923,3.6541030406951904,0.5938748121261597,-0.5862419605255127,0.9833698272705078,-0.9983329772949219,-0.35749006271362305,-0.42612671852111816,0.9970760345458984,-0.4666280150413513,False
40,-0.17141127586364746,-0.03926732763648033,-0.5611019730567932,0.42225638031959534,-0.35272637009620667,-1.0160266160964966,0.24363791942596436,0.4526379108428955,-0.02454191818833351,-1.0271613597869873,-1.969726324081421,-10.037030220031738,14.477947235107422,4.270074844360352,1.967934012413025,16.659317016601562,-37.144447326660156,0.7211418151855469,-0.712165117263794,0.5297300815582275,0.4239692687988281,-0.9758815765380859,-0.1372542381286621,0.646146833896637,False
41,-0.15975147485733032,-0.15340836346149445,-0.37521493434906006,0.38851845264434814,-0.07285546511411667,-0.6457036733627319,0.13821358978748322,-0.40958502888679504,1.1899889707565308,0.6026415824890137,2.203278064727783,2.0984649658203125,-1.297143816947937,0.1441345065832138,8.079723358154297,-26.32288932800293,21.753984451293945,-0.46424055099487305,0.8702101707458496,-0.9068589210510254,-0.6475958824157715,0.531940221786499,0.7453725337982178,0.42233285307884216,False
42,-0.11676216125488281,-0.05366542562842369,-0.4340231120586395,0.7091653347015381,-0.44772854447364807,-0.6632189154624939,-0.5346313714981079,0.56807941198349,0.28707024455070496,0.6024843454360962,-0.034552156925201416,0.5971935391426086,7.979814052581787,-9.38468074798584,-5.4122419357299805,10.189437866210938,-13.151583671569824,0.24108052253723145,-0.2526841163635254,0.07086348533630371,0.4167976379394531,-0.07722806930541992,0.7780742645263672,0.3244204819202423,False
43,-0.055213093757629395,0.019060883671045303,-0.4020406901836395,0.6707238554954529,-0.003956022672355175,-0.7353237867355347,-0.3860534727573395,0.06032123044133186,1.771227240562439,-0.32676905393600464,-1.039259433746338,7.971654891967773,-8.74484920501709,11.860086441040039,2.136453151702881,-2.999250888824463,0.9971765279769897,0.2075047492980957,-0.9389359951019287,0.5779385566711426,-0.41991186141967773,0.7936716079711914,-0.6978476047515869,0.4288157820701599,False
44,0.011192142963409424,0.1006217822432518,-0.0633782148361206,0.04038581997156143,0.730100691318512,-0.9119061827659607,0.03157186135649681,-0.5729469060897827,0.5532583594322205,1.4818153381347656,0.9221017956733704,8.746732711791992,-18.252187728881836,18.648916244506836,-4.0586957931518555,15.430571556091309,-22.4843692779541,0.9382328987121582,0.6515183448791504,-0.9215543270111084,0.2333660125732422,-0.12260985374450684,0.4915497303009033,1.1673266887664795,False
45,-0.017919182777404785,0.04826061800122261,0.5418028831481934,-0.16571688652038574,0.13033156096935272,-0.90695720911026,-0.25905224680900574,0.49404358863830566,1.2412248849868774,-1.5445199012756348,-1.9778687953948975,16.20197105407715,-0.08466342836618423,-22.649375915527344,1.6916289329528809,-7.936107635498047,26.321578979492188,0.29761219024658203,0.2686326503753662,-0.9431648254394531,0.25626158714294434,-0.30253124237060547,-0.7156169414520264,1.0354549884796143,False
46,-0.06370991468429565,-0.0748516097664833,1.0159835815429688,-0.16560561954975128,-0.21781408786773682,-0.7406073808670044,0.15793049335479736,-0.44160622358322144,-0.19435051083564758,0.06797271966934204,4.214321136474609,-14.502097129821777,11.0798978805542,11.001030921936035,-0.6109567880630493,8.166872024536133,-27.766939163208008,-0.88081955909729,0.5850656032562256,0.7143547534942627,0.6805603504180908,-0.8714640140533447,0.3642725944519043,-0.4816894829273224,False
47,-0.1263788342475891,0.05426114797592163,0.364731103181839,0.2593615651130676,0.5827670693397522,-0.5876538157463074,-0.7093518376350403,0.4635956883430481,0.031143762171268463,-2.360214948654175,3.658755302429199,-17.206159591674805,11.46829891204834,17.182043075561523,3.4157893657684326,-24.48215103149414,28.916610717773438,-0.6871626377105713,0.4732778072357178,0.6612975597381592,0.20121335983276367,-0.36448144912719727,-0.48621153831481934,-0.220660999417305,False
48,-0.23734286427497864,0.15938305854797363,-0.23448821902275085,0.7003137469291687,0.8015971779823303,-0.2108258455991745,-1.109731912612915,-0.4001852869987488,0.7069410085678101,-2.372745990753174,2.2213871479034424,-2.914670944213867,-0.6189461946487427,-13.183853149414062,7.161500930786133,-5.325211048126221,-25.830591201782227,-0.6667172908782959,0.061654090881347656,-0.7883799076080322,-0.3187985420227051,0.5300443172454834,-0.24527597427368164,0.07854492962360382,False
49,-0.258381187915802,0.401710569858551,-0.4222453236579895,0.42059260606765747,0.20674701035022736,-0.48688197135925293,-0.9793127179145813,-0.4135189950466156,-2.580514669418335,3.195424795150757,-1.6890665292739868,4.19881534576416,-10.087715148925781,-10.158568382263184,3.111453056335449,7.853902816772461,-3.147490978240967,0.3539998531341553,0.8824009895324707,-0.7398514747619629,-0.24199366569519043,-0.0039484500885009766,-0.11781954765319824,0.05069684982299805,False
50,-0.16948682069778442,0.28580230474472046,-0.4383522868156433,0.2950761914253235,-0.4834856688976288,-0.4641159772872925,-0.49043646454811096,-0.4911760687828064,-1.367186188697815,0.6025843620300293,-2.699906587600708,1.1164482831954956,-7.575614929199219,0.9124974012374878,0.6741130352020264,7.914562702178955,3.252500295639038,0.9379739761352539,0.7644515037536621,-0.006710529327392578,-0.048508644104003906,0.3931267261505127,-0.006703853607177734,-0.8009169697761536,False
51,-0.07337695360183716,0.15818490087985992,-0.4153900742530823,-0.030398882925510406,-0.04654174670577049,-0.5839253664016724,0.053408972918987274,-0.36715424060821533,0.33911359310150146,-1.055595874786377,-5.46355676651001,5.322684288024902,-7.204978942871094,6.6894917488098145,0.5912505388259888,13.24169921875,0.3521806299686432,0.500516414642334,0.21757173538208008,0.3557095527648926,0.36093664169311523,-0.25406789779663086,0.3332376480102539,-0.25656741857528687,False
52,-0.030649900436401367,-0.02359911799430847,-0.2804798185825348,-0.21293266117572784,0.16509495675563812,-0.3986167311668396,0.24515482783317566,-0.012296679429709911,1.4043457508087158,1.0266872644424438,-3.9354798793792725,4.768742561340332,-3.7935848236083984,2.386141300201416,1.643805980682373,0.9544386863708496,13.626636505126953,0.9106924533843994,-0.6594192981719971,0.5997951030731201,0.9540042877197266,-0.5175056457519531,-0.9722061157226562,0.07113578915596008,False
53,0.03328824043273926,-0.11590532213449478,0.16186508536338806,-0.6921084523200989,0.3200581967830658,-0.04617656394839287,0.17073450982570648,0.016405189409852028,1.5083913803100586,2.9345028400421143,-0.9244273900985718,9.514019966125488,-11.580220222473145,1.402884602546692,10.735353469848633,-3.725482940673828,-8.843565940856934,0.4385075569152832,0.7951986789703369,0.19143009185791016,0.19756460189819336,-0.06018424034118652,0.6175339221954346,0.6984187364578247,False
54,0.1584995985031128,-0.0811348482966423,0.2880547344684601,-0.6889456510543823,0.07425922900438309,0.2586885094642639,-0.02815779112279415,0.02175852656364441,-0.2634811997413635,0.39686402678489685,-2.2619476318359375,5.083985805511475,3.25498628616333,-5.305819034576416,7.957738399505615,-5.230472564697266,7.167640209197998,-0.678281307220459,0.3991355895996094,-0.8844418525695801,0.7354376316070557,0.07149124145507812,-0.9438493251800537,0.2908743917942047,False
55,0.23972362279891968,-0.08918717503547668,0.10198218375444412,-0.048502542078495026,-0.4561028480529785,0.5731198191642761,-0.02046072669327259,-0.31431740522384644,-0.2558790445327759,-0.357550710439682,-1.12321138381958,-2.807126522064209,8.060145378112793,0.29925161600112915,7.2311201095581055,5.666516304016113,-18.273651123046875,0.24654531478881836,-0.3677704334259033,-0.10576343536376953,0.8917760848999023,0.6101016998291016,-0.537212610244751,-0.1423116773366928,False
56,0.30980366468429565,-0.05642259865999222,-0.01817263476550579,0.0824074000120163,-0.05918331444263458,0.7261406183242798,-0.014958640560507774,-0.1676013171672821,0.085312619805336,1.6060600280761719,-0.49932149052619934,-0.19170381128787994,-0.005223095882683992,7.697470664978027,2.054344654083252,4.289529323577881,4.8626508712768555,-0.23547863960266113,-0.9534242153167725,0.3540196418762207,0.3133718967437744,-0.24121880531311035,-0.5831613540649414,-0.016383454203605652,False
57,0.36868923902511597,-0.005230199079960585,0.02961474470794201,-0.3061961531639099,0.5780976414680481,0.67464280128479,0.37769269943237305,-0.25130629539489746,0.6553977727890015,2.8018479347229004,3.895205497741699,0.28974732756614685,-9.797147750854492,12.582439422607422,-1.3326183557510376,4.579320907592773,-5.480410575866699,0.883486270904541,0.8825480937957764,0.5648329257965088,-0.2662053108215332,0.28078150749206543,-0.8971796035766602,0.18562614917755127,False
58,0.38245075941085815,-0.004927601665258408,0.2994852066040039,-0.5092250108718872,0.6130011677742004,0.640448808670044,0.7146005034446716,-0.369357168674469,0.5642658472061157,0.5983715057373047,-1.319013237953186,2.6617655754089355,4.981700897216797,-8.876989364624023,1.0516300201416016,4.956897258758545,5.895918846130371,-0.07443928718566895,-0.9615814685821533,0.3064398765563965,-0.24558401107788086,0.7869510650634766,-0.650571346282959,0.2663230895996094,False
59,0.3806542754173279,0.02526727318763733,0.5617918372154236,-0.7915036082267761,0.586737871170044,0.675482451915741,0.8053027987480164,-0.2785559892654419,0.5901857614517212,-0.7861205339431763,1.4432100057601929,11.147403717041016,-15.457863807678223,4.384854316711426,-0.9573755264282227,0.7799135446548462,-1.8280432224273682,-0.39958691596984863,0.7359139919281006,-0.5951545238494873,-0.4076700210571289,0.07629203796386719,0.4317662715911865,-0.1446334272623062,False
60,0.34608525037765503,0.020607249811291695,0.4294062554836273,-0.21159574389457703,0.1252843290567398,0.679966926574707,0.8382169604301453,-0.14426591992378235,-1.27310049533844,-2.2593536376953125,-0.017827849835157394,-7.52029275894165,18.618240356445312,-12.088309288024902,-3.4832308292388916,2.4800000190734863,7.358091354370117,0.011655569076538086,0.5402288436889648,-0.8542931079864502,0.06690740585327148,-0.38840174674987793,-0.8284335136413574,-0.814194917678833,False
61,0.26449817419052124,0.03625320643186569,0.11674293130636215,0.6319524645805359,-0.3693768382072449,0.689518392086029,0.858421266078949,-0.219964399933815,-0.5908945202827454,-2.5188827514648438,-0.3062783479690552,-3.5078322887420654,4.2151570320129395,14.186607360839844,1.8007287979125977,0.5625008344650269,-8.619937896728516,0.8093125820159912,0.8682706356048584,0.6536235809326172,0.20773935317993164,-0.7034235000610352,-0.30130672454833984,-0.524285614490509,False
62,0.18561774492263794,0.11283451318740845,0.030217260122299194,0.6945109963417053,0.3370261788368225,0.7133163809776306,0.6888563632965088,-0.4914874732494354,0.8254165053367615,-1.464749813079834,1.7734959125518799,0.9887412190437317,-2.9788553714752197,15.089799880981445,-2.0427474975585938,-8.195353507995605,7.364190578460693,0.5707283020019531,0.174910306930542,-0.45149922370910645,0.8627586364746094,-0.7657859325408936,-0.395047664642334,-0.06386926770210266,False
63,0.09741252660751343,0.14768658578395844,0.3323576748371124,0.46469223499298096,0.7860081791877747,0.7052271366119385,0.2372685968875885,-0.2889474928379059,0.12517261505126953,-1.891163945198059,0.7519189119338989,9.899837493896484,-5.809195518493652,3.7541656494140625,0.37896621227264404,-11.7321195602417,2.715579032897949,-0.7406811714172363,-0.7185695171356201,0.3016476631164551,0.37744927406311035,-0.23975920677185059,-0.4687070846557617,0.04058802127838135,False
64,-0.04002535343170166,0.22936445474624634,0.5995016694068909,0.3422126770019531,0.7981255650520325,0.7094818949699402,-0.22160913050174713,-0.4926770031452179,-0.881726861000061,-3.2066309452056885,1.9261479377746582,2.763091802597046,-1.2404303550720215,-1.6919794082641602,0.6954452395439148,-6.412930488586426,-10.259239196777344,0.2603144645690918,-0.8481490612030029,-0.4411158561706543,-0.26856517791748047,0.852949857711792,-0.4763615131378174,0.11566366255283356,False
65,-0.18693608045578003,0.2784340977668762,1.0287201404571533,-0.025799280032515526,0.6440025568008423,0.47796759009361267,-0.36326757073402405,-0.45215722918510437,0.3186698853969574,-3.216322422027588,-0.10390743613243103,13.037480354309082,-12.754953384399414,-2.4217753410339355,-5.641995906829834,5.5973992347717285,-7.568923473358154,-0.08834290504455566,0.024602413177490234,-0.43289709091186523,0.7356998920440674,-0.11376285552978516,-0.6501269340515137,-1.8130550384521484,False
66,-0.20788434147834778,0.3142736554145813,0.8352805376052856,0.16342945396900177,0.43188464641571045,0.7377040386199951,-0.8217433094978333,-0.45534446835517883,-2.9002938270568848,0.998397707939148,3.8180599212646484,-9.136995315551758,4.486818313598633,-4.107311248779297,-6.329308986663818,0.866503894329071,-4.202236175537109,-0.6316885948181152,0.8362586498260498,0.5373260974884033,-0.7890810966491699,0.6052157878875732,0.24191641807556152,-2.8007051944732666,False
67,-0.16119921207427979,0.31924229860305786,0.2038082480430603,0.7495772838592529,0.35179468989372253,0.40467870235443115,-0.648364782333374,-0.5043103694915771,-4.053888320922852,0.9419873952865601,0.00024148073862306774,-15.863402366638184,15.190650939941406,0.8834950923919678,-9.204733848571777,6.533591270446777,-1.2410322427749634,-0.4465663433074951,0.7992961406707764,0.8891322612762451,0.007381439208984375,0.9731595516204834,0.5887866020202637,-2.2320446968078613,False
68,-0.09163898229598999,0.2894347608089447,-0.34174397587776184,0.856542706489563,0.8262096047401428,0.030579088255763054,-0.42917072772979736,-0.35319778323173523,-1.0059785842895508,1.5146266222000122,-0.8709536790847778,-7.157687187194824,0.40866708755493164,-4.369598865509033,-5.994855880737305,4.643527030944824,3.9049549102783203,0.49234771728515625,0.4040343761444092,0.18717408180236816,-0.06246495246887207,0.04687929153442383,0.2526130676269531,-1.78635835647583,False
69,-0.026895523071289062,0.24343325197696686,-0.27741119265556335,0.4688650965690613,0.4125257432460785,-0.19187848269939423,-0.3141218423843384,-0.027202492579817772,-0.14486736059188843,0.6337493658065796,-1.936930775642395,1.9726195335388184,-5.53869104385376,-8.431641578674316,-4.564977645874023,1.5083845853805542,9.481525421142578,0.900583028793335,-0.96232008934021,-0.3913915157318115,0.05054187774658203,0.4359259605407715,0.72176194190979,-1.6509504318237305,False
70,0.011826574802398682,0.13800592720508575,0.2535354197025299,-0.3786841332912445,0.10094791650772095,-0.31978604197502136,-0.24390839040279388,0.5325333476066589,0.08760827034711838,1.6889508962631226,-0.5833107829093933,10.589561462402344,-19.80451011657715,-6.361728191375732,-3.9776201248168945,13.545905113220215,-12.008519172668457,-0.45072388648986816,0.5871951580047607,0.6035280227661133,-0.09761261940002441,0.45981717109680176,-0.4051201343536377,-1.3446451425552368,False
71,0.0077509284019470215,-0.04430072382092476,0.49925363063812256,-0.6460803151130676,-0.2784724533557892,-0.4179336726665497,0.6625269651412964,-0.5071560144424438,-3.12005877494812,-0.4159177541732788,-3.22300386428833,-2.906924247741699,12.751808166503906,-13.831356048583984,-5.417412281036377,21.09310531616211,-22.528335571289062,-0.7874100208282471,0.9172415733337402,-0.5620229244232178,-0.049549102783203125,0.0952296257019043,0.4895484447479248,-2.8109138011932373,False
72,-0.0753592848777771,-0.15571025013923645,-0.14433914422988892,0.22192130982875824,-0.30680128931999207,-0.5878027677536011,0.6958966255187988,0.32734134793281555,-4.031662940979004,-0.7252708077430725,-0.9490476250648499,-21.715126037597656,28.585731506347656,-3.2357778549194336,-0.4405331313610077,-4.510081768035889,22.71644401550293,0.6666104793548584,-0.2640960216522217,0.7905256748199463,0.8464639186859131,0.7259514331817627,0.744544506072998,-1.5038795471191406,False
73,-0.14706361293792725,-0.3571203947067261,-0.5378732085227966,0.7817798256874084,0.0069657922722399235,-0.35058555006980896,0.717120349407196,0.3283119797706604,-0.5467245578765869,-0.5058519244194031,-3.098565101623535,4.391429424285889,-3.7982494831085205,10.08951473236084,10.547112464904785,-12.317767143249512,4.0246100425720215,0.595045804977417,-0.6567142009735107,-0.3047208786010742,-0.8156085014343262,-0.20633912086486816,0.6128542423248291,-1.634955883026123,False
74,-0.09116393327713013,-0.2953486144542694,-0.40478259325027466,0.659480094909668,0.06705918163061142,-0.2422868311405182,0.39141687750816345,0.4348941147327423,-0.5476233959197998,3.4213340282440186,3.87064266204834,-0.5614384412765503,-2.0051841735839844,-2.856044292449951,-2.606947183609009,-2.2495276927948,-2.9522571563720703,0.05271434783935547,0.3225677013397217,-0.5866706371307373,-0.4807896614074707,-0.24278545379638672,0.9996538162231445,-1.2419712543487549,False
75,-0.03572434186935425,-0.20269395411014557,-0.20742806792259216,0.5773073434829712,-0.27477923035621643,-0.35531455278396606,0.28949227929115295,0.47855275869369507,-0.8910369873046875,1.0211141109466553,1.2762385606765747,5.221104145050049,1.6652634143829346,-11.335113525390625,-5.3594069480896,-1.0762646198272705,2.613152503967285,0.1697711944580078,0.9729831218719482,0.1784837245941162,0.15979456901550293,0.4026627540588379,-0.7654576301574707,-1.3049968481063843,False
76,-0.0034428834915161133,-0.18701021373271942,-0.1812698394060135,0.7698707580566406,-0.21908098459243774,-0.4430583119392395,0.4968627989292145,-0.06557435542345047,-1.641147255897522,0.06190173327922821,1.5214530229568481,-5.558533668518066,9.206859588623047,4.611742973327637,-0.827739953994751,9.375516891479492,-22.30783462524414,-0.3109424114227295,0.07847309112548828,-0.17221713066101074,-0.9486839771270752,-0.3922126293182373,-0.0001308917999267578,-1.237701177597046,False
77,0.024094223976135254,-0.09303268045186996,-0.14778274297714233,0.6421761512756348,0.19777004420757294,-0.7038102149963379,0.6279078125953674,-0.35839101672172546,-2.0337958335876465,-0.02606561779975891,3.0999867916107178,-0.859733521938324,-1.718888759613037,6.374532699584961,-5.180809497833252,-6.448000431060791,10.739324569702148,0.1580522060394287,-0.8879714012145996,0.7252750396728516,-0.05592989921569824,-0.4588003158569336,0.06206083297729492,-0.9845848679542542,False
78,0.007967054843902588,0.026936888694763184,-0.05526013299822807,0.2090972363948822,0.8174176812171936,-0.7811610698699951,0.09577590972185135,0.2272430807352066,-0.3947262763977051,0.9688582420349121,2.9090993404388428,4.351529121398926,-13.434903144836426,15.596100807189941,-2.152366876602173,-12.738144874572754,13.099723815917969,0.09920454025268555,0.7391724586486816,-0.10789322853088379,-0.6251509189605713,0.23543930053710938,0.6689462661743164,-1.3130146265029907,False
79,-0.06701523065567017,0.09646593779325485,0.19073812663555145,0.20976752042770386,0.2718195617198944,-1.0210981369018555,0.022535325959324837,0.31874707341194153,-0.46346908807754517,-1.2395808696746826,0.2768810987472534,0.5327021479606628,8.658061027526855,-14.840091705322266,-5.8043904304504395,3.7942183017730713,-6.28751277923584,0.5448060035705566,0.3091254234313965,0.4318232536315918,-0.1901087760925293,-0.9977238178253174,-0.5886356830596924,-1.097364902496338,False
80,-0.14969313144683838,0.08536134660243988,0.43198248744010925,0.3748875856399536,-0.19103144109249115,-0.8776413798332214,-0.2549195885658264,-0.11336266249418259,0.05898483470082283,-2.920841693878174,0.30857595801353455,8.277807235717773,-2.4537339210510254,-4.603115558624268,0.9977499842643738,-4.305761814117432,-11.440827369689941,-0.5772902965545654,0.18420100212097168,-0.7684435844421387,0.12806439399719238,0.4749925136566162,0.11871767044067383,-1.2046242952346802,False
81,-0.2545824348926544,0.09556880593299866,0.5731562376022339,0.5286771059036255,-0.3489130437374115,-0.8540472984313965,-0.5100852847099304,-0.5119446516036987,-1.9066269397735596,-3.054272174835205,0.49353834986686707,-3.307462692260742,5.707404613494873,4.366554260253906,0.080786794424057,-10.835333824157715,8.162148475646973,-0.7635645866394043,-0.9233179092407227,-0.11735272407531738,-0.5371718406677246,-0.9163575172424316,0.18088459968566895,-0.9566665291786194,False
82,-0.3488503098487854,0.15251563489437103,0.4745115637779236,0.5200996994972229,0.016004016622900963,-1.0094678401947021,-1.0992636680603027,0.20081575214862823,-0.5599448084831238,0.8330226540565491,-5.149487495422363,6.964056015014648,-7.472551345825195,10.846879959106445,2.5943257808685303,-14.037894248962402,17.978179931640625,0.11458659172058105,0.09164309501647949,0.9105472564697266,-0.9373428821563721,0.3007044792175293,-0.9291844367980957,-0.349995493888855,False
83,-0.3171141445636749,-0.0463220588862896,0.5742844939231873,0.3743228018283844,0.6185998320579529,-1.002453088760376,-1.1297047138214111,0.0670541375875473,-0.8794648051261902,0.7780662775039673,-2.235422134399414,-0.24235650897026062,-2.1553099155426025,13.918156623840332,-1.6597594022750854,7.322895526885986,-17.148841857910156,-0.5227415561676025,0.8578205108642578,-0.6299700736999512,-0.8220179080963135,0.1274256706237793,0.4509432315826416,-1.4759702682495117,False
84,-0.2727912366390228,-0.1787039339542389,0.4450300931930542,0.6794788837432861,0.5990515351295471,-1.011268973350525,-0.9164072871208191,-0.4275943338871002,-1.3887933492660522,0.5705223083496094,-1.824115514755249,-4.765157222747803,11.100553512573242,-10.29357624053955,1.4731744527816772,1.3446924686431885,-4.862485885620117,0.11411476135253906,0.45711469650268555,-0.27848052978515625,0.393690824508667,0.1950085163116455,0.24404692649841309,-0.9680254459381104,False
85,-0.19248473644256592,-0.2539942264556885,0.42160654067993164,0.8228483200073242,0.28930699825286865,-0.8486554622650146,-1.0484137535095215,-0.4478296935558319,0.5732487440109253,1.9050995111465454,-2.311155080795288,-1.360706090927124,3.556122303009033,-5.940788745880127,5.908114910125732,-6.272707939147949,3.3530242443084717,0.0017333030700683594,-0.23023343086242676,0.9342968463897705,-0.37043070793151855,0.396756649017334,-0.35936784744262695,-0.8157535195350647,False
86,-0.1284574270248413,-0.2595110833644867,0.5722461938858032,0.25628799200057983,0.6004342436790466,-0.9160740375518799,-0.9672434329986572,-0.47501978278160095,-0.7772610783576965,1.9619935750961304,0.8012610077857971,2.9314756393432617,-13.754495620727539,10.879400253295898,-6.7047810554504395,5.2013750076293945,4.501404285430908,0.3525118827819824,0.5836129188537598,0.08164691925048828,-0.8268444538116455,-0.21983909606933594,-0.4304630756378174,-0.7995741367340088,False
87,-0.08260732889175415,-0.2653687000274658,0.6288299560546875,0.048686396330595016,0.6882654428482056,-1.0124822854995728,-0.8518518805503845,-0.49037039279937744,-0.571239709854126,1.6371203660964966,0.7407438158988953,-1.1214194297790527,4.122926712036133,-6.753511905670166,-0.8547435998916626,1.5199579000473022,-4.471305847167969,-0.9186131954193115,-0.28589773178100586,-0.6705594062805176,-0.7162597179412842,0.14648962020874023,0.17567658424377441,-0.8647593855857849,False
88,-0.0487743616104126,-0.2652471661567688,0.5008789300918579,0.28790274262428284,0.33753201365470886,-1.0130069255828857,-0.8987526297569275,-0.34882983565330505,-1.4144359827041626,0.167105570435524,1.459571361541748,-5.824576377868652,6.1942596435546875,-8.00267219543457,-0.5497004985809326,-2.144115447998047,4.731795787811279,0.6753339767456055,0.3050117492675781,0.9694149494171143,0.09360766410827637,0.6392853260040283,0.800513744354248,-0.9423946142196655,False
89,-0.028999507427215576,-0.2870507538318634,0.38705208897590637,0.4172252416610718,0.2597915530204773,-1.000793695449829,-0.9770038723945618,0.20442506670951843,-0.6379574537277222,0.08251360058784485,-0.4593479335308075,-1.0183128118515015,0.18760856986045837,3.190840482711792,-0.41530853509902954,-1.535123586654663,16.466218948364258,0.89925217628479,0.7909960746765137,-0.3577911853790283,-0.020275115966796875,0.3079183101654053,-0.357452392578125,-0.8416202664375305,False
90,-0.04616689682006836,-0.39783963561058044,0.5358914136886597,0.5723525881767273,0.09296778589487076,-0.9974780678749084,-0.6668794751167297,0.4078008830547333,-0.5739695429801941,-0.7827233076095581,-3.861682415008545,7.121218204498291,4.001112937927246,-7.481263160705566,0.5654995441436768,13.353903770446777,-8.184428215026855,0.1365063190460205,0.9550645351409912,-0.9995331764221191,-0.2629365921020508,-0.3194081783294678,-0.7129030227661133,-1.0872859954833984,False
91,-0.09625041484832764,-0.5280905961990356,0.9127872586250305,0.7343963980674744,-0.45192569494247437,-0.9711229801177979,-0.0543765053153038,-0.25025320053100586,0.11531209945678711,-0.587563157081604,-2.755392551422119,11.071605682373047,-3.1586413383483887,-8.55181884765625,-0.33995306491851807,12.9760160446167,-17.075754165649414,0.7384905815124512,-0.0542600154876709,0.1796586513519287,-0.3616316318511963,0.23583698272705078,0.469066858291626,0.11295033246278763,False
92,-0.09106796979904175,-0.5346980094909668,0.9992479085922241,0.5132805109024048,0.041393790394067764,-0.9706581830978394,0.11491163820028305,-0.2997141182422638,-0.8944239020347595,-0.21064458787441254,0.8475620746612549,0.06270760297775269,-5.977129936218262,11.989701271057129,1.006123661994934,-3.5013859272003174,11.789325714111328,-0.7502448558807373,0.9425904750823975,-0.2745084762573242,0.36129093170166016,0.9698741436004639,0.7405092716217041,-0.6142899394035339,False
93,-0.0802915096282959,-0.5099483132362366,0.6855036020278931,0.825204074382782,0.2688749432563782,-0.9894389510154724,0.13622461259365082,0.42293867468833923,-1.2643368244171143,-0.6790229082107544,0.7819262146949768,-8.484971046447754,9.593286514282227,1.9737884998321533,0.1292240023612976,2.344646453857422,16.167152404785156,-0.7995169162750244,0.9361317157745361,0.35720396041870117,0.21010136604309082,0.9873738288879395,-0.3211226463317871,-0.516536295413971,False
94,-0.06997030973434448,-0.538998544216156,0.426673948764801,0.755288302898407,0.8340124487876892,-0.9660540223121643,0.9543415904045105,0.007908244617283344,0.2289901077747345,0.8444822430610657,-0.5827177166938782,-7.674436569213867,-1.812290072441101,13.92929458618164,3.1437361240386963,18.60738182067871,-17.12346649169922,0.2653937339782715,-0.9889686107635498,-0.045140981674194336,0.03162646293640137,-0.07320880889892578,-0.3886275291442871,0.6717088222503662,False
95,-0.07031738758087158,-0.45281264185905457,0.5203201770782471,0.30964577198028564,0.5516213178634644,-0.518308699131012,0.5850870013237,-0.09740404039621353,1.5332982540130615,0.5080177783966064,2.4856293201446533,6.655488014221191,-16.333232879638672,-2.584853172302246,2.750520944595337,-2.021144151687622,-5.01546049118042,0.7037661075592041,0.46714091300964355,0.5578985214233398,0.3582327365875244,-0.20960283279418945,0.828373908996582,0.42488646507263184,False
96,-0.016501963138580322,-0.22833232581615448,0.5138956308364868,0.14698514342308044,0.32320839166641235,-0.1919924020767212,0.08312070369720459,0.15008555352687836,2.235499858856201,0.07511809468269348,3.5223958492279053,0.395683228969574,-2.1527724266052246,-2.5245046615600586,4.834756851196289,-11.495633125305176,14.592084884643555,-0.49115610122680664,0.9898583889007568,-0.6848616600036621,-0.5942862033843994,-0.3828909397125244,-0.9624435901641846,-0.2459528148174286,False
97,-0.021562695503234863,-0.04991757497191429,0.4594663679599762,0.3520871102809906,-0.09911786019802094,-0.16426223516464233,-0.09252789616584778,0.25262847542762756,-0.7902871370315552,-0.3351559638977051,3.953584909439087,-6.825793743133545,13.844452857971191,-13.903227806091309,-1.1233649253845215,1.1231456995010376,-8.248481750488281,0.8019835948944092,-0.7409791946411133,0.9076640605926514,-0.7196018695831299,0.14393138885498047,-0.32320404052734375,0.06736841797828674,False
98,-0.04527395963668823,0.13857680559158325,0.4611981213092804,0.3887796401977539,-0.26220351457595825,-0.3601321578025818,0.25494223833084106,-0.37637174129486084,-0.06966514885425568,0.5250809192657471,4.532644271850586,5.836681365966797,-9.303397178649902,3.8914809226989746,-4.612883567810059,9.192269325256348,-15.901333808898926,-0.8881211280822754,-0.7209897041320801,0.8116817474365234,-0.4697260856628418,0.7452528476715088,0.6708834171295166,0.1129249632358551,False
99,-0.0352131724357605,0.27173927426338196,0.6015698313713074,-0.11382917314767838,0.3077901005744934,-0.6730223894119263,0.3503425419330597,-0.12638820707798004,-0.5741749405860901,2.4335944652557373,0.9563979506492615,2.7722761631011963,-11.532578468322754,16.636552810668945,-5.875452518463135,-1.832584023475647,14.197370529174805,-0.46375346183776855,0.7759053707122803,-0.7818758487701416,-0.8788599967956543,-0.5989999771118164,-0.7193660736083984,-1.6686888933181763,False
100,0.06996780633926392,0.29296737909317017,0.36914703249931335,0.02165723219513893,0.5674591660499573,-0.8603057265281677,0.22989197075366974,0.16380909085273743,-1.6758981943130493,0.6502645015716553,0.33466464281082153,-9.624613761901855,11.270910263061523,-2.1447572708129883,-4.94447135925293,0.2272520661354065,-1.1279832124710083,-0.4729924201965332,-0.914597749710083,-0.08382892608642578,0.3869965076446533,0.3255579471588135,0.04214048385620117,-1.5747292041778564,False
101,0.14368605613708496,0.32991474866867065,0.11690303683280945,0.18292199075222015,0.633582592010498,-0.9846064448356628,0.16677488386631012,0.053940363228321075,-0.4605368375778198,1.3502089977264404,-0.11425980180501938,-3.9159014225006104,-0.6255884766578674,4.097847938537598,3.2196052074432373,-4.540156841278076,-3.401698350906372,0.15157794952392578,-0.0976877212524414,0.17358136177062988,0.44182372093200684,0.6656651496887207,-0.6529719829559326,-0.8257212042808533,False
102,0.20259225368499756,0.2889738976955414,0.0035907344426959753,0.13882069289684296,0.7851534485816956,-0.8497158885002136,0.32209479808807373,-0.5672881603240967,-0.8629737496376038,1.3083120584487915,-1.7613025903701782,0.9014543890953064,0.2500413954257965,-3.7789790630340576,1.45798921585083,-3.7821896076202393,10.252662658691406,-0.803605318069458,-0.9688553810119629,-0.17571640014648438,-0.7463252544403076,0.8127574920654297,0.056674957275390625,-1.5113825798034668,False
103,0.22394442558288574,0.30030062794685364,-0.0938364639878273,-0.05389934405684471,0.7970203161239624,-1.0062512159347534,0.37233906984329224,0.1417739987373352,-1.102738857269287,1.3393700122833252,-0.5184464454650879,-3.5238747596740723,-3.8071463108062744,0.45383456349372864,2.0704853534698486,0.72933429479599,9.261658668518066,-0.030364274978637695,0.31566691398620605,-0.6782457828521729,0.9811866283416748,0.9290034770965576,0.0625464916229248,-1.0204464197158813,False
104,0.23249280452728271,0.18756380677223206,-0.15532855689525604,0.002272337907925248,0.3938986361026764,-0.9098070859909058,0.7591318488121033,0.32097336649894714,-1.6421611309051514,-1.293656587600708,-2.785456895828247,0.31217125058174133,3.240821123123169,-12.25410270690918,3.461042642593384,12.071228981018066,-1.3416022062301636,-0.7046570777893066,0.30972790718078613,-0.42938661575317383,0.06917548179626465,0.26041626930236816,-0.3768885135650635,-0.6399279236793518,False
105,0.19500666856765747,0.0567241907119751,-0.4431513845920563,0.4091375172138214,-0.18937993049621582,-0.5334544777870178,0.7744894623756409,0.4650050103664398,-1.3583040237426758,-2.3708789348602295,-2.12929368019104,-7.28817892074585,7.557072162628174,-9.672849655151367,5.9026970863342285,1.2542250156402588,0.04349280893802643,-0.10912656784057617,-0.5410745143890381,-0.8675427436828613,-0.5478763580322266,-0.14581561088562012,-0.7168359756469727,-0.9326702952384949,False
106,0.14762210845947266,0.06234611198306084,-0.5335304737091064,0.2044534683227539,-0.30487313866615295,-0.39656195044517517,0.8164992928504944,0.26180145144462585,0.3530367314815521,0.4146517813205719,2.093126058578491,0.49081164598464966,-10.977126121520996,3.1051766872406006,1.566131353378296,-1.0413414239883423,-7.653365135192871,-0.6915674209594727,-0.5004589557647705,0.7324204444885254,0.7902657985687256,0.969059944152832,-0.8412282466888428,-0.8970546722412109,False
107,0.0798075795173645,0.09968725591897964,-0.3986715078353882,-0.5755389332771301,0.20030362904071808,-0.10571271181106567,0.8569889068603516,-0.6052663922309875,-0.14158740639686584,-0.8243941068649292,1.622414469718933,-0.4039307236671448,-13.85834789276123,12.311928749084473,2.9530222415924072,-3.7813093662261963,-6.973447799682617,0.7044494152069092,0.2904629707336426,0.48487401008605957,-0.29961133003234863,-0.461606502532959,0.8975856304168701,-1.6976295709609985,False
108,-0.030402421951293945,0.09964817017316818,-0.5241173505783081,-0.6689867377281189,0.4584066569805145,0.11284025758504868,0.0689413845539093,0.5514289736747742,-0.6077103614807129,-4.558319568634033,-1.4534318447113037,-5.881722450256348,3.885791301727295,5.369012355804443,4.902701377868652,9.231122970581055,-26.144453048706055,-0.782372236251831,0.2076723575592041,0.6604485511779785,-0.3146183490753174,-0.7075076103210449,0.37818384170532227,-0.43550390005111694,False
109,-0.12203752994537354,0.052492063492536545,-0.5074636340141296,-0.7501901984214783,0.7107900381088257,0.32694029808044434,0.12722408771514893,-0.36575350165367126,-2.385765552520752,-0.21595226228237152,-0.8066424131393433,2.5008814334869385,1.3311182260513306,-0.8163267374038696,5.294620513916016,-8.13873291015625,-6.572021961212158,0.34734153747558594,-0.5207140445709229,-0.05961465835571289,0.42647576332092285,0.37520790100097656,-0.3051490783691406,-1.5957043170928955,False
110,-0.08132922649383545,0.11819174885749817,-0.5228062868118286,-0.7918961048126221,0.7109872102737427,0.38520532846450806,-0.21662244200706482,-0.37458205223083496,-1.3584849834442139,-0.5352301597595215,-0.015855297446250916,-3.528623104095459,9.310644149780273,-6.920663356781006,1.7852156162261963,-4.316980361938477,2.385981798171997,-0.9345130920410156,0.04490470886230469,-0.3444201946258545,0.0002732276916503906,0.3381168842315674,0.8088371753692627,-1.4580190181732178,False
111,-0.05586040019989014,0.0918010026216507,-0.5252930521965027,-0.4936726987361908,0.34110039472579956,0.3848167657852173,-0.4630415439605713,0.16799579560756683,-1.2568039894104004,0.22809767723083496,-1.1619751453399658,3.5034048557281494,3.3119521141052246,-8.125917434692383,-2.5085806846618652,-4.046889305114746,17.81682586669922,-0.24578022956848145,-0.14279747009277344,-0.14983916282653809,0.9295144081115723,0.5414199829101562,0.1240999698638916,-1.3590222597122192,False
112,-0.06712108850479126,0.013996565714478493,-0.4045056104660034,-0.3047175705432892,0.017101498320698738,0.4396402835845947,-0.3690948784351349,0.32526132464408875,-0.20414027571678162,0.33802008628845215,-1.5572361946105957,-0.25894054770469666,4.563443660736084,-4.7984299659729,3.8807671070098877,6.331193447113037,-10.944968223571777,-0.36483073234558105,0.2958943843841553,-0.42944931983947754,-0.7681219577789307,-0.1495978832244873,-0.7039062976837158,-1.2966489791870117,False
113,-0.10022765398025513,-0.041122812777757645,-0.39918053150177,0.02349168062210083,-0.38849255442619324,0.40397894382476807,0.20190174877643585,-0.5080998539924622,-1.1410001516342163,-0.5161322355270386,-0.3534049391746521,-2.780510902404785,9.926904678344727,-9.898506164550781,-2.347313642501831,12.753533363342285,-21.073320388793945,0.5025572776794434,0.4814412593841553,0.05843162536621094,-0.15972399711608887,0.9886207580566406,0.8813018798828125,-1.8819262981414795,False
114,-0.14191365242004395,-0.09885624796152115,-0.4919588267803192,0.25316935777664185,-0.2417730689048767,0.19101953506469727,0.35501766204833984,0.264364093542099,-2.142895460128784,-0.27149516344070435,-1.6537872552871704,-1.1617624759674072,5.831184387207031,1.398403525352478,-6.092828750610352,4.939529895782471,22.28814697265625,-0.3838319778442383,0.3962843418121338,-0.056043148040771484,-0.3334996700286865,-0.3708209991455078,-0.7546706199645996,-0.6220629215240479,False
115,-0.13690537214279175,-0.23883187770843506,-0.5117671489715576,0.6528052091598511,-0.3528498709201813,0.008178435266017914,0.9253153204917908,0.01435959804803133,-0.8852846622467041,0.5391124486923218,-2.4553544521331787,1.072442650794983,8.354720115661621,-4.214897155761719,0.3584827184677124,9.277496337890625,-18.639917373657227,0.41571927070617676,-0.07780051231384277,-0.7961101531982422,0.5026035308837891,-0.6761019229888916,0.2703857421875,-0.251755952835083,False
116,-0.1390276551246643,-0.3296833336353302,-0.33420249819755554,0.7966743111610413,-0.37206682562828064,0.4488871991634369,0.17579762637615204,-0.020804932340979576,-0.28613823652267456,-0.1082586795091629,-0.4360399842262268,4.183233737945557,1.0174397230148315,-2.10856556892395,8.808168411254883,-19.30585289001465,4.566615104675293,-0.21680760383605957,0.16598105430603027,-0.9564354419708252,0.9309349060058594,0.03395843505859375,-0.2978329658508301,-0.16723553836345673,False
117,-0.1267019510269165,-0.28813934326171875,-0.24871529638767242,0.7910826206207275,-0.3989325165748596,0.6997940540313721,-0.44100862741470337,-0.14359505474567413,0.4814610779285431,0.45010215044021606,1.8370863199234009,0.42110350728034973,-2.9408388137817383,3.7088663578033447,-0.8905278444290161,-4.969759941101074,-7.020162582397461,-0.06798887252807617,-0.17826294898986816,0.6671514511108398,0.2992594242095947,0.8803901672363281,-0.5201995372772217,-0.2775647044181824,False
118,-0.07785260677337646,-0.2509850561618805,-0.17115508019924164,0.5305842757225037,-0.0039042106363922358,0.6068336367607117,-0.4956490099430084,-0.3347599506378174,0.3748120069503784,0.7043432593345642,1.3098095655441284,-0.17001605033874512,-4.878201007843018,9.711227416992188,-6.115208148956299,-1.7040663957595825,12.573870658874512,-0.4448375701904297,-0.14519309997558594,0.9186153411865234,0.6551797389984131,0.19327497482299805,-0.37283921241760254,-0.20759455859661102,False
119,-0.05203688144683838,-0.20428037643432617,-0.3328401744365692,0.42793771624565125,0.588372528553009,0.5718377828598022,-0.5945308208465576,-0.12878870964050293,0.3927537202835083,0.5201335549354553,0.676118016242981,-5.514876842498779,-0.7716795802116394,14.49323558807373,1.7265022993087769,-1.083677053451538,-2.0971500873565674,-0.8100898265838623,-0.36795616149902344,0.7177793979644775,0.9490885734558105,0.3110625743865967,0.3875582218170166,0.014876499772071838,False
120,-0.080258309841156,-0.20393040776252747,-0.5331770777702332,0.6184152364730835,0.5555870532989502,0.7416296005249023,-0.7042790055274963,-0.06526844203472137,0.2626488208770752,-0.7219221591949463,0.358926385641098,0.5494743585586548,-0.43763235211372375,-5.925278663635254,-2.115396499633789,2.8608272075653076,3.992440700531006,0.5637657642364502,-0.03853893280029297,-0.5265607833862305,0.3718068599700928,-0.43118834495544434,-0.9356653690338135,0.34029531478881836,False
121,-0.06731581687927246,-0.18364500999450684,-0.3807141184806824,0.5644347071647644,0.09189125150442123,0.7044903039932251,-0.4648164212703705,-0.3979615271091461,0.5645843744277954,-1.2841770648956299,-0.31408950686454773,7.715471267700195,-5.278867721557617,-9.844210624694824,-0.5447308421134949,8.524362564086914,-15.442049980163574,-0.8439905643463135,0.1954820156097412,0.3264772891998291,0.8533527851104736,0.27820587158203125,0.30472612380981445,0.13705562055110931,False
122,-0.10501903295516968,-0.14403216540813446,-0.3663124144077301,0.5995832681655884,-0.23704031109809875,0.7058978080749512,-0.6001368165016174,-0.12420505285263062,-0.4501093029975891,-1.4639041423797607,0.08885299414396286,-2.0849833488464355,1.6286271810531616,-1.9029285907745361,-0.3573491871356964,-3.6528072357177734,12.217569351196289,0.4226047992706299,0.6824896335601807,0.31313347816467285,0.5366220474243164,-0.5411868095397949,-0.6793990135192871,0.03753465414047241,False
123,-0.19048738479614258,-0.1366797387599945,-0.5326311588287354,0.8148589134216309,-0.3495442271232605,0.7173774838447571,-0.7021340727806091,0.07407937943935394,0.5145542025566101,-1.865304946899414,0.16167929768562317,0.9050394892692566,-1.935685396194458,1.1258256435394287,0.9302173256874084,-1.2012152671813965,-2.5854551792144775,0.8873434066772461,0.9047925472259521,-0.12595653533935547,-0.30141353607177734,0.05684018135070801,0.263385534286499,-0.012251928448677063,False
124,-0.25153452157974243,-0.12059156596660614,-0.35901862382888794,0.751046895980835,-0.38721051812171936,0.5736405849456787,-0.6637564301490784,0.13721045851707458,0.3477022349834442,-0.683001697063446,0.1074303686618805,1.9094403982162476,0.5954989194869995,6.418553829193115,-3.438321590423584,0.46316590905189514,4.100739002227783,-0.15133976936340332,0.3300931453704834,0.05536675453186035,-0.47315430641174316,0.29048848152160645,-0.25230956077575684,0.46436357498168945,False
125,-0.2447400987148285,0.001416451414115727,-0.3939274251461029,0.752896249294281,-0.17737214267253876,0.27711421251296997,-0.45482319593429565,0.05995595455169678,0.4659748077392578,1.1866236925125122,1.3602259159088135,-0.597424328327179,1.1894077062606812,2.3531653881073,-2.536557197570801,2.9220142364501953,-4.832860946655273,-0.5277194976806641,-0.07567667961120605,-0.20162415504455566,-0.7138960361480713,-0.6736364364624023,-0.30466556549072266,-0.22692549228668213,False
126,-0.1981799602508545,0.04049212858080864,-0.41638046503067017,0.7723281979560852,-0.03689763695001602,0.25881803035736084,-0.5936670899391174,-0.11844135820865631,-0.10991296172142029,0.6272132396697998,2.702075719833374,-4.292036533355713,2.424607038497925,1.6889327764511108,-3.6013216972351074,-3.44950270652771,-3.541090488433838,0.564366340637207,-0.27553629875183105,0.03528094291687012,-0.31800293922424316,0.1273024082183838,-0.09898900985717773,-0.03986365720629692,False
127,-0.1676121950149536,0.12512528896331787,-0.3727368712425232,0.6534928679466248,0.06355573982000351,0.08961604535579681,-0.6496989727020264,-0.3940671682357788,-0.021942708641290665,1.0188252925872803,1.5545778274536133,3.6655337810516357,-4.8057379722595215,1.5986840724945068,-3.5741541385650635,0.41419485211372375,-7.029112815856934,0.22641944885253906,0.21500849723815918,-0.8475658893585205,-0.05312466621398926,-0.2846381664276123,-0.6649527549743652,0.13922233879566193,False
128,-0.17270761728286743,0.16786277294158936,-0.1548795849084854,0.5750922560691833,-0.18865345418453217,0.0032723266631364822,-0.8714731931686401,-0.38048186898231506,-0.05330734699964523,-0.5679194331169128,0.6485152840614319,5.110958099365234,0.7341192364692688,-10.128393173217773,-0.7132031321525574,-5.924940586090088,1.0205391645431519,0.9580204486846924,-0.6494619846343994,0.13881230354309082,0.912431001663208,-0.2727658748626709,-0.11826658248901367,0.8431568741798401,False
129,-0.20782053470611572,0.13447953760623932,0.45737358927726746,0.1369294673204422,-0.3609171509742737,0.17456264793872833,-1.2081952095031738,-0.4704543352127075,1.9196760654449463,-1.3019236326217651,-1.06972336769104,16.113264083862305,-16.48260498046875,5.410032272338867,-0.31650984287261963,6.901148319244385,-11.657098770141602,0.07766866683959961,-0.35883545875549316,-0.08014822006225586,0.977785587310791,0.30082201957702637,0.7226951122283936,0.7888141870498657,False
130,-0.25767678022384644,-0.010575013235211372,1.1155812740325928,-0.4581541419029236,-0.13405634462833405,0.3077874481678009,-1.100777268409729,-0.2755289375782013,0.49192628264427185,-0.6178157925605774,2.380204677581787,-8.62000560760498,3.956796646118164,4.4359331130981445,-3.1602957248687744,2.794826030731201,9.777010917663574,-0.7228050231933594,-0.42058730125427246,-0.051850080490112305,-0.49901270866394043,-0.1397707462310791,-0.3177525997161865,-0.8206459879875183,False
131,-0.25483042001724243,0.13408860564231873,0.7109950184822083,-0.31119149923324585,0.15349408984184265,0.043970488011837006,-0.8959382772445679,0.056050606071949005,-0.5541813969612122,1.0051124095916748,4.16156530380249,-8.842577934265137,2.512394666671753,5.449873924255371,-6.656664848327637,4.735884666442871,3.331603527069092,-0.14770793914794922,-0.5354278087615967,0.5617406368255615,0.5571491718292236,-0.4161241054534912,0.5049502849578857,-0.03986285626888275,False
132,-0.26630714535713196,0.26872479915618896,0.24294239282608032,-0.2816540002822876,0.6591753363609314,0.12330231070518494,-1.2275774478912354,0.4407495856285095,-0.09657731652259827,0.9246065616607666,1.6552032232284546,-3.8818254470825195,-4.872641563415527,12.942061424255371,-7.729182720184326,13.532082557678223,-0.974626898765564,0.778085470199585,0.6700365543365479,-0.5514960289001465,0.47620487213134766,-0.6577885150909424,0.379380464553833,0.3747042119503021,False
133,-0.2163504660129547,0.1536284238100052,0.3507848083972931,-0.16558809578418732,0.5668569207191467,0.27286297082901,-1.1956242322921753,0.4359140694141388,1.457932472229004,-0.059861212968826294,-2.7607083320617676,1.0699552297592163,8.328509330749512,-10.269855499267578,6.902957439422607,-2.816439151763916,-4.646552085876465,-0.29826855659484863,-0.3377394676208496,0.8553652763366699,-0.2299947738647461,0.32538342475891113,-0.526357889175415,0.19923637807369232,False
134,-0.19940650463104248,0.0938023179769516,0.3818840980529785,-0.08401226997375488,0.5608937740325928,0.3885861039161682,-0.9588392972946167,-0.18656650185585022,1.238954782485962,1.8596460819244385,-2.201545476913452,2.5961062908172607,-2.945087432861328,6.723794937133789,1.2227355241775513,7.135670185089111,-16.5358829498291,-0.39049768447875977,-0.07204818725585938,0.9170076847076416,0.7745523452758789,-0.18250322341918945,-0.04279494285583496,0.3868165910243988,False
135,-0.20558065176010132,0.0822475478053093,0.3407399654388428,-0.07125170528888702,0.6945241689682007,0.4923068583011627,-1.0259939432144165,-0.2901759147644043,-0.3246314525604248,-0.8096703290939331,0.4821235239505768,-3.69500732421875,5.685630798339844,-5.4614081382751465,5.913880348205566,-11.584024429321289,12.205853462219238,0.4037463665008545,0.33525896072387695,-0.04015493392944336,0.8233106136322021,0.8405933380126953,-0.27013492584228516,0.4472985863685608,False
136,-0.2386995553970337,-0.0021882420405745506,0.3167935907840729,0.19906717538833618,0.4361565113067627,0.6966636180877686,-1.0522446632385254,-0.1983640342950821,-0.01570034772157669,-0.32343941926956177,-1.1221458911895752,2.4769744873046875,4.628990650177002,-5.1763386726379395,-1.08610999584198,10.37269115447998,-6.404757022857666,-0.298389196395874,-0.1451263427734375,0.8335592746734619,-0.46837949752807617,0.821669340133667,-0.2067415714263916,0.22512826323509216,False
137,-0.23298999667167664,-0.06954453885555267,0.35776618123054504,0.3291926980018616,0.5713566541671753,0.5073286294937134,-0.3640630543231964,-0.44963228702545166,0.8021118640899658,-0.26884734630584717,-1.2804356813430786,-1.6015050411224365,1.563553810119629,8.473062515258789,-6.83944845199585,11.59281063079834,10.115246772766113,0.1393287181854248,-0.6358542442321777,0.0017704963684082031,-0.6061558723449707,0.8820974826812744,-0.20922613143920898,-0.03147381544113159,False
138,-0.19597381353378296,-0.15198341012001038,0.5025833249092102,0.26582494378089905,0.7137969136238098,0.1501971334218979,0.48183995485305786,-0.45344388484954834,1.336614966392517,2.201338052749634,-5.319671154022217,8.943973541259766,-2.1095736026763916,-5.241758823394775,-4.104823589324951,18.55229949951172,-7.096449375152588,-0.7096138000488281,-0.5988268852233887,0.738255500793457,0.08252310752868652,0.11991095542907715,0.6498024463653564,0.5203539729118347,False
139,-0.10253638029098511,-0.3166356086730957,0.8201202750205994,-0.03046242892742157,0.8034946322441101,0.001890093320980668,0.8706161975860596,-0.2227114886045456,0.35629159212112427,1.4809051752090454,-0.481915146112442,1.6900893449783325,-0.8295557498931885,-4.927736759185791,-1.216170072555542,-4.10258674621582,16.264324188232422,-0.33702802658081055,-0.6117913722991943,0.559157133102417,0.3507521152496338,-0.9539821147918701,0.5106208324432373,0.5295717716217041,False
140,-0.024772047996520996,-0.3339777886867523,0.8991654515266418,-0.2206398844718933,0.8108571171760559,0.21017085015773773,0.36117270588874817,0.37521153688430786,0.9487181305885315,1.2845444679260254,0.7555054426193237,1.1707234382629395,-6.95333194732666,4.018890857696533,5.648031234741211,1.1390535831451416,-24.553850173950195,-0.7738630771636963,0.3287379741668701,0.5830729007720947,-0.4319775104522705,0.8549680709838867,-0.27429938316345215,0.22577370703220367,False
141,0.04350990056991577,-0.26388436555862427,0.6701621413230896,-0.1793721467256546,0.740461528301239,0.09489993751049042,0.6538923978805542,-0.3753465712070465,-1.1916073560714722,1.2009285688400269,1.6822457313537598,-8.209856986999512,3.4005773067474365,1.5634765625,-5.455073833465576,-7.162038326263428,26.652450561523438,0.14251065254211426,-0.6985962390899658,-0.28943943977355957,-0.846088171005249,-0.07509088516235352,0.7369623184204102,-0.6681424379348755,False
142,0.08275294303894043,-0.15475159883499146,0.3192705810070038,-0.17615915834903717,0.7675238251686096,-0.2607538402080536,0.7134673595428467,0.2968604564666748,0.360135018825531,0.5912032127380371,2.1351993083953857,-4.690766334533691,-3.235191822052002,-1.2468005418777466,-7.694970607757568,19.17449951171875,-25.868938446044922,0.8450088500976562,-0.8194489479064941,0.8149676322937012,0.6616048812866211,-0.3597118854522705,0.46022629737854004,0.6525114178657532,False
143,0.12495946884155273,-0.13751386106014252,0.6945792436599731,-0.8922017812728882,0.7723272442817688,-0.16387034952640533,0.6165728569030762,-0.11040832847356796,1.6853201389312744,-0.27015966176986694,1.1415730714797974,5.344145774841309,-9.251436233520508,-2.2963016033172607,5.513471603393555,-13.143359184265137,2.382997751235962,0.46039700508117676,-0.7218143939971924,-0.9189529418945312,0.6399872303009033,0.9126794338226318,0.3548130989074707,0.40847858786582947,False
144,0.09959203004837036,-0.23161554336547852,0.7460812330245972,-0.4280272424221039,-0.002184793585911393,0.1335132122039795,0.3992186188697815,-0.1396797001361847,1.1057733297348022,-0.030641406774520874,-3.0912840366363525,10.30143928527832,0.21846437454223633,-15.831884384155273,1.2486279010772705,3.2429046630859375,-0.27560552954673767,0.2736670970916748,0.4508473873138428,-0.7664527893066406,0.17643475532531738,-0.9692327976226807,0.8277637958526611,0.6550175547599792,False
145,0.04280763864517212,-0.30960139632225037,1.0459511280059814,-0.46329668164253235,-0.2733292579650879,0.3814191520214081,-0.1525580734014511,0.6091103553771973,-0.15222404897212982,-1.0256686210632324,-0.283132404088974,2.4597229957580566,-1.6637160778045654,6.470582485198975,8.059746742248535,-16.85752296447754,16.787147521972656,-0.7761178016662598,0.4050869941711426,-0.388092041015625,0.7103192806243896,-0.7432820796966553,0.7686491012573242,0.7783311605453491,False
146,-0.003816366195678711,-0.2500072717666626,0.8439880609512329,-0.15706677734851837,-0.20469748973846436,0.7428745627403259,-0.6490800976753235,0.16267651319503784,-0.35671672224998474,-1.4422900676727295,5.005364894866943,-8.479822158813477,7.485618591308594,-0.04767609387636185,-0.6989080309867859,-13.351590156555176,3.245413303375244,0.9434845447540283,-0.7733385562896729,0.25016307830810547,-0.9751341342926025,0.9911723136901855,-0.21737289428710938,0.004734128713607788,False
147,-0.033365726470947266,-0.19430887699127197,0.8254920840263367,-0.15333761274814606,-0.08056505024433136,0.4456009864807129,-0.4473997950553894,-0.15938250720500946,1.6975616216659546,-0.27354079484939575,-0.961637020111084,3.610046625137329,-3.6185145378112793,3.602011203765869,-8.959956169128418,15.974940299987793,-14.043303489685059,-0.9877264499664307,-0.728130578994751,-0.1991560459136963,0.7628400325775146,-0.0378420352935791,0.6078965663909912,0.3153221607208252,False
148,-0.10027658939361572,-0.12625424563884735,0.9905716180801392,-0.5378260612487793,0.18927080929279327,0.20894096791744232,-0.2662329077720642,-0.27288854122161865,1.646214246749878,-1.2419304847717285,0.5693235397338867,3.970010757446289,-8.650355339050293,6.198122024536133,-0.8602316379547119,-6.848377227783203,8.673196792602539,-0.15053129196166992,0.87225341796875,-0.8207461833953857,0.719780683517456,-0.05173206329345703,0.8704447746276855,0.005513280630111694,False
149,-0.18224889039993286,-0.011133559979498386,0.8503899574279785,-0.23537372052669525,-0.08181758224964142,0.3051028549671173,-0.8984901905059814,0.5624130964279175,-0.03929853439331055,-2.9612224102020264,2.370850086212158,-7.703132152557373,15.345579147338867,-11.978034019470215,3.693981409072876,-15.159158706665039,22.910398483276367,0.7362158298492432,0.6534409523010254,-0.6007215976715088,0.9274256229400635,0.9994189739227295,-0.975043535232544,0.25461307168006897,False
150,-0.2716291844844818,-0.1038624495267868,1.027879238128662,0.09662327170372009,-0.3013342618942261,0.5865400433540344,-0.42520904541015625,-0.6666670441627502,0.6132655143737793,-1.9320861101150513,-2.176908493041992,7.229217529296875,1.0633583068847656,6.155368328094482,2.674736499786377,3.270078182220459,-0.14165496826171875,0.38356518745422363,-0.18343353271484375,-0.8826684951782227,0.7951252460479736,-0.04619193077087402,0.8840756416320801,0.45417267084121704,False
151,-0.3044753074645996,-0.041740674525499344,0.979612410068512,0.40522444248199463,-0.26968562602996826,0.7186949253082275,-0.7892479300498962,0.16982501745224,1.1634764671325684,1.3420923948287964,4.382716178894043,-2.7480661869049072,1.4382878541946411,-0.13886764645576477,-2.982377290725708,16.794227600097656,-33.544647216796875,0.2523374557495117,-0.23160099983215332,0.7181575298309326,0.8430593013763428,-0.10588479042053223,0.3602867126464844,1.6108851432800293,False
152,-0.24014979600906372,0.051948294043540955,1.0405032634735107,0.25601524114608765,0.02970489114522934,0.6882537007331848,-0.6616605520248413,-0.3232891857624054,-0.012440573424100876,0.690451979637146,1.8780866861343384,-0.9202101826667786,-2.5057947635650635,9.960413932800293,3.9385359287261963,-14.200389862060547,16.80807113647461,-0.39004969596862793,-0.9475052356719971,-0.7811605930328369,-0.21562409400939941,0.6678400039672852,-0.5448436737060547,1.2308109998703003,False
153,-0.16626042127609253,0.19081556797027588,0.9099826812744141,0.17592373490333557,0.2661510705947876,0.6118627190589905,-0.6793595552444458,-0.2070610523223877,2.1625373363494873,2.1956539154052734,1.9405556917190552,2.313519239425659,-8.310952186584473,3.704827308654785,-3.4525551795959473,7.308237552642822,-7.153159141540527,0.03046393394470215,-0.6759214401245117,-0.7204718589782715,-0.10386085510253906,-0.19864416122436523,0.9428935050964355,1.4053819179534912,False
154,-0.11380714178085327,0.3180347979068756,1.007753849029541,-0.24053190648555756,0.2942870259284973,0.46625810861587524,-0.7647209763526917,0.1851780265569687,1.7937172651290894,0.5606147646903992,2.333775520324707,-2.8289783000946045,-2.1304924488067627,-3.500034809112549,0.4234369993209839,-9.81989860534668,19.003332138061523,0.1494154930114746,0.22390365600585938,-0.6994361877441406,0.32473111152648926,0.10626888275146484,0.4678385257720947,1.1417326927185059,False
155,-0.07880467176437378,0.4095810353755951,1.0047414302825928,-0.35903382301330566,-0.08209864795207977,0.5340839624404907,-0.8147576451301575,0.19076193869113922,2.0986077785491943,0.9670262336730957,0.6223846673965454,3.462388277053833,-2.680026054382324,-10.75623607635498,2.643920421600342,2.513478994369507,-10.983750343322754,-0.8506572246551514,0.44050025939941406,0.19706082344055176,-0.25838232040405273,0.24396848678588867,-0.8582913875579834,0.990481436252594,False
156,-0.05110204219818115,0.5123482346534729,0.7075822949409485,-0.14716055989265442,-0.3995479345321655,0.490932822227478,-0.4805269241333008,-0.4702250063419342,0.4465958774089813,0.7495223879814148,2.819239616394043,-12.633651733398438,5.835244655609131,5.63416862487793,-1.8649179935455322,-10.100813865661621,26.070375442504883,-0.8419077396392822,-0.7461557388305664,0.8583014011383057,-0.315279483795166,0.9079349040985107,0.9592938423156738,0.5365917682647705,False
157,0.02347046136856079,0.6457529664039612,0.11502047628164291,-0.1488151252269745,0.25755131244659424,0.22729982435703278,-0.5492570996284485,0.44487714767456055,1.0143872499465942,2.0680267810821533,0.8810219168663025,-9.86729621887207,-5.102950572967529,19.554269790649414,-4.770610332489014,23.113750457763672,-28.990257263183594,0.5325279235839844,-0.11420536041259766,0.27143406867980957,0.8971598148345947,0.07428550720214844,0.1657726764678955,1.5515851974487305,False
158,0.10850805044174194,0.5913947820663452,-0.10231050103902817,-0.3269631266593933,0.7126117944717407,0.41683173179626465,-0.03926779702305794,-0.5633682012557983,1.5435911417007446,0.42798399925231934,-0.5975407958030701,-1.833828091621399,2.1601028442382812,-11.240004539489746,4.139400005340576,4.252257823944092,-9.223435401916504,-0.3235435485839844,-0.5013988018035889,-0.6991565227508545,-0.07786440849304199,0.1654222011566162,-0.7453596591949463,1.2293283939361572,False
159,0.131089985370636,0.5427218675613403,-0.18579256534576416,-0.36666139960289,0.20701046288013458,0.61391282081604,0.01573990285396576,-0.43730539083480835,1.9655159711837769,1.4536638259887695,-1.0413551330566406,-1.4359962940216064,-2.2853662967681885,-10.273691177368164,3.7412619590759277,6.107510089874268,-7.114676475524902,0.6492242813110352,0.7825133800506592,0.22328424453735352,0.8461811542510986,-0.456254243850708,0.30977320671081543,1.2464901208877563,False
160,0.11756718158721924,0.5052868723869324,-0.18652227520942688,-0.41392502188682556,-0.3235918879508972,0.73393315076828,0.016101891174912453,-0.30965858697891235,1.3873878717422485,0.6987817883491516,0.1937015950679779,-1.7696733474731445,2.0345544815063477,-10.952803611755371,0.6465610265731812,-2.134066581726074,7.848271369934082,0.1353015899658203,0.020188331604003906,-0.7261686325073242,0.35890936851501465,0.5058717727661133,0.17633628845214844,1.5695167779922485,False
161,0.12084555625915527,0.42892420291900635,-0.1828625202178955,-0.6177252531051636,-0.3190603256225586,0.5952333807945251,0.3349418044090271,-0.03174617141485214,1.1533896923065186,0.27799713611602783,0.6094210147857666,-1.1502037048339844,-2.574115514755249,-2.6423349380493164,-7.254863262176514,9.37836742401123,5.591902732849121,-0.5855445861816406,0.37697911262512207,0.4394960403442383,-0.027698040008544922,-0.28638696670532227,0.1927018165588379,1.2521741390228271,False
162,0.08622300624847412,0.3948924243450165,-0.36650729179382324,-0.5207629203796387,-0.36659687757492065,0.5058041214942932,0.37636637687683105,0.49436846375465393,0.853432834148407,-1.6875755786895752,-2.3906610012054443,-5.503875732421875,4.429451942443848,2.2905166149139404,3.1370160579681396,-3.3192179203033447,12.341316223144531,-0.33208656311035156,-0.7600221633911133,-0.2366321086883545,-0.7725768089294434,0.6821398735046387,0.23231029510498047,1.074357509613037,False
163,0.027846574783325195,0.38298335671424866,-0.48382046818733215,-0.7162929773330688,-0.18714037537574768,0.2787163555622101,0.9257198572158813,0.2605476677417755,2.32049560546875,-0.3880643844604492,1.2696783542633057,1.2908085584640503,-10.588238716125488,3.654384136199951,1.302901029586792,-8.69260311126709,8.191499710083008,-0.006368398666381836,0.39071106910705566,0.9956626892089844,-0.6367349624633789,-0.14810442924499512,-0.20214033126831055,1.0535857677459717,False
164,-0.06265991926193237,0.39089831709861755,-0.5279898643493652,-0.7697939872741699,-0.11224336922168732,0.32486385107040405,0.591986894607544,0.4014582335948944,2.3189504146575928,-2.3736276626586914,-0.4892096519470215,-4.035175800323486,4.034555912017822,3.8864986896514893,-1.2146997451782227,1.0359004735946655,-7.4066162109375,-0.32771778106689453,-0.5688860416412354,-0.23962950706481934,-0.23437094688415527,0.6218211650848389,0.9214847087860107,1.4284303188323975,False
165,-0.14625424146652222,0.34731605648994446,-0.4517453610897064,-0.7771386504173279,-0.06159110367298126,0.14068742096424103,0.7319298982620239,0.5431936383247375,0.4652408957481384,-1.8328783512115479,-1.898022174835205,4.482544898986816,-0.6441562175750732,-1.119378924369812,-3.3970227241516113,5.090667724609375,8.912176132202148,0.5819211006164551,-0.1733992099761963,0.13120555877685547,-0.9868083000183105,0.20982050895690918,-0.48711442947387695,1.6910548210144043,False
166,-0.1862565279006958,0.2506602108478546,-0.26800885796546936,-0.7866992354393005,-0.11357437074184418,0.2940463125705719,0.7994641065597534,0.4195779263973236,0.9625564217567444,-0.14179976284503937,-1.537581443786621,4.489513397216797,0.7992458343505859,-4.631435871124268,2.6391701698303223,2.092383861541748,-4.334670543670654,0.00048542022705078125,-0.9398419857025146,-0.8497276306152344,-0.02463841438293457,0.805316686630249,-0.6356656551361084,1.381119966506958,False
167,-0.17886275053024292,0.2755391597747803,-0.10483672469854355,-0.8312141299247742,-0.42806291580200195,0.3779272139072418,0.864650309085846,-0.01072727795690298,1.924841284751892,-0.7733978033065796,0.25414833426475525,2.8351423740386963,-4.372252941131592,5.403426647186279,0.10687762498855591,4.440971374511719,-14.150091171264648,-0.24925613403320312,0.6938223838806152,-0.7659904956817627,-0.2956826686859131,-0.38031578063964844,0.3257002830505371,0.5319147706031799,False
168,-0.20988541841506958,0.2753494679927826,-0.38344284892082214,-0.21138979494571686,-0.4045199751853943,0.5161796808242798,0.7056788802146912,-0.23339392244815826,1.4626843929290771,-1.2440612316131592,0.27576395869255066,-9.0076265335083,16.212364196777344,0.273069828748703,1.5876284837722778,-5.801650524139404,2.570270299911499,-0.6448745727539062,-0.9847371578216553,0.9793004989624023,0.7835702896118164,0.5494475364685059,0.7843449115753174,0.003154367208480835,False
169,-0.22775137424468994,0.2493322193622589,-0.5317467451095581,-0.0708066001534462,0.18619601428508759,0.7058506608009338,0.44948872923851013,0.18001559376716614,0.5228245854377747,0.9658701419830322,2.2024829387664795,-0.5222413539886475,-7.227793216705322,17.016407012939453,-2.749439001083374,-1.4278039932250977,13.837543487548828,-0.9927005767822266,0.3381037712097168,0.3030705451965332,0.792525053024292,0.47579097747802734,0.7757935523986816,1.267543911933899,False
170,-0.16612374782562256,0.30180123448371887,-0.5244755744934082,-0.17390359938144684,0.5756489634513855,0.7036903500556946,0.6405831575393677,0.2501198947429657,1.6479541063308716,1.3492496013641357,1.1370731592178345,1.7501447200775146,-1.0498512983322144,4.134879112243652,0.3858805298805237,9.018672943115234,-10.322063446044922,0.7377159595489502,-0.24382281303405762,-0.11342906951904297,0.5387184619903564,0.5630438327789307,0.35496068000793457,1.9187304973602295,False
171,-0.12034392356872559,0.34544217586517334,-0.21283456683158875,-0.45248523354530334,0.7129814624786377,0.7208539843559265,0.8880437016487122,0.1265007108449936,1.9759124517440796,1.5363165140151978,2.5724518299102783,8.142602920532227,-8.868124008178711,1.0558747053146362,-4.443698406219482,0.9371322989463806,7.708213806152344,0.12109971046447754,0.21488356590270996,-0.4628598690032959,0.49332427978515625,0.2224900722503662,0.2595632076263428,2.1879031658172607,False
172,-0.07307159900665283,0.35405898094177246,0.17441049218177795,-0.7020296454429626,0.5927813053131104,0.6915109157562256,0.8774838447570801,0.5057570934295654,1.9590407609939575,0.3643953800201416,0.3936448395252228,6.388641357421875,-1.2907174825668335,-6.3927412033081055,-1.6396194696426392,8.625360488891602,-9.595519065856934,-0.7005753517150879,-0.8887481689453125,0.7236425876617432,0.2873537540435791,-0.09000229835510254,0.3309619426727295,1.780140995979309,False
173,-0.06575077772140503,0.4710400700569153,0.27671360969543457,-0.7574709057807922,0.5816361904144287,0.7170922160148621,0.6929857730865479,0.47254690527915955,1.4937849044799805,0.1404532790184021,0.8638415932655334,-0.10595318675041199,0.644666850566864,4.633347988128662,0.718238890171051,-0.9610116481781006,-2.3755695819854736,0.03493547439575195,-0.7739982604980469,0.667412519454956,0.4185507297515869,0.19821596145629883,-0.7046477794647217,1.4045826196670532,False
174,-0.07420384883880615,0.5669406056404114,0.2135729193687439,-0.6893680691719055,0.7617716193199158,0.6426429152488708,0.8495071530342102,-0.059369634836912155,2.0410897731781006,-1.0221437215805054,3.167771339416504,-1.5701086521148682,3.1314849853515625,-3.32096266746521,2.3933863639831543,-5.70235538482666,-11.601396560668945,-0.17648077011108398,-0.04944348335266113,0.21298432350158691,0.32317233085632324,-0.013663768768310547,0.22483611106872559,1.4906831979751587,False
175,-0.12261378765106201,0.6835972666740417,0.19209666550159454,-0.633483350276947,0.7409472465515137,0.7015522718429565,0.6351484060287476,-0.46528634428977966,1.662270426750183,-0.40743914246559143,1.6001182794570923,-0.789081871509552,0.9268032312393188,1.5641417503356934,0.9197118282318115,-3.3211710453033447,-5.609109401702881,0.12901067733764648,-0.7148442268371582,-0.6620345115661621,-0.10810256004333496,-0.3503549098968506,0.5021710395812988,1.6033008098602295,False
176,-0.18055135011672974,0.8084716796875,0.29541802406311035,-0.8198671936988831,0.7159180045127869,0.6350299715995789,0.2600240409374237,-0.264175683259964,1.8737324476242065,-1.0650215148925781,3.135096311569214,1.4777135848999023,-0.7647393941879272,-5.838860988616943,-1.181984782218933,-11.846012115478516,10.931156158447266,-0.2667813301086426,-0.9216551780700684,-0.8710520267486572,-0.7588691711425781,0.9514622688293457,-0.40143465995788574,1.1449676752090454,False
177,-0.22650477290153503,0.8698078989982605,0.3931940197944641,-0.7994744777679443,0.30159077048301697,0.40285181999206543,0.5891314148902893,-0.35129329562187195,1.1165568828582764,1.0607411861419678,0.4237865209579468,4.010983943939209,-2.4609503746032715,-8.999068260192871,-3.987739324569702,18.521141052246094,-12.50102424621582,0.7815520763397217,0.658592939376831,0.25702738761901855,-0.254044771194458,-0.9553415775299072,0.21221470832824707,1.3984475135803223,False
178,-0.23945486545562744,0.8559991717338562,0.5042494535446167,-0.6957007646560669,-0.14524094760417938,0.47172802686691284,0.8198241591453552,-0.3383885622024536,0.7869486212730408,-0.8546874523162842,0.13989609479904175,4.9992241859436035,0.6704056262969971,-8.279037475585938,1.8858027458190918,-4.346571445465088,10.185778617858887,0.36649441719055176,0.008157730102539062,-0.8511230945587158,-0.0763247013092041,0.1369152069091797,-0.7257740497589111,1.4342224597930908,False
179,-0.27654093503952026,0.807454526424408,0.8081584572792053,-0.7878546118736267,-0.3149620294570923,0.63167804479599,0.8790165781974792,-0.41401907801628113,1.1901129484176636,-0.9466629028320312,-1.2243341207504272,5.829277038574219,-4.958646774291992,4.428921222686768,6.873419284820557,-5.692199230194092,-3.0473599433898926,0.6042735576629639,-0.7817113399505615,0.5708103179931641,-0.995002031326294,0.7522263526916504,-0.7997281551361084,0.6904171705245972,False
180,-0.281134694814682,0.7514137029647827,1.0350151062011719,-0.7884045243263245,-0.15910592675209045,0.6069916486740112,0.9051073789596558,-0.5234770774841309,1.9203627109527588,-0.6350980997085571,-3.976754903793335,4.623913764953613,3.5373427867889404,4.081958293914795,0.7064362168312073,0.31087687611579895,0.7398605346679688,-0.26787376403808594,0.026778221130371094,-0.8044214248657227,-0.9274957180023193,-0.929072380065918,-0.39782285690307617,0.3559815585613251,False
181,-0.2684536576271057,0.7700890302658081,0.9606777429580688,-0.3945966362953186,-0.24196138978004456,0.5246388912200928,0.4880862832069397,-0.17026472091674805,0.020526915788650513,-0.6939747333526611,0.38598373532295227,-3.5670387744903564,9.437919616699219,-3.9216015338897705,-1.7587980031967163,-8.690814971923828,7.121058464050293,-0.7545242309570312,-0.40129542350769043,-0.046396493911743164,-0.38113975524902344,-0.1913008689880371,0.5077881813049316,0.23681393265724182,False
182,-0.1823861002922058,0.8207831382751465,0.6566179394721985,0.07128585129976273,-0.32531148195266724,0.5951286554336548,0.023633252829313278,0.41578641533851624,0.1289873570203781,1.618581771850586,1.0535860061645508,-9.52783489227295,9.527599334716797,0.9434030055999756,0.8785209655761719,-7.770414352416992,16.189300537109375,-0.43027162551879883,0.2097792625427246,-0.4705638885498047,-0.5101015567779541,-0.141373872756958,0.5697495937347412,0.20426109433174133,False
183,-0.097950279712677,0.9008033871650696,0.16749559342861176,0.5676121711730957,-0.38764089345932007,0.4993725121021271,0.10362765938043594,0.2502260208129883,0.37667274475097656,2.2244699001312256,1.7502939701080322,-7.9201765060424805,8.421895980834961,-2.683342456817627,-3.0472679138183594,0.22668489813804626,-1.4255789518356323,0.907353401184082,0.15166640281677246,0.02184128761291504,-0.9738545417785645,-0.004195690155029297,0.1286177635192871,0.26725730299949646,False
184,-0.04212188720703125,0.9615382552146912,-0.06888625025749207,0.8091604113578796,-0.38841578364372253,0.22920376062393188,0.28242725133895874,0.23074962198734283,1.0494118928909302,1.0399459600448608,1.588524341583252,-3.053164482116699,1.8698419332504272,2.698953151702881,-5.8802080154418945,4.865069389343262,0.13052301108837128,-0.13954520225524902,0.9967458248138428,0.9053373336791992,0.3246467113494873,0.12596678733825684,-0.8423018455505371,0.5971196889877319,False
185,-0.017787158489227295,0.987126886844635,-0.1553506702184677,0.7877224683761597,0.008036993443965912,0.09084152430295944,0.6401004195213318,-0.28046372532844543,0.39972010254859924,1.0062811374664307,-0.026827683672308922,-0.4639560580253601,-1.5949065685272217,11.563799858093262,-0.9487074613571167,8.56090259552002,-18.177597045898438,-0.49881672859191895,0.6377935409545898,-0.18909239768981934,0.7413060665130615,0.811486005783081,0.22637438774108887,0.35408270359039307,False
186,-0.014133989810943604,0.9794046878814697,-0.2894100248813629,0.8002610802650452,0.48506227135658264,0.13085120916366577,0.6788873076438904,-0.16260243952274323,0.7210582494735718,-0.37773507833480835,-0.23996083438396454,-3.55618953704834,-1.2160650491714478,9.6289701461792,2.88409686088562,-1.2491331100463867,11.053786277770996,0.05527210235595703,0.2853813171386719,0.6534998416900635,0.32577013969421387,0.31990647315979004,-0.20125436782836914,0.634148359298706,False
187,-0.04057735204696655,0.9636560678482056,-0.38840821385383606,0.7984867095947266,0.7128289341926575,0.16480083763599396,0.8556960821151733,0.12821894884109497,0.5596982836723328,-0.8851727843284607,-1.3167988061904907,0.9877899885177612,3.496180295944214,-7.1098785400390625,-0.09413181245326996,6.300166130065918,2.455842971801758,0.8445570468902588,-0.25354576110839844,-0.6607089042663574,0.6986672878265381,-0.03518247604370117,-0.6680159568786621,0.6893237233161926,False
188,-0.1095699667930603,0.9129260778427124,-0.09873520582914352,0.7176513671875,0.262459397315979,0.4891188144683838,0.8141512870788574,-0.002602458233013749,1.028831958770752,-2.4584507942199707,-0.5138077139854431,6.957170486450195,-2.3829598426818848,-11.586456298828125,7.507471561431885,0.3376736640930176,-9.940155982971191,0.31835126876831055,-0.46037936210632324,-0.18377900123596191,0.6137211322784424,0.5325407981872559,0.4340519905090332,1.067253589630127,False
189,-0.2191895842552185,0.8880248665809631,0.4573194086551666,0.2667272090911865,-0.15768510103225708,0.7285908460617065,0.8746692538261414,-0.18960274755954742,2.1785600185394287,-2.2048521041870117,2.1952643394470215,10.856085777282715,-12.146392822265625,-7.1649603843688965,-1.635682225227356,-4.2946906089782715,8.819206237792969,0.08743429183959961,-0.5847549438476562,-0.583418607711792,-0.5381243228912354,0.03348350524902344,-0.09558272361755371,0.7491540312767029,False
190,-0.2893010377883911,0.7892096638679504,1.0497210025787354,-0.3562557101249695,-0.4351726770401001,0.6409096717834473,0.8733506798744202,0.2171647697687149,0.8817316293716431,-0.29363518953323364,-0.37213134765625,9.333083152770996,-15.339883804321289,2.6232545375823975,-5.688244342803955,0.31783878803253174,8.92119026184082,-0.9352834224700928,-0.1050713062286377,-0.793914794921875,0.9565260410308838,0.8061542510986328,0.12012910842895508,-0.011149734258651733,False
191,-0.263109028339386,0.7981986999511719,0.8876562714576721,-0.5154851675033569,-0.27848944067955017,0.43513479828834534,0.8943449258804321,0.5020076632499695,-0.5725844502449036,0.7102660536766052,-0.9808099269866943,-3.4543721675872803,-0.3326784372329712,-0.35631948709487915,0.007952094078063965,2.562180995941162,-4.2078447341918945,-0.21409893035888672,0.44770359992980957,0.6212842464447021,-0.58392333984375,-0.7817840576171875,0.5076842308044434,-0.5107762813568115,False
192,-0.24896398186683655,0.8374300003051758,0.39768844842910767,-0.3025895059108734,-0.18973051011562347,0.49074241518974304,0.580650269985199,0.4985755980014801,-0.8993992209434509,-0.07912487536668777,0.5091396570205688,-14.171941757202148,7.427541255950928,4.886152744293213,2.9197728633880615,-7.875208854675293,-1.7392371892929077,0.6871235370635986,0.5453293323516846,0.7032601833343506,0.6428232192993164,-0.20790410041809082,-0.8027403354644775,-1.0182156562805176,False
193,-0.27701660990715027,0.8054558038711548,0.0067025539465248585,-0.11754532158374786,0.10993151366710663,0.7114810347557068,0.3101879358291626,-0.0496663860976696,-0.20717574656009674,-1.2475929260253906,-1.3577378988265991,-4.282754898071289,2.410982131958008,6.280736446380615,4.76449728012085,-4.051770210266113,-17.54407501220703,0.3117797374725342,0.49782705307006836,-0.22056126594543457,0.6104001998901367,0.1312265396118164,-0.8947606086730957,-0.9302797317504883,False
194,-0.30965733528137207,0.6756741404533386,-0.19718773663043976,0.11561581492424011,0.2690928876399994,0.7163352370262146,0.24818888306617737,-0.18191362917423248,-0.9595776796340942,-0.1203981339931488,-4.0277814865112305,-3.9344117641448975,6.638275623321533,0.8396925330162048,0.38492241501808167,-1.611969232559204,13.74455451965332,-0.3569002151489258,-0.5158712863922119,0.1423802375793457,-0.7774243354797363,0.44568443298339844,-0.5841162204742432,-0.6596869230270386,False
195,-0.2473362386226654,0.49406498670578003,-0.3151816427707672,0.17485055327415466,0.49619778990745544,0.5494316816329956,0.8420236110687256,-0.11664269864559174,-0.06288790702819824,0.7004990577697754,-2.9556264877319336,-0.8913503289222717,-3.6241612434387207,7.237229824066162,-7.969321250915527,19.468482971191406,-6.323549747467041,-0.3380146026611328,0.515711784362793,0.893972635269165,-0.6111979484558105,-0.24047398567199707,0.1597156524658203,-1.0687288045883179,False
196,-0.21735846996307373,0.43222612142562866,-0.5430984497070312,0.21529385447502136,0.7871993184089661,0.6094332933425903,0.4816775619983673,0.41490980982780457,-1.2929210662841797,-0.1902862787246704,-4.182720184326172,2.897449493408203,2.877607583999634,-9.488399505615234,3.8376305103302,-8.75731086730957,13.196064949035645,0.02129197120666504,-0.548109769821167,-0.17499852180480957,0.7869701385498047,0.7924692630767822,0.6866836547851562,-0.12250803411006927,False
197,-0.21933314204216003,0.35426974296569824,-0.5007424354553223,0.19464468955993652,0.42843157052993774,0.587561309337616,0.6383863687515259,0.2443796992301941,-0.47132641077041626,-0.33350473642349243,-1.332786202430725,4.737491130828857,-5.742301940917969,-5.119194507598877,-0.8966665863990784,5.648754119873047,-4.5644211769104,-0.5360310077667236,-0.3681042194366455,0.731107234954834,0.5171298980712891,0.18228936195373535,0.9858145713806152,-0.425393283367157,False
198,-0.22555327415466309,0.26387348771095276,-0.3460446894168854,-0.07539425790309906,0.4704912304878235,0.6853855848312378,0.5703051686286926,0.5361000299453735,-0.3122735321521759,-0.2133226841688156,-1.1672542095184326,-0.744466245174408,-1.6374436616897583,3.813072681427002,2.460313558578491,5.586348056793213,-9.981186866760254,-0.26431965827941895,0.9751205444335938,-0.1066131591796875,0.9468705654144287,-0.6143980026245117,0.1137394905090332,-0.9178569912910461,False
199,-0.2154388725757599,0.3173222243785858,-0.5011709332466125,0.19361338019371033,0.31685370206832886,0.6965100169181824,0.6535463333129883,0.13946066796779633,0.6903858184814453,0.21725055575370789,0.8601254820823669,0.8557912111282349,4.468606948852539,-5.8015336990356445,-4.096486568450928,0.8009806871414185,-1.2456251382827759,0.6696257591247559,0.4942173957824707,0.37633228302001953,-0.6453814506530762,-0.046263694763183594,-0.44747495651245117,-0.3478747308254242,False
200,-0.19306045770645142,0.30251261591911316,-0.3618110120296478,0.37220269441604614,0.11891346424818039,0.5474221706390381,0.9114667773246765,-0.26378193497657776,-0.3906870186328888,-1.2257287502288818,-0.695673942565918,4.692781448364258,1.340569257736206,-1.751283884048462,-3.7606136798858643,4.543642044067383,-9.107759475708008,-0.3232109546661377,-0.985285758972168,0.9005715847015381,0.13577032089233398,-0.2688562870025635,-0.24540257453918457,-0.021353483200073242,False
201,-0.18204790353775024,0.3730326294898987,-0.10760234296321869,0.05806063115596771,0.4853037893772125,0.6239757537841797,0.47919777035713196,-0.492735892534256,-0.4217219650745392,0.003108292818069458,2.665073871612549,6.591461658477783,-14.426453590393066,15.457262992858887,0.2237413376569748,-7.265905380249023,-5.767946243286133,0.21928620338439941,0.5378844738006592,0.5804765224456787,0.7517879009246826,-0.9011440277099609,-0.8022513389587402,-0.7329282760620117,False
202,-0.19421827793121338,0.460835337638855,-0.02570941112935543,-0.07258712500333786,0.6578155755996704,0.7424328923225403,-0.0633881688117981,-0.519497275352478,-0.9536788463592529,-0.8535505533218384,-0.8258388042449951,3.718496322631836,1.346459150314331,-6.5389885902404785,3.101536273956299,-6.806025981903076,-4.21472692489624,0.6878190040588379,-0.3624303340911865,0.38779616355895996,0.4927642345428467,0.5204756259918213,0.7152926921844482,-0.8247891664505005,False
203,-0.10407024621963501,0.3935905992984772,0.4467647075653076,-0.3566138744354248,0.5423248410224915,0.7030155062675476,-0.24724119901657104,-0.17379283905029297,0.5064480900764465,2.736924171447754,-2.33935284614563,10.475937843322754,-7.601265907287598,0.8095148205757141,1.47481107711792,-4.090996265411377,9.946456909179688,-0.36986875534057617,-0.36502742767333984,-0.754037618637085,-0.4249401092529297,-0.9815471172332764,0.7568175792694092,-0.9720190763473511,False
204,-0.0293998122215271,0.32676637172698975,0.8679929971694946,-0.7078115344047546,0.45006418228149414,0.6724697947502136,-0.5755217671394348,0.4391596019268036,-1.1986327171325684,2.1877994537353516,0.24546301364898682,8.300970077514648,-6.224229335784912,-5.932724475860596,0.06820681691169739,5.209275245666504,-25.769332885742188,-0.027642011642456055,0.25949645042419434,0.7612853050231934,-0.4470200538635254,-0.13402676582336426,-0.23160004615783691,-0.5249339938163757,False
205,0.0272940993309021,0.3199133276939392,1.0026631355285645,-0.725571870803833,0.3334871530532837,0.5999186038970947,-0.44775864481925964,-0.5828067660331726,-2.6206276416778564,1.2167855501174927,1.352840542793274,-0.4172528088092804,2.26981782913208,0.45728760957717896,-3.4404666423797607,-8.358085632324219,5.969381332397461,-0.697136640548706,0.42673659324645996,0.0458064079284668,0.5296638011932373,0.5647099018096924,-0.6543092727661133,-1.590438723564148,False
206,0.0754011869430542,0.3587910830974579,0.6435564756393433,-0.1911121904850006,0.28875038027763367,0.48996615409851074,-0.8096360564231873,-0.1836189180612564,-1.1576124429702759,0.6076952219009399,-0.029000891372561455,-8.557144165039062,13.135921478271484,-0.6150683164596558,-1.527204990386963,0.18060903251171112,-4.4099321365356445,0.6211509704589844,0.6276843547821045,-0.05272340774536133,0.9901537895202637,0.3954753875732422,0.7552165985107422,-1.87480890750885,False
207,0.08235114812850952,0.26441696286201477,0.5645788311958313,0.34675684571266174,0.1468067765235901,0.5953842401504517,-0.9972624778747559,0.004480201285332441,-0.5716255307197571,-0.9209936857223511,-2.657161235809326,-2.7295901775360107,15.726686477661133,-6.333149433135986,3.9571151733398438,-5.366814136505127,9.599027633666992,-0.4149894714355469,0.3958873748779297,0.13515329360961914,-0.19671249389648438,0.9959499835968018,0.8754274845123291,-2.0291783809661865,False
208,0.07735633850097656,0.134574756026268,0.5491814017295837,0.733610212802887,0.17916607856750488,0.5462697744369507,-0.8644817471504211,0.5254907011985779,-0.3726155161857605,0.20198684930801392,-2.71769642829895,5.092865943908691,-4.555751323699951,8.03203296661377,-5.9768805503845215,20.272613525390625,-13.895334243774414,0.6910655498504639,-0.3262498378753662,-0.525860071182251,-0.3821840286254883,0.25205254554748535,-0.5185251235961914,-0.19897662103176117,False
209,0.07067924737930298,0.0014659558655694127,0.9118309020996094,0.5432062149047852,0.28266558051109314,0.36724603176116943,0.2297394722700119,-0.6019282937049866,-1.881080150604248,-1.096094012260437,-2.5463271141052246,11.17542552947998,-7.581646919250488,-0.542055070400238,-2.2204084396362305,20.853334426879883,-20.7397403717041,0.3912012577056885,0.8652803897857666,-0.9152891635894775,-0.49842238426208496,0.9774401187896729,0.6719353199005127,-1.4911432266235352,False
210,0.028926193714141846,-0.07495933026075363,1.0493971109390259,0.8241432309150696,-0.18029668927192688,-0.06023568660020828,0.6093124151229858,0.6199290752410889,-4.0152268409729,-0.7397056818008423,-2.2163448333740234,2.3429179191589355,4.960362911224365,-9.331768989562988,-8.486310958862305,16.818302154541016,13.217793464660645,0.8886599540710449,-0.6575307846069336,-0.7963943481445312,0.13867712020874023,-0.5292415618896484,-0.5394551753997803,-0.1515503227710724,False
211,-0.057841598987579346,0.006572163198143244,1.074600338935852,0.5944992303848267,-0.4229361116886139,0.1385287642478943,0.2989788055419922,0.3088436424732208,0.25582095980644226,-1.9768379926681519,4.361589431762695,-0.24293144047260284,-10.731850624084473,-1.9720683097839355,8.90992546081543,-19.905485153198242,-4.653648853302002,-0.8973352909088135,-0.02881455421447754,-0.3860328197479248,-0.8346168994903564,0.05944037437438965,-0.5423305034637451,-1.3610618114471436,False
212,-0.1416521668434143,0.24314609169960022,0.579681932926178,0.42642155289649963,-0.3351876139640808,0.30100247263908386,-0.07266426086425781,-0.39919376373291016,0.22037887573242188,-0.3215820789337158,2.199270725250244,-9.855622291564941,-0.6200999617576599,0.36891651153564453,1.5186408758163452,-3.7550408840179443,-19.09503746032715,-0.7518153190612793,-0.8013975620269775,0.1181020736694336,-0.4553842544555664,-0.004786968231201172,0.239454984664917,-1.5206184387207031,False
213,-0.08426058292388916,0.3616461157798767,0.18497787415981293,0.025740740820765495,-0.032723281532526016,0.2954128384590149,-0.8771100044250488,-0.07156108319759369,-0.8893277049064636,1.1564795970916748,3.7149667739868164,-14.364319801330566,-5.670381546020508,7.570648670196533,-3.779618263244629,-15.184341430664062,12.456833839416504,0.9637835025787354,0.38651037216186523,-0.7359249591827393,-0.3723330497741699,0.8606605529785156,-0.24236059188842773,-1.735262155532837,False
214,-0.05277591943740845,0.376031756401062,-0.022889042273163795,-0.2959975004196167,-0.09401632845401764,-0.010086252354085445,-0.9499339461326599,0.01198191661387682,-1.0127044916152954,0.7910861372947693,-1.6474212408065796,2.94857120513916,-5.825562953948975,-8.989938735961914,-9.336756706237793,9.01940631866455,-5.940388202667236,0.772007942199707,-0.5331234931945801,-0.15369343757629395,-0.6345441341400146,0.3399505615234375,0.42851924896240234,-1.0596539974212646,False
215,-0.047773540019989014,0.30769670009613037,0.19492603838443756,-0.8668048977851868,-0.36721810698509216,-0.37515270709991455,-0.6308977603912354,-0.05278680473566055,-1.5938904285430908,0.03006260097026825,-1.3933361768722534,2.7859482765197754,-8.060259819030762,-7.42832612991333,-5.195289611816406,3.7946102619171143,2.5535061359405518,-0.2701444625854492,-0.4198465347290039,-0.33156871795654297,-0.44186854362487793,0.3289763927459717,0.8684413433074951,-2.1475911140441895,False
216,-0.09051162004470825,0.19578266143798828,-0.016119830310344696,-0.7351758480072021,-0.11993460357189178,-0.8532750606536865,-0.3675535321235657,0.5693634152412415,-3.119044780731201,-0.9259268045425415,-0.3913016617298126,-3.1424694061279297,1.6510262489318848,4.917609691619873,-12.40956974029541,5.329905986785889,17.42487144470215,0.4679262638092041,-0.2700226306915283,-0.7283351421356201,0.987769365310669,-0.6857714653015137,0.3501126766204834,-1.230967402458191,False
217,-0.11575126647949219,0.07885906845331192,-0.15403467416763306,-0.5618587136268616,-0.25662267208099365,-0.6794539093971252,-0.3880661427974701,0.18851831555366516,-0.713370144367218,0.9974597692489624,-0.9246622323989868,-1.3196154832839966,2.7494728565216064,-11.205217361450195,7.866738796234131,-11.286067008972168,-0.8509583473205566,0.8325045108795166,0.8121037483215332,-0.6780829429626465,0.509188175201416,0.5414764881134033,-0.5396084785461426,-0.732082188129425,False
218,-0.12346833944320679,-0.0014257561415433884,-0.039545975625514984,-0.6298690438270569,-0.2780344486236572,-0.5066011548042297,-0.27093422412872314,-0.4558624029159546,-1.1865501403808594,1.585146427154541,-2.2163970470428467,1.1982660293579102,3.9481704235076904,-3.751067638397217,5.651796817779541,4.383899688720703,-19.960466384887695,-0.6241192817687988,-0.39865851402282715,0.7457787990570068,-0.7294337749481201,0.21073102951049805,-0.11180925369262695,-1.413842797279358,False
219,-0.07581645250320435,0.09228209406137466,-0.3164401352405548,-0.5801749229431152,-0.16092708706855774,-0.6901905536651611,-0.32605963945388794,-0.0607316792011261,-1.6974217891693115,-0.6087830662727356,1.4387166500091553,-3.4046242237091064,-3.5768556594848633,7.954042434692383,-7.233178615570068,2.916346311569214,10.034099578857422,0.8386590480804443,-0.9113795757293701,0.383777379989624,0.39862537384033203,0.6606535911560059,-0.5473349094390869,-1.6958478689193726,False
220,-0.014903366565704346,0.0888374075293541,-0.3430901765823364,-0.7629258632659912,0.1450134515762329,-0.8743755221366882,0.053118038922548294,-0.15003269910812378,-0.7489985823631287,-0.714348554611206,-1.243651270866394,-0.8968466520309448,-0.8446646332740784,5.295619964599609,0.7546566724777222,13.016018867492676,-13.32390308380127,-0.4822568893432617,-0.834160566329956,0.31526970863342285,-0.5676796436309814,-0.26645541191101074,0.9713599681854248,-1.449734091758728,False
221,-0.011459589004516602,0.05428764969110489,-0.4298909306526184,-0.7900691628456116,0.466182678937912,-0.9648714065551758,0.22071489691734314,0.13894274830818176,-1.5071375370025635,0.6946998834609985,1.3747549057006836,-3.682575225830078,-1.3597772121429443,7.766824722290039,-5.298622131347656,-3.018554210662842,19.609113693237305,-0.8363311290740967,-0.3130927085876465,-0.49785304069519043,0.8219888210296631,0.6879427433013916,-0.9927577972412109,-1.2098965644836426,False
222,-0.06250536441802979,-0.0016905257944017649,-0.5242958068847656,-0.784175455570221,0.6646615862846375,-0.9409080147743225,0.5370923280715942,0.06985514611005783,-0.8245537281036377,1.379776120185852,-2.267260789871216,-1.874507188796997,2.6720526218414307,-0.2819157540798187,2.0467891693115234,12.269144058227539,-15.3199462890625,0.16918659210205078,0.2638673782348633,-0.7327852249145508,-0.4216606616973877,0.4558451175689697,0.5507559776306152,-0.7271834015846252,False
223,-0.10293316841125488,-0.04790768399834633,-0.457123339176178,-0.751438558101654,0.3882272243499756,-0.8319053053855896,0.7841378450393677,-0.09680087119340897,0.5260010361671448,-1.604132890701294,-0.22533828020095825,1.0416514873504639,1.2310928106307983,-8.773543357849121,3.324850082397461,-6.5884785652160645,10.866436004638672,0.5793905258178711,0.11832571029663086,-0.6049489974975586,0.43335771560668945,0.1145024299621582,-0.1855628490447998,-0.5015251040458679,False
224,-0.13364487886428833,-0.11220651119947433,-0.2441272735595703,-0.7063413858413696,-0.25172141194343567,-0.6171993613243103,0.5867154598236084,0.18352511525154114,0.1421162486076355,-1.25191330909729,1.058896780014038,2.2097129821777344,0.20118305087089539,-14.512733459472656,1.6800771951675415,-0.7513383626937866,0.7956714630126953,0.18786144256591797,-0.06724047660827637,0.27173757553100586,-0.7240417003631592,0.1948380470275879,0.022978782653808594,-0.36717405915260315,False
225,-0.12539559602737427,-0.04977796971797943,-0.35132306814193726,-0.678129255771637,-0.3805277943611145,-0.7593256831169128,0.7897516489028931,0.2017497420310974,-1.6695127487182617,1.2351188659667969,1.7208857536315918,-7.251418113708496,7.345726490020752,0.02525676041841507,-5.001435279846191,5.551290988922119,0.42856350541114807,0.6145617961883545,-0.19254732131958008,0.02952122688293457,0.13833951950073242,0.6996665000915527,-0.8403582572937012,-0.4347726106643677,False
226,-0.0839155912399292,-0.12323589622974396,-0.2825726866722107,-0.7081834077835083,-0.24437706172466278,-0.6796514987945557,0.8740455508232117,-0.09586138278245926,-0.6111517548561096,1.2764575481414795,1.2979769706726074,0.9537034630775452,-3.169339418411255,1.9055285453796387,-0.5987833738327026,5.611073017120361,-15.972715377807617,-0.9245164394378662,0.2402350902557373,-0.06251001358032227,-0.6585595607757568,0.08173775672912598,0.607994794845581,-0.7931293845176697,False
227,-0.07273679971694946,-0.0993017703294754,-0.4092722237110138,-0.5718393325805664,-0.19985894858837128,-0.7220600247383118,0.7566736936569214,-0.17311152815818787,-0.8626060485839844,-0.1936323046684265,-0.44634634256362915,-5.797854423522949,7.723254680633545,0.40063023567199707,-3.053276300430298,-2.884084939956665,6.238144874572754,-0.6353864669799805,0.690669059753418,0.5490179061889648,-0.695399284362793,0.7351868152618408,-0.5662331581115723,-1.0902957916259766,False
228,-0.08972108364105225,-0.0656580775976181,-0.5540509819984436,-0.36802515387535095,-0.12229686975479126,-0.9280989766120911,0.8358317017555237,-0.289581835269928,0.6578490138053894,0.29312145709991455,2.272838830947876,-2.4215786457061768,2.535370111465454,1.4874019622802734,-4.545800685882568,-1.2649199962615967,-4.202417373657227,-0.878892183303833,-0.15142512321472168,0.014487981796264648,-0.04356098175048828,0.401674747467041,-0.037686824798583984,-0.6115123629570007,False
229,-0.1165541410446167,-0.08638960123062134,-0.38805902004241943,-0.38681119680404663,-0.031926676630973816,-0.9996759295463562,0.8020718693733215,-0.4839617609977722,-0.5958412289619446,-0.6694502234458923,-0.31826499104499817,-0.6533039808273315,2.3135464191436768,2.1530263423919678,-3.0616416931152344,-3.661609172821045,7.55534553527832,-0.037070512771606445,-0.1777782440185547,0.07672643661499023,0.912745475769043,-0.7856924533843994,-0.8783783912658691,-0.04847446084022522,False
230,-0.13173723220825195,-0.054275032132864,-0.542343020439148,-0.23510423302650452,-0.06574448943138123,-0.7376469373703003,0.2560213506221771,-0.531186580657959,0.8625493049621582,0.20799098908901215,0.2669147849082947,-0.9217912554740906,0.9526273608207703,-1.7553166151046753,9.13990592956543,-17.720651626586914,1.3876959085464478,-0.9533946514129639,-0.9836511611938477,-0.17867517471313477,-0.27558207511901855,0.6834280490875244,-0.12598466873168945,-0.28443586826324463,False
231,-0.14589357376098633,0.0470469705760479,-0.523713231086731,-0.5461110472679138,0.014806525781750679,-0.7314141392707825,-0.056114036589860916,-0.5218972563743591,-0.7796163558959961,-0.48813125491142273,1.9336620569229126,1.1837583780288696,-11.02839469909668,4.945491313934326,-2.076870918273926,0.30657243728637695,-4.353150844573975,-0.4836156368255615,0.6381945610046387,-0.6043107509613037,0.8911821842193604,-0.5852046012878418,-0.8215675354003906,-0.051833897829055786,False
232,-0.19601213932037354,0.054009947925806046,-0.5362693667411804,-0.6386319398880005,-0.17042958736419678,-0.5097468495368958,-0.47121521830558777,-0.49456480145454407,0.5396684408187866,-1.8203222751617432,0.8142535090446472,0.13749586045742035,2.750511407852173,-11.223198890686035,5.9237284660339355,-12.070440292358398,4.134679794311523,-0.049065351486206055,0.3879714012145996,-0.8895525932312012,-0.7189388275146484,-0.9897329807281494,-0.6183168888092041,0.34304338693618774,False
233,-0.2586727440357208,0.1237429827451706,-0.5226752161979675,-0.7306461930274963,-0.270305335521698,-0.2919155955314636,-1.1039040088653564,-0.4816534221172333,0.15851782262325287,-1.2562211751937866,1.891143798828125,-2.236053943634033,-1.5122287273406982,3.601616382598877,3.646935224533081,-14.019486427307129,-2.9577577114105225,-0.1516129970550537,-0.7888097763061523,-0.8805339336395264,-0.9339258670806885,-0.2143723964691162,-0.3484375476837158,-0.463207483291626,False
234,-0.2829188108444214,0.25740042328834534,-0.49595245718955994,-0.7839791178703308,-0.4084211587905884,-0.6836745142936707,-1.1592789888381958,-0.40277406573295593,-0.8037119507789612,1.292069673538208,1.8767484426498413,1.07209050655365,-6.019641876220703,7.655357837677002,-5.672090530395508,-1.3486011028289795,2.2949657440185547,0.07390213012695312,-0.4745502471923828,-0.9582431316375732,0.6539905071258545,0.3282172679901123,0.11849522590637207,-0.7720521688461304,False
235,-0.22516819834709167,0.19178633391857147,-0.44055891036987305,-0.735253095626831,-0.396766722202301,-0.633367657661438,-1.1168183088302612,-0.5071980357170105,-0.5603088140487671,1.3568971157073975,-2.3976380825042725,4.296734809875488,1.4212969541549683,-5.993101119995117,2.1244046688079834,3.712080478668213,-3.7024664878845215,-0.5255911350250244,-0.9602234363555908,0.4169614315032959,0.29754066467285156,0.9707567691802979,-0.0030243396759033203,-1.544859528541565,False
236,-0.16946732997894287,0.12745796144008636,-0.38370347023010254,-0.7877137064933777,-0.22289001941680908,-0.7125858664512634,-0.7347389459609985,-0.5122320652008057,-1.6077706813812256,-0.17300695180892944,-2.9005274772644043,1.9527003765106201,-2.9118568897247314,8.319537162780762,-0.6698126196861267,10.0029935836792,0.7598773837089539,-0.9043028354644775,-0.955042839050293,0.9225037097930908,-0.8785529136657715,-0.6701416969299316,-0.28153562545776367,-1.920543909072876,False
237,-0.16033196449279785,0.0882507860660553,-0.55574631690979,-0.8193941712379456,0.36416786909103394,-0.8631011843681335,-0.463544100522995,-0.2989570200443268,-1.6180448532104492,-0.7750496864318848,-2.55265736579895,1.0886585712432861,2.095555305480957,8.768279075622559,-2.684873580932617,4.867292881011963,4.236242294311523,-0.40488696098327637,0.26442575454711914,-0.6690347194671631,-0.07646632194519043,-0.8931260108947754,0.7613887786865234,-0.5491137504577637,False
238,-0.1598796844482422,0.05658647418022156,-0.5183111429214478,-0.6720090508460999,0.3277991712093353,-0.8129980564117432,-0.909423828125,0.6034479737281799,0.08143950998783112,0.5479217767715454,1.3899273872375488,-1.0759518146514893,1.4008874893188477,-7.191463470458984,3.1919021606445312,-17.91689109802246,24.606443405151367,0.3501603603363037,-0.9464414119720459,0.22219562530517578,-0.11079025268554688,-0.10496306419372559,0.40071845054626465,-0.16530834138393402,False
239,-0.09308403730392456,0.062432095408439636,-0.3690439462661743,-0.7365091443061829,0.025723867118358612,-0.7030134797096252,-0.8173786997795105,-0.22935648262500763,0.047415368258953094,0.32109180092811584,-0.9825897812843323,1.9202995300292969,4.581525802612305,-7.866335868835449,1.0497373342514038,1.7000139951705933,-11.75940990447998,-0.7655787467956543,0.8847939968109131,-0.3515458106994629,-0.17401409149169922,-0.7302484512329102,-0.7173688411712646,0.09829622507095337,False
240,-0.11634427309036255,0.04216989874839783,-0.5223771333694458,-0.16826723515987396,-0.45713216066360474,-0.5615671873092651,-1.197774887084961,-0.29084277153015137,0.034764498472213745,-0.013738036155700684,-1.0385794639587402,0.42164701223373413,7.579438209533691,-2.9976627826690674,2.6347744464874268,-13.548497200012207,9.250354766845703,-0.5223965644836426,-0.1917564868927002,-0.011597871780395508,0.34736108779907227,-0.08737874031066895,-0.0007100105285644531,-0.38504645228385925,False
241,-0.11669731140136719,0.04988425225019455,-0.47184067964553833,-0.13076457381248474,-0.059320323169231415,-0.6640796661376953,-1.1763931512832642,-0.3622303605079651,-0.38930994272232056,-0.5978166460990906,-2.118417501449585,5.203750133514404,-1.8215652704238892,7.503826141357422,3.975818395614624,-3.0308704376220703,-1.7929831743240356,0.6065807342529297,-0.993823766708374,-0.08564233779907227,-0.24184632301330566,0.5006532669067383,0.7863352298736572,0.32320863008499146,False
242,-0.08107662200927734,0.0769425481557846,-0.12634219229221344,-0.5821533799171448,0.11928103119134903,-0.8472648859024048,-1.1533994674682617,-0.060833580791950226,-0.6573967337608337,1.81195068359375,3.8039143085479736,7.096221923828125,-11.545331954956055,-2.372688055038452,-5.725349426269531,-2.709016799926758,12.804306983947754,0.05315709114074707,0.6732678413391113,0.7770652770996094,0.7031769752502441,0.6393742561340332,0.34981298446655273,0.4484323263168335,False
243,-0.0036783814430236816,0.12611596286296844,0.042381271719932556,-0.7730517387390137,0.0813775435090065,-0.9278395771980286,-1.1551787853240967,0.4866560995578766,-0.16847796738147736,0.8163178563117981,-1.6662238836288452,2.6661834716796875,4.201810359954834,-1.7835606336593628,1.9835056066513062,1.2932136058807373,10.394726753234863,-0.282912015914917,-0.2850351333618164,0.23753023147583008,0.10684776306152344,-0.6836106777191162,0.34611034393310547,0.20508474111557007,False
244,0.043459415435791016,0.14058908820152283,0.025247814133763313,-0.648321270942688,0.15999142825603485,-0.7597897052764893,-1.0911998748779297,0.376017302274704,1.052298903465271,0.4660201668739319,-1.0058256387710571,0.7316911816596985,-0.5841363072395325,5.484314441680908,5.8702287673950195,-4.36506462097168,2.5205576419830322,0.034212589263916016,0.8511927127838135,-0.26396846771240234,-0.12731337547302246,-0.30797362327575684,0.4296548366546631,0.05691353976726532,False
245,0.04487478733062744,0.16127941012382507,-0.09420289099216461,-0.2770889699459076,0.07348200678825378,-0.6775918006896973,-1.135283350944519,0.44346344470977783,0.5427178144454956,-0.5433626770973206,0.24318565428256989,-5.445003032684326,13.063912391662598,-4.961081504821777,1.2985700368881226,0.3344626724720001,-0.7507757544517517,-0.9673833847045898,-0.8131966590881348,-0.015113353729248047,-0.9124627113342285,-0.5450153350830078,0.17483305931091309,-0.4112214744091034,False
246,0.019356727600097656,0.25938841700553894,-0.4255222678184509,0.0554320327937603,0.13662666082382202,-0.7966610789299011,-1.170454978942871,0.44595545530319214,-0.4745290279388428,-0.4906192421913147,4.118967533111572,-7.9373626708984375,2.6810734272003174,4.38286828994751,-6.881041049957275,1.2674884796142578,-2.5135107040405273,0.3302123546600342,0.8346695899963379,0.6630616188049316,0.22642946243286133,0.29298973083496094,0.17632031440734863,-0.12489859759807587,False
247,-0.02391660213470459,0.3217589557170868,-0.5400115847587585,0.19306699931621552,0.32228177785873413,-0.9076460003852844,-1.1393758058547974,0.3532843589782715,0.6657299995422363,-0.4673656225204468,2.168076276779175,-2.389744997024536,4.859738826751709,2.1412343978881836,-0.2787681818008423,-1.6085929870605469,-0.9111466407775879,0.08960390090942383,-0.6289808750152588,-0.5828793048858643,0.9550085067749023,0.19156885147094727,-0.8863925933837891,0.756962776184082,False
248,-0.07663726806640625,0.2863909602165222,-0.19013823568820953,0.014312508516013622,0.37311145663261414,-0.5935404896736145,-1.081771969795227,-0.34658578038215637,0.9660792946815491,-0.5926129221916199,-1.5968210697174072,11.240155220031738,-6.608441352844238,-1.3074681758880615,7.291451454162598,6.03038215637207,-24.3394718170166,0.13356876373291016,0.985663890838623,0.5878481864929199,-0.7921218872070312,-0.22532343864440918,0.1567978858947754,0.5026893615722656,False
249,-0.17432016134262085,0.2915641963481903,0.05060732737183571,0.015626410022377968,0.3465556800365448,-0.6186425089836121,-1.2276136875152588,0.10208969563245773,0.051652900874614716,-3.414642333984375,-0.32433590292930603,1.262316346168518,4.345555782318115,1.1637160778045654,-6.300745010375977,1.9281690120697021,15.832625389099121,-0.6265525817871094,-0.5684258937835693,-0.24788928031921387,-0.5385217666625977,-0.5548367500305176,-0.6864550113677979,-0.5127341747283936,False
250,-0.26488834619522095,0.2980388104915619,0.060054387897253036,0.19675320386886597,0.42044106125831604,-0.8553787469863892,-1.0723628997802734,0.39510828256607056,-0.4760575294494629,-1.7048232555389404,-1.131679892539978,2.0564138889312744,-0.13465414941310883,3.4354097843170166,-1.5846781730651855,6.237401008605957,-3.3145620822906494,0.12653470039367676,0.45545434951782227,0.17998933792114258,-0.5861527919769287,0.4738152027130127,0.3350684642791748,-1.4406371116638184,False
251,-0.24922949075698853,0.15027686953544617,0.10942073166370392,0.4193728566169739,0.5222688913345337,-0.9276954531669617,-0.7071146368980408,0.4098877012729645,-1.7823846340179443,0.43158799409866333,-4.143751621246338,-0.6875388026237488,7.339967727661133,1.927175760269165,-1.9113593101501465,7.400305271148682,3.909912109375,-0.42380380630493164,-0.8948414325714111,0.09419918060302734,0.5622098445892334,-0.38109350204467773,-0.7118864059448242,-1.1547497510910034,False
252,-0.25996100902557373,0.07099027931690216,0.12871065735816956,0.4174410402774811,0.8152490854263306,-0.9263248443603516,-0.4030430018901825,0.1731027066707611,-0.7563691735267639,0.9565364718437195,-0.8337973356246948,3.3736302852630615,-5.455152988433838,7.3057403564453125,1.7576849460601807,4.02666711807251,-10.34213638305664,-0.15037250518798828,0.6088535785675049,-0.6251420974731445,-0.9284279346466064,-0.47577881813049316,-0.7391173839569092,-1.332473635673523,False
253,-0.3004724979400635,0.010491984896361828,0.09002099186182022,0.7109146118164062,0.34426796436309814,-0.898434042930603,-0.11860889941453934,-0.5775991082191467,-1.4868121147155762,-1.174396276473999,0.5120357871055603,-6.617325782775879,12.817546844482422,-14.042793273925781,-1.971703052520752,3.558030366897583,-12.793390274047852,0.4227004051208496,-0.5548450946807861,-0.8117804527282715,-0.3363988399505615,-0.47107505798339844,-0.1716022491455078,-0.786517322063446,False
254,-0.35311514139175415,0.056703779846429825,0.28024715185165405,0.561331033706665,-0.1815575212240219,-0.9998751282691956,-0.609959065914154,0.15818434953689575,0.7918129563331604,-1.3632502555847168,1.2150511741638184,6.456319808959961,-6.248136520385742,-12.156009674072266,3.842900514602661,-14.781612396240234,12.516066551208496,0.526646614074707,0.4056212902069092,0.0915830135345459,-0.0598139762878418,-0.23413515090942383,-0.29579710960388184,0.2875274419784546,False
255,-0.3533463180065155,0.06255751848220825,0.6145604848861694,0.22876189649105072,-0.2530663311481476,-0.8786613345146179,-1.1471296548843384,0.5039676427841187,0.934772253036499,1.8175557851791382,0.8414730429649353,4.490739822387695,-4.65850305557251,5.42924165725708,-0.5762051939964294,-3.156435012817383,-3.1663663387298584,0.34249258041381836,-0.2785179615020752,0.045295000076293945,-0.47386717796325684,0.6547672748565674,0.15918350219726562,0.17491528391838074,False
256,-0.33442026376724243,0.049448512494564056,0.9694087505340576,-0.11810494214296341,0.015908943489193916,-1.0255922079086304,-1.0285367965698242,0.28887268900871277,-0.217793270945549,0.31575489044189453,-2.355825662612915,10.016103744506836,-7.579963684082031,4.665093421936035,-2.486565589904785,4.520355224609375,-3.9942874908447266,-0.890343189239502,0.02450728416442871,0.8447697162628174,0.10262393951416016,-0.24202990531921387,-0.11237382888793945,0.12085843086242676,False
257,-0.3188543915748596,0.07387278974056244,1.0012431144714355,-0.2548825442790985,0.47061586380004883,-1.0033494234085083,-1.0435130596160889,0.046550069004297256,-0.7541983127593994,0.3110170066356659,0.6711623668670654,-1.4290642738342285,-4.63835334777832,15.175986289978027,0.24750378727912903,-0.4705672860145569,-4.922097206115723,-0.46906161308288574,0.7320899963378906,-0.9601161479949951,-0.24898457527160645,-0.6233334541320801,0.38434934616088867,-0.8085405826568604,False
258,-0.31452882289886475,0.11877449601888657,0.5833858847618103,0.23429617285728455,0.5860450863838196,-1.0402648448944092,-1.2110249996185303,0.1431315839290619,-0.8993746638298035,-1.7082122564315796,-0.49808618426322937,-11.61851978302002,18.796674728393555,-5.906468868255615,-0.49345019459724426,3.273435592651367,-0.9518576264381409,-0.2845883369445801,0.8909895420074463,-0.7461409568786621,-0.8013565540313721,0.6064858436584473,-0.8414773941040039,-2.2086198329925537,False
259,-0.3542766273021698,0.07370129972696304,0.3217790722846985,0.7100586891174316,0.3598948121070862,-1.0212750434875488,-0.6909205317497253,-0.6034819483757019,0.22316543757915497,-0.4020133316516876,-0.23128323256969452,3.3922436237335205,-9.451181411743164,2.4917259216308594,-0.40948352217674255,13.543025016784668,-18.406808853149414,0.35575151443481445,-0.9513669013977051,0.37331700325012207,-0.2589235305786133,-0.27834343910217285,0.4209113121032715,0.5307819843292236,False
260,-0.35931646823883057,0.08136661350727081,0.4794430434703827,0.1809769868850708,0.6021745204925537,-0.8203414678573608,-1.2233672142028809,0.6218869090080261,-0.9334666728973389,-0.00638774037361145,-3.1685187816619873,14.040364265441895,-23.549673080444336,11.009908676147461,1.9922683238983154,3.0872530937194824,9.942998886108398,-0.7455925941467285,-0.947922945022583,0.4110598564147949,0.03914141654968262,-0.14182662963867188,-0.757697343826294,-0.3960079550743103,False
261,-0.28531649708747864,0.09250445663928986,0.7664744853973389,-0.4040685296058655,0.6097456812858582,-0.8160245418548584,-0.46702736616134644,-0.5527516603469849,0.3195013105869293,2.3779866695404053,4.825859069824219,-2.7837893962860107,-2.7472198009490967,-6.742786407470703,-0.496896892786026,-12.065278053283691,23.509336471557617,-0.22633886337280273,0.7648570537567139,-0.5384740829467773,0.19540858268737793,-0.4572591781616211,0.9492230415344238,0.19763928651809692,False
262,-0.2346622347831726,0.24138493835926056,0.6579644083976746,-0.3314412832260132,0.08953981846570969,-0.8122750520706177,-0.7440188527107239,0.19889530539512634,-0.834498941898346,1.2827309370040894,0.8825872540473938,1.29831862449646,3.7133803367614746,-13.791202545166016,3.2883174419403076,13.420799255371094,-32.76205825805664,0.6456649303436279,-0.9643239974975586,-0.5792357921600342,-0.37123656272888184,-0.5758383274078369,0.36888909339904785,0.3901131749153137,False
263,-0.1910298466682434,0.3234115540981293,0.7923368215560913,-0.4717239737510681,-0.42419886589050293,-0.6041119694709778,-0.7826440930366516,-0.3997035324573517,1.4261234998703003,-1.463973045349121,3.164823055267334,3.867103338241577,-16.10759162902832,6.611599922180176,2.6478421688079834,-13.588038444519043,15.835673332214355,-0.3386192321777344,0.06221890449523926,0.9909360408782959,0.059309959411621094,-0.8953430652618408,0.13088154792785645,0.015209212899208069,False
264,-0.1729755997657776,0.4728880822658539,0.7305072546005249,-0.6176884770393372,-0.166530042886734,-0.6993233561515808,-1.090336561203003,0.23991845548152924,-0.8632877469062805,-0.18733671307563782,-2.186450242996216,-3.6528639793395996,8.092170715332031,6.099884986877441,-2.7772200107574463,6.605240345001221,5.984213352203369,-0.28438806533813477,-0.7872312068939209,0.33782267570495605,-0.09656691551208496,0.5921051502227783,-0.032953739166259766,-0.8766348958015442,False
265,-0.13621586561203003,0.5597825646400452,0.33401909470558167,-0.3059583902359009,0.23102785646915436,-0.8500238656997681,-0.7928177118301392,0.3658386170864105,0.822252094745636,0.016382841393351555,0.18193262815475464,-6.863748550415039,1.8558709621429443,12.125372886657715,-2.417452573776245,9.927591323852539,-1.0157699584960938,0.7127525806427002,-0.4918832778930664,-0.6229546070098877,0.8227126598358154,0.3317568302154541,-0.8025074005126953,-0.014196008443832397,False
266,-0.06572204828262329,0.4013299345970154,0.6942518353462219,-0.6345555186271667,0.5651682615280151,-0.675346314907074,-0.3079431653022766,-0.32224467396736145,1.7472211122512817,2.087355136871338,-2.8638765811920166,9.14144229888916,-6.9073486328125,1.2724498510360718,5.736160755157471,10.943466186523438,-23.30404281616211,-0.6961624622344971,0.8923537731170654,0.21967744827270508,-0.1723480224609375,0.9817371368408203,0.460773229598999,-0.48397669196128845,False
267,-0.03528624773025513,0.29210036993026733,0.6131817698478699,-0.40610456466674805,0.5919358134269714,-0.677135169506073,-0.044736746698617935,0.06943517923355103,-2.1946887969970703,1.723878026008606,-0.7643775343894958,-4.4808502197265625,10.683124542236328,-2.019033432006836,-7.634706974029541,8.218096733093262,19.186500549316406,-0.565143346786499,0.7542533874511719,-0.8014919757843018,-0.08257818222045898,-0.052446603775024414,0.8523597717285156,-1.0171087980270386,False
268,-0.02649521827697754,0.15328310430049896,0.1950118988752365,0.5202640891075134,0.22284166514873505,-0.9003125429153442,0.5932174324989319,0.1446671336889267,-2.173727035522461,0.35753998160362244,-2.8804099559783936,-11.446723937988281,23.942100524902344,-11.417274475097656,0.8824955224990845,13.529614448547363,-14.432014465332031,0.5335555076599121,0.40050172805786133,-0.2992844581604004,0.5577712059020996,0.8000876903533936,0.10924935340881348,0.23648521304130554,False
269,-0.012763738632202148,0.0071840304881334305,0.24535006284713745,0.6840232014656067,0.03545451536774635,-0.6829977631568909,0.7146463394165039,-0.13325515389442444,3.204775333404541,1.041071891784668,1.2501895427703857,-1.2197374105453491,2.1374928951263428,-5.753200531005859,4.77821159362793,-6.938532829284668,0.37852272391319275,0.6797552108764648,0.22971153259277344,0.42562317848205566,0.7326064109802246,0.3095695972442627,0.06594014167785645,0.795257568359375,False
270,-0.017176270484924316,-0.17448729276657104,0.7019656300544739,0.31881600618362427,0.048232998698949814,-0.19797110557556152,0.5028476119041443,-0.22549526393413544,2.5728039741516113,0.2219626009464264,-2.544766902923584,9.121606826782227,-6.596549987792969,-0.06873676180839539,1.8049312829971313,1.461445689201355,-0.9964327812194824,-0.4084169864654541,-0.43411946296691895,0.5900835990905762,0.8350720405578613,-0.09072756767272949,-0.3835890293121338,1.1328692436218262,False
271,-0.060615599155426025,-0.26913177967071533,1.0391871929168701,-0.11145995557308197,0.34352734684944153,0.17804661393165588,0.4508835971355438,-0.5421658158302307,1.5560548305511475,-0.8061105012893677,-3.607706308364868,5.5081305503845215,-8.773130416870117,10.009991645812988,11.037955284118652,-5.917842388153076,-0.7785226106643677,-0.6631426811218262,-0.1994774341583252,0.5953292846679688,-0.6677184104919434,-0.07590579986572266,-0.674006462097168,0.22559334337711334,False
272,-0.09713208675384521,-0.2228194624185562,0.9246375560760498,-0.36434343457221985,0.8228651285171509,0.18561749160289764,0.4436536133289337,-0.5299757719039917,-1.2848396301269531,-1.8284618854522705,0.8374237418174744,-5.054105758666992,6.233273983001709,-10.014266967773438,-0.4052620828151703,4.96613073348999,-7.953057289123535,0.31564784049987793,0.4023432731628418,0.9132614135742188,-0.7812957763671875,-0.030962467193603516,-0.30182456970214844,-0.44972094893455505,False
273,-0.13723772764205933,-0.13966913521289825,0.6874665021896362,-0.03484031930565834,0.4402526915073395,-0.07238313555717468,0.5583271384239197,-0.32951822876930237,-1.0884960889816284,-1.8234341144561768,1.6427838802337646,-2.4734385013580322,2.4943008422851562,-0.6136868596076965,-5.726091384887695,4.990407943725586,0.022384045645594597,-0.6605184078216553,0.49863290786743164,-0.8096418380737305,-0.7654199600219727,0.07581043243408203,0.06824922561645508,-1.2633421421051025,False
274,-0.15509462356567383,-0.11869879066944122,0.3124656677246094,0.5547646284103394,0.09158992022275925,-0.3024294376373291,0.7573206424713135,-0.3106767237186432,-2.1592938899993896,0.46288001537323,-1.6535738706588745,-6.979990005493164,13.771163940429688,-9.350215911865234,-3.4090871810913086,3.4936678409576416,0.0008456705836579204,-0.24426627159118652,-0.10892891883850098,-0.7337617874145508,-0.5820798873901367,-0.5992424488067627,-0.17760276794433594,-1.8439651727676392,False
275,-0.10506945848464966,-0.20227055251598358,0.22304147481918335,0.7570220232009888,-0.2504192292690277,-0.415555864572525,0.7293717861175537,-0.24472810328006744,-0.14504829049110413,1.0767362117767334,1.7425040006637573,-4.618274688720703,1.1650110483169556,-7.409680366516113,-3.2897043228149414,-3.8098747730255127,1.2794969081878662,-0.2996394634246826,-0.6253957748413086,-0.45988917350769043,0.3364086151123047,-0.18033599853515625,-0.5725574493408203,-0.792186975479126,False
276,-0.06336551904678345,-0.19099272787570953,0.17288950085639954,0.47970786690711975,-0.36188241839408875,-0.3294908404350281,0.5110765695571899,-0.5430681705474854,-0.7005491256713867,1.7956631183624268,0.7853685021400452,2.086625576019287,-11.827059745788574,1.8187892436981201,-1.8034536838531494,-4.089325428009033,-5.2486772537231445,-0.4140627384185791,0.5784103870391846,0.493884801864624,-0.6437265872955322,0.050344228744506836,0.09301257133483887,-1.4950106143951416,False
277,-0.056387364864349365,-0.08959704637527466,-0.09301769733428955,0.2604372501373291,-0.22991037368774414,-0.5199866890907288,0.17140178382396698,-0.19739875197410583,-1.6272305250167847,-0.8906599879264832,-0.07149895280599594,-9.424283027648926,1.324467420578003,4.376671314239502,-1.4316229820251465,-5.650055408477783,6.02371883392334,-0.8807995319366455,-0.7541861534118652,0.894524335861206,-0.10589432716369629,-0.6385962963104248,0.0738983154296875,-1.803165078163147,False
278,-0.08241909742355347,-0.0143453823402524,-0.5725665092468262,0.07225537300109863,0.3265920877456665,-0.679771363735199,-0.29513677954673767,0.28189611434936523,-2.2232859134674072,-2.369560956954956,0.5157454013824463,0.30515265464782715,-15.32524585723877,16.735471725463867,-1.4222009181976318,-11.021740913391113,10.76636791229248,0.8411974906921387,-0.958172082901001,0.45031189918518066,0.7166967391967773,-0.3521580696105957,-0.7746806144714355,-1.0618970394134521,False
279,-0.06142687797546387,0.05757085978984833,-0.3375183045864105,-0.8259835839271545,0.6565439105033875,-0.5136775374412537,-0.9247117042541504,0.2657444477081299,-0.6750059127807617,1.337960124015808,3.1779263019561768,5.163849353790283,-12.359719276428223,-12.870622634887695,6.538414001464844,-13.376497268676758,-9.753463745117188,0.7967579364776611,-0.35120439529418945,-0.2934255599975586,-0.08575105667114258,0.762617826461792,-0.5809202194213867,-1.064950942993164,False
280,-0.009408056735992432,0.10281889885663986,-0.14554324746131897,-0.8118717670440674,-0.33283114433288574,-0.49652382731437683,-0.8604297637939453,-0.5547947287559509,-0.5827122926712036,1.700524091720581,-0.5744315981864929,6.349108695983887,-2.65737247467041,-16.45221710205078,-0.5871085524559021,-10.510269165039062,17.130550384521484,0.3014516830444336,-0.6059036254882812,-0.01576972007751465,-0.2428121566772461,0.11281275749206543,-0.662182092666626,-1.8840434551239014,False
281,-0.010776996612548828,0.12270501255989075,-0.23266860842704773,-0.7513242959976196,-0.18309204280376434,-0.6025426387786865,-1.1020405292510986,-0.022657999768853188,-1.9175997972488403,-0.649708092212677,-3.4177095890045166,7.281087398529053,-2.891484260559082,6.269535064697266,-3.8885042667388916,6.926238536834717,-0.7189729809761047,-0.5843098163604736,0.8836565017700195,-0.5827927589416504,-0.9865477085113525,-0.7274003028869629,-0.3554565906524658,-1.871361255645752,False
282,-0.01806926727294922,0.13261713087558746,-0.5359154343605042,-0.17146986722946167,-0.257403701543808,-0.8341777324676514,-1.0844513177871704,-0.02658737637102604,-1.8952958583831787,-3.596419334411621,0.23390084505081177,-9.735664367675781,15.861771583557129,-2.870668411254883,-0.610901951789856,-5.674034595489502,-0.5295171737670898,0.01999497413635254,-0.20837140083312988,0.7754032611846924,-0.873668909072876,-0.4273490905761719,0.22882294654846191,-1.3292407989501953,False
283,-0.05083119869232178,0.09877254068851471,-0.4570014774799347,0.00615982199087739,-0.20017972588539124,-1.0604815483093262,-1.2562649250030518,0.15939749777317047,-1.4304563999176025,-0.3067593574523926,-0.8907384872436523,7.845476150512695,-3.235621452331543,4.3618998527526855,-0.43876001238822937,-0.974281907081604,-0.9070344567298889,-0.8060681819915771,-0.49947071075439453,0.5973474979400635,-0.57562255859375,0.10293865203857422,-0.5352010726928711,-1.405823826789856,False
284,-0.09705036878585815,0.022221624851226807,-0.30694833397865295,-0.09221640974283218,0.2141132652759552,-0.9279029369354248,-0.9099376201629639,-0.5779024362564087,-1.5560609102249146,0.7269792556762695,-2.272962808609009,0.2007024735212326,-0.5095285773277283,6.344100475311279,-0.6311193108558655,5.020480632781982,-6.449130058288574,-0.18715882301330566,0.7958545684814453,-0.23540210723876953,-0.8521254062652588,0.8424527645111084,0.09082794189453125,-1.1373894214630127,False
285,-0.1355733871459961,-0.0039906492456793785,-0.523082971572876,0.2796023488044739,0.1576155424118042,-0.9343186616897583,-0.8665065765380859,-0.12251514941453934,-0.47337043285369873,-1.0231657028198242,-2.522578716278076,5.283446788787842,3.7575266361236572,-5.659206867218018,0.2603500485420227,8.770147323608398,3.7073423862457275,-0.9740643501281738,0.20455336570739746,0.18389201164245605,-0.62060546875,0.24060773849487305,-0.9391152858734131,-1.2639861106872559,False
286,-0.13326573371887207,-0.07818801701068878,-0.5148442387580872,0.6190563440322876,-0.013705657795071602,-1.0043163299560547,-0.21846848726272583,-0.5348350405693054,-0.7414299845695496,-2.7296133041381836,-1.4279611110687256,-1.880135178565979,5.166889190673828,1.0208752155303955,-0.6087743043899536,17.440975189208984,-19.53539276123047,0.2059192657470703,0.7109420299530029,0.04528331756591797,0.6873407363891602,-0.10657310485839844,-0.5029330253601074,-0.705355703830719,False
287,-0.17532581090927124,-0.16087383031845093,-0.36229825019836426,0.7673850655555725,-0.0544573999941349,-0.940296471118927,-0.1304827183485031,-0.04179370403289795,-0.7920703887939453,-0.42665621638298035,0.17685025930404663,5.057894706726074,0.5226065516471863,-1.491568922996521,2.6007635593414307,1.629324197769165,5.158221244812012,-0.23834872245788574,-0.5108461380004883,0.43296217918395996,0.12603497505187988,-0.8199746608734131,0.9878218173980713,0.00771622359752655,False
288,-0.18465328216552734,-0.15285271406173706,-0.21767637133598328,0.7540351152420044,0.0033610777463763952,-0.6428382992744446,-0.4510820508003235,0.3753701448440552,0.6718214750289917,0.5744589567184448,1.758172869682312,-1.0336151123046875,0.6829043626785278,2.7025089263916016,6.689241409301758,3.1424782276153564,-24.280515670776367,0.8321664333343506,-0.1898207664489746,0.2122631072998047,-0.21801376342773438,0.968557596206665,0.6620879173278809,-0.1437826156616211,False
289,-0.17480528354644775,-0.09415020048618317,0.09164507687091827,0.4567694365978241,0.16258184611797333,-0.6767809987068176,0.08993742614984512,-0.4739086925983429,0.7280540466308594,0.2462490200996399,0.7392784357070923,8.776460647583008,-7.182466506958008,2.390688180923462,-4.320957660675049,14.559505462646484,-10.634371757507324,-0.8782575130462646,0.7652418613433838,-0.996976375579834,0.18491554260253906,-0.44283461570739746,-0.20299363136291504,-0.2564472258090973,False
290,-0.2236013114452362,-0.055099837481975555,0.08113034069538116,0.7728206515312195,-0.15170040726661682,-0.5922759175300598,0.0800609439611435,-0.20686082541942596,-0.6776899099349976,-1.7338422536849976,0.29879432916641235,-2.4408938884735107,11.249622344970703,-10.70749568939209,1.0343097448349,-2.626441240310669,8.54076099395752,0.16717267036437988,0.35324645042419434,0.16516923904418945,-0.1372513771057129,-0.6578905582427979,-0.6084201335906982,0.06557495146989822,False
291,-0.2709566652774811,0.06847822666168213,0.13889774680137634,0.8079967498779297,-0.3619411289691925,-0.5778527855873108,-0.12741997838020325,-0.08802036195993423,0.8588917255401611,-1.5591187477111816,2.253577470779419,1.0697193145751953,-2.0561797618865967,-0.8947618007659912,5.898984432220459,-9.383439064025879,-3.504033088684082,-0.9386262893676758,0.8852150440216064,-0.3721945285797119,0.325634241104126,0.2856612205505371,-0.05785179138183594,-0.0799293965101242,False
292,-0.3088464140892029,0.11273086816072464,0.10568614304065704,0.8016155958175659,-0.40849632024765015,-0.3895809054374695,-0.4544913172721863,-0.36943742632865906,-0.9442936778068542,0.5784651637077332,1.6240531206130981,-3.247771978378296,2.242733955383301,-1.4727450609207153,0.046587005257606506,-4.682643413543701,-6.683779716491699,-0.934290885925293,-0.7236604690551758,-0.44158053398132324,0.6191492080688477,0.7915711402893066,0.9097559452056885,-0.43576374650001526,False
293,-0.3173319101333618,0.12893229722976685,-0.09897859394550323,0.7657580971717834,-0.3130676746368408,-0.3660137951374054,-0.7346742153167725,-0.25209853053092957,-0.4811009168624878,-0.219960018992424,1.375325083732605,-8.977540969848633,2.0476701259613037,0.8828197717666626,1.1401255130767822,-7.189818859100342,8.319208145141602,0.4889230728149414,0.9615089893341064,0.7887921333312988,0.6302387714385986,0.01934027671813965,-0.09341287612915039,-0.5073625445365906,False
294,-0.3542133569717407,0.0848909541964531,-0.3264318108558655,0.7930783629417419,-0.13021469116210938,-0.22870221734046936,-0.9457783699035645,-0.01221419870853424,0.4296739399433136,-0.633284866809845,-1.5092284679412842,-1.9100518226623535,-1.22495436668396,6.5991926193237305,2.5998318195343018,-1.556017279624939,2.1154966354370117,-0.9617629051208496,-0.28345251083374023,0.05930924415588379,-0.17998933792114258,0.6211428642272949,-0.13032078742980957,-0.9722859859466553,False
295,-0.3298797607421875,0.13961435854434967,-0.5509464740753174,0.7097768783569336,0.2986027002334595,-0.27735286951065063,-0.7761303186416626,-0.16381517052650452,-0.243170365691185,1.6034468412399292,-1.7838342189788818,5.942167282104492,-10.427042007446289,9.084573745727539,-0.5934150815010071,8.741119384765625,-6.324598789215088,0.31676316261291504,0.16027021408081055,0.38919496536254883,-0.7993466854095459,-0.29840636253356934,0.5804123878479004,-0.16097168624401093,False
296,-0.23728874325752258,0.17355602979660034,-0.3502052128314972,0.30934080481529236,0.6361668109893799,-0.4967601001262665,-0.6348190307617188,0.11424118280410767,-0.5130478739738464,1.4555590152740479,1.5322707891464233,2.7100560665130615,-5.9515700340271,5.6715407371521,-4.860183238983154,-2.7641305923461914,14.291061401367188,0.49392127990722656,-0.19800233840942383,-0.1559767723083496,0.6068673133850098,-0.19507431983947754,-0.38544487953186035,0.549967885017395,False
297,-0.17346501350402832,0.1698990911245346,-0.05736799165606499,-0.016636831685900688,0.7829292416572571,-0.4504639506340027,-0.8135451078414917,0.4728798270225525,0.5069496631622314,1.2848119735717773,-0.4215032756328583,9.185290336608887,-6.519226551055908,-1.9105582237243652,4.009069442749023,-3.481684923171997,1.3839775323867798,-0.7815127372741699,0.32803964614868164,-0.9218060970306396,-0.8173866271972656,-0.06330490112304688,0.8943402767181396,-0.11739695072174072,False
298,-0.1538810133934021,0.1631394922733307,0.06284022331237793,0.08272811025381088,0.40897876024246216,-0.5071565508842468,-0.789188027381897,0.5269642472267151,-0.47423040866851807,-0.042993031442165375,-0.4127930700778961,-2.563876152038574,8.329254150390625,-11.31100082397461,-2.8873496055603027,2.4124419689178467,-1.5726712942123413,-0.6441712379455566,-0.239058256149292,-0.5368947982788086,0.4559042453765869,-0.09455537796020508,0.7431681156158447,-0.602561891078949,False
299,-0.17261171340942383,0.21087586879730225,-0.15302595496177673,0.4894765615463257,-0.14106924831867218,-0.5825342535972595,-0.8013770580291748,0.4910939037799835,0.09171672910451889,-0.8749485611915588,0.6997722387313843,-3.860917568206787,6.550652027130127,-9.967306137084961,-0.35035187005996704,-0.04598207771778107,-2.675736665725708,-0.6716854572296143,-0.7737686634063721,0.8710336685180664,0.4787447452545166,0.05239152908325195,-0.8063485622406006,-0.4441831409931183,False
300,-0.1871355175971985,0.27624577283859253,-0.4203318655490875,0.5255565047264099,-0.09698130935430527,-0.44172370433807373,-0.7825629115104675,-0.15855315327644348,0.4472050666809082,-0.6963450908660889,2.392894983291626,-8.13836669921875,-3.199070453643799,8.976362228393555,3.46474552154541,3.11375093460083,-22.05146598815918,-0.21597003936767578,0.6152040958404541,0.035913705825805664,-0.8508174419403076,0.5490241050720215,0.3234889507293701,-0.5196797251701355,False
301,-0.2169399857521057,0.33817633986473083,-0.5526871681213379,0.37445467710494995,0.11133910715579987,-0.6240479350090027,-0.6535614728927612,-0.1586877554655075,-0.9150708913803101,-0.5554273128509521,1.941590666770935,-1.360421061515808,0.14019182324409485,-1.5573183298110962,-8.291216850280762,0.4872063100337982,16.313535690307617,-0.008780479431152344,-0.08491921424865723,-0.7754583358764648,0.07899069786071777,0.7762577533721924,-0.42580533027648926,-0.159626767039299,False
302,-0.24190643429756165,0.2694244086742401,-0.34419944882392883,0.23752765357494354,-0.11384961754083633,-0.769560694694519,-0.37206506729125977,0.04300174117088318,-0.5861197113990784,0.5633586049079895,-2.2451400756835938,5.004090785980225,-1.321223497390747,-7.89727783203125,-1.8617913722991943,9.143539428710938,-4.8986921310424805,-0.7018780708312988,-0.4267301559448242,0.8810791969299316,0.9290058612823486,0.7779862880706787,0.6759636402130127,-1.2059168815612793,False
303,-0.2090449333190918,0.10620427876710892,-0.15597082674503326,0.1020858958363533,-0.13452796638011932,-0.7359052300453186,-0.10710271447896957,0.1043979674577713,-0.5090019106864929,0.3152536153793335,-2.3056821823120117,-0.8645418286323547,-0.4665305018424988,2.3156039714813232,0.823941171169281,4.5019001960754395,5.46754264831543,0.3695640563964844,-0.40053772926330566,0.9186546802520752,0.2471151351928711,-0.5389800071716309,0.60917067527771,-0.7058395743370056,False
304,-0.1198657751083374,0.1149836853146553,-0.18563032150268555,-0.047843270003795624,0.07628326863050461,-0.6357988715171814,-0.1661028116941452,0.4134313464164734,-0.01428608875721693,1.859870195388794,0.28400054574012756,2.6609039306640625,-8.263177871704102,8.400620460510254,3.475834846496582,5.635669708251953,-16.00848388671875,0.2642800807952881,0.7464570999145508,-0.015534400939941406,-0.8058130741119385,-0.21852779388427734,-0.4616515636444092,-0.5396442413330078,False
305,-0.030463039875030518,0.1379927694797516,-0.18418027460575104,-0.1335560828447342,0.25555384159088135,-0.6220136284828186,0.22591723501682281,-0.4731016755104065,-0.6118300557136536,0.8631364107131958,0.31057438254356384,-1.6925580501556396,2.0205678939819336,1.177259922027588,-1.1020970344543457,9.232976913452148,-19.428855895996094,-0.32818031311035156,0.10069775581359863,-0.04980587959289551,0.9380815029144287,-0.5074667930603027,-0.2350778579711914,-0.5464162230491638,False
306,-0.008109211921691895,0.1606876701116562,-0.3744748532772064,0.1361541748046875,0.2355564683675766,-0.3872443735599518,-0.32999885082244873,0.019836096093058586,-0.64019775390625,-0.2564759850502014,0.3661518692970276,-3.3356857299804688,6.158541679382324,-1.0842969417572021,6.981902122497559,-14.816516876220703,11.943873405456543,0.5715541839599609,0.5648190975189209,0.9335741996765137,0.46444153785705566,-0.7051661014556885,0.9047555923461914,-0.32538554072380066,False
307,-0.024271667003631592,0.16182686388492584,-0.49781009554862976,0.37431347370147705,0.3987395763397217,0.014185010455548763,-1.0254011154174805,0.2745847702026367,-0.006021491717547178,-0.48108723759651184,0.7670000195503235,-3.553194522857666,4.4999566078186035,6.492978572845459,10.202982902526855,-8.762653350830078,-15.822282791137695,-0.4215106964111328,0.9156599044799805,-0.7996096611022949,-0.9918391704559326,0.26909780502319336,0.4282541275024414,-0.658515214920044,False
308,-0.05477917194366455,0.1444074958562851,-0.5327236652374268,0.7798792123794556,0.26670876145362854,0.07691795378923416,-1.081732988357544,-0.18298056721687317,-0.8180875182151794,-0.7156901955604553,-1.463348627090454,1.0350229740142822,12.467704772949219,-10.147029876708984,-3.610382556915283,2.7954862117767334,-3.527479410171509,-0.07383108139038086,-0.14486360549926758,0.2270069122314453,-0.9163684844970703,0.2429513931274414,0.011495828628540039,-0.7204779982566833,False
309,-0.05437517166137695,0.23092259466648102,-0.33215755224227905,0.6862351298332214,0.23922020196914673,-0.3736933767795563,-0.8020841479301453,-0.375740647315979,-0.0540885291993618,0.18219348788261414,2.908132553100586,1.8690508604049683,-3.1910998821258545,2.2503342628479004,-10.789495468139648,6.359024524688721,-3.806392192840576,-0.27573275566101074,0.655250072479248,-0.5933151245117188,0.9306807518005371,-0.5725986957550049,0.44030117988586426,-0.5931757092475891,False
310,-0.1352977156639099,0.22576670348644257,-0.20391222834587097,0.8383227586746216,0.05509519577026367,-0.3464395999908447,-1.146616816520691,-0.11946246027946472,-0.16466939449310303,-1.8594099283218384,0.6226645708084106,3.5046706199645996,2.379746913909912,-5.42362117767334,2.773392915725708,-12.441330909729004,11.174125671386719,0.5705299377441406,0.8542847633361816,0.8041324615478516,0.7006926536560059,-0.7863876819610596,-0.2541978359222412,-0.32092374563217163,False
311,-0.2029290795326233,0.1603824645280838,0.13170380890369415,0.7419382333755493,0.09237229079008102,-0.19255505502223969,-1.205780029296875,-0.19191588461399078,-0.30425330996513367,-1.8286261558532715,-2.9449620246887207,2.952909231185913,5.198495864868164,1.1874390840530396,4.498802185058594,7.619914531707764,-12.084593772888184,-0.7750444412231445,-0.4427165985107422,-0.411635160446167,0.9965634346008301,-0.8894321918487549,0.8189191818237305,-0.4807896912097931,False
312,-0.3229435384273529,0.10103876888751984,0.3168286681175232,0.6894599199295044,0.25623950362205505,0.0179844181984663,-1.2307889461517334,-0.10077942162752151,0.21461714804172516,-1.1821786165237427,0.041177842766046524,3.9890496730804443,-3.6403021812438965,3.257648229598999,2.135279655456543,-2.790634870529175,10.448111534118652,-0.4282264709472656,0.5088067054748535,0.2679455280303955,0.5270054340362549,0.41204094886779785,0.007062435150146484,-1.019260287284851,False
313,-0.4140874147415161,0.07555516809225082,0.18057838082313538,0.8258806467056274,0.44842618703842163,0.14900122582912445,-1.0220171213150024,0.03191911056637764,-1.2719776630401611,0.32048824429512024,4.1180644035339355,-8.197731971740723,-3.469684362411499,10.245780944824219,-0.006279469933360815,2.4826912879943848,-0.5314225554466248,0.20150184631347656,-0.7626385688781738,0.9438309669494629,-0.5344610214233398,0.02922821044921875,0.019561767578125,-0.10698257386684418,False
314,-0.3087841868400574,0.12489765882492065,0.3257904052734375,0.28004226088523865,0.6286493539810181,0.18337641656398773,-1.1378512382507324,0.06027156487107277,-0.01646467298269272,1.3587356805801392,-0.7559553384780884,9.34778118133545,-13.060372352600098,-7.4145612716674805,-1.047995686531067,-0.6668862104415894,-0.2901606559753418,-0.1356656551361084,-0.3317694664001465,0.6551978588104248,0.14632630348205566,0.8994617462158203,-0.34280896186828613,-0.4124045968055725,False
315,-0.226486474275589,0.1250627636909485,0.572648286819458,-0.29323816299438477,0.524169385433197,0.06252050399780273,-0.7547985315322876,-0.4395787715911865,0.13352404534816742,3.1307384967803955,-0.7100868821144104,4.075433254241943,-11.1026611328125,1.9907958507537842,-1.7622495889663696,11.725369453430176,-16.146310806274414,-0.6101000308990479,0.6869597434997559,-0.8211863040924072,-0.9681253433227539,-0.6832997798919678,0.05306601524353027,-1.3278611898422241,False
316,-0.1711680293083191,0.1953796148300171,0.46114152669906616,-0.35281670093536377,0.21827925741672516,-0.25052934885025024,-0.7094764113426208,-0.01768898032605648,-1.5914615392684937,0.7113832235336304,2.8552801609039307,-8.71125602722168,8.853907585144043,-12.995905876159668,-6.900204658508301,-5.8200154304504395,16.448923110961914,0.43841552734375,0.5417068004608154,-0.5449573993682861,0.7417676448822021,-0.968580961227417,-0.17568349838256836,-0.8559888601303101,False
317,-0.17845916748046875,0.1931815892457962,0.20476990938186646,0.09443856030702591,-0.47896885871887207,-0.13276620209217072,-1.1790684461593628,0.3662964105606079,-0.6544674634933472,-0.7976562976837158,0.8036609888076782,-3.125704288482666,3.2810142040252686,-4.36209774017334,1.0323201417922974,4.930631637573242,-17.83487892150879,0.2533881664276123,-0.18363046646118164,0.709996223449707,-0.5645551681518555,0.34563231468200684,-0.2631516456604004,-0.6856211423873901,False
318,-0.13111382722854614,0.21293304860591888,0.08364162594079971,-0.1907685548067093,0.31065812706947327,-0.15156443417072296,-0.9028075933456421,-0.5584073066711426,-0.21394866704940796,-0.7289345860481262,-0.4995386600494385,-1.925635814666748,-8.496112823486328,19.209693908691406,-2.575129270553589,10.515885353088379,-21.00929832458496,-0.4080667495727539,-0.1642899513244629,-0.09184026718139648,0.8103988170623779,0.7276425361633301,-0.29799461364746094,-1.2949156761169434,False
319,-0.15500205755233765,0.21458466351032257,-0.04852501302957535,-0.2613251507282257,0.7408185005187988,-0.24370993673801422,-0.9689768552780151,-0.05049269646406174,-0.28463903069496155,0.24177002906799316,-1.7351508140563965,-1.2218916416168213,9.999700546264648,-9.51938533782959,-0.4519854485988617,3.613438606262207,4.608565330505371,0.731231689453125,-0.47547268867492676,0.13327407836914062,-0.040825843811035156,0.3166229724884033,-0.2210681438446045,-0.6366936564445496,False
320,-0.14120495319366455,0.19384784996509552,0.1029188483953476,-0.23058032989501953,0.5208730697631836,-0.2831901013851166,-0.6614258289337158,-0.09069319814443588,-0.41775310039520264,0.03155648708343506,0.7860877513885498,4.313316345214844,-5.385739326477051,-0.46012604236602783,-0.46295568346977234,7.634850025177002,-5.075738906860352,0.7544252872467041,0.9185020923614502,0.13044261932373047,-0.2897491455078125,-0.875910758972168,-0.8238327503204346,-0.15632042288780212,False
321,-0.15323543548583984,0.1330956518650055,0.45754802227020264,-0.32996344566345215,0.33645734190940857,-0.17108729481697083,-0.437438040971756,-0.5388007164001465,-0.589536726474762,-1.4167542457580566,-1.3946939706802368,10.46253776550293,-1.283827781677246,-5.948100566864014,2.0978946685791016,4.382659435272217,-13.347086906433105,-0.6340179443359375,0.9603471755981445,-0.5057883262634277,0.6945047378540039,-0.703315258026123,0.40542173385620117,-0.6599730253219604,False
322,-0.2549108862876892,0.10488077998161316,0.4258079528808594,0.3035055100917816,-0.20048099756240845,0.16305480897426605,-1.2296072244644165,0.2552472651004791,-1.265350341796875,-2.5940043926239014,-0.4108702838420868,-4.970550060272217,18.493234634399414,-12.354266166687012,8.713279724121094,-21.967111587524414,22.21498680114746,-0.08912062644958496,-0.05104517936706543,-0.5501725673675537,0.25936150550842285,0.25377488136291504,0.09875130653381348,-1.5726490020751953,False
323,-0.31545886397361755,0.010057809762656689,0.4109453856945038,0.8346464037895203,-0.3185615837574005,0.05181247740983963,-0.9201850891113281,0.5036483407020569,-0.7117467522621155,-0.5717558860778809,-1.6212321519851685,-3.967262029647827,12.357388496398926,2.901215076446533,0.20898190140724182,3.2274081707000732,1.8413567543029785,0.43264150619506836,-0.022799253463745117,-0.9105424880981445,-0.4540700912475586,0.6916332244873047,-0.10699343681335449,0.2388816624879837,False
324,-0.2960740625858307,-0.07788006216287613,0.7383579015731812,0.5145865678787231,-0.028913911432027817,-0.08600211888551712,-0.5117216110229492,0.3392980694770813,0.10270735621452332,1.7605788707733154,-0.1827719360589981,6.3029255867004395,-8.542694091796875,2.5950450897216797,-6.346919059753418,10.84131908416748,-6.1850786209106445,0.14037871360778809,0.92991042137146,0.8133194446563721,-0.43531155586242676,0.5097978115081787,-0.11243224143981934,-0.6439754962921143,False
325,-0.22447574138641357,-0.18704664707183838,0.9373317360877991,0.43723979592323303,0.11416082084178925,-0.35530322790145874,0.1532946676015854,-0.05499518662691116,-0.13579586148262024,1.5438717603683472,-1.5694841146469116,-0.37545230984687805,5.3760986328125,2.5122923851013184,-7.50364351272583,16.444089889526367,-9.751740455627441,-0.381580114364624,-0.6862614154815674,-0.8737537860870361,0.8342673778533936,-0.9362447261810303,-0.06263375282287598,-0.4930207431316376,False
326,-0.19366997480392456,-0.2486141175031662,1.0541412830352783,0.44242820143699646,0.15019463002681732,-0.20652011036872864,0.09023642539978027,-0.19106942415237427,1.1249721050262451,1.0294114351272583,-0.8760849833488464,2.711921215057373,-0.47799190878868103,-2.7784180641174316,6.978307723999023,-12.152739524841309,3.0359272956848145,0.8183717727661133,0.534348726272583,-0.8786358833312988,0.7468066215515137,-0.7899725437164307,-0.9126760959625244,-0.263725608587265,False
327,-0.20217466354370117,-0.26594895124435425,1.0554373264312744,0.6707904934883118,-0.2727460563182831,0.32251036167144775,-0.544995903968811,-0.5537415146827698,0.4983481168746948,-0.7920554876327515,-0.0402214452624321,-0.051660191267728806,7.154111862182617,-13.383028984069824,10.782526969909668,-12.81695556640625,-11.951011657714844,0.7248175144195557,0.009183883666992188,0.05713534355163574,-0.799236536026001,0.20137763023376465,0.9818651676177979,-0.3186166286468506,False
328,-0.23232844471931458,-0.2395641803741455,1.0404739379882812,0.7037253975868225,-0.17077238857746124,0.324993759393692,-1.244521975517273,0.37174031138420105,-0.45445507764816284,-0.974868893623352,-1.3985015153884888,-0.35397911071777344,1.8722784519195557,6.082772731781006,-11.147489547729492,7.767548084259033,15.990299224853516,0.9423236846923828,0.6665506362915039,-0.6876401901245117,-0.7377235889434814,0.07971525192260742,-0.7250635623931885,-0.9977401494979858,False
329,-0.1953434944152832,-0.2542135417461395,1.0595977306365967,0.8023132085800171,-0.12401460111141205,-0.2344205528497696,-0.4655887484550476,0.20290124416351318,-0.7334655523300171,-0.9648858308792114,-0.06918954849243164,1.20240318775177,-0.7721442580223083,-0.3395739495754242,-10.641803741455078,20.279130935668945,-15.589533805847168,-0.8097898960113525,0.10790109634399414,-0.4069662094116211,-0.5061521530151367,0.4584484100341797,-0.06157565116882324,-0.45298659801483154,False
330,-0.17965972423553467,-0.16017867624759674,0.8647671937942505,0.789361834526062,-0.09724438190460205,-0.7603679299354553,0.40597012639045715,-0.5158809423446655,-0.5994747281074524,0.9882797002792358,3.1836414337158203,-6.977190017700195,0.3437403440475464,0.22223208844661713,-9.104480743408203,15.100095748901367,-14.219278335571289,0.12012290954589844,0.8548049926757812,-0.25133752822875977,0.07695674896240234,0.5226471424102783,0.7522640228271484,-0.19409272074699402,False
331,-0.21768063306808472,-0.09588176757097244,0.6745803356170654,0.7899188995361328,-0.18200205266475677,-1.0319432020187378,0.5297722816467285,0.18781724572181702,-0.2845454514026642,-0.3344265818595886,-0.500795304775238,-0.14454950392246246,-0.091350257396698,-3.2978429794311523,1.4288089275360107,-4.749276161193848,21.5073184967041,0.2590677738189697,0.842667818069458,-0.623671293258667,0.5125272274017334,0.0832362174987793,0.6825053691864014,0.5383092164993286,False
332,-0.2499254047870636,-0.18069413304328918,0.7909421324729919,0.7434577345848083,-0.403674453496933,-0.7781924605369568,0.7037463188171387,0.1070408895611763,1.0042455196380615,-0.640605092048645,-2.4472928047180176,3.0956871509552,-5.436296463012695,6.677950382232666,5.983139514923096,7.219011306762695,-11.3705415725708,-0.1197667121887207,0.682797908782959,-0.48447608947753906,0.21184539794921875,0.07479405403137207,0.593167781829834,0.23999851942062378,False
333,-0.22308501601219177,-0.22616004943847656,0.7505806088447571,0.80105060338974,-0.3954525887966156,-0.6542351841926575,0.7992745041847229,-0.022919045761227608,0.20229573547840118,0.6072001457214355,-2.5249969959259033,2.254333972930908,-0.7590282559394836,-1.6077772378921509,1.36006498336792,-1.1669119596481323,5.466854572296143,0.8108556270599365,0.6025543212890625,0.521343469619751,-0.4857609272003174,0.059090614318847656,0.18950629234313965,0.02776816487312317,False
334,-0.1899470090866089,-0.2543700039386749,0.8622736930847168,0.7388143539428711,-0.39576685428619385,-0.7445937991142273,0.8201150894165039,0.27374690771102905,0.5520867705345154,0.3732216954231262,-0.8892595767974854,0.9966233968734741,1.5782917737960815,2.891458749771118,-0.8501693606376648,0.5905025601387024,6.409726142883301,-0.011063575744628906,-0.8710975646972656,-0.31075167655944824,-0.67061448097229,-0.13012027740478516,0.42496371269226074,0.21956950426101685,False
335,-0.1843532919883728,-0.271432101726532,1.0720231533050537,0.4540378451347351,-0.17851507663726807,-0.8748394846916199,0.8227040767669678,0.5126247406005859,0.741327166557312,0.7661808133125305,4.10012149810791,-3.8513875007629395,-3.5439839363098145,4.200160503387451,-1.666280746459961,-10.860838890075684,3.3879735469818115,-0.23269867897033691,-0.2191152572631836,-0.6384596824645996,-0.6005284786224365,0.2651078701019287,0.5361077785491943,-0.1642705202102661,False
336,-0.20077472925186157,-0.19433438777923584,0.9236735105514526,0.3503579795360565,-0.12224918603897095,-1.033170223236084,0.634878396987915,0.4952772855758667,-0.5404456257820129,-0.6129454374313354,0.5836034417152405,-1.4595786333084106,-1.0551905632019043,-2.5922210216522217,0.6875281929969788,-4.502357006072998,-1.8898272514343262,-0.9039361476898193,-0.29712462425231934,-0.20932698249816895,0.8075182437896729,-0.2415294647216797,0.014103889465332031,0.4078984260559082,False
337,-0.21435892581939697,-0.10544338077306747,0.6597638726234436,0.36320963501930237,-0.20801019668579102,-0.7918758988380432,0.06599526852369308,0.4547794461250305,-0.37597742676734924,-0.8070523142814636,1.018371820449829,-4.521683216094971,-3.844712257385254,2.1054372787475586,6.694662570953369,-13.862081527709961,0.32227277755737305,0.4360010623931885,0.3841400146484375,-0.37818288803100586,0.7915060520172119,0.015446901321411133,-0.008391618728637695,0.3388051688671112,False
338,-0.26626577973365784,-0.07097242772579193,0.41112786531448364,0.49271515011787415,-0.4318035840988159,-0.4257027506828308,-0.49342256784439087,0.3413705825805664,0.7941962480545044,-1.9881908893585205,-0.6573649048805237,-2.9839205741882324,4.870769500732422,-5.422074317932129,9.786434173583984,-9.875032424926758,-4.175691604614258,-0.24712014198303223,0.8333828449249268,0.6928069591522217,-0.5525825023651123,-0.9441475868225098,0.04270601272583008,-0.5239038467407227,False
339,-0.3070419430732727,0.07680951803922653,-0.00762152997776866,0.7265005707740784,-0.09038348495960236,-0.29806599020957947,-1.1005128622055054,0.4327101707458496,0.13296440243721008,-1.8186143636703491,2.976579427719116,-10.66663932800293,7.217060089111328,8.988434791564941,-0.20179083943367004,-13.215846061706543,5.699341297149658,0.5246520042419434,-0.11407136917114258,0.7359154224395752,0.4929840564727783,-0.7590799331665039,0.5356161594390869,-0.6122045516967773,False
340,-0.33236032724380493,0.12564967572689056,-0.2259671837091446,0.7756437659263611,0.539266049861908,-0.29490411281585693,-1.2392699718475342,0.36314406991004944,0.437260240316391,1.8251724243164062,-1.176249623298645,-0.7499527335166931,-0.9518090486526489,14.109997749328613,2.2898001670837402,1.287859320640564,-2.001756191253662,0.1611034870147705,0.9803159236907959,-0.02067732810974121,-0.6056575775146484,-0.5423486232757568,0.6038317680358887,-0.18183322250843048,False
341,-0.3429708778858185,0.02626696601510048,-0.08443190157413483,0.7700795531272888,0.720115602016449,-0.3942970335483551,-1.02094566822052,0.542713463306427,-1.0691657066345215,0.8809850215911865,0.027355944737792015,5.986743927001953,-2.168497323989868,-5.0347089767456055,-4.403525352478027,6.938263893127441,-6.364848613739014,0.17104554176330566,-0.8583428859710693,0.547360897064209,-0.47525954246520996,-0.6296515464782715,0.4002974033355713,0.6020869016647339,False
342,-0.3419739603996277,0.038409389555454254,0.22805623710155487,0.38256484270095825,0.8200079798698425,-0.47293248772621155,-1.0056142807006836,0.3887971341609955,0.8073676824569702,-0.9211432933807373,0.5769006609916687,7.563880443572998,-12.575063705444336,4.919210433959961,1.0940492153167725,-8.768061637878418,6.187270641326904,0.09517502784729004,0.2763710021972656,-0.5490291118621826,-0.7521958351135254,-0.15559792518615723,0.10614967346191406,0.45583727955818176,False
343,-0.3694862127304077,0.05126417428255081,0.6290574669837952,0.12072411924600601,0.3574866056442261,-0.6625837683677673,-1.056190013885498,0.4004911482334137,-0.11269745230674744,-0.8629753589630127,-2.097935914993286,10.367180824279785,-4.329769611358643,-11.18820858001709,-2.966526746749878,2.7823774814605713,-4.225185871124268,0.6446554660797119,-0.44368910789489746,0.31655001640319824,0.9705495834350586,-0.37094807624816895,0.7917904853820801,0.3793613314628601,False
344,-0.3512336015701294,-0.03452009707689285,1.1273783445358276,-0.17543575167655945,0.0063706738874316216,-0.5934862494468689,-1.1557316780090332,0.5186992287635803,0.7425242066383362,0.7662463188171387,0.12275195121765137,1.971009612083435,-2.2199783325195312,-2.726241111755371,0.9836540222167969,-1.1637383699417114,5.130560874938965,-0.63924241065979,0.37927746772766113,-0.730614423751831,0.08143901824951172,-0.4544637203216553,-0.08924150466918945,-1.1385366916656494,False
345,-0.29913437366485596,0.019654477015137672,0.7193700671195984,0.17749735713005066,-0.2124904990196228,-0.6111945509910583,-1.0809922218322754,0.3098925054073334,-0.13672053813934326,0.4715597629547119,0.7073284387588501,-8.193695068359375,8.846559524536133,-7.40346622467041,-3.2147276401519775,5.343369483947754,-5.105196952819824,-0.6524026393890381,0.25680971145629883,0.4221384525299072,0.7867345809936523,0.2621469497680664,-0.8170657157897949,-1.2298721075057983,False
346,-0.29556766152381897,0.0897514820098877,-0.0013281925348564982,0.830053985118866,-0.4001156687736511,-0.36986762285232544,-1.009242057800293,-0.4856477975845337,-0.7991788983345032,-0.17833773791790009,-0.8835950493812561,-16.02943229675293,13.809183120727539,1.6454461812973022,9.093216896057129,2.7105512619018555,-24.27370834350586,-0.2981376647949219,0.6920711994171143,0.6370062828063965,0.8373687267303467,0.7019698619842529,-0.7217624187469482,-0.35388585925102234,False
347,-0.3068610429763794,0.16936548054218292,-0.561518669128418,0.7777308225631714,0.14389359951019287,-0.2553407549858093,-1.1544904708862305,-0.14523756504058838,-1.7055132389068604,-1.248725175857544,1.4316043853759766,-12.690629959106445,2.1444051265716553,11.537138938903809,5.640552997589111,-0.1775398552417755,-0.47568604350090027,-0.5373456478118896,0.774522066116333,-0.2208549976348877,-0.014719724655151367,0.944561243057251,0.10114455223083496,-0.36575570702552795,False
348,-0.3149474263191223,0.024463551118969917,-0.510991632938385,0.7672377824783325,0.24013295769691467,-0.12219668924808502,-0.6380110383033752,-0.3013058006763458,0.08412487059831619,0.5083630084991455,-0.47023603320121765,0.30237454175949097,6.274593830108643,-8.289952278137207,-3.781309127807617,19.16880989074707,-6.337583065032959,-0.7709779739379883,0.38488006591796875,0.9393203258514404,-0.32271409034729004,0.5065829753875732,-0.7023282051086426,-0.10801677405834198,False
349,-0.23566922545433044,0.026331136003136635,-0.5000914335250854,0.7186251282691956,0.3531101644039154,-0.2871212363243103,0.028532724827528,-0.3574451208114624,0.7128267884254456,2.940737247467041,-1.7622201442718506,-1.9560528993606567,0.7599409222602844,7.035280704498291,-3.079334259033203,7.000565528869629,4.1157612800598145,-0.8146286010742188,-0.45262980461120605,-0.628610372543335,0.3595607280731201,-0.1764993667602539,0.45155906677246094,-0.04174871742725372,False
350,-0.10883307456970215,-0.09126400202512741,-0.5575826168060303,0.736793041229248,0.5721022486686707,-0.2607097029685974,-0.021182755008339882,0.17624977231025696,0.5547208189964294,1.3845136165618896,-1.0492801666259766,-1.0239155292510986,-0.5558428168296814,1.2985501289367676,0.4057581126689911,-3.976130247116089,15.15764331817627,0.11160135269165039,0.9424145221710205,-0.8503174781799316,-0.08899116516113281,-0.3052492141723633,0.21835708618164062,0.6483733057975769,False
351,-0.00835961103439331,-0.20070424675941467,-0.387126088142395,0.7482242584228516,0.25104349851608276,-0.11725982278585434,-0.03929455950856209,0.27127325534820557,0.5420424938201904,2.2777578830718994,-1.9891409873962402,6.175487041473389,-3.0072906017303467,-8.529607772827148,3.348013401031494,3.370652437210083,-11.160506248474121,-0.9451150894165039,-0.2641575336456299,-0.7199079990386963,0.9234943389892578,-0.6171317100524902,-0.3734886646270752,0.6972017288208008,False
352,0.06603050231933594,-0.22942765057086945,-0.33226174116134644,0.7842505574226379,-0.2450411021709442,0.18803168833255768,-0.2134721726179123,-0.2660023868083954,0.8134958148002625,0.3307005763053894,-0.6669401526451111,-0.5419129133224487,1.3062127828598022,-9.848753929138184,10.162529945373535,-9.098971366882324,-11.02740478515625,-0.44991302490234375,0.6286680698394775,0.8776590824127197,0.38877391815185547,-0.2860848903656006,-0.5709171295166016,0.5836399793624878,False
353,0.09520190954208374,-0.18680815398693085,-0.5655008554458618,0.7696895003318787,-0.3186175525188446,0.5784940123558044,-0.8530514240264893,-0.3408587872982025,0.6096311211585999,-0.40696007013320923,0.7635425925254822,-4.3516845703125,-3.814598321914673,4.92362642288208,6.914031028747559,-13.694412231445312,5.08238410949707,-0.4380524158477783,0.6404993534088135,0.596466064453125,0.9562783241271973,0.4190845489501953,-0.8916523456573486,0.33415210247039795,False
354,0.13531523942947388,-0.19098897278308868,-0.4790913462638855,0.5279242992401123,-0.1934729367494583,0.7043261528015137,-1.0448635816574097,-0.42618873715400696,1.0341005325317383,1.5388833284378052,-1.042789340019226,3.6602540016174316,-4.576081275939941,3.487941265106201,-0.7150381207466125,-3.956118583679199,8.788296699523926,0.14433860778808594,-0.6559677124023438,0.21901679039001465,-0.43972110748291016,0.15533685684204102,-0.2924633026123047,0.255332887172699,False
355,0.17475730180740356,-0.22906266152858734,-0.17093585431575775,0.04280073568224907,0.09969976544380188,0.5345783829689026,-0.9057901501655579,-0.33012983202934265,0.9430312514305115,1.5018141269683838,-0.028483638539910316,5.035898685455322,-10.75235652923584,6.616007328033447,-4.534824848175049,5.27498197555542,-2.4146645069122314,-0.49359679222106934,-0.8385114669799805,-0.14531707763671875,-0.3465762138366699,0.7980105876922607,-0.715853214263916,0.10917767882347107,False
356,0.20221072435379028,-0.26204127073287964,0.20882101356983185,-0.6816669702529907,0.47543099522590637,0.21424923837184906,-0.4443921148777008,-0.3947004973888397,-0.4391392469406128,0.7905869483947754,0.7631528377532959,5.952885150909424,-14.350683212280273,6.406560897827148,-9.451924324035645,10.887314796447754,2.933469533920288,0.2744760513305664,-0.6462371349334717,-0.4052724838256836,0.6972095966339111,-0.020740032196044922,0.8328857421875,0.3131410479545593,False
357,0.15763729810714722,-0.34895122051239014,0.2501574456691742,-0.6259755492210388,0.2893281877040863,0.18002848327159882,-0.45508429408073425,0.30480238795280457,0.4240536689758301,-1.614391565322876,-1.3752447366714478,2.075906276702881,2.956850290298462,-7.618329048156738,1.226874828338623,-5.756458282470703,22.33001708984375,0.6579201221466064,0.39868950843811035,-0.5789425373077393,0.024399757385253906,0.15930867195129395,-0.09389543533325195,0.7343891263008118,False
358,0.14867395162582397,-0.43522101640701294,0.41319867968559265,-0.35414600372314453,-0.3837396502494812,0.22169649600982666,-0.09047326445579529,0.010472048074007034,0.559616208076477,0.47336506843566895,-1.936645269393921,4.082650184631348,6.2972893714904785,-15.942129135131836,2.16347599029541,11.276866912841797,-17.151491165161133,0.7408270835876465,-0.785576581954956,-0.5846261978149414,-0.28673434257507324,-0.13231825828552246,-0.3617696762084961,0.7767797112464905,False
359,0.14813625812530518,-0.4442002475261688,0.8729813098907471,-0.8431207537651062,-0.3078690767288208,0.16872648894786835,0.2889573574066162,-0.36857113242149353,1.496646761894226,1.8759140968322754,1.6202373504638672,6.6158671379089355,-3.4884190559387207,-10.270882606506348,-2.2509522438049316,-3.8527021408081055,14.490283966064453,-0.991734504699707,-0.16631102561950684,0.4460158348083496,0.3072812557220459,0.2812228202819824,0.15893816947937012,0.23208405077457428,False
360,0.1852855086326599,-0.3142322599887848,0.5214430689811707,-0.6501134634017944,0.01674462854862213,0.13095059990882874,0.17255021631717682,0.19624772667884827,-0.709012508392334,0.7451272010803223,4.263853549957275,-7.7002763748168945,1.2267568111419678,12.475545883178711,-4.2599287033081055,-0.6041175723075867,11.250865936279297,0.25067591667175293,-0.9602160453796387,-0.779634952545166,0.1913433074951172,-0.6368505954742432,0.35382533073425293,0.6290619373321533,False
361,0.2148454785346985,-0.21988056600093842,0.45810773968696594,-0.7586864233016968,0.3648451268672943,0.2075629085302353,0.06650979071855545,0.21025003492832184,1.0159950256347656,-0.6251013875007629,2.858065366744995,-7.650690078735352,6.484409332275391,-0.8557319641113281,5.907329559326172,-0.9009410738945007,-13.99502944946289,0.9300940036773682,0.6640033721923828,0.9102447032928467,0.5778326988220215,0.8262150287628174,-0.09902381896972656,0.9334454536437988,False
362,0.1976448893547058,-0.21756865084171295,0.4712124168872833,-0.6640129089355469,0.49118274450302124,0.4243381917476654,0.3706684112548828,-0.5698134303092957,1.6511623859405518,0.19007225334644318,-1.3315606117248535,7.146846294403076,-1.452340841293335,3.8911139965057373,1.1168217658996582,3.6209895610809326,0.6002621650695801,0.10103416442871094,0.680166482925415,0.29864001274108887,0.029884815216064453,0.8840713500976562,0.16948795318603516,0.6821892261505127,False
363,0.14933711290359497,-0.2987755835056305,0.5088940858840942,-0.3545251786708832,0.6492737531661987,0.41646793484687805,0.6637843251228333,-0.02686825767159462,0.9251893758773804,-1.3619189262390137,-2.748202085494995,-3.1387455463409424,11.434486389160156,3.0900156497955322,-0.6731275916099548,13.04440689086914,6.519298076629639,-0.07707405090332031,-0.06363987922668457,-0.05590200424194336,0.8887434005737305,-0.23563027381896973,0.4436507225036621,0.9319111108779907,False
364,0.06914776563644409,-0.3906003534793854,0.6420852541923523,-0.07468308508396149,0.7772265076637268,0.5127858519554138,0.8699514865875244,0.49836447834968567,0.8601398468017578,-2.2405409812927246,-2.4676904678344727,5.338903903961182,3.248028039932251,2.593686103820801,7.190374851226807,11.353667259216309,-18.53235626220703,-0.49387669563293457,-0.47794604301452637,-0.39438962936401367,0.6763660907745361,-0.6331818103790283,-0.6150112152099609,0.9999415874481201,False
365,-0.05365407466888428,-0.31910040974617004,0.4914429485797882,0.27196547389030457,0.7537977695465088,0.7639140486717224,0.8653509616851807,-0.1250971108675003,-0.578288197517395,-2.4395530223846436,2.614661455154419,-2.669935941696167,1.3804292678833008,1.5148701667785645,0.4438643157482147,1.2882740497589111,-12.717246055603027,-0.17349958419799805,0.054335832595825195,0.2553386688232422,0.09782195091247559,0.478839635848999,0.5569808483123779,0.37588056921958923,False
366,-0.13932585716247559,-0.1540021300315857,0.2931196689605713,0.3959997892379761,0.760155200958252,0.502971887588501,0.7424210906028748,-0.08443305641412735,0.28478074073791504,-2.442776679992676,4.17692756652832,-4.901399612426758,3.015665054321289,-0.2889929711818695,-7.8983683586120605,-3.4044997692108154,7.031717300415039,-0.3206193447113037,-0.5592987537384033,-0.49161529541015625,0.9566078186035156,-0.5765798091888428,0.74859619140625,-0.12872819602489471,False
367,-0.26622143387794495,0.0033237820025533438,0.11333228647708893,0.5180795192718506,0.6722193956375122,0.6837775707244873,-0.01580105721950531,0.49359846115112305,0.8231438398361206,-1.6182711124420166,1.036393642425537,-1.4702262878417969,1.4842915534973145,-2.463758707046509,13.164933204650879,-5.3928422927856445,-23.291234970092773,-0.5562708377838135,-0.9151186943054199,-0.08330655097961426,0.9112040996551514,0.9064221382141113,0.4358382225036621,0.17645731568336487,False
368,-0.2642386853694916,0.05980079248547554,0.17893654108047485,0.16941222548484802,0.8008732795715332,0.6993182897567749,0.45394057035446167,-0.43419477343559265,1.3725054264068604,1.1028660535812378,0.2469104528427124,1.4505884647369385,-9.742238998413086,4.916697978973389,-2.1962904930114746,14.599926948547363,-16.515100479125977,-0.1346144676208496,0.7256383895874023,0.7571005821228027,-0.09602022171020508,0.6787455081939697,-0.4720892906188965,0.5451322197914124,False
369,-0.18235737085342407,0.01818331517279148,0.17101582884788513,0.13387131690979004,0.7341800928115845,0.5821194648742676,0.8383426070213318,-0.18173281848430634,-0.5493574142456055,1.0283476114273071,-0.2189345806837082,-1.9706040620803833,1.4188460111618042,0.9516094923019409,-6.042185306549072,12.486529350280762,3.621896505355835,-0.6388115882873535,0.8274550437927246,-0.2881646156311035,0.7366635799407959,0.839409589767456,-0.8635671138763428,0.08792722225189209,False
370,-0.18226945400238037,0.006890472024679184,-0.3181361258029938,0.7576407194137573,0.5534936785697937,0.7146686911582947,0.9197067618370056,-0.25054118037223816,-0.41424572467803955,-0.8574467897415161,0.009134307503700256,-12.325467109680176,15.972152709960938,-5.244516849517822,-2.675133228302002,12.831239700317383,-13.533595085144043,-0.4700894355773926,-0.9634134769439697,-0.1899580955505371,-0.711688756942749,-0.22204208374023438,0.855633020401001,0.1451314240694046,False
371,-0.1306546926498413,0.15570023655891418,-0.5530845522880554,0.4697659909725189,0.7838375568389893,0.5798691511154175,0.5517745018005371,0.3191148638725281,0.9413111209869385,1.599748134613037,2.471259832382202,3.9028942584991455,-17.899497985839844,6.6918487548828125,-4.074131011962891,-8.892280578613281,20.644350051879883,-0.7072267532348633,-0.9089457988739014,0.029119491577148438,-0.37613391876220703,0.008176088333129883,-0.42686939239501953,0.3562549948692322,False
372,-0.09067952632904053,0.3909052908420563,-0.4394811689853668,-0.25989797711372375,0.607313871383667,0.165056511759758,0.7191639542579651,0.08586248755455017,1.816980004310608,1.3281539678573608,1.9419710636138916,5.028435707092285,-15.765886306762695,-2.333064079284668,-3.606639862060547,4.888894081115723,-15.14786148071289,-0.5129997730255127,-0.6192104816436768,-0.010220766067504883,0.7520754337310791,-0.9428181648254395,0.580963134765625,0.849949061870575,False
373,-0.03328639268875122,0.43814536929130554,-0.3233869671821594,-0.7734217047691345,0.43336838483810425,0.529493510723114,0.0641588345170021,0.06931564211845398,0.8334062695503235,0.5114575624465942,0.9550647139549255,-12.00253963470459,11.83272647857666,-11.196662902832031,11.905906677246094,-23.37960433959961,9.985459327697754,-0.29188036918640137,-0.7966880798339844,-0.017063140869140625,-0.47869372367858887,-0.39624571800231934,-0.19145822525024414,-0.06750797480344772,False
374,-0.05542999505996704,0.49089357256889343,-0.5377129912376404,-0.8519754409790039,0.22504906356334686,0.6943160891532898,-0.5837298035621643,0.37754014134407043,0.7196688652038574,2.070169687271118,1.1554348468780518,1.411915898323059,-7.5015153884887695,-4.234611511230469,-1.457519769668579,-8.645401954650879,4.848998546600342,-0.7822320461273193,-0.8815312385559082,-0.23912477493286133,-0.8382058143615723,0.2772407531738281,0.13301444053649902,1.121519923210144,False
375,-0.03576773405075073,0.5065431594848633,-0.5166442394256592,-0.7840140461921692,-0.3116200268268585,0.2977920174598694,-0.5062840580940247,0.49695146083831787,0.7641131281852722,-0.14105188846588135,-0.4566614627838135,3.622575521469116,-3.517014503479004,-8.18399715423584,-7.437310218811035,5.2541680335998535,-0.9018873572349548,-0.7053403854370117,0.24237656593322754,-0.5257289409637451,0.968055009841919,0.6085178852081299,-0.7433047294616699,0.13322705030441284,False
376,0.010088682174682617,0.3757859170436859,-0.5357585549354553,-0.6851915121078491,-0.3432891070842743,0.4118472635746002,-0.3017160892486572,-0.007329719606786966,-0.7625850439071655,1.7029235363006592,-4.372625350952148,0.24222475290298462,5.838172912597656,-1.1055376529693604,6.611293792724609,7.40076208114624,-19.580286026000977,-0.9462640285491943,0.32369470596313477,0.8583133220672607,0.3086206912994385,-0.9826030731201172,0.17226147651672363,0.26336073875427246,False
377,0.006772160530090332,0.24539147317409515,-0.5324560403823853,-0.6634024381637573,-0.060021646320819855,0.7436575293540955,-0.41754797101020813,-0.4427042603492737,0.08011715859174728,0.22589460015296936,-0.6330098509788513,-0.1662985384464264,-2.3535256385803223,8.68578815460205,6.465566158294678,-8.583942413330078,-1.9095892906188965,-0.4420201778411865,0.5587506294250488,-0.22934651374816895,0.6863579750061035,0.05307316780090332,0.0015323162078857422,0.3751763105392456,False
378,0.026141643524169922,0.15154816210269928,-0.4332459270954132,-0.627469539642334,0.11315395683050156,0.6998640298843384,-0.4695763885974884,-0.4983481168746948,1.039440631866455,-0.18821457028388977,-2.941159963607788,-0.30126088857650757,6.660259246826172,-0.1330724060535431,-0.9498295187950134,-1.077323079109192,0.5448489785194397,0.1581284999847412,-0.679823637008667,0.7374594211578369,-0.5222594738006592,-0.7835042476654053,-0.8524985313415527,-0.20677566528320312,False
379,0.01869821548461914,0.1623673439025879,-0.3883228898048401,-0.7389633655548096,0.459987998008728,0.5683392882347107,-0.6632273197174072,-0.5021763443946838,1.0528639554977417,-0.19662171602249146,0.27491867542266846,3.7286338806152344,-9.932134628295898,13.489835739135742,-0.8632581830024719,-9.219805717468262,1.2953587770462036,0.8353078365325928,0.8901197910308838,0.05949211120605469,0.9993813037872314,0.5141582489013672,0.9049117565155029,0.16941630840301514,False
380,-0.04285538196563721,0.07258909940719604,-0.3254101574420929,-0.5032644271850586,0.5836640000343323,0.6372853517532349,-1.1286180019378662,-0.06269862502813339,0.7984407544136047,-1.69302237033844,-2.7830252647399902,0.37630364298820496,10.694172859191895,-2.705873966217041,2.6677567958831787,-9.301217079162598,14.59518814086914,0.6400840282440186,0.2938120365142822,0.43349266052246094,0.7147431373596191,-0.5080258846282959,0.07933354377746582,1.236649751663208,False
381,-0.04234367609024048,-0.06994909793138504,-0.33616742491722107,0.003987166564911604,0.3522850275039673,0.7042849063873291,-1.1894431114196777,0.3037368059158325,1.1939787864685059,1.3464518785476685,-1.7461354732513428,-1.3469537496566772,10.893674850463867,-6.780830383300781,3.3224501609802246,-3.044783115386963,6.32073974609375,-0.21472382545471191,0.5920372009277344,0.7715587615966797,0.5101263523101807,0.25774145126342773,-0.8150026798248291,1.5031918287277222,False
382,-0.04618650674819946,-0.13087327778339386,-0.5409098267555237,0.5564026832580566,0.296434223651886,0.7265240550041199,-0.8530641794204712,-0.07292837649583817,1.4182060956954956,0.8408344984054565,-0.9209558367729187,-5.738191604614258,12.011077880859375,2.387227773666382,-3.159701347351074,13.056946754455566,-16.285263061523438,0.42188167572021484,0.06001400947570801,0.38445019721984863,-0.15053319931030273,-0.1556389331817627,0.9443209171295166,1.3464480638504028,False
383,-0.02274024486541748,-0.19955132901668549,-0.42257529497146606,0.7318010926246643,0.5146764516830444,0.530461847782135,-0.5445210337638855,-0.05157134309411049,1.6157894134521484,-0.07053672522306442,0.25390294194221497,0.7984879612922668,3.300321340560913,5.076305389404297,-4.437419414520264,0.4035412073135376,12.440834045410156,0.952629804611206,-0.8910617828369141,0.7047140598297119,0.07207822799682617,-0.09017682075500488,0.6210792064666748,1.5762704610824585,False
384,-0.0025954842567443848,-0.25114622712135315,0.11605414003133774,0.3956814408302307,0.716254711151123,0.4736786186695099,-0.5702279210090637,0.40444546937942505,2.504207134246826,0.6533079743385315,0.19541533291339874,16.40456199645996,-9.214821815490723,-7.899964809417725,-3.0927019119262695,12.321452140808105,-18.8214054107666,0.3969423770904541,0.11414432525634766,0.44707345962524414,0.35317015647888184,-0.7024729251861572,-0.23444294929504395,2.992152214050293,False
385,-0.04108208417892456,-0.38208213448524475,1.0081799030303955,-0.10756642371416092,0.5362703204154968,0.7419412732124329,-0.4734644889831543,-0.3284670412540436,2.5326459407806396,-1.1954269409179688,-0.06219109520316124,14.115421295166016,-8.998946189880371,-1.3320223093032837,1.209998607635498,1.025992512702942,-12.369840621948242,-0.2093803882598877,-0.48081064224243164,0.9093294143676758,-0.4180905818939209,-0.6605014801025391,0.6698458194732666,1.2513700723648071,False
386,-0.099193274974823,-0.2655133903026581,0.9345664381980896,-0.16437503695487976,0.8213555812835693,0.6716569662094116,-0.9138332605361938,-0.18181368708610535,0.5099949240684509,-0.7995688319206238,3.7365872859954834,-3.0703020095825195,4.236883640289307,-9.555808067321777,-2.462984323501587,-16.559791564941406,14.328145027160645,0.11129474639892578,-0.3001110553741455,-0.5221521854400635,0.7051033973693848,0.7908730506896973,-0.059006452560424805,1.6235015392303467,False
387,-0.20852625370025635,-0.13848331570625305,0.9270244240760803,0.04014647752046585,0.09139876067638397,0.5282735228538513,-1.2148765325546265,0.0530678890645504,1.5174407958984375,-1.282472014427185,-0.12381356209516525,3.2484688758850098,3.194911241531372,-14.589241027832031,3.8283581733703613,-5.435086250305176,-0.9595956206321716,0.1854403018951416,-0.3031144142150879,0.2802574634552002,-0.9542062282562256,-0.42661356925964355,-0.31873583793640137,1.5225729942321777,False
388,-0.300590455532074,-0.06319846957921982,1.0632193088531494,-0.06637115776538849,-0.29679426550865173,0.273457795381546,-0.9531557559967041,-0.26735031604766846,2.1756577491760254,-2.0195627212524414,3.176788568496704,-3.109423875808716,-1.090079665184021,-2.964871406555176,-7.814566612243652,4.32405948638916,-6.407236576080322,0.5984845161437988,-0.32163143157958984,0.11282515525817871,0.21805381774902344,-0.27239227294921875,0.23311638832092285,1.424675464630127,False
389,-0.4110932946205139,0.07716422528028488,1.0611541271209717,-0.27406206727027893,-0.30303096771240234,0.14294575154781342,-1.1161797046661377,-0.32757267355918884,2.18839430809021,-2.507880687713623,4.540855884552002,-0.13059614598751068,-4.344574451446533,0.7481525540351868,-3.456129550933838,-5.163794994354248,2.369307518005371,-0.06886744499206543,-0.0022809505462646484,-0.5305445194244385,-0.6174705028533936,0.4421389102935791,-0.1659386157989502,0.5819582343101501,False
390,-0.38169047236442566,0.14888696372509003,1.0076531171798706,-0.21408310532569885,-0.3983514904975891,0.15249298512935638,-1.1093053817749023,-0.5405009388923645,-0.5661541223526001,1.5009455680847168,-1.5666004419326782,-4.775451183319092,6.700258255004883,-2.4669463634490967,0.6397793292999268,3.2134666442871094,-0.8107461929321289,0.925961971282959,0.0972743034362793,-0.0340266227722168,-0.8387327194213867,-0.6690661907196045,-0.6229345798492432,-0.08309860527515411,False
391,-0.2959332764148712,0.16258859634399414,0.9854726195335388,-0.18021152913570404,-0.399104505777359,0.022933509200811386,-1.1260143518447876,-0.3106749355792999,0.539048969745636,0.690497100353241,-0.6174995303153992,3.752216100692749,-2.9103188514709473,0.6141499280929565,-1.5017930269241333,-0.5299784541130066,0.013770109042525291,-0.0536799430847168,0.4010448455810547,-0.11162185668945312,0.4988994598388672,-0.6498432159423828,0.012596845626831055,0.2433273047208786,False
392,-0.25347471237182617,0.12526342272758484,1.0554232597351074,-0.12536051869392395,-0.394104540348053,0.05400737747550011,-1.190636157989502,-0.3596631586551666,-0.02667956054210663,1.6346635818481445,0.03986264392733574,-0.4415588080883026,3.632884979248047,0.14005377888679504,1.9145547151565552,-3.0898618698120117,-1.0091824531555176,0.3733189105987549,-0.5313084125518799,0.04976224899291992,-0.8386044502258301,-0.1862351894378662,0.4318993091583252,-0.03287269175052643,False
393,-0.22718477249145508,0.12479866296052933,1.044945240020752,-0.1558767557144165,-0.20564870536327362,-0.1112021654844284,-1.2155171632766724,-0.1114780604839325,0.08582116663455963,1.0391619205474854,1.3143967390060425,-0.1321883499622345,-2.6027414798736572,3.8544697761535645,-7.015629768371582,0.4851560592651367,8.697576522827148,-0.7377617359161377,-0.1352856159210205,0.4934208393096924,-0.5184674263000488,0.10235238075256348,0.30899691581726074,-0.3104550242424011,False
394,-0.2042047679424286,0.20505572855472565,0.7900817394256592,-0.15876157581806183,0.14883045852184296,-0.5116481781005859,-1.1126255989074707,0.3689762353897095,-0.5176651477813721,0.28411927819252014,1.711565613746643,-5.890085220336914,-1.3897184133529663,10.440408706665039,-9.693145751953125,3.256742238998413,11.49850082397461,-0.5062987804412842,-0.736020565032959,-0.5350456237792969,-0.24129891395568848,-0.0450136661529541,0.8984708786010742,-0.48101329803466797,False
395,-0.19459307193756104,0.30819979310035706,0.5460076332092285,-0.3074526786804199,0.5154297351837158,-0.8385280966758728,-0.852715253829956,0.31160062551498413,-0.1885230541229248,-0.35928305983543396,1.8169333934783936,-6.573818683624268,-2.2865641117095947,5.253020763397217,-2.1782679557800293,-0.33764761686325073,0.2773847281932831,-0.47507452964782715,0.6720046997070312,0.7018373012542725,-0.8436264991760254,-0.16522812843322754,-0.5219588279724121,-0.8293896317481995,False
396,-0.2080947756767273,0.3703097701072693,0.0965760126709938,-0.17780563235282898,0.8132354021072388,-1.0127103328704834,-0.661236047744751,0.01092797052115202,-0.9395256042480469,-0.21439149975776672,-2.9187543392181396,-5.874506950378418,5.555110931396484,5.590673923492432,4.216062545776367,3.701523780822754,-12.035279273986816,0.5909063816070557,0.26436805725097656,-0.9408049583435059,0.6275684833526611,-0.6292088031768799,0.9294910430908203,0.24241867661476135,False
397,-0.2379327118396759,0.22144104540348053,-0.1022486761212349,0.357130765914917,0.2875082790851593,-0.6004803776741028,-1.1360514163970947,0.27419620752334595,0.8658465147018433,-1.472236156463623,-3.672346353530884,-0.7624177932739258,8.930997848510742,-14.03974437713623,11.5857572555542,-19.64800262451172,18.927427291870117,-0.5050783157348633,0.9492764472961426,0.46544957160949707,0.5511918067932129,0.9105017185211182,0.48789429664611816,-0.8945114612579346,False
398,-0.2966579496860504,0.028805775567889214,-0.23449943959712982,0.7759179472923279,-0.08246707916259766,-0.5768846273422241,-0.7920427322387695,0.45431509613990784,-1.2834794521331787,-0.8471900224685669,-4.603074073791504,6.003747463226318,-12.100223541259766,7.715206623077393,0.979266881942749,12.916763305664062,-3.3610451221466064,-0.8838682174682617,0.6449337005615234,0.33673810958862305,-0.8755135536193848,-0.648759126663208,0.39606690406799316,0.26528021693229675,False
399,-0.3237406015396118,0.0572161041200161,-0.5849103927612305,0.7327169179916382,0.11984258890151978,-0.7959606051445007,-0.33147791028022766,0.47462403774261475,-0.3055330514907837,0.5446232557296753,0.6660884618759155,-2.4014229774475098,-4.523514270782471,4.553736686706543,-3.5035696029663086,5.321429252624512,-0.5048210024833679,-0.8233146667480469,0.23947811126708984,0.8307247161865234,0.6762557029724121,-0.871922492980957,-0.3894162178039551,0.7711291313171387,False
400,-0.24914368987083435,0.1189226508140564,-0.5365907549858093,0.5279897451400757,0.2927200198173523,-0.6321801543235779,-0.5523263216018677,0.3614194393157959,1.5671799182891846,2.0740084648132324,1.7851618528366089,-0.055082935839891434,-1.568665862083435,3.838167190551758,8.190807342529297,-11.380303382873535,-3.6180872917175293,-0.2603318691253662,0.2526547908782959,-0.8024189472198486,0.954845666885376,0.6014065742492676,0.5621483325958252,0.9915871620178223,False
401,-0.18796789646148682,0.13108517229557037,-0.43647003173828125,0.6177645325660706,0.13642311096191406,-0.2546111047267914,-0.967639148235321,0.36599937081336975,1.8491319417953491,-0.3659093379974365,-0.5695218443870544,0.7351379990577698,5.458529949188232,-7.540367603302002,6.091454982757568,-4.3836445808410645,2.5114943981170654,-0.7020399570465088,0.9793243408203125,0.4630241394042969,0.6371212005615234,-0.820995569229126,-0.6047821044921875,0.6963474750518799,False
402,-0.1713460087776184,0.1598200798034668,-0.5137740969657898,0.7375245690345764,0.12041229009628296,0.08119721710681915,-1.1444337368011475,0.11505898088216782,1.038824200630188,1.2044962644577026,2.446322441101074,-6.144538402557373,3.433772325515747,3.0018389225006104,2.64136004447937,4.773695468902588,-15.175909996032715,0.2224111557006836,0.7256369590759277,0.4391770362854004,0.18023014068603516,0.8722100257873535,0.5052793025970459,0.6841667890548706,False
403,-0.14567118883132935,0.13468532264232635,-0.4698161780834198,0.774931788444519,0.2552582323551178,0.18726663291454315,-0.709087073802948,-0.4172816872596741,0.8904356360435486,0.11742396652698517,-0.15684989094734192,-1.6593111753463745,5.324458599090576,1.287835717201233,-0.9099979996681213,12.736449241638184,-7.412638187408447,-0.6171369552612305,-0.3102395534515381,0.3304626941680908,0.23782801628112793,0.5308663845062256,0.4889843463897705,0.8294075131416321,False
404,-0.13265728950500488,0.10821211338043213,-0.4409303367137909,0.6770226955413818,0.6365622878074646,0.14391343295574188,-0.2148938626050949,-0.4226126968860626,0.6075125932693481,0.34041455388069153,0.8021880388259888,-1.797547698020935,-2.1292612552642822,9.514721870422363,-3.3107757568359375,9.371437072753906,4.376443386077881,0.801720380783081,0.2601802349090576,-0.7370331287384033,-0.738675594329834,-0.6769866943359375,0.7797050476074219,0.7845335006713867,False
405,-0.12265503406524658,0.043872833251953125,-0.2531459927558899,0.588346004486084,0.7089641690254211,0.16485071182250977,-0.4011591970920563,0.48034167289733887,1.5363856554031372,0.7849823832511902,-2.043020725250244,6.1208624839782715,-0.02334737963974476,-5.0396952629089355,1.6160705089569092,-12.432663917541504,28.856651306152344,-0.8993749618530273,-0.2607238292694092,-0.5927667617797852,-0.3712444305419922,0.24786138534545898,0.06966352462768555,1.0059380531311035,False
406,-0.10685974359512329,0.000704684411175549,-0.13383877277374268,0.6358509659767151,0.44197654724121094,0.04846591874957085,0.14117328822612762,-0.30082231760025024,1.4466989040374756,0.8850300312042236,-1.0082954168319702,1.0074909925460815,1.715381145477295,-5.953510761260986,-4.096820831298828,12.072418212890625,-17.66986846923828,0.5799717903137207,-0.13493847846984863,0.014641523361206055,-0.24810576438903809,0.2770359516143799,-0.33205533027648926,0.687504768371582,False
407,-0.09253197908401489,-0.03605223447084427,0.046732861548662186,0.5635058879852295,0.20138190686702728,-0.10189511626958847,0.27270644903182983,-0.19408753514289856,0.914107620716095,0.16551119089126587,-1.3174556493759155,3.5253806114196777,-0.8028991222381592,-4.8070855140686035,-0.5615139603614807,0.1907816082239151,7.594241142272949,0.0695953369140625,-0.17174744606018066,-0.7928366661071777,-0.02177715301513672,-0.8611040115356445,-0.43839168548583984,1.2636115550994873,False
408,-0.10718768835067749,-0.07338415086269379,0.32416996359825134,0.40774691104888916,-0.16681012511253357,-0.06781580299139023,0.04073653370141983,0.11578026413917542,0.9059121608734131,-0.3846864402294159,0.8366261720657349,8.402713775634766,-6.692275047302246,-9.209226608276367,-0.29268449544906616,-7.809592247009277,4.914900779724121,-0.9408140182495117,-0.8396551609039307,0.19527816772460938,-0.5482327938079834,0.26990723609924316,0.9014174938201904,0.8794519305229187,False
409,-0.1445133090019226,-0.01578945852816105,0.3950822949409485,0.14507265388965607,-0.3267446458339691,-0.2081458568572998,-0.1982995867729187,0.45826470851898193,0.4408920407295227,-0.9512512683868408,1.9199750423431396,-4.064637184143066,-4.7158613204956055,1.4483128786087036,-3.488380193710327,6.446081161499023,-14.117814064025879,0.038384437561035156,0.06950044631958008,0.24737095832824707,0.3171107769012451,-0.2442941665649414,-0.4940464496612549,0.8708156943321228,False
410,-0.1732170581817627,0.03403777629137039,0.41591110825538635,-0.17758609354496002,-0.24945926666259766,-0.2877885401248932,-0.05079493671655655,-0.32081568241119385,0.9469802379608154,-0.5188506841659546,0.4023854434490204,3.040781259536743,-5.05888557434082,0.16943585872650146,0.8539300560951233,0.09801795333623886,-17.614892959594727,-0.13522553443908691,-0.3949747085571289,0.8455872535705566,0.7363967895507812,-0.07144570350646973,-0.28018951416015625,0.6144664883613586,False
411,-0.16974538564682007,0.18322446942329407,0.3435305655002594,-0.37044283747673035,-0.07780154049396515,-0.12187015265226364,-0.6954628825187683,-0.1390470713376999,1.331223964691162,-0.3942481279373169,3.77384877204895,-2.990488052368164,-5.619931697845459,7.66169548034668,3.063356876373291,-14.692631721496582,9.712420463562012,-0.802544116973877,0.6154091358184814,0.3831353187561035,0.009671926498413086,-0.5646531581878662,0.7534592151641846,0.21174106001853943,False
412,-0.18759483098983765,0.3274760842323303,0.05301675572991371,-0.27937769889831543,0.20360735058784485,-0.23970253765583038,-1.0981855392456055,0.5336067080497742,-0.4908221960067749,-0.7328097224235535,0.8603482246398926,-8.413616180419922,8.046491622924805,5.294974327087402,-8.760584831237793,12.224563598632812,0.9383653402328491,-0.3038468360900879,0.4421563148498535,0.480757474899292,0.19307541847229004,0.19550156593322754,-0.2483065128326416,-0.6140760183334351,False
413,-0.198377788066864,0.3153327703475952,-0.5620307922363281,0.3241618275642395,0.5420995354652405,-0.23622390627861023,-0.7607309222221375,0.07604552805423737,-0.6454397439956665,-0.8479994535446167,-2.7183306217193604,-9.916349411010742,10.54871940612793,9.069290161132812,4.943497657775879,3.2107372283935547,-10.857332229614258,-0.7430737018585205,-0.8443648815155029,0.13311457633972168,0.8516108989715576,-0.44600486755371094,-0.8194746971130371,-0.046757012605667114,False
414,-0.1684848666191101,0.20912759006023407,-0.49168646335601807,0.33262792229652405,0.7323316931724548,0.11201325058937073,-0.8202288150787354,-0.48838499188423157,1.5178248882293701,0.23627802729606628,0.8480668663978577,3.324835777282715,-3.8078579902648926,-3.58412504196167,5.455485820770264,-17.108396530151367,20.569978713989258,-0.8387637138366699,-0.5390865802764893,0.9583287239074707,0.5736639499664307,0.16994667053222656,0.857062816619873,-0.26100021600723267,False
415,-0.1733594536781311,0.16244016587734222,-0.341095507144928,0.09855406731367111,0.7632579803466797,0.20314866304397583,-1.0857410430908203,0.4405706822872162,0.2136264443397522,1.2040770053863525,-3.446470022201538,2.538681745529175,-1.4530470371246338,-1.1181769371032715,0.25590232014656067,4.011493682861328,16.84574317932129,-0.3636143207550049,-0.6418092250823975,0.2862982749938965,-0.12526798248291016,-0.5364711284637451,-0.7167255878448486,-0.19431108236312866,False
416,-0.13421452045440674,0.15543638169765472,-0.3324155807495117,-0.02578410692512989,0.7791327238082886,0.12117862701416016,-0.4067097306251526,-0.07225029915571213,-0.2876591384410858,0.5399172306060791,1.1789555549621582,0.0009137392626143992,-2.6072795391082764,-0.2686085104942322,0.43231451511383057,11.914942741394043,-18.378149032592773,-0.3468022346496582,-0.06021857261657715,-0.15158319473266602,0.0014653205871582031,-0.2791566848754883,-0.14420366287231445,0.28138816356658936,False
417,-0.09863501787185669,0.21261726319789886,-0.41411033272743225,-0.0664544478058815,0.7357283234596252,0.2285304218530655,-0.3744712173938751,-0.37335681915283203,0.005603690631687641,0.4850170910358429,1.741512656211853,-3.1537325382232666,0.31582415103912354,-1.3228930234909058,1.8862332105636597,-8.768328666687012,11.734870910644531,0.6382491588592529,-0.7112281322479248,0.6849040985107422,0.8877325057983398,0.7950379848480225,-0.09232497215270996,-0.08290773630142212,False
418,-0.07225465774536133,0.24737170338630676,-0.281988263130188,-0.42218825221061707,0.7579352259635925,0.35463348031044006,-0.4245780110359192,-0.2168550342321396,1.1069128513336182,0.8578504323959351,-0.21334382891654968,7.139554500579834,-12.04157543182373,-0.221925288438797,2.836343288421631,4.281525611877441,-2.632269859313965,0.4307091236114502,-0.37101197242736816,0.8547089099884033,0.9934489727020264,-0.6741621494293213,-0.0881197452545166,0.2499801218509674,False
419,-0.06654834747314453,0.25390467047691345,0.02352152206003666,-0.7160146236419678,0.5748062133789062,0.7379761934280396,-0.6231852769851685,-0.20899520814418793,0.3244544267654419,0.47918960452079773,2.3230793476104736,-1.6824935674667358,6.433625221252441,-9.476283073425293,7.8618574142456055,-8.704471588134766,2.0331976413726807,-0.6224098205566406,0.7943284511566162,-0.689110279083252,0.6110754013061523,0.4142599105834961,-0.9156582355499268,-0.15140452980995178,False
420,-0.05944037437438965,0.2945164740085602,-0.1950639933347702,-0.07889828085899353,-0.04198494181036949,0.6957146525382996,-0.3486822247505188,-0.4620865285396576,-0.3421837389469147,-0.3390090763568878,-2.0798466205596924,-4.16630220413208,17.507164001464844,-14.926671981811523,-1.9776432514190674,0.6817387342453003,15.55150318145752,-0.1039590835571289,0.731257438659668,0.03811812400817871,0.5021727085113525,-0.010111093521118164,0.1566753387451172,-0.7455437779426575,False
421,-0.10024410486221313,0.28427767753601074,-0.5544014573097229,0.7053565382957458,-0.26753929257392883,0.6151747703552246,-0.40136289596557617,0.2970544993877411,-0.45260629057884216,-1.5362160205841064,-4.149564266204834,4.385468482971191,3.130260467529297,10.084006309509277,5.013283729553223,-4.134099006652832,15.399380683898926,0.45697927474975586,0.12548017501831055,0.6517491340637207,0.5740485191345215,-0.26329755783081055,0.21560025215148926,0.5375677347183228,False
422,-0.09830838441848755,0.2804138958454132,-0.3130110502243042,0.6110814809799194,0.29903802275657654,0.7281266450881958,-0.3035133183002472,0.19009487330913544,1.0619056224822998,-1.0014106035232544,0.2385585457086563,8.687614440917969,-9.847270965576172,15.527215957641602,1.86821711063385,4.652124404907227,-9.650481224060059,-0.895803689956665,0.06848502159118652,-0.6435346603393555,0.11807727813720703,-0.03417396545410156,-0.8063452243804932,0.4113614559173584,False
423,-0.12814700603485107,0.2735709249973297,-0.0878807082772255,0.5042563080787659,0.7051099538803101,0.6964901685714722,0.16666464507579803,-0.5851611495018005,-0.07114863395690918,-1.926985263824463,-0.9224685430526733,2.834890604019165,1.3531348705291748,3.7086806297302246,-1.621803879737854,0.5002320408821106,4.847808837890625,0.29028987884521484,0.8834772109985352,-0.19439482688903809,-0.9417691230773926,-0.6757428646087646,-0.8223893642425537,-0.6566722989082336,False
424,-0.16778194904327393,0.2958260774612427,-0.07734838128089905,0.8160070180892944,0.6631156206130981,0.6236190795898438,-0.10004281997680664,0.03585566207766533,-0.33654701709747314,-0.031370729207992554,-1.770065426826477,9.088598251342773,-6.476449012756348,4.067854881286621,3.8089497089385986,-3.841357469558716,3.485426187515259,0.4818851947784424,-0.016649961471557617,-0.9434711933135986,0.4019203186035156,-0.036379337310791016,0.921637773513794,0.2910911440849304,False
425,-0.12575191259384155,0.24095457792282104,0.35426801443099976,0.6996726989746094,0.4721936881542206,0.7106934785842896,-0.2991558611392975,0.5201312899589539,-0.38187628984451294,-0.393170028924942,-2.9306976795196533,13.372089385986328,-4.67462158203125,-7.627470970153809,2.130406379699707,10.621969223022461,-17.143842697143555,-0.3476567268371582,-0.563265323638916,-0.07853269577026367,-0.5762364864349365,0.882335901260376,-0.7523655891418457,0.801639974117279,False
426,-0.10681301355361938,0.19875499606132507,0.9154219031333923,0.3501516878604889,0.24351245164871216,0.40735816955566406,0.6090131998062134,-0.5247670412063599,0.7748339772224426,0.6602548360824585,-0.42079782485961914,10.120662689208984,-8.93137264251709,-1.6228023767471313,-7.774358749389648,-2.7292826175689697,30.340408325195312,0.3623058795928955,-0.12824583053588867,0.18795275688171387,-0.299083948135376,0.3928513526916504,0.3303556442260742,-0.6273953318595886,False
427,-0.09133487939834595,0.19830334186553955,0.9498697519302368,0.33295848965644836,0.21651074290275574,0.1277047097682953,0.8217886090278625,0.4237605631351471,0.5350587368011475,1.1690019369125366,0.7990736365318298,-1.9371988773345947,0.7287339568138123,1.3614537715911865,-7.677250385284424,25.60015296936035,-23.597536087036133,-0.8566901683807373,0.4466414451599121,0.90777587890625,-0.4893767833709717,-0.8041863441467285,-0.6615855693817139,-0.2873082160949707,False
428,-0.07354778051376343,0.3270372152328491,0.6543184518814087,0.27573293447494507,0.6391239166259766,0.3185729384422302,0.32751819491386414,0.14404547214508057,-1.266377568244934,0.7089042663574219,4.685348033905029,-14.466453552246094,4.398613452911377,11.540505409240723,4.2622880935668945,-14.181400299072266,-7.45024299621582,0.1756906509399414,0.3951869010925293,0.36680173873901367,-0.34858179092407227,-0.5267159938812256,-0.5073187351226807,-1.2109205722808838,False
429,-0.06687253713607788,0.45981916785240173,-0.03595102205872536,0.8220419883728027,0.6917519569396973,0.6145132184028625,-0.1569717973470688,-0.4689740240573883,-1.6378899812698364,-0.5912175178527832,0.40192219614982605,-5.986861705780029,4.44244384765625,-1.1213104724884033,5.781106948852539,-6.492395877838135,-15.03665828704834,-0.35028958320617676,0.3006770610809326,0.8786895275115967,0.2954216003417969,-0.5176243782043457,-0.37031078338623047,-0.91661137342453,False
430,-0.05307966470718384,0.666970431804657,-0.3800949454307556,0.7362879514694214,0.7901669144630432,0.7178926467895508,-0.999874472618103,-0.20534200966358185,-1.6583869457244873,-0.5179157853126526,4.69362211227417,-4.966042518615723,-4.90203857421875,-3.9520890712738037,0.646560788154602,-14.432918548583984,3.749406337738037,-0.9169492721557617,0.4428086280822754,0.00938105583190918,-0.6532244682312012,0.8394112586975098,-0.9185469150543213,-0.5602923631668091,False
431,-0.05175173282623291,0.7767101526260376,-0.5330616235733032,0.6418051719665527,0.4971398711204529,0.5218531489372253,-1.092098593711853,-0.46724069118499756,1.0292198657989502,0.9233599901199341,3.176264762878418,-3.4013428688049316,1.7216614484786987,-8.549071311950684,-12.09067440032959,-3.5271975994110107,15.472468376159668,-0.362255334854126,-0.9073653221130371,-0.25972867012023926,0.2217261791229248,-0.3129594326019287,-0.8357305526733398,-0.3748173117637634,False
432,-0.04678213596343994,0.8536449670791626,-0.43152135610580444,0.30771496891975403,0.26970887184143066,0.2995554506778717,-1.1845402717590332,-0.4323759078979492,0.7670820355415344,-0.38122063875198364,0.8208139538764954,1.015938401222229,-8.747528076171875,-2.2965848445892334,-1.3696576356887817,3.2158360481262207,-12.955883026123047,0.7420244216918945,-0.876279354095459,-0.6787796020507812,-0.01762700080871582,0.8380491733551025,-0.4933171272277832,0.367518812417984,False
433,-0.03376197814941406,0.8617169857025146,0.07547786831855774,-0.5171091556549072,0.03816123679280281,0.08075582981109619,-1.0309616327285767,-0.4060613811016083,0.6464693546295166,0.6105390787124634,-0.016983220353722572,15.079421997070312,-20.984203338623047,-6.653765678405762,-5.4967942237854,8.578324317932129,-3.7995364665985107,0.897524356842041,-0.665778398513794,0.7478868961334229,-0.6318974494934082,-0.5357060432434082,0.14847397804260254,-0.3292994797229767,False
434,-0.06377506256103516,0.7152053117752075,0.35057932138442993,-0.6334065198898315,-0.4064536988735199,0.13254888355731964,-1.0715548992156982,-0.32083600759506226,-2.980290651321411,-0.49484163522720337,-4.827931880950928,9.34886360168457,-0.2258324921131134,-7.5857744216918945,3.271991491317749,-4.770160675048828,4.948076248168945,0.9774396419525146,0.9936065673828125,0.30550622940063477,-0.5293395519256592,-0.5705595016479492,-0.9257864952087402,-0.32129791378974915,False
435,-0.07491141557693481,0.5930885076522827,0.6021534204483032,-0.6440563201904297,-0.23253174126148224,0.058175716549158096,-1.091478705406189,-0.5443422794342041,-0.33440452814102173,-1.3077454566955566,-3.8485822677612305,6.031144142150879,0.9358556270599365,4.979009628295898,1.3058578968048096,-0.4194726347923279,-11.081353187561035,0.6031157970428467,-0.8021209239959717,-0.9974503517150879,0.9399864673614502,0.4511890411376953,0.9768080711364746,-1.1980785131454468,False
436,-0.12734895944595337,0.38496309518814087,1.0820791721343994,-0.6683059930801392,-0.31235435605049133,-0.029995610937476158,-1.091434359550476,-0.055620260536670685,1.599185824394226,-0.479184091091156,-0.9448836445808411,-7.48176908493042,15.879944801330566,-8.629256248474121,-3.7631778717041016,-0.8427748680114746,16.054704666137695,-0.5605208873748779,0.5611996650695801,0.22006869316101074,-0.36449503898620605,0.5448524951934814,-0.7221074104309082,-2.3516783714294434,False
437,-0.15654557943344116,0.2709449231624603,0.8434303998947144,-0.07436341792345047,-0.403198778629303,-0.33946382999420166,-0.5456520318984985,0.011530879884958267,-1.1442248821258545,-0.2642002999782562,-1.4839049577713013,-7.850951194763184,15.991561889648438,-2.3934576511383057,-11.059956550598145,20.42182159423828,-9.960984230041504,0.6883597373962402,0.37784576416015625,-0.13615965843200684,0.09777617454528809,-0.07030820846557617,0.7476322650909424,-1.2692368030548096,False
438,-0.20028522610664368,0.07374223321676254,0.6094887256622314,0.6083903908729553,-0.3485617935657501,-0.310866117477417,-0.4262778162956238,0.12313096225261688,-2.0118534564971924,-0.640543520450592,-3.889240264892578,-0.11217977851629257,9.108156204223633,1.1668483018875122,2.1828768253326416,-4.304097652435303,11.457281112670898,-0.327315092086792,-0.8566460609436035,-0.2035083770751953,0.890869140625,-0.2700612545013428,-0.9167084693908691,-0.447221577167511,False
439,-0.2756369113922119,-0.1183561235666275,0.7824025750160217,0.6929967999458313,-0.16946105659008026,-0.13741837441921234,-0.4618648588657379,0.05044417083263397,-0.5663902163505554,-1.0543173551559448,-4.00335168838501,5.5604376792907715,-2.9706153869628906,5.227541923522949,9.741751670837402,-3.752760171890259,-11.023772239685059,-0.4591054916381836,-0.4659271240234375,0.4265432357788086,0.7667732238769531,0.9574015140533447,0.9426162242889404,-0.542858362197876,False
440,-0.2648070454597473,-0.12823213636875153,0.6827074885368347,0.5419211387634277,0.25545215606689453,0.0021376318763941526,-0.4776588976383209,-0.09801705926656723,-0.24806231260299683,-0.2599067986011505,-0.2652805745601654,-2.2387375831604004,-6.304316997528076,11.797510147094727,1.302327036857605,1.5491737127304077,3.7324471473693848,-0.06957793235778809,-0.3782486915588379,0.6892461776733398,0.6700658798217773,-0.7366740703582764,0.18343138694763184,-0.40712979435920715,False
441,-0.21240925788879395,-0.023214066401124,0.5744616985321045,0.13822266459465027,0.8247170448303223,0.20858308672904968,-0.9187479019165039,0.38603243231773376,0.6490724086761475,-0.4506038725376129,2.0988967418670654,-2.3282506465911865,0.19864147901535034,-9.594417572021484,6.2056803703308105,-13.098213195800781,12.763370513916016,-0.445969820022583,0.8581199645996094,0.9875800609588623,0.8351407051086426,0.3053171634674072,-0.5574190616607666,-1.1617496013641357,False
442,-0.227880597114563,0.03090229257941246,0.29622989892959595,0.41485896706581116,0.417589396238327,0.6069515943527222,-1.1955265998840332,0.2605714499950409,-0.878507673740387,0.32906782627105713,0.8739491105079651,-9.131518363952637,9.258164405822754,-3.0848987102508545,5.872631549835205,3.6494293212890625,-14.749889373779297,-0.2965841293334961,-0.05656933784484863,-0.5230724811553955,0.9134588241577148,0.9449896812438965,0.5657351016998291,-1.2132680416107178,False
443,-0.2658381164073944,0.028376201167702675,-0.08853579312562943,0.8137238621711731,0.20298738777637482,0.7126984596252441,-0.7213189601898193,-0.253775030374527,-1.6806108951568604,-0.020839758217334747,-0.6150786280632019,-7.858185291290283,9.445343017578125,-6.368836402893066,0.6911161541938782,11.875576972961426,-6.022638320922852,-0.6236245632171631,-0.27526307106018066,-0.6563212871551514,0.655846357345581,-0.760850191116333,0.12170553207397461,-0.33432772755622864,False
444,-0.25546756386756897,0.10535907000303268,-0.3632980287075043,0.673512876033783,0.11564049869775772,0.7336910963058472,-0.6859244704246521,-0.21943114697933197,-0.12662838399410248,1.3111939430236816,2.0974886417388916,-5.8825483322143555,-3.3680057525634766,-3.240478038787842,0.21361494064331055,-6.2195940017700195,5.675019264221191,0.8370475769042969,0.8848326206207275,0.48317933082580566,-0.5014207363128662,-0.02388310432434082,0.5604207515716553,-1.0294398069381714,False
445,-0.21610364317893982,0.0930362194776535,-0.39343032240867615,0.46882426738739014,-0.022599030286073685,0.5805956721305847,-0.9559952616691589,0.3931829631328583,0.45350661873817444,1.409788727760315,-0.8862293362617493,-2.781940460205078,2.051468849182129,-4.852031230926514,-3.586108684539795,-7.152017593383789,17.174209594726562,-0.6982488632202148,0.4584832191467285,0.3398439884185791,0.28783249855041504,-0.8801779747009277,0.8647646903991699,-0.7948416471481323,False
446,-0.22208967804908752,0.0403088741004467,-0.5419774055480957,0.5575255751609802,-0.1305655688047409,0.6972070336341858,-1.2472374439239502,0.29275739192962646,0.10344508290290833,0.8639612197875977,-0.3811326324939728,-1.2143996953964233,1.9375478029251099,-3.030609369277954,3.719881534576416,-13.124971389770508,3.066209554672241,0.04526877403259277,0.3697032928466797,-0.060092926025390625,0.07445025444030762,0.2529141902923584,0.8486392498016357,-0.11420609056949615,False
447,-0.2040339708328247,-0.10187621414661407,-0.36751967668533325,0.6443072557449341,-0.3781796097755432,0.5671977996826172,-1.0744149684906006,0.4002261161804199,-1.0945247411727905,-0.5316365361213684,-4.558182716369629,4.2242207527160645,2.7369515895843506,-4.909493923187256,1.0868690013885498,-0.49181097745895386,10.436017036437988,0.8293983936309814,-0.21207833290100098,0.9806485176086426,-0.9169571399688721,-0.5124392509460449,-0.9925429821014404,-0.3006364405155182,False
448,-0.178460955619812,-0.15629316866397858,-0.16724076867103577,0.5220996141433716,-0.40047696232795715,0.2999647259712219,-0.7994971871376038,0.33881381154060364,0.026371847838163376,2.2944352626800537,0.48010626435279846,5.351109504699707,-5.415380477905273,1.7603557109832764,-5.941208362579346,5.3163299560546875,-9.28007984161377,0.75044846534729,-0.2985105514526367,0.6449668407440186,0.4912395477294922,0.17082762718200684,-0.8882169723510742,0.6073645353317261,False
449,-0.09485650062561035,-0.13352978229522705,0.14723002910614014,0.19167228043079376,-0.25049829483032227,0.224660724401474,-0.4480569660663605,-0.6150373220443726,1.9440414905548096,1.4301363229751587,-0.014926179312169552,8.223945617675781,-8.792880058288574,4.300221920013428,1.3464198112487793,-4.76433801651001,2.6096417903900146,-0.8554515838623047,0.5264079570770264,0.6942853927612305,0.1430222988128662,-0.6799745559692383,0.19492197036743164,0.5867852568626404,False
450,-0.05212593078613281,-0.04981597512960434,0.1446063369512558,0.18073774874210358,-0.04715672880411148,0.23995743691921234,-1.1608177423477173,0.4691500961780548,0.8525568842887878,-0.5564401745796204,1.3138421773910522,-4.965383052825928,4.283777713775635,7.04541540145874,-4.230499744415283,16.787342071533203,-29.029098510742188,-0.38428688049316406,0.483304500579834,-0.9905412197113037,0.7872130870819092,0.4271998405456543,-0.524867057800293,0.2248237133026123,False
451,-0.01742875576019287,-0.11056260019540787,-0.09858620166778564,0.7772037386894226,-0.16899053752422333,0.42004749178886414,-0.931448221206665,-0.38968920707702637,0.25762444734573364,-1.6934255361557007,0.03550764545798302,-6.8402791023254395,14.681899070739746,-7.6550679206848145,-0.7987873554229736,-9.908940315246582,28.060585021972656,-0.8925831317901611,-0.6094696521759033,-0.12498879432678223,-0.09832429885864258,-0.07671213150024414,0.9916591644287109,0.3182675242424011,False
452,0.0012192726135253906,0.016088338568806648,-0.35517609119415283,0.7755716443061829,-0.07023657113313675,0.21518829464912415,-0.9037046432495117,0.24176308512687683,0.7895357608795166,2.136861562728882,-0.545045018196106,-3.8912224769592285,-2.3190877437591553,4.822675704956055,0.5057072639465332,15.19095516204834,-20.50577735900879,0.7798736095428467,-0.12628817558288574,0.8018898963928223,0.32935380935668945,0.697155237197876,-0.8873753547668457,0.40790826082229614,False
453,0.030286848545074463,0.010388098657131195,-0.24429312348365784,0.3037055432796478,0.35055845975875854,-0.0008957133977673948,-0.0689912810921669,-0.2395903468132019,1.2075213193893433,1.5297272205352783,2.8535239696502686,0.42855849862098694,-7.156566619873047,7.361358165740967,-8.02367115020752,4.606227874755859,23.204933166503906,0.04564237594604492,0.7138662338256836,0.07163739204406738,0.8441047668457031,0.8205091953277588,0.2805898189544678,0.5488021373748779,False
454,-0.00012540817260742188,-0.12048786878585815,-0.14476346969604492,0.15388338267803192,0.6361182332038879,0.12374930828809738,0.2564631402492523,0.5238267779350281,1.4540935754776,-0.42298054695129395,-0.9084365963935852,-5.017158031463623,6.57245397567749,0.6736473441123962,-1.2299792766571045,22.488645553588867,-11.755417823791504,0.7081418037414551,-0.7359404563903809,0.3531181812286377,-0.9003510475158691,0.33487963676452637,0.7307944297790527,0.662041187286377,False
455,-0.030504882335662842,-0.16807952523231506,0.1830468773841858,-0.11970066279172897,0.7691618800163269,0.09479223936796188,0.8153107762336731,0.5752105116844177,1.2903146743774414,0.07207971811294556,1.8197402954101562,6.803674697875977,-3.157418966293335,-6.78187370300293,3.194540500640869,3.9233686923980713,-10.010998725891113,-0.1884770393371582,0.3915717601776123,0.4304633140563965,0.19726109504699707,-0.19182801246643066,0.9082863330841064,1.6414622068405151,False
456,-0.04500162601470947,-0.014721688814461231,0.11246588826179504,0.07355910539627075,0.5196816921234131,0.3540651202201843,0.6177843809127808,0.30571645498275757,0.20763613283634186,-0.9001153707504272,1.2846211194992065,2.7599589824676514,0.6762663125991821,-1.3381086587905884,7.133349418640137,-11.182299613952637,8.267863273620605,-0.14353466033935547,0.7382776737213135,0.5192184448242188,-0.5363898277282715,0.3970940113067627,0.04087018966674805,0.5478833913803101,False
457,-0.07411277294158936,0.09734000265598297,0.009457571431994438,0.40193650126457214,0.4749923348426819,0.27687814831733704,0.6423722505569458,0.4613131284713745,0.9149408936500549,-1.4326425790786743,1.5267833471298218,-6.479176998138428,11.352892875671387,0.8746793866157532,-3.142216205596924,9.014660835266113,-6.019633769989014,0.31147193908691406,-0.2595353126525879,-0.23368334770202637,0.0998239517211914,-0.9202802181243896,0.21392345428466797,0.4086509644985199,False
458,-0.14254140853881836,0.20693258941173553,-0.10316973179578781,0.7063316702842712,0.5011324286460876,0.35251736640930176,0.48822474479675293,0.5050312280654907,1.4689536094665527,-1.0232324600219727,2.9645187854766846,0.984921932220459,2.4521801471710205,-0.4320005774497986,2.2883665561676025,-4.809295177459717,-7.472417831420898,0.3954482078552246,-0.9462888240814209,-0.16030406951904297,-0.1704423427581787,-0.06336855888366699,0.7716758251190186,1.2959777116775513,False
459,-0.17896878719329834,0.2824733555316925,0.28048598766326904,0.39050382375717163,0.6106247305870056,0.5446456670761108,0.20741677284240723,0.4854324460029602,2.1325502395629883,-0.035526663064956665,1.435892939567566,8.228638648986816,-8.067584037780762,2.3718059062957764,4.3183207511901855,-0.6101105213165283,-4.494607448577881,0.9857313632965088,-0.21592378616333008,-0.6665918827056885,0.3215157985687256,0.34449005126953125,0.9898486137390137,1.417008876800537,False
460,-0.23550689220428467,0.23946577310562134,1.0531880855560303,-0.20495089888572693,0.5093438029289246,0.6949197053909302,0.3525253236293793,0.5004636645317078,2.0011231899261475,-1.4900033473968506,-1.6185718774795532,21.4495906829834,-15.046871185302734,-6.098265171051025,-0.8300451040267944,6.497646331787109,2.933453321456909,0.3841538429260254,-0.5532486438751221,-0.9353561401367188,0.9307475090026855,-0.007520198822021484,-0.7150058746337891,0.04769960045814514,False
461,-0.28175222873687744,0.3691721260547638,0.9106773734092712,-0.1610647588968277,0.2576429545879364,0.676885187625885,0.6772566437721252,0.1019478291273117,-0.5217297077178955,-0.7737619280815125,2.6097707748413086,1.9801286458969116,-6.254333972930908,-5.028777122497559,-1.8488965034484863,9.82741928100586,-14.45259952545166,0.2311551570892334,0.31545472145080566,0.7938375473022461,-0.8435912132263184,0.8151075839996338,-0.6799273490905762,0.6634892225265503,False
462,-0.35344016551971436,0.6131445169448853,0.606143593788147,-0.13608163595199585,0.1166767030954361,0.6034802198410034,0.820576548576355,-0.5601482391357422,-1.8634411096572876,-1.619105577468872,4.299665927886963,-6.583985328674316,-0.6201038956642151,2.370241403579712,-0.20447693765163422,4.439438343048096,-13.501075744628906,-0.3686559200286865,0.40560173988342285,-0.3223233222961426,-0.6230199337005615,0.8697044849395752,0.12444114685058594,-0.1746036410331726,False
463,-0.3267117142677307,0.7044519782066345,0.2689374089241028,0.10085493326187134,0.037033647298812866,0.5829573273658752,0.8950938582420349,-0.021486813202500343,1.1018749475479126,0.3710002899169922,0.10277502238750458,-6.147297382354736,6.454950332641602,-3.0588910579681396,1.9934041500091553,-5.9593505859375,18.580976486206055,-0.41901254653930664,0.09243631362915039,-0.9956903457641602,0.18956851959228516,0.2969381809234619,0.7409100532531738,-1.023146390914917,False
464,-0.30382487177848816,0.7625635266304016,-0.1575951725244522,0.6180431246757507,-0.3989344537258148,0.6267052888870239,0.9195936322212219,0.25771385431289673,0.3104202449321747,-0.3632237911224365,-0.31236380338668823,-11.464823722839355,16.171640396118164,-13.482007026672363,7.9693756103515625,-0.9423071146011353,-9.2982759475708,-0.1240239143371582,-0.34395456314086914,-0.03760886192321777,-0.8470194339752197,0.15873956680297852,0.5224876403808594,-0.12956930696964264,False
465,-0.24863201379776,0.7904762029647827,-0.5632680058479309,0.7079981565475464,-0.0621592253446579,0.5690385103225708,0.8427901268005371,0.4479207992553711,0.2506963312625885,3.133110761642456,-0.04246685653924942,-3.1613945960998535,-3.6629130840301514,8.417911529541016,-2.4900851249694824,0.7772682905197144,7.3880295753479,0.506657600402832,0.8442153930664062,0.2355663776397705,0.26444411277770996,0.8351316452026367,0.1021583080291748,0.4308869242668152,False
466,-0.2265028953552246,0.723418653011322,-0.5029595494270325,0.5739572048187256,0.11249649524688721,0.5767119526863098,0.8361676931381226,0.4013209044933319,-0.11257089674472809,0.5795169472694397,-1.118666172027588,4.3013014793396,-1.4352060556411743,-0.27769002318382263,0.4083198010921478,0.934867262840271,-6.977877616882324,0.5282196998596191,-0.772118330001831,-0.0691068172454834,0.3395991325378418,-0.8081569671630859,-0.8670368194580078,1.0484555959701538,False
467,-0.20263707637786865,0.6712190508842468,-0.011238514445722103,0.11926744878292084,0.1836412250995636,0.6952205896377563,0.7637641429901123,-0.2248067706823349,1.7889541387557983,-0.8338326215744019,-0.9548713564872742,13.230423927307129,-15.128695487976074,3.101138114929199,1.925668478012085,-1.9715771675109863,-17.07951545715332,0.34229445457458496,0.13803911209106445,-0.4897730350494385,-0.2819955348968506,0.47204089164733887,0.39833688735961914,0.9289452433586121,False
468,-0.20929372310638428,0.5877137184143066,0.5462012887001038,-0.38487690687179565,0.10240347683429718,0.6394612789154053,0.6515173316001892,-0.1965760737657547,1.7068177461624146,-0.7933304905891418,-2.493910789489746,10.598213195800781,-7.216435432434082,-4.987409591674805,-4.074581623077393,-3.2879040241241455,15.140430450439453,0.3318459987640381,-0.06668734550476074,0.2744767665863037,0.07098078727722168,-0.4894063472747803,-0.07140278816223145,0.7983576059341431,False
469,-0.2517775893211365,0.5090572834014893,1.0769649744033813,-0.7568843364715576,-0.06027132272720337,0.5381555557250977,0.2737298011779785,0.5530771613121033,0.25496867299079895,-0.845730185508728,2.36141037940979,-10.217005729675293,11.57275104522705,-4.127457141876221,-1.9687707424163818,-8.662332534790039,11.321137428283691,0.710336446762085,-0.9164721965789795,-0.44254136085510254,0.520883321762085,0.309283971786499,0.07166123390197754,-0.2823832333087921,False
470,-0.24508130550384521,0.48728707432746887,1.0542694330215454,-0.7137004733085632,-0.1436520665884018,0.6903333067893982,0.4494880139827728,0.031210914254188538,0.42202192544937134,0.458310067653656,1.1740812063217163,-3.670614004135132,0.4356074035167694,-1.3096401691436768,-1.2421027421951294,6.310948848724365,-9.197001457214355,0.806441068649292,-0.23848295211791992,-0.6336548328399658,-0.17380309104919434,-0.058994293212890625,0.5394330024719238,-0.254702091217041,False
471,-0.23910796642303467,0.46646103262901306,1.037290096282959,-0.7417382001876831,-0.35375550389289856,0.6714749336242676,0.6448796391487122,0.003622771706432104,-0.034689996391534805,0.4310992658138275,0.8448273539543152,-0.3805099129676819,1.0687919855117798,-8.771772384643555,-2.502058744430542,1.7336307764053345,6.654736518859863,0.19670772552490234,0.13720488548278809,0.8212282657623291,-0.30881404876708984,0.02728581428527832,0.8716223239898682,-0.09077775478363037,False
472,-0.2469712793827057,0.46124887466430664,0.9807645678520203,-0.7592320442199707,-0.2818642854690552,0.5442432165145874,0.7250986695289612,0.45037662982940674,-0.5559343695640564,0.7423664331436157,0.397594153881073,-2.243711471557617,1.9859588146209717,3.9228408336639404,-2.8373188972473145,13.767817497253418,-17.448963165283203,-0.6005558967590332,-0.21535062789916992,-0.6694691181182861,0.5040175914764404,0.7455077171325684,-0.6893558502197266,-0.4135226607322693,False
473,-0.31171494722366333,0.493193119764328,0.7479814291000366,-0.5449044108390808,-0.24884995818138123,0.7215017080307007,0.7411031723022461,-0.3315888047218323,-0.7335383892059326,-0.7311953902244568,1.6233296394348145,-5.360958576202393,5.597240447998047,-3.0845067501068115,4.178772926330566,0.03231430798768997,-21.04681396484375,0.16846227645874023,0.06010746955871582,-0.28048181533813477,0.6505601406097412,0.8422176837921143,0.18074774742126465,-0.50670325756073,False
474,-0.3651653826236725,0.48758506774902344,0.5251320600509644,-0.30385053157806396,-0.37899550795555115,0.6780381202697754,0.7105260491371155,-0.016112858429551125,0.3054196834564209,-1.022402286529541,-0.7585673332214355,-4.362411975860596,5.974807262420654,-4.382558345794678,-2.101273536682129,2.7535078525543213,13.661659240722656,-0.35349440574645996,0.6531367301940918,0.48251914978027344,-0.3838996887207031,0.9403653144836426,-0.2832207679748535,-0.3735101521015167,False
475,-0.40016505122184753,0.45533889532089233,0.23140443861484528,-0.018423696979880333,-0.2006126344203949,0.6257029175758362,0.8436413407325745,0.4797024726867676,-0.3754212558269501,-2.0369997024536133,-0.31952428817749023,-8.180231094360352,6.963931083679199,6.875810146331787,-2.4794061183929443,2.377253532409668,8.313304901123047,-0.038083791732788086,-0.7435815334320068,0.2724885940551758,-0.1542353630065918,0.30158281326293945,0.590923547744751,-0.09817522019147873,False
476,-0.44503769278526306,0.4619331359863281,-0.05287490785121918,0.06371422111988068,0.26609569787979126,0.6919941306114197,0.8511521816253662,0.4995584487915039,0.27230972051620483,0.009031927213072777,0.15120235085487366,-3.789231300354004,-0.26305392384529114,9.134232521057129,-0.30764707922935486,1.3254302740097046,0.6280302405357361,-0.47922754287719727,0.5911350250244141,-0.26270127296447754,0.27069091796875,0.8899636268615723,-0.3460090160369873,-0.1302146166563034,False
477,-0.42050617933273315,0.48901763558387756,-0.46084046363830566,0.44639378786087036,0.4358019530773163,0.7203728556632996,0.8934289216995239,0.3589690029621124,-0.4288807809352875,-0.8272626996040344,-0.4709385335445404,-8.374995231628418,9.477072715759277,1.450684666633606,2.311415910720825,-2.5561177730560303,-2.533254861831665,0.7108860015869141,-0.9241037368774414,0.9194955825805664,0.14563655853271484,0.9555933475494385,-0.8764581680297852,0.32892468571662903,False
478,-0.3732297122478485,0.5718775391578674,-0.47923988103866577,0.19005604088306427,0.8515791296958923,0.6554087996482849,0.8797714114189148,-0.10513055324554443,1.4333831071853638,0.7351205945014954,2.703828811645508,4.697357654571533,-10.266565322875977,2.6045284271240234,-2.507908582687378,0.6480177044868469,-15.042171478271484,-0.6878104209899902,-0.6424119472503662,0.351759672164917,0.282958984375,-0.8493366241455078,-0.8585536479949951,0.36291229724884033,False
479,-0.3367408514022827,0.7033273577690125,-0.26732176542282104,-0.2151649445295334,0.5434264540672302,0.7001197934150696,0.44211745262145996,-0.32429617643356323,0.7205343246459961,2.3226587772369385,3.162454128265381,2.645202398300171,-10.179067611694336,-1.1755343675613403,-1.4392637014389038,-13.776344299316406,12.937858581542969,-0.820284366607666,-0.26958417892456055,-0.648608922958374,-0.3482670783996582,-0.9805493354797363,-0.09604549407958984,-0.00783662497997284,False
480,-0.2036692500114441,0.8279613852500916,-0.2868548333644867,-0.5857990980148315,0.40732645988464355,0.7058624625205994,-0.17874135076999664,0.3331952691078186,-0.08406659960746765,3.2174432277679443,2.972301959991455,-3.9188108444213867,-4.505882263183594,-4.503403663635254,-1.5453380346298218,-10.989363670349121,13.977704048156738,-0.9664053916931152,-0.344207763671875,0.22069954872131348,0.4354820251464844,-0.4228847026824951,-0.18166589736938477,-0.7303901314735413,False
481,-0.07367813587188721,0.982121467590332,-0.555163562297821,-0.799086332321167,0.31867921352386475,0.7244619727134705,-0.49892866611480713,0.23074017465114594,-0.652357816696167,1.7644339799880981,0.8822890520095825,4.074566841125488,-11.989692687988281,0.005438327789306641,1.229452133178711,-3.5499095916748047,-9.727437019348145,-0.8639647960662842,0.93276047706604,0.22383379936218262,-0.8007004261016846,0.24939799308776855,0.8770108222961426,0.44004157185554504,False
482,0.04791361093521118,1.038419246673584,-0.5389145612716675,-0.7553645372390747,-0.09512600302696228,0.4139196276664734,-0.4572916328907013,0.28126269578933716,0.5437130928039551,1.8495482206344604,-0.6435216665267944,4.724031925201416,-2.134532928466797,-6.657248020172119,-6.6702046394348145,2.491612672805786,8.546704292297363,0.3333919048309326,0.607940673828125,-0.22145390510559082,-0.4884605407714844,0.09656357765197754,0.9597547054290771,0.49831831455230713,False
483,0.13461291790008545,0.9646250009536743,-0.24580150842666626,-0.7592903971672058,-0.38294991850852966,0.08092088997364044,-0.15719687938690186,0.34868282079696655,1.8219902515411377,1.6973822116851807,-1.0771148204803467,5.062066555023193,-4.555771350860596,11.498466491699219,-8.705202102661133,7.371922969818115,-2.492187023162842,-0.7396194934844971,0.14100193977355957,-0.7854011058807373,0.09397602081298828,0.38775014877319336,-0.6807305812835693,-0.02840229868888855,False
484,0.20232343673706055,0.9063612222671509,-0.21524953842163086,-0.5296370387077332,-0.24386249482631683,-0.15675005316734314,0.37035223841667175,-0.3433149456977844,0.2797049582004547,-0.3238729238510132,-2.6923751831054688,-3.797313690185547,10.559407234191895,-0.2805188298225403,-0.8601478338241577,12.142501831054688,-21.68948745727539,-0.9343178272247314,-0.6513299942016602,-0.4504122734069824,-0.4129924774169922,-0.5809569358825684,0.017729997634887695,-0.5799080729484558,False
485,0.24120193719863892,0.9069061875343323,-0.4534476101398468,-0.13074170053005219,-0.2903020977973938,-0.26027289032936096,0.14734801650047302,-0.009085745550692081,-1.420621395111084,0.9700153470039368,1.9972505569458008,-5.654626369476318,5.518470764160156,-0.6071051955223083,-3.609030246734619,-10.67146110534668,16.874427795410156,0.4031496047973633,-0.05237293243408203,0.06142377853393555,-0.6419918537139893,-0.3725087642669678,0.8853304386138916,-0.07595719397068024,False
486,0.24105268716812134,0.9715878367424011,-0.5138562321662903,-0.15530525147914886,-0.23509694635868073,-0.43465402722358704,-0.10734250396490097,0.20792119204998016,0.47958195209503174,0.749923825263977,2.7881529331207275,0.7991378307342529,-2.97308611869812,-0.3745305836200714,-3.451500177383423,2.471837282180786,-15.971375465393066,0.24402594566345215,-0.9186182022094727,0.448671817779541,-0.5603482723236084,0.004178047180175781,0.6220409870147705,0.2885395288467407,False
487,0.2769191861152649,1.033996820449829,-0.135928213596344,-0.8377726674079895,0.094523124396801,-0.5777088403701782,-0.1779179573059082,-0.016090713441371918,0.7626278400421143,0.19774410128593445,2.151559591293335,8.373148918151855,-19.938079833984375,11.53297233581543,-4.6852545738220215,-3.1911613941192627,3.333841323852539,0.22037458419799805,-0.05457043647766113,0.3877139091491699,-0.6026849746704102,-0.8136980533599854,-0.10746359825134277,-0.8513041138648987,False
488,0.2629254460334778,1.0387845039367676,-0.2564881145954132,-0.45240482687950134,0.04526865482330322,-0.6474605798721313,-0.576248049736023,0.2674688398838043,-0.5419747829437256,-0.793651819229126,-0.32874420285224915,0.059886276721954346,5.605190277099609,0.928637683391571,-2.7698488235473633,-9.584444046020508,7.572013854980469,0.3988006114959717,-0.26619410514831543,0.46292948722839355,0.4618494510650635,-0.10111880302429199,0.059098243713378906,-0.12266474217176437,False
489,0.22043806314468384,1.0637409687042236,-0.18279564380645752,-0.40670695900917053,0.2636266052722931,-0.6354162693023682,-1.1186225414276123,0.4988774061203003,-0.3596966862678528,-1.7318625450134277,-1.7972960472106934,7.403122901916504,-5.6533894538879395,8.499211311340332,3.9490339756011963,-7.377846717834473,-4.702777862548828,-0.16284584999084473,0.45876502990722656,-0.6444895267486572,-0.4879422187805176,0.3825719356536865,-0.8439548015594482,-0.10587422549724579,False
490,0.1673256754875183,1.0403801202774048,-0.08833353221416473,-0.22904151678085327,0.2744539678096771,-0.7193824648857117,-0.969871997833252,-0.36394771933555603,-1.2322273254394531,-1.5230152606964111,-1.2426308393478394,0.7259560823440552,7.0819478034973145,-3.463641881942749,-2.3835153579711914,9.290258407592773,-26.998371124267578,0.024312973022460938,0.43175435066223145,-0.29619264602661133,-0.6185998916625977,-0.935359001159668,0.6820688247680664,-0.8794636130332947,False
491,0.062327802181243896,1.0329558849334717,-0.1427895575761795,0.2652716040611267,-0.03598830848932266,-1.063742995262146,-1.1708221435546875,0.13981153070926666,-1.566799283027649,-2.364353656768799,-0.7118331789970398,1.404363751411438,9.600208282470703,-7.515341281890869,-13.472334861755371,6.318410873413086,15.261873245239258,-0.4037153720855713,0.7065629959106445,0.9124133586883545,-0.32673144340515137,0.5534956455230713,-0.5630624294281006,-1.4657059907913208,False
492,-0.026157617568969727,0.8538447022438049,-0.12570591270923615,0.7679051160812378,-0.015079342760145664,-1.0014119148254395,-0.8279304504394531,-0.003929915837943554,-0.43690741062164307,-2.198124885559082,-2.496539831161499,11.218169212341309,-20.274410247802734,21.65013885498047,-0.8888332843780518,15.543184280395508,-14.224193572998047,-0.9235434532165527,-0.9235246181488037,0.689765214920044,0.821835994720459,-0.8910906314849854,0.9010841846466064,0.3431929051876068,False
493,-0.06759870052337646,0.8025220632553101,0.01894383132457733,0.20343616604804993,0.8717634081840515,-0.5968274474143982,-1.2909529209136963,0.29876402020454407,-0.32988807559013367,-1.3979525566101074,-3.740708827972412,5.6150617599487305,-2.6456069946289062,-8.572430610656738,11.713469505310059,-17.966327667236328,17.45261573791504,0.9634370803833008,-0.06159496307373047,0.775829553604126,-0.45787763595581055,0.660527229309082,0.9151520729064941,-1.1788334846496582,False
494,-0.07539516687393188,0.6359291076660156,0.5029867887496948,-0.006420563440769911,0.10057205706834793,-0.8236641883850098,-0.658955991268158,0.4506605565547943,0.35789918899536133,1.4267982244491577,-2.5824601650238037,5.715662002563477,-2.572723150253296,-10.238821983337402,-1.1510742902755737,10.731963157653809,-9.70878791809082,-0.3837757110595703,0.8081846237182617,-0.011318206787109375,0.12535834312438965,0.6089050769805908,0.6112878322601318,-2.029661178588867,False
495,0.004957079887390137,0.38171011209487915,0.6429606080055237,0.1202683225274086,-0.32160964608192444,-0.7905955910682678,-0.3536001443862915,0.3979943096637726,-2.8158631324768066,2.4841196537017822,-2.3281750679016113,1.3541202545166016,4.251435279846191,-9.135974884033203,-7.384211540222168,10.847359657287598,3.3886146545410156,0.41986775398254395,-0.1251215934753418,0.3163337707519531,-0.6603326797485352,0.42914581298828125,0.6105940341949463,-2.028130531311035,False
496,0.05011940002441406,0.16549240052700043,0.8148858547210693,0.07761350274085999,-0.30973485112190247,-0.9759588837623596,0.21728891134262085,0.4274901747703552,-1.4643772840499878,2.1559691429138184,-3.6634349822998047,0.49777132272720337,1.4023685455322266,2.0623366832733154,0.11186006665229797,7.904325485229492,-1.6095640659332275,0.9949109554290771,0.5477190017700195,0.640711784362793,0.16283655166625977,-0.8181860446929932,0.8635382652282715,-1.3633846044540405,False
497,0.07766592502593994,-0.041101422160863876,1.123550534248352,-0.11809419840574265,-0.06839410215616226,-0.8437058925628662,0.316893070936203,0.47366559505462646,-0.8093409538269043,-0.34266382455825806,-1.0017138719558716,-1.0066238641738892,-0.2705429494380951,7.569772243499756,-0.8338383436203003,-2.403282880783081,4.875839710235596,0.959080696105957,-0.7357020378112793,-0.43093371391296387,-0.16524887084960938,0.15657377243041992,-0.8760690689086914,-2.282954216003418,False
498,0.11118543148040771,-0.15550200641155243,1.0447652339935303,-0.1313498467206955,0.2555149495601654,-0.841003954410553,0.4627241790294647,0.12123598158359528,-1.380685806274414,-0.2761911153793335,-1.650280237197876,-4.266117095947266,1.6053695678710938,3.4801833629608154,0.2410731315612793,8.758048057556152,-18.730247497558594,0.5740435123443604,-0.817192554473877,0.15739178657531738,0.75943922996521,-0.3170180320739746,-0.5287041664123535,-1.0193613767623901,False
499,0.1219225525856018,-0.18929742276668549,1.0524499416351318,-0.4621834456920624,0.5945418477058411,-0.6720309257507324,0.3906540870666504,-0.3958645164966583,-1.4101110696792603,0.3704715371131897,0.8656303882598877,-7.64056396484375,-4.216282844543457,10.635920524597168,3.233241558074951,-17.53367042541504,17.756694793701172,0.657503604888916,-0.5823712348937988,-0.6848189830780029,-0.08009719848632812,-0.17788124084472656,0.8601486682891846,-1.9427872896194458,False
500,0.0789533257484436,-0.17135502398014069,0.9913343787193298,-0.8075007796287537,0.6207890510559082,-0.5761921405792236,-0.3264206647872925,0.5373908281326294,-0.42746713757514954,-0.6424028873443604,0.5024223923683167,-3.9465901851654053,3.158202648162842,-13.223747253417969,0.9879510998725891,6.410874366760254,-23.138612747192383,-0.40448713302612305,0.7181193828582764,-0.1350255012512207,0.19630146026611328,-0.9153285026550293,0.6773037910461426,-2.0437192916870117,False
501,0.03469407558441162,-0.1816340684890747,0.6702819466590881,-0.32372039556503296,-0.0966193899512291,-0.341413676738739,-0.6866455674171448,0.058566588908433914,-1.9069269895553589,-1.0112857818603516,3.929741621017456,-9.994213104248047,11.95212459564209,-14.697028160095215,-1.6715232133865356,-12.502776145935059,3.5683586597442627,0.9475185871124268,0.37787652015686035,-0.26051807403564453,-0.9099371433258057,-0.6784789562225342,0.9559741020202637,-1.6832305192947388,False
502,-0.06547379493713379,-0.13693995773792267,0.4426519572734833,-0.08219844847917557,-0.3090686798095703,-0.4899267554283142,-1.128941535949707,0.36593207716941833,-2.423524856567383,-0.850807785987854,0.009544448927044868,-3.7067666053771973,3.1729302406311035,3.619607448577881,-8.489306449890137,12.240379333496094,-18.83565330505371,0.2978518009185791,-0.20844054222106934,-0.9295194149017334,0.14187026023864746,0.4906487464904785,-0.32718396186828613,-1.814773678779602,False
503,-0.11546558141708374,-0.12549276649951935,0.3199574947357178,0.044759351760149,-0.378371000289917,-0.7641314268112183,-0.6243114471435547,-0.5686271786689758,-0.13880054652690887,-0.2663900852203369,2.1577930450439453,-1.624035120010376,-3.784304618835449,6.635520935058594,-8.854327201843262,-0.8825273513793945,12.961283683776855,-0.8503761291503906,0.5828127861022949,-0.20673251152038574,-0.9746835231781006,-0.8437566757202148,-0.9791421890258789,-1.88053297996521,False
504,-0.13871973752975464,0.024912184104323387,-0.10392431169748306,0.43268993496894836,-0.3340819478034973,-0.9986656308174133,-1.0286643505096436,0.05752730742096901,-0.9973095655441284,-0.9116798639297485,0.2501562833786011,-11.475902557373047,13.011480331420898,3.1758737564086914,5.142952919006348,-12.064921379089355,1.8749372959136963,0.8371796607971191,0.1565103530883789,0.27676916122436523,0.14928770065307617,-0.9887685775756836,-0.04514145851135254,-1.1762293577194214,False
505,-0.17677056789398193,0.055349525064229965,-0.3562321066856384,0.795292317867279,-0.16926249861717224,-0.9597716927528381,-1.245535135269165,-0.0577336847782135,-2.0299904346466064,-1.1342331171035767,2.0283892154693604,-2.982767105102539,4.642361164093018,3.033538579940796,2.0918121337890625,-5.500846862792969,-4.51292610168457,0.5914614200592041,-0.6136701107025146,0.8053269386291504,-0.32720232009887695,-0.3997945785522461,-0.3266916275024414,-0.5913694500923157,False
506,-0.19405204057693481,0.08784086257219315,-0.20902715623378754,0.4890592098236084,0.3467974364757538,-0.9980074763298035,-1.108076810836792,-0.5115773677825928,-0.706051230430603,-0.019921794533729553,1.1092463731765747,7.412665367126465,-13.226231575012207,14.377338409423828,-0.30550628900527954,-7.988377571105957,9.585126876831055,0.9552264213562012,0.010802030563354492,-0.9441077709197998,-0.1564478874206543,-0.8058967590332031,0.10141897201538086,-0.04875032603740692,False
507,-0.25739386677742004,0.04699847474694252,0.5076432824134827,-0.11214040219783783,0.5113910436630249,-0.9430901408195496,-1.208644151687622,-0.21382403373718262,0.6579645872116089,-0.883540153503418,-2.5282764434814453,15.821874618530273,-5.35502290725708,-6.746750831604004,4.057247638702393,0.22862134873867035,2.5287868976593018,0.9073519706726074,-0.5628156661987305,0.012556791305541992,0.5933740139007568,-0.8288028240203857,0.2645397186279297,0.5311511158943176,False
508,-0.30279767513275146,-0.017201371490955353,1.1241986751556396,-0.26763916015625,0.22506389021873474,-0.7353147864341736,-1.199192762374878,-0.0918610543012619,0.6653479337692261,-1.4693057537078857,4.823243141174316,-9.518706321716309,9.394987106323242,-1.7314585447311401,-1.8065404891967773,0.7278479933738708,3.8671822547912598,-0.5661191940307617,-0.22343945503234863,0.7201731204986572,0.8774197101593018,-0.9592859745025635,0.9844486713409424,-1.5003596544265747,False
509,-0.33082854747772217,0.04864614084362984,0.9308218359947205,-0.2653779089450836,0.690703809261322,-0.7750258445739746,-1.1913398504257202,0.5865528583526611,0.19405630230903625,-0.11952346563339233,3.526768207550049,-7.9606709480285645,2.2267889976501465,11.072970390319824,-1.9858953952789307,6.929812431335449,4.006991863250732,0.6703622341156006,0.8190581798553467,0.16842103004455566,0.19591808319091797,-0.4035835266113281,-0.02959442138671875,-0.31754595041275024,False
510,-0.3586096167564392,0.02896450087428093,0.5704534649848938,0.28366491198539734,0.6653733849525452,-0.2941831648349762,-1.056230902671814,-0.017712822183966637,-0.2515805661678314,0.6577028036117554,-4.865225791931152,2.997753620147705,6.485742568969727,-3.5477306842803955,8.030021667480469,4.305266857147217,-7.831368446350098,0.8364970684051514,0.12627530097961426,-0.6478750705718994,0.4944033622741699,0.7732062339782715,0.24019551277160645,0.13634800910949707,False
511,-0.33029747009277344,-0.028759894892573357,0.8977248668670654,0.3350282311439514,0.3012356758117676,-0.2922879457473755,-0.36583036184310913,-0.482535719871521,0.033277757465839386,0.7522746324539185,-2.3056108951568604,5.302010536193848,4.926193714141846,-11.180577278137207,8.58449649810791,7.7860565185546875,-8.602624893188477,0.3484516143798828,-0.20639562606811523,0.6600985527038574,0.07874083518981934,-0.36348772048950195,0.7269206047058105,0.7609004378318787,False
512,-0.27885839343070984,-0.029333889484405518,1.0874918699264526,0.37009891867637634,0.1211961954832077,-0.12330219149589539,-0.35993319749832153,0.012764212675392628,0.1917199045419693,0.7379279732704163,4.6863932609558105,-4.156813621520996,-2.3259215354919434,5.962238311767578,-4.127217769622803,-4.061558723449707,21.093324661254883,0.6469602584838867,-0.7577052116394043,0.3029501438140869,0.41228580474853516,0.18193912506103516,0.6095466613769531,0.3280521631240845,False
513,-0.20987901091575623,-0.009547209367156029,1.0415880680084229,0.15366066992282867,0.5611188411712646,0.02480899542570114,-0.4291464388370514,0.1970817744731903,2.229705810546875,3.188906669616699,-0.07470083236694336,1.5097383260726929,-4.829377174377441,7.936182975769043,5.392379283905029,3.5070035457611084,-15.72626781463623,-0.2290201187133789,0.8107612133026123,-0.3786804676055908,0.8971035480499268,-0.30110645294189453,0.6522998809814453,0.5141474008560181,False
514,-0.15518718957901,-0.015950685366988182,0.972394585609436,0.17650851607322693,0.6919488906860352,0.38852596282958984,-0.6192131042480469,0.01035747118294239,0.23752087354660034,0.5573704242706299,0.9001933932304382,-2.870896816253662,3.8372416496276855,-1.9617211818695068,6.1066508293151855,-9.496720314025879,6.772948265075684,0.8207838535308838,0.494673490524292,-0.7793517112731934,0.9167087078094482,-0.6240472793579102,0.14884495735168457,0.24961447715759277,False
515,-0.1408604383468628,-0.014592602849006653,0.9655079245567322,0.5290575623512268,0.21940505504608154,0.7126336693763733,-1.1944105625152588,0.5038055777549744,-0.5712350606918335,-1.3187695741653442,1.32354736328125,-1.2157962322235107,9.792013168334961,-14.337956428527832,-4.52328634262085,-1.5965256690979004,11.122101783752441,0.06477689743041992,0.8693315982818604,0.8108983039855957,0.6431629657745361,-0.3063969612121582,0.8147704601287842,-0.10385257005691528,False
516,-0.10223627090454102,-0.06268883496522903,1.0853967666625977,0.7028597593307495,-0.002470136620104313,0.6432859897613525,-1.199086308479309,0.5046587586402893,1.1681655645370483,-0.07998089492321014,1.2331295013427734,-1.1031036376953125,-0.21810656785964966,3.5549488067626953,-7.299985885620117,1.2815749645233154,5.687911033630371,0.43119144439697266,0.591381311416626,0.6618912220001221,0.3493630886077881,0.7386596202850342,-0.35859131813049316,-0.15214787423610687,False
517,-0.09878790378570557,-0.036129433661699295,0.9742966294288635,0.7837628722190857,0.2960016131401062,0.5077968239784241,-0.8813180327415466,0.08660869300365448,0.5940409302711487,1.0555822849273682,-1.320181131362915,0.5170974135398865,1.8498815298080444,7.014166831970215,0.3529545068740845,8.887178421020508,-14.580498695373535,-0.3502366542816162,0.991499662399292,0.8201766014099121,0.018432140350341797,0.22937583923339844,-0.9422154426574707,0.5174412131309509,False
518,-0.1296108365058899,-0.06847695261240005,0.9187261462211609,0.7759549021720886,0.8410930633544922,0.40213704109191895,-0.46733003854751587,-0.31266939640045166,-0.5438547730445862,0.4144129455089569,0.050446588546037674,-4.613837718963623,8.229019165039062,0.5205550193786621,-0.2900867164134979,-5.341240406036377,17.76744842529297,-0.8119046688079834,0.10584616661071777,-0.640303373336792,-0.21617531776428223,0.9400994777679443,0.5680005550384521,0.22835707664489746,False
519,-0.17306852340698242,-0.04528002440929413,0.8620458245277405,0.811821460723877,0.5963314771652222,0.1291971355676651,-0.3010898232460022,0.5427402853965759,0.8947173357009888,-0.7176544070243835,0.7661116123199463,-1.2865351438522339,-3.9157509803771973,-2.1669042110443115,-6.513803005218506,6.433435440063477,17.601261138916016,-0.5778727531433105,-0.03497028350830078,0.7847182750701904,-0.10602903366088867,-0.21403098106384277,-0.4523355960845947,0.36101412773132324,False
520,-0.14697962999343872,-0.06930045038461685,0.8429505228996277,0.43206414580345154,0.8133725523948669,0.13595977425575256,0.23074741661548615,-0.0520145446062088,1.5409327745437622,1.8679215908050537,-4.5647101402282715,-0.754360020160675,0.1095748245716095,-3.1773788928985596,6.499290466308594,3.4646849632263184,-13.597002029418945,0.7615017890930176,-0.01987147331237793,0.9081127643585205,0.7466611862182617,-0.2552833557128906,0.14532136917114258,0.5117181539535522,False
521,-0.08930116891860962,-0.21249596774578094,1.0725833177566528,0.017145605757832527,0.7868068218231201,0.461941659450531,0.17891566455364227,-0.49446412920951843,1.837484359741211,0.3880854845046997,-1.4335944652557373,2.9992380142211914,-8.367547988891602,3.0244016647338867,5.987881660461426,-4.198217391967773,-4.731241226196289,-0.6938028335571289,-0.4753890037536621,-0.8727936744689941,0.6045844554901123,-0.5576992034912109,-0.48249030113220215,0.07811447978019714,False
522,-0.053566813468933105,-0.20606131851673126,0.9033896923065186,-0.13537156581878662,0.6701823472976685,0.6953845024108887,-0.20425431430339813,-0.47673988342285156,-0.7734226584434509,0.1279122531414032,-0.41915515065193176,-1.7036676406860352,-5.948047161102295,-3.5229318141937256,0.4477991759777069,-4.327333927154541,-0.8557537794113159,-0.5348289012908936,-0.650886058807373,-0.9194648265838623,-0.8143911361694336,-0.6056129932403564,0.07733368873596191,-0.5081468820571899,False
523,-0.016074180603027344,-0.09739787876605988,0.5676290988922119,-0.34223777055740356,0.34854307770729065,0.537915050983429,-0.5554695129394531,-0.3220008313655853,-1.7070302963256836,0.14074677228927612,5.601667881011963,-10.45630168914795,-3.4383437633514404,-8.188602447509766,-7.070807933807373,-6.617290496826172,4.291571140289307,-0.5038137435913086,-0.08887147903442383,0.4602067470550537,-0.17516446113586426,-0.8102259635925293,0.014837980270385742,-0.8206011652946472,False
524,-0.009698331356048584,0.11108871549367905,0.09973105043172836,-0.5286343693733215,0.15533028542995453,0.3934548795223236,-1.2754223346710205,0.1008647158741951,-0.45842859148979187,-0.5432398915290833,3.8677942752838135,-7.0484232902526855,-5.55546236038208,-1.1231769323349,-5.770284175872803,-10.853410720825195,7.4752373695373535,0.040691375732421875,0.04452085494995117,-0.09480929374694824,-0.10970807075500488,-0.190643310546875,0.8270328044891357,-1.2131516933441162,False
525,-0.009523332118988037,0.18281732499599457,-0.23203769326210022,-0.732439398765564,0.1064361184835434,-0.011224552057683468,-1.1788511276245117,0.3727339208126068,-0.5861263275146484,-0.32018864154815674,1.197136402130127,-10.253368377685547,-2.271475076675415,0.22547148168087006,-9.74876880645752,6.778848171234131,7.973001480102539,0.20592856407165527,0.6401593685150146,-0.11713981628417969,-0.7052862644195557,-0.9222922325134277,0.03724050521850586,-1.2992802858352661,False
526,-0.08301985263824463,0.17568014562129974,-0.5668295621871948,-0.6862629652023315,-0.12977196276187897,-0.28335508704185486,-0.981995165348053,0.3724301755428314,-0.17508023977279663,-0.787299394607544,-2.1443233489990234,-1.3888877630233765,0.4420754313468933,-7.574872016906738,-2.220350980758667,-0.279784232378006,-2.322072744369507,0.5931155681610107,0.11052441596984863,0.933293342590332,0.8171577453613281,0.7668192386627197,0.9748475551605225,-0.41582876443862915,False
527,-0.1738283634185791,0.04779690504074097,-0.5083247423171997,-0.7924764156341553,-0.27342283725738525,-0.21594347059726715,-1.0278561115264893,0.5220431089401245,-0.4067406952381134,-1.5984435081481934,-3.343564033508301,-0.10123397409915924,4.594557285308838,-3.436184883117676,3.7951183319091797,4.438801288604736,-6.0069379806518555,-0.6290867328643799,0.19418764114379883,-0.19304251670837402,-0.4581716060638428,0.596590518951416,-0.8384995460510254,-0.2332606166601181,False
528,-0.23547282814979553,-0.14338453114032745,-0.5636524558067322,-0.47687798738479614,-0.37984248995780945,-0.33246850967407227,-0.14681394398212433,-0.5385299921035767,-1.0659570693969727,-1.1104731559753418,-1.8705337047576904,-4.281121253967285,6.449739456176758,3.4728007316589355,-5.448021411895752,23.97589683532715,-30.805219650268555,0.763176441192627,0.9887182712554932,0.7339122295379639,-0.28240275382995605,-0.2702353000640869,-0.46018147468566895,-0.6171072125434875,False
529,-0.241093248128891,-0.16446803510189056,-0.5246965885162354,-0.45504191517829895,-0.11746127903461456,-0.5431146025657654,-0.12510451674461365,0.2813846468925476,0.6640247106552124,0.8337820768356323,1.124289870262146,-1.6423399448394775,0.2740216553211212,7.1320390701293945,-4.125813007354736,-0.36510658264160156,14.683167457580566,-0.3931155204772949,-0.1128380298614502,0.9603676795959473,-0.24855780601501465,0.7227835655212402,0.4608888626098633,0.27105164527893066,False
530,-0.10554623603820801,-0.11098304390907288,-0.5225894451141357,-0.7151351571083069,0.3161158561706543,-0.7987516522407532,0.3551352918148041,0.21942178905010223,-0.004455395042896271,2.1979990005493164,0.7376236915588379,2.194009780883789,-8.126850128173828,11.11953067779541,-5.327803134918213,16.374902725219727,-10.501742362976074,-0.26093411445617676,0.37707090377807617,-0.7854070663452148,-0.4886937141418457,0.3018331527709961,-0.6900515556335449,0.6659326553344727,False
531,-0.0191572904586792,-0.10666656494140625,-0.5525572896003723,-0.6207786202430725,0.3537464737892151,-0.8655641674995422,0.7569137215614319,-0.3063533306121826,1.3533097505569458,1.8741064071655273,0.12228669971227646,-0.46677568554878235,5.375336170196533,-5.937569618225098,7.191154479980469,-10.19643497467041,-4.693204879760742,-0.8150308132171631,0.07363057136535645,0.996894359588623,-0.43349289894104004,0.9102740287780762,0.2850954532623291,0.6606414914131165,False
532,0.041966378688812256,-0.04907770827412605,-0.5308557152748108,-0.6454127430915833,0.4765029847621918,-0.9557367563247681,0.7942630052566528,-0.4596969783306122,0.11865983158349991,1.4303734302520752,1.6724094152450562,-0.4189735949039459,-2.3385560512542725,8.000336647033691,-6.6441497802734375,3.1747488975524902,7.015784740447998,0.882728099822998,-0.1670370101928711,-0.8877623081207275,0.1918504238128662,-0.26277947425842285,-0.6997344493865967,0.8497370481491089,False
533,0.09675782918930054,-0.047988008707761765,-0.2732243835926056,-0.7718331217765808,0.45080211758613586,-0.9744040966033936,0.8679853081703186,-0.5275782942771912,2.1332805156707764,1.0456771850585938,-0.6561082601547241,5.060696601867676,3.490756034851074,-9.422515869140625,3.53480863571167,-1.152083396911621,-5.70170783996582,0.4968893527984619,-0.05460333824157715,0.2583901882171631,0.333096981048584,-0.2788691520690918,-0.910919189453125,1.539278268814087,False
534,0.1258273720741272,-0.14028441905975342,0.15809084475040436,-0.7764310240745544,0.16200576722621918,-0.6741499900817871,0.5709208250045776,-0.49176228046417236,2.051187753677368,0.5021085143089294,-1.0397744178771973,6.0114006996154785,1.5679291486740112,-4.342446804046631,5.147315502166748,-8.148133277893066,4.694188594818115,-0.7762508392333984,-0.2988414764404297,-0.2231464385986328,0.8812596797943115,0.6892108917236328,0.2743368148803711,1.3142071962356567,False
535,0.10598117113113403,-0.21227821707725525,0.4030136168003082,-0.6486892700195312,-0.02623436413705349,-0.4723837673664093,0.417036235332489,-0.3385162949562073,1.1116751432418823,-0.27820438146591187,-2.0119688510894775,4.08464241027832,3.7612545490264893,-3.76530122756958,2.913635730743408,0.3147040009498596,2.730484962463379,-0.8104546070098877,0.04938149452209473,0.0758049488067627,0.5836436748504639,0.05093860626220703,-0.4989500045776367,1.0720083713531494,False
536,0.07862472534179688,-0.21815472841262817,0.2483845204114914,-0.2356003373861313,-0.1892753541469574,-0.31701722741127014,0.49169331789016724,-0.5432633757591248,0.8304802775382996,-0.9481377601623535,0.48463886976242065,-6.410036087036133,10.007745742797852,-1.5887726545333862,4.358997821807861,-1.0991531610488892,-2.538041114807129,0.30118465423583984,-0.777592658996582,0.6946403980255127,-0.32325077056884766,-0.26576662063598633,-0.7495551109313965,0.790690541267395,False
537,0.044276654720306396,-0.17167671024799347,0.22474001348018646,-0.3359890282154083,0.12225604057312012,-0.25454074144363403,0.4486372470855713,-0.5126678347587585,1.2012455463409424,-0.5278737545013428,2.6837503910064697,-0.2973204553127289,-7.560494899749756,10.074227333068848,0.17176420986652374,2.477756977081299,-8.094953536987305,-0.3489401340484619,-0.6520946025848389,-0.36482977867126465,-0.9127120971679688,-0.17167186737060547,0.13444066047668457,0.8985817432403564,False
538,0.06024014949798584,0.06043930724263191,0.06010904535651207,-0.6056848168373108,0.31987303495407104,-0.47610414028167725,0.33616307377815247,-0.1479164958000183,0.6185277104377747,0.034594714641571045,3.8279213905334473,-0.12604950368404388,-8.115596771240234,2.565577983856201,-5.931922435760498,-1.8865892887115479,10.184359550476074,-0.47682785987854004,0.3815114498138428,0.7882308959960938,0.73272705078125,0.26253747940063477,-0.9777228832244873,0.7484683990478516,False
539,0.03395563364028931,0.21770985424518585,-0.15565720200538635,-0.7170325517654419,0.5427958965301514,-0.5770360231399536,0.47364476323127747,-0.4427742660045624,1.1327627897262573,-0.10458406805992126,3.129962921142578,-7.895602226257324,2.9442574977874756,5.259095191955566,0.5148457884788513,5.967279434204102,-18.25221061706543,-0.7306094169616699,0.9130887985229492,-0.9661920070648193,0.2685403823852539,0.4285421371459961,-0.4219365119934082,0.541547417640686,False
540,-0.04186791181564331,0.21582210063934326,-0.5914568901062012,-0.06974969059228897,0.32060280442237854,-0.4489229917526245,0.28230711817741394,-0.1963571310043335,1.28151273727417,-1.3503224849700928,-7.0154128074646,3.901808500289917,10.454041481018066,-10.815823554992676,9.3464994430542,-3.1431663036346436,2.487179756164551,0.2509462833404541,0.16416645050048828,-0.8575794696807861,0.6194076538085938,0.4525730609893799,0.8471872806549072,1.4049124717712402,False
541,-0.005952298641204834,0.032721493393182755,-0.4069924056529999,0.3350006937980652,-0.3987371027469635,-0.11476284265518188,0.04178498312830925,0.26300111413002014,0.893216073513031,-0.5560061931610107,-4.782848834991455,8.42141056060791,2.6334547996520996,-12.732159614562988,6.833083152770996,-4.1750593185424805,14.91067123413086,-0.7956790924072266,-0.8920891284942627,-0.4735283851623535,0.5532248020172119,-0.4855637550354004,0.6486489772796631,1.0904364585876465,False
542,0.03345680236816406,-0.04437367245554924,-0.200841024518013,0.1537146270275116,-0.2457621842622757,0.08211612701416016,0.011475100181996822,0.19683289527893066,1.3363412618637085,0.7665199041366577,-1.31561279296875,4.212906360626221,-6.292203903198242,5.124133586883545,7.396631240844727,-3.8833131790161133,-7.20360803604126,-0.7016849517822266,0.18467926979064941,0.2537519931793213,0.5961027145385742,-0.22587800025939941,-0.4808166027069092,1.044588327407837,False
543,-0.005870163440704346,-0.08468611538410187,-0.3233567178249359,0.08309643715620041,0.08410381525754929,0.4958249628543854,-0.10919559746980667,-0.438069224357605,0.894623875617981,0.5123839378356934,1.6292381286621094,-10.723432540893555,6.3728203773498535,4.435136795043945,7.524754524230957,-3.255819320678711,-16.101564407348633,0.8912827968597412,-0.01528310775756836,0.1928861141204834,0.8148794174194336,-0.8576517105102539,0.6425070762634277,0.3707117736339569,False
544,-0.06088501214981079,-0.045107848942279816,-0.3615029454231262,-0.06158025190234184,0.3538115918636322,0.7114893198013306,-0.790581226348877,0.07947389781475067,0.32531315088272095,0.12819904088974,1.0054014921188354,0.7134588360786438,-3.7772414684295654,4.065431594848633,4.9949541091918945,-21.453811645507812,22.86066246032715,-0.0284426212310791,-0.1366889476776123,-0.000209808349609375,0.4677622318267822,-0.8686320781707764,0.3356812000274658,0.7002331018447876,False
545,-0.06562924385070801,0.10172957181930542,-0.4930668771266937,-0.20681551098823547,0.4724823534488678,0.6840866804122925,-1.239600658416748,0.14733974635601044,1.2564769983291626,-0.630978524684906,1.7912501096725464,0.5899641513824463,-2.90445613861084,0.43070945143699646,1.0943259000778198,-2.642601251602173,-16.378950119018555,-0.013738393783569336,-0.08081912994384766,-0.7040767669677734,-0.6145670413970947,0.648552656173706,-0.6813712120056152,0.8037126064300537,False
546,-0.04998594522476196,0.16547763347625732,-0.40774834156036377,-0.23582015931606293,0.22022490203380585,0.3789646327495575,-1.0065542459487915,-0.2359754741191864,0.743425726890564,-0.7372352480888367,0.6338872909545898,0.9619963765144348,-0.9764755368232727,-5.7500319480896,-7.880733489990234,-1.800788402557373,19.496591567993164,-0.6252608299255371,0.9718570709228516,-0.17197728157043457,-0.2942650318145752,0.8394558429718018,0.22350811958312988,0.17861232161521912,False
547,-0.10418248176574707,0.16016803681850433,-0.5340287685394287,0.0808560699224472,-0.2127779722213745,-0.018063131719827652,-0.8046061396598816,0.4967964291572571,1.4670323133468628,0.15966111421585083,-0.4593423902988434,-2.805002450942993,12.307498931884766,-13.391401290893555,-12.383498191833496,10.53001880645752,12.364608764648438,-0.9874799251556396,-0.3892383575439453,0.12546706199645996,0.25571608543395996,-0.37759923934936523,0.20517396926879883,0.31286025047302246,False
548,-0.1781197190284729,0.10813885927200317,-0.5320154428482056,0.24981088936328888,-0.19734469056129456,-0.17568820714950562,-0.3571253716945648,0.2602701783180237,0.6287893056869507,-0.9069251418113708,-1.2245804071426392,-1.6267822980880737,0.2620428800582886,8.683804512023926,4.214200496673584,-2.185270071029663,-1.0703458786010742,-0.9029684066772461,-0.6581945419311523,0.019771814346313477,0.9226038455963135,0.3209249973297119,-0.14348292350769043,0.6290544271469116,False
549,-0.1732286810874939,0.041864581406116486,-0.5446495413780212,0.1831047385931015,0.11324658989906311,0.13170401751995087,-0.524729311466217,0.04449782520532608,-0.054943375289440155,1.6570950746536255,2.247192859649658,-6.90316104888916,4.918498992919922,1.4055408239364624,3.201414108276367,-1.337010145187378,-7.926274299621582,0.5308868885040283,-0.21741056442260742,-0.7592673301696777,-0.7749969959259033,0.46802639961242676,-0.7720232009887695,0.46355316042900085,False
550,-0.09266543388366699,0.07586327940225601,-0.24727675318717957,-0.035805992782115936,-0.08063067495822906,-0.023394441232085228,-0.11845972388982773,-0.4532671272754669,0.8873016238212585,1.3811366558074951,-0.22656671702861786,8.92900276184082,-6.727146625518799,-6.303371906280518,-3.6621224880218506,-3.22387957572937,21.036479949951172,0.7691214084625244,0.4082314968109131,-0.9472229480743408,-0.32153892517089844,0.5914239883422852,0.18204760551452637,0.344178169965744,False
551,-0.06162130832672119,0.03472978249192238,0.22081828117370605,-0.35206910967826843,-0.3577045202255249,-0.2627156376838684,0.10532134026288986,0.33141350746154785,1.526502251625061,0.7343895435333252,-1.8185415267944336,11.706555366516113,-13.139167785644531,10.599496841430664,-8.054916381835938,10.217304229736328,14.017841339111328,0.8834295272827148,0.588690996170044,-0.1535625457763672,0.9869773387908936,0.7691922187805176,-0.1447916030883789,0.9273361563682556,False
552,-0.049619436264038086,-0.1484454721212387,0.9706586599349976,-0.6884076595306396,-0.35452038049697876,-0.31901615858078003,0.8003177642822266,0.24347183108329773,2.970959186553955,-0.6643180847167969,-5.509578704833984,14.054191589355469,-0.3474932909011841,-6.543572902679443,3.1608738899230957,17.161834716796875,-11.892309188842773,-0.00849604606628418,-0.6915996074676514,0.13048791885375977,0.8155872821807861,0.39566850662231445,-0.30797624588012695,1.4679328203201294,False
553,-0.03404945135116577,-0.14604820311069489,1.0724351406097412,-0.6411882042884827,-0.24112625420093536,0.10447588562965393,0.648483395576477,0.02389034442603588,0.4593851864337921,0.46771860122680664,1.7140086889266968,1.3686563968658447,-4.820195198059082,9.161893844604492,4.735721111297607,-2.2994890213012695,-5.647747039794922,-0.1117863655090332,-0.5383141040802002,0.5628619194030762,-0.5259037017822266,0.5163404941558838,0.434276819229126,1.0045156478881836,False
554,0.003967940807342529,0.03120662458240986,0.79082852602005,-0.729250967502594,0.3093838691711426,0.03728697821497917,0.8267523646354675,-0.12495717406272888,0.0007803216576576233,-0.14514482021331787,3.313366413116455,-7.545802593231201,-2.561014413833618,14.121262550354004,-0.4572678804397583,6.608835697174072,-2.2053110599517822,0.9563994407653809,-0.9640989303588867,-0.5119838714599609,-0.33022165298461914,-0.8551313877105713,0.8052008152008057,0.6751739978790283,False
555,-0.007201671600341797,0.09837332367897034,0.815875232219696,-0.818547785282135,0.5046675205230713,0.05174306407570839,0.5816386938095093,0.6264315843582153,0.6571940779685974,-0.9117920994758606,-0.8232353329658508,10.14693546295166,-5.75286340713501,-1.0570811033248901,2.1689157485961914,-5.729451656341553,11.407244682312012,-0.5217053890228271,-0.24696040153503418,-0.9602279663085938,-0.4876120090484619,0.7898151874542236,0.895064115524292,0.8175604343414307,False
556,-0.06444072723388672,0.19053538143634796,0.5994170904159546,-0.2975621521472931,0.03240172937512398,0.07452654838562012,0.7681732177734375,0.0574159100651741,1.004588007926941,-1.1679002046585083,2.8122289180755615,-5.019021511077881,9.373839378356934,-10.877726554870605,-0.015837913379073143,-5.354764461517334,5.076148509979248,0.17835259437561035,-0.17202258110046387,-0.8835864067077637,0.48847484588623047,-0.36844849586486816,0.9452424049377441,0.4250892996788025,False
557,-0.0963444709777832,0.16590429842472076,0.7790454626083374,-0.15570884943008423,-0.42301127314567566,0.3822365403175354,0.28814709186553955,0.39337265491485596,2.3987574577331543,-0.6114150881767273,-0.40860798954963684,1.3793615102767944,-4.892122268676758,12.277839660644531,6.808102130889893,0.6332769393920898,-19.401140213012695,0.9801876544952393,0.9329493045806885,-0.32421422004699707,-0.1474747657775879,0.650099515914917,-0.4342324733734131,1.1870417594909668,False
558,-0.12033945322036743,0.1286463588476181,0.9668871760368347,-0.19049052894115448,-0.1484924554824829,0.4784352779388428,0.6703054904937744,-0.4522218406200409,1.1678358316421509,-1.7125351428985596,-3.7202436923980713,9.057840347290039,0.7312639355659485,0.23578034341335297,0.15702730417251587,-6.9369330406188965,28.213855743408203,0.40919971466064453,-0.9150018692016602,0.7077434062957764,0.5935335159301758,-0.8180239200592041,-0.7342996597290039,0.6375972032546997,False
559,-0.15414172410964966,0.12153677642345428,0.9781729578971863,-0.17113599181175232,0.26354706287384033,0.7035266757011414,0.1044096127152443,0.4067856967449188,0.2709312438964844,-1.2778100967407227,1.795954942703247,-0.5748371481895447,-7.316969871520996,16.236604690551758,5.9386305809021,-12.292181968688965,8.552233695983887,0.035756826400756836,0.6961719989776611,0.615009069442749,-0.8134825229644775,-0.26219630241394043,0.8500115871429443,0.8088111281394958,False
560,-0.20354044437408447,0.211408331990242,0.7627537250518799,-0.12106923013925552,0.823939323425293,0.6786965727806091,-0.04786888137459755,0.3990289866924286,0.2034989446401596,-0.48779556155204773,-0.1187361553311348,-3.505171298980713,10.713105201721191,-5.252130031585693,0.6046611666679382,-3.1767737865448,3.932112693786621,0.4512176513671875,-0.0650179386138916,0.36426520347595215,-0.3037991523742676,-0.12162232398986816,-0.20824623107910156,0.111111119389534,False
561,-0.22311201691627502,0.16415776312351227,0.7719098329544067,0.22130493819713593,0.5241435170173645,0.6822993159294128,0.031042689457535744,0.4970642626285553,1.3524013757705688,0.5348295569419861,-0.6365259289741516,-0.06879227608442307,5.9243035316467285,-3.261155605316162,-2.208599090576172,5.661438465118408,-0.96811842918396,0.11501145362854004,-0.07314944267272949,-0.178572416305542,-0.04521751403808594,-0.6335327625274658,-0.740971565246582,0.3649824857711792,False
562,-0.215356707572937,0.12057359516620636,0.9110734462738037,0.28220880031585693,0.4351014494895935,0.6836406588554382,0.2599217891693115,0.20097540318965912,0.7005397081375122,-0.0070205628871917725,-0.4128970503807068,3.7815303802490234,-0.47144627571105957,-1.942474126815796,0.014543442055583,3.316565752029419,-9.868306159973145,0.9235448837280273,-0.8609602451324463,-0.5058150291442871,-0.43319058418273926,-0.17259955406188965,0.567307710647583,0.5988327860832214,False
563,-0.21722006797790527,0.1326054185628891,1.0352544784545898,0.1979464888572693,0.32806503772735596,0.6541708707809448,0.22037291526794434,0.20688088238239288,-0.49858009815216064,0.18155062198638916,-0.024232646450400352,1.0521522760391235,-2.9433364868164062,-0.8006528615951538,1.6461642980575562,-4.240915298461914,7.121542453765869,0.8491437435150146,-0.003997087478637695,-0.5526947975158691,-0.07753634452819824,0.07694721221923828,0.7715151309967041,0.24650004506111145,False
564,-0.1923426389694214,0.15343686938285828,1.0662908554077148,0.11343926936388016,0.11989400535821915,0.6486473679542542,0.2087109535932541,0.3305187523365021,0.7112763524055481,0.6480728387832642,0.8297410607337952,0.7445160150527954,-1.871342658996582,-5.968861103057861,-1.0201923847198486,5.501478672027588,-9.71317195892334,-0.1785726547241211,0.9803295135498047,0.6242661476135254,0.9534015655517578,-0.9922354221343994,-0.005736112594604492,-0.40056464076042175,False
565,-0.1899564266204834,0.23911243677139282,0.7225401997566223,0.43353962898254395,-0.07553160190582275,0.7381316423416138,-0.02167445793747902,0.2000959813594818,-0.5698049664497375,0.08509375154972076,1.4155945777893066,-10.134092330932617,10.66633129119873,-1.7288601398468018,2.6070311069488525,-9.826000213623047,2.473116874694824,-0.3550703525543213,-0.5095102787017822,0.8891830444335938,-0.9170756340026855,0.9799289703369141,-0.2710764408111572,-0.5825666189193726,False
566,-0.14072614908218384,0.30404579639434814,0.25761181116104126,0.6206290125846863,0.28751441836357117,0.3894938826560974,0.4210484027862549,-0.13749752938747406,0.3956271708011627,2.8974130153656006,0.15954190492630005,-8.918737411499023,1.6312847137451172,12.335803985595703,-6.187248706817627,16.303285598754883,-13.899457931518555,0.13116097450256348,0.13315725326538086,0.9109838008880615,0.794135570526123,-0.04486250877380371,0.029315710067749023,0.4790990352630615,False
567,-0.04947561025619507,0.189866840839386,0.027697062119841576,0.6810728907585144,0.748945415019989,0.49960535764694214,0.7065649032592773,-0.45554882287979126,0.41531041264533997,0.7954087257385254,-0.6274111866950989,-4.231420993804932,10.237773895263672,-13.985718727111816,1.2596781253814697,-2.6230344772338867,7.056420803070068,0.07631158828735352,0.14498686790466309,0.8513755798339844,0.6286506652832031,-0.5125226974487305,0.9774470329284668,0.1844501942396164,False
568,0.010574519634246826,0.1159200668334961,-0.04126904159784317,0.7707523703575134,0.5792668461799622,0.679591178894043,0.2035423368215561,0.5570451021194458,1.1482073068618774,1.3586537837982178,-0.528596043586731,-3.1658482551574707,-0.12748263776302338,2.534132957458496,-2.787564754486084,-9.858407020568848,31.08328628540039,-0.6935925483703613,0.981633186340332,0.1863386631011963,-0.7241170406341553,0.5097866058349609,0.7838654518127441,0.14315369725227356,False
569,0.059433043003082275,0.08623268455266953,-0.312592089176178,0.7995472550392151,0.7917673587799072,0.39351359009742737,0.9408535361289978,-0.1448221653699875,0.721834123134613,0.9853250980377197,1.3758513927459717,-6.464801788330078,-2.5960981845855713,6.877270698547363,-6.552391529083252,4.0020952224731445,-1.3028818368911743,-0.9658646583557129,-0.9888801574707031,-0.7031614780426025,-0.29288172721862793,-0.6531891822814941,-0.4595763683319092,-0.2157782018184662,False
570,0.07704943418502808,0.21215246617794037,-0.5401478409767151,0.5772833824157715,0.5820394158363342,0.5066719651222229,0.29063689708709717,-0.025957059115171432,0.904676079750061,-0.5160305500030518,1.368467926979065,4.065439224243164,-14.721986770629883,-5.046948432922363,3.5960381031036377,-11.489006996154785,-2.3096907138824463,0.12784671783447266,0.8507452011108398,0.586909294128418,0.8037712574005127,-0.5685961246490479,-0.7299380302429199,0.6246674060821533,False
571,0.08791095018386841,0.3299310803413391,-0.42989665269851685,0.17916154861450195,0.23007060587406158,0.7425698637962341,-0.3037876486778259,-0.5031450390815735,0.2339334785938263,-1.379669189453125,0.979723334312439,4.9371843338012695,-7.091193199157715,-5.443201541900635,4.638240337371826,-10.033587455749512,-14.657052040100098,0.044408321380615234,0.1492922306060791,-0.8113305568695068,0.13795709609985352,-0.6143348217010498,-0.1781160831451416,0.33393052220344543,False
572,0.06861025094985962,0.39108890295028687,-0.29582905769348145,-0.004875411279499531,-0.2517237067222595,0.687202513217926,-1.0786503553390503,-0.12716510891914368,-0.22392675280570984,-1.4293577671051025,0.3389095664024353,1.7217857837677002,-2.0936882495880127,-11.556068420410156,-2.0999996662139893,-12.500066757202148,6.94650411605835,-0.538975715637207,-0.5934877395629883,0.9200637340545654,0.08532238006591797,-0.0866398811340332,0.6750328540802002,0.42333704233169556,False
573,0.027027547359466553,0.4579887092113495,-0.2694949805736542,-0.2981153130531311,-0.3804203271865845,0.2562626004219055,-1.2298531532287598,0.24046112596988678,0.792534351348877,1.3077051639556885,-0.43841108679771423,3.8718318939208984,-8.787166595458984,3.4981987476348877,-8.762211799621582,1.3343979120254517,8.065008163452148,0.24357199668884277,-0.2764298915863037,0.8364741802215576,0.5596010684967041,0.6650118827819824,-0.5077147483825684,0.047836706042289734,False
574,-0.026122629642486572,0.4090670645236969,-0.16347165405750275,-0.8406673073768616,0.11700192093849182,-0.020753249526023865,-0.6614053249359131,-0.14406171441078186,0.35396867990493774,-0.8896406292915344,-1.4948441982269287,-3.9398295879364014,-3.3869574069976807,9.989538192749023,1.2144981622695923,10.526921272277832,-15.91738224029541,-0.8818693161010742,-0.9920783042907715,-0.625640869140625,0.26213645935058594,-0.3826768398284912,-0.11560225486755371,-0.07403483986854553,False
575,-0.13878989219665527,0.2718484699726105,-0.3177497088909149,-0.6315794587135315,0.17083044350147247,0.052062127739191055,-0.4929881691932678,-0.4253294765949249,0.20320844650268555,-2.0918877124786377,-0.16001008450984955,-4.71007776260376,2.375194549560547,-0.4731176793575287,0.0088864890858531,-5.728776454925537,8.287878036499023,-0.3118255138397217,-0.10898137092590332,-0.44701266288757324,-0.33416199684143066,-0.6002717018127441,0.5876514911651611,-0.5685535669326782,False
576,-0.21662819385528564,0.2811988294124603,-0.520137369632721,-0.5613352656364441,-0.03350009396672249,0.23885947465896606,-1.2481036186218262,0.3918960988521576,-0.8541466593742371,0.5413160920143127,1.6239805221557617,1.7821333408355713,-5.369873046875,-6.206273555755615,1.0679086446762085,-18.919652938842773,23.315584182739258,-0.934898853302002,0.3098330497741699,-0.5576832294464111,0.6624979972839355,0.04880261421203613,0.8995227813720703,-0.44642338156700134,False
577,-0.22594982385635376,0.17694805562496185,-0.5047408938407898,-0.4930211007595062,-0.39003780484199524,0.09915723651647568,-0.9572553634643555,0.5120360255241394,-0.7839546203613281,-1.2366737127304077,-5.352670669555664,0.09230660647153854,-2.1391403675079346,10.591464042663574,7.132496356964111,-0.3743212819099426,-3.8272674083709717,0.320392370223999,0.8489668369293213,0.742966890335083,0.7927896976470947,0.8679654598236084,-0.8429653644561768,-0.945374608039856,False
578,-0.21286338567733765,-0.06156923621892929,-0.5286116600036621,-0.3959486186504364,-0.05333811417222023,0.28044116497039795,-0.312654972076416,-0.5405755639076233,0.09346684068441391,1.041748285293579,-3.273238182067871,-3.7574574947357178,7.849974155426025,0.8574114441871643,-0.3840034008026123,22.562946319580078,-32.44715881347656,0.14302515983581543,-0.6213650703430176,0.5928418636322021,0.9412462711334229,-0.8022449016571045,-0.6592378616333008,-1.3104419708251953,False
579,-0.12610536813735962,-0.1131899356842041,-0.49174168705940247,-0.49722999334335327,0.05287153646349907,0.5535226464271545,-0.7861975431442261,0.2944437265396118,-0.960887610912323,1.0040597915649414,0.83057701587677,0.9555532932281494,-8.095361709594727,5.7772955894470215,7.456030368804932,-12.858601570129395,14.001477241516113,0.760673999786377,-0.009871482849121094,-0.28628063201904297,-0.2544734477996826,-0.8193938732147217,0.4428424835205078,-0.8100395798683167,False
580,-0.03038102388381958,-0.0905257984995842,-0.30145174264907837,-0.7627528309822083,0.007372275460511446,0.7088743448257446,-1.0274447202682495,0.24043558537960052,-1.179290771484375,2.193530559539795,-1.6956377029418945,2.7111124992370605,7.12257194519043,-10.73991870880127,1.7531508207321167,-2.707845687866211,-4.943408012390137,0.630784273147583,0.07104897499084473,-0.9533226490020752,-0.5850512981414795,0.4835526943206787,-0.20259714126586914,-0.7658017873764038,False
581,0.04769259691238403,-0.14131487905979156,-0.12845422327518463,-0.6100382804870605,-0.44066229462623596,0.44643598794937134,-0.6206298470497131,-0.271294504404068,-1.2908215522766113,2.3026037216186523,0.6175646781921387,3.3500006198883057,-5.827770709991455,7.245811462402344,-8.43822193145752,12.44089412689209,-13.549522399902344,0.29175591468811035,-0.002164125442504883,-0.12462234497070312,0.707280158996582,0.16441845893859863,0.8250782489776611,-0.9291802048683167,False
582,0.11384689807891846,-0.20716848969459534,0.18645356595516205,-0.7121451497077942,-0.22422762215137482,0.29798731207847595,-0.5033694505691528,-0.26161518692970276,0.24246284365653992,-0.2935717701911926,-2.764920234680176,3.7765274047851562,6.873638153076172,-1.3929303884506226,0.6185294985771179,-3.2262988090515137,9.7625732421875,0.4593667984008789,0.7358570098876953,-0.14466023445129395,0.15285325050354004,0.523339033126831,-0.0008046627044677734,-0.8246028423309326,False
583,0.12002861499786377,-0.38597798347473145,0.32171913981437683,-0.1993359625339508,-0.3839032053947449,0.3943784236907959,-0.45588770508766174,-0.034582726657390594,-0.5214473009109497,0.07586735486984253,-3.7792718410491943,3.8744983673095703,11.044204711914062,-4.753325462341309,-1.2476366758346558,6.741586685180664,1.5792251825332642,-0.25050878524780273,0.5734891891479492,-0.07830667495727539,-0.4988083839416504,-0.3347201347351074,-0.27332353591918945,-1.0054550170898438,False
584,0.09877502918243408,-0.5099580883979797,0.42502936720848083,0.32825660705566406,-0.3404076397418976,0.2632436752319336,-0.21469633281230927,0.016400964930653572,-1.381024956703186,-0.4490770697593689,-2.200554609298706,-1.5867235660552979,14.698830604553223,0.7286528944969177,-0.5828131437301636,1.784288763999939,-0.22486764192581177,0.35078001022338867,-0.6929738521575928,0.14605498313903809,-0.6291232109069824,0.46526288986206055,0.9053492546081543,-1.2293254137039185,False
585,0.04972928762435913,-0.5979311466217041,0.570318341255188,0.5958196520805359,-0.09404569864273071,-0.0069378153420984745,-0.012223142199218273,0.47480911016464233,-1.6054726839065552,-0.23838591575622559,-0.5449835062026978,5.823638439178467,-0.3168555498123169,6.530893802642822,-8.22579574584961,3.3960928916931152,17.25759506225586,0.8165147304534912,0.3238089084625244,-0.010777473449707031,0.47609758377075195,0.4226818084716797,0.4257490634918213,-0.5352625250816345,False
586,-0.002766728401184082,-0.7621378302574158,1.128867745399475,0.5289578437805176,0.09952007234096527,-0.1383870244026184,0.5961043834686279,0.11065196245908737,-0.24982485175132751,-1.0649871826171875,-1.836995244026184,10.872269630432129,-0.8109515309333801,2.1436991691589355,-3.2813096046447754,11.205592155456543,-6.655956268310547,-0.5977308750152588,-0.6595802307128906,0.2680954933166504,-0.6104850769042969,0.012224197387695312,-0.6084673404693604,-1.665649652481079,False
587,-0.07487553358078003,-0.6808004379272461,0.8077695965766907,0.7819598913192749,0.5948190093040466,-0.2669694721698761,0.8099784255027771,-0.3017388880252838,-0.6323727965354919,-1.0970211029052734,1.3438949584960938,-5.249785423278809,-1.383515477180481,14.853809356689453,-0.3027353584766388,-3.98323655128479,-5.920602798461914,-0.044385671615600586,0.3388173580169678,-0.06603622436523438,0.43445444107055664,0.6894309520721436,0.291243314743042,-0.7204177975654602,False
588,-0.14830350875854492,-0.529097318649292,0.6639723181724548,0.7297430634498596,0.6383917331695557,-0.2792225480079651,0.650234580039978,-0.4536885917186737,-0.3813989460468292,-1.8579972982406616,0.27452436089515686,2.2908496856689453,-2.2526636123657227,-7.634399890899658,2.7492611408233643,-5.432831764221191,7.355049133300781,-0.518845796585083,0.6619315147399902,-0.9416975975036621,-0.5685486793518066,-0.5289201736450195,-0.21458196640014648,-0.9669603109359741,False
589,-0.1968333125114441,-0.34557482600212097,0.4256751239299774,0.7622492909431458,0.14851124584674835,-0.39295291900634766,0.40168097615242004,-0.14799357950687408,-1.1105084419250488,-1.8453283309936523,6.0197319984436035,-8.72757625579834,3.2810559272766113,-13.095294952392578,-4.796752452850342,-4.709987640380859,4.498396396636963,-0.9469296932220459,0.03146672248840332,0.26561617851257324,-0.43146538734436035,-0.7310433387756348,0.039672136306762695,-0.759066641330719,False
590,-0.24608033895492554,-0.05545646324753761,-0.08967393636703491,0.7502356767654419,-0.09740827977657318,-0.5316820740699768,-0.17005571722984314,0.2889915704727173,-1.160193920135498,-1.077529788017273,7.701924800872803,-14.836854934692383,0.6721659302711487,-0.8552318811416626,-3.1511549949645996,-14.777421951293945,10.343988418579102,-0.24410128593444824,-0.9102926254272461,0.1649303436279297,-0.2793102264404297,-0.6016721725463867,0.6446681022644043,-0.5416794419288635,False
591,-0.3011603057384491,0.26667800545692444,-0.5188094973564148,0.33871588110923767,0.08998929709196091,-0.7149531245231628,-0.7200323343276978,0.30169615149497986,0.2111477255821228,1.521451473236084,3.8244001865386963,-3.773627519607544,-10.99022102355957,5.378016948699951,-1.8320668935775757,-11.473292350769043,-5.770869731903076,-0.9028375148773193,0.012043952941894531,-0.17038464546203613,0.18863654136657715,-0.36972951889038086,0.11251664161682129,0.29196441173553467,False
592,-0.17304104566574097,0.2841188311576843,-0.5149129033088684,-0.018714968115091324,0.1496019810438156,-0.6844562888145447,-1.1686707735061646,0.08039231598377228,1.1292724609375,1.8680886030197144,-0.11334363371133804,1.5862312316894531,-6.8067121505737305,-0.7838505506515503,0.7785394191741943,-8.415087699890137,-2.8872647285461426,-0.9375388622283936,-0.138214111328125,-0.483994722366333,-0.2723963260650635,-0.055356740951538086,0.4647049903869629,0.17792744934558868,False
593,-0.04533344507217407,0.2582177519798279,-0.5358210802078247,-0.2071484625339508,-0.009581333957612514,-0.8838008046150208,-1.195953607559204,-0.04527591913938522,-0.539703905582428,1.5174064636230469,-0.8260056972503662,-2.311650276184082,-2.225065231323242,-3.984039306640625,-5.752498149871826,3.9679343700408936,-1.8902168273925781,-0.30965256690979004,0.780642032623291,0.0024144649505615234,0.36519312858581543,-0.5261998176574707,-0.043874263763427734,0.51763516664505,False
594,0.019486546516418457,0.1682431548833847,-0.5282443165779114,-0.19774362444877625,-0.3789065182209015,-0.9446927905082703,-1.2045087814331055,-0.09811891615390778,0.48987317085266113,2.01143741607666,-1.722589135169983,-0.22902274131774902,5.223185062408447,-11.247859001159668,-1.0535529851913452,1.252867341041565,-2.7810604572296143,-0.032015085220336914,-0.008426666259765625,0.9184041023254395,-0.7144036293029785,-0.3259010314941406,0.6512882709503174,0.07767161726951599,False
595,0.06935328245162964,0.047782592475414276,-0.45892322063446045,-0.42861679196357727,0.006850732956081629,-1.036385416984558,-1.2304248809814453,0.16660070419311523,0.2855551540851593,1.3608664274215698,-3.640791416168213,-0.06042646989226341,-4.73481559753418,13.502270698547363,0.43759384751319885,1.9694311618804932,5.614071369171143,-0.28937792778015137,0.02371358871459961,0.006584644317626953,-0.7367105484008789,0.5051751136779785,-0.40627169609069824,-0.22340986132621765,False
596,0.08684879541397095,-0.13587990403175354,-0.4869050085544586,-0.4585959017276764,0.44538256525993347,-1.0097308158874512,-0.6762727499008179,-0.15793609619140625,0.0361495316028595,-0.2713756859302521,-4.193959712982178,-0.24894283711910248,0.8732840418815613,6.935286045074463,-0.31259864568710327,15.916171073913574,-12.35743236541748,-0.06789350509643555,0.63858962059021,0.12425589561462402,0.18009543418884277,-0.5955560207366943,0.8394222259521484,0.4607665240764618,False
597,0.08057969808578491,-0.37263184785842896,-0.5280846357345581,-0.2853516638278961,0.6832534670829773,-0.7712100744247437,-0.6523265838623047,0.11807321012020111,0.9414960741996765,-0.6713899970054626,-2.7170841693878174,-0.06250214576721191,3.4899959564208984,1.921868920326233,3.857891798019409,-6.575076580047607,17.515960693359375,0.5169088840484619,0.31423163414001465,0.09233736991882324,0.7156765460968018,-0.5927965641021729,0.933396577835083,1.0243746042251587,False
598,0.0759541392326355,-0.579167366027832,-0.3437657058238983,-0.1421145647764206,0.6950160264968872,-0.3803742229938507,-0.8430060148239136,0.21424947679042816,0.9472646713256836,-0.11671054363250732,-6.46595573425293,8.32416820526123,1.437136173248291,-0.7460415959358215,13.750646591186523,-5.730897426605225,-8.365867614746094,-0.9079821109771729,-0.18226385116577148,-0.7708795070648193,-0.24356579780578613,-0.1508345603942871,-0.4051029682159424,0.5988762378692627,False
599,0.08756625652313232,-0.5957897901535034,-0.5546895861625671,0.31436461210250854,0.39993610978126526,-0.1985103040933609,-0.8205604553222656,-0.4100649952888489,0.9368459582328796,-0.12123052775859833,-2.3358843326568604,0.3717404901981354,5.010616302490234,-6.818131446838379,4.738661289215088,0.8027217388153076,-14.212739944458008,0.49758052825927734,0.021201372146606445,0.3698256015777588,0.24392271041870117,0.8310611248016357,0.23768949508666992,0.05813688039779663,False
600,0.10798496007919312,-0.6035631895065308,-0.46669191122055054,0.4048818349838257,0.15519338846206665,-0.28014126420021057,-0.7960193753242493,-0.2316177934408188,0.699085533618927,-0.2895720601081848,0.9252171516418457,1.4314755201339722,-0.7383106350898743,-1.2966769933700562,-3.26749587059021,3.4742753505706787,6.547708511352539,-0.5226168632507324,-0.8504631519317627,0.5759053230285645,-0.41686439514160156,-0.8810253143310547,0.3326280117034912,-0.05992315709590912,False
601,0.12084484100341797,-0.5831043720245361,-0.3160255551338196,0.04680953919887543,0.4539622664451599,-0.3079999089241028,-1.1573344469070435,0.5761095881462097,0.04731813073158264,0.14518818259239197,3.054222822189331,1.3628607988357544,-10.272170066833496,9.64079761505127,-4.452003479003906,-8.289213180541992,18.10657501220703,-0.7241270542144775,-0.16965556144714355,0.6696465015411377,-0.4699373245239258,0.7621135711669922,0.8788282871246338,-0.8539655208587646,False
602,0.10903090238571167,-0.45673492550849915,-0.4414094388484955,-0.1580267995595932,0.7443933486938477,-0.592232882976532,-0.8223289847373962,0.16935522854328156,-0.753240704536438,-0.3556494116783142,0.503783106803894,-4.497030735015869,5.164423942565918,-9.641744613647461,-4.338537216186523,4.112760066986084,0.054236240684986115,-0.35828113555908203,-0.8093292713165283,-0.45297956466674805,-0.021100759506225586,0.6033415794372559,0.029451370239257812,-0.2825375199317932,False
603,0.05015033483505249,-0.3701017498970032,-0.5172903537750244,-0.2776646614074707,0.3799373209476471,-0.902559220790863,-0.35196176171302795,-0.0088557293638587,-2.0651602745056152,0.31619226932525635,2.921056032180786,1.8182491064071655,-6.2160773277282715,-8.53656005859375,-7.687512397766113,10.904706001281738,-4.6168389320373535,-0.9624061584472656,-0.21023988723754883,-0.3960683345794678,-0.8730437755584717,0.6501574516296387,0.3598923683166504,-0.3284395933151245,False
604,-0.007553398609161377,-0.3455633521080017,-0.5462496876716614,-0.45753130316734314,0.03949291259050369,-1.0136510133743286,0.10804096609354019,-0.12902559340000153,0.21534332633018494,-2.3872838020324707,-1.1577109098434448,-0.12178743630647659,-2.7261643409729004,-7.529041290283203,-0.6655171513557434,10.264689445495605,-0.5261087417602539,0.8840696811676025,0.8322060108184814,-0.8374812602996826,-0.514885425567627,-0.0069844722747802734,0.22504734992980957,-0.3165856897830963,False
605,-0.07842481136322021,-0.4039747714996338,-0.4540307819843292,-0.5598280429840088,-0.35220950841903687,-0.9832575917243958,0.41890376806259155,0.058974336832761765,1.5802081823349,-2.0103824138641357,-0.09984181821346283,0.5920619964599609,-9.802279472351074,13.622639656066895,-0.7579771876335144,6.316067695617676,5.6889142990112305,0.29683661460876465,-0.984976053237915,-0.39526963233947754,-0.09034585952758789,-0.5095813274383545,-0.8641054630279541,-0.698854386806488,False
606,-0.16193246841430664,-0.44730430841445923,-0.39225924015045166,-0.6976781487464905,-0.15949974954128265,-0.8870311379432678,0.6674838662147522,-0.052962228655815125,0.9915395975112915,-1.4207450151443481,-1.7332402467727661,-0.9952447414398193,2.9122097492218018,0.1442301720380783,1.6502935886383057,6.134988784790039,-8.653962135314941,0.32393598556518555,-0.30103087425231934,-0.9191656112670898,-0.0496523380279541,-0.0074465274810791016,-0.8729143142700195,0.11230988800525665,False
607,-0.19098234176635742,-0.3654851019382477,-0.47501012682914734,-0.729611337184906,-0.2983603775501251,-0.7286813855171204,0.6753947734832764,-0.36703553795814514,-0.47096729278564453,1.1032578945159912,2.395021438598633,1.4160765409469604,-4.1675944328308105,-5.951926231384277,3.29884672164917,-11.058669090270996,12.672757148742676,0.29526448249816895,-0.46117424964904785,-0.2618529796600342,0.9608888626098633,0.5528106689453125,0.8183050155639648,0.0798959881067276,False
608,-0.19988012313842773,-0.28061285614967346,-0.5360788106918335,-0.8057504296302795,-0.3113953471183777,-0.5309489369392395,0.19688381254673004,0.4825381636619568,-0.1239922046661377,-0.8763729333877563,-1.1373177766799927,4.289875030517578,-2.1658732891082764,2.6272406578063965,7.207850456237793,-8.975443840026855,20.720430374145508,0.7277257442474365,-0.4644656181335449,0.6152739524841309,0.5589907169342041,-0.990140438079834,0.5325753688812256,0.21812120079994202,False
609,-0.1871548295021057,-0.29689058661460876,-0.46067124605178833,-0.7829775810241699,-0.1047472432255745,-0.07523594051599503,0.02438003569841385,0.16703550517559052,0.8521913290023804,-0.14858631789684296,0.8906821608543396,-0.6669389605522156,0.8392452001571655,6.473374843597412,10.505854606628418,-10.643783569335938,-1.115769386291504,-0.3684725761413574,-0.9366776943206787,0.3257720470428467,0.6204400062561035,-0.5884943008422852,-0.2550034523010254,0.3041159510612488,False
610,-0.1995970606803894,-0.19381248950958252,-0.5285384058952332,-0.789038360118866,0.2575039565563202,0.48145732283592224,-0.5839536190032959,0.020230311900377274,1.152410864830017,-0.28969794511795044,0.6826163530349731,1.9125112295150757,-1.035593867301941,6.78715705871582,11.697948455810547,-12.514603614807129,-3.541754722595215,-0.11388325691223145,-0.7043547630310059,0.6298744678497314,-0.6462724208831787,0.24542593955993652,0.8046236038208008,-0.13251428306102753,False
611,-0.17698758840560913,-0.06491007655858994,-0.5387957096099854,-0.808012068271637,0.4254932999610901,0.5506849884986877,-0.8579694032669067,0.25872430205345154,0.022101495414972305,2.178964376449585,1.4509602785110474,2.167989730834961,-0.7258553504943848,1.0757898092269897,-1.2258143424987793,-4.318811893463135,12.628036499023438,0.16382884979248047,0.44318628311157227,-0.3035554885864258,0.023604154586791992,-0.9253051280975342,0.504807710647583,0.7992177605628967,False
612,-0.13422822952270508,0.01804881915450096,-0.49838361144065857,-0.6228559017181396,0.1674875020980835,0.5859870910644531,-1.0050113201141357,0.28668227791786194,0.3585911989212036,0.8377362489700317,1.353663682937622,2.576232671737671,5.400827407836914,-9.050813674926758,5.271625995635986,-7.8862996101379395,-4.301591396331787,0.8498220443725586,0.7366573810577393,-0.27216005325317383,-0.8094563484191895,0.8438172340393066,0.20778799057006836,0.8080664873123169,False
613,-0.0897558331489563,0.0095737986266613,-0.2152644544839859,-0.3623610734939575,-0.3484371304512024,0.43774348497390747,-0.7563872933387756,0.011802799999713898,0.9788665175437927,0.7852992415428162,-1.2958921194076538,7.0765204429626465,5.621105194091797,-10.83340835571289,-6.435281753540039,12.761938095092773,-6.563323497772217,0.17838358879089355,-0.9581060409545898,-0.8888580799102783,0.6038813591003418,-0.4491128921508789,-0.7256495952606201,0.8304305076599121,False
614,-0.0638115406036377,-0.0007857304299250245,0.29873034358024597,-0.6568313837051392,-0.33571580052375793,0.4236171245574951,-0.4669720530509949,-0.5652840733528137,2.1477856636047363,0.33599936962127686,1.7323676347732544,12.684959411621094,-10.497055053710938,-4.298815727233887,0.011027340777218342,-0.1458693891763687,-8.697437286376953,-0.6671223640441895,0.9520556926727295,-0.5140624046325684,-0.06348180770874023,-0.869520902633667,-0.4044950008392334,0.9463557004928589,False
615,-0.05709719657897949,0.13573381304740906,0.2980588674545288,-0.5989096164703369,-0.27722275257110596,0.589284360408783,-1.1945464611053467,-0.0548778772354126,-0.24375657737255096,-0.9107167720794678,3.147127866744995,-8.08930492401123,10.412315368652344,1.5657602548599243,4.604238986968994,-15.278386116027832,6.6079421043396,0.26340675354003906,-0.6366133689880371,-0.5404181480407715,0.27954769134521484,0.3357245922088623,-0.645611047744751,1.2134366035461426,False
616,-0.04358619451522827,0.15737581253051758,0.4056617021560669,-0.4741389751434326,-0.3045975863933563,0.5470597743988037,-0.9430220723152161,-0.5807279348373413,1.3261771202087402,0.6918445229530334,0.11128036677837372,6.93051290512085,-2.2633776664733887,-2.373656988143921,-0.6819274425506592,1.3614240884780884,0.732032299041748,0.007162570953369141,0.47077035903930664,-0.152862548828125,0.5159070491790771,-0.7991242408752441,-0.2741844654083252,0.6353726983070374,False
617,-0.1187889575958252,0.20445246994495392,0.4041960537433624,-0.28103107213974,-0.40677231550216675,0.6002078652381897,-1.195295810699463,0.06984568387269974,1.348612904548645,-0.3157641887664795,-0.562336802482605,0.22480066120624542,3.7919106483459473,4.286554336547852,-1.9387438297271729,9.929417610168457,-0.7902103662490845,-0.6040863990783691,-0.12756061553955078,0.26651430130004883,-0.9508328437805176,0.8983662128448486,-0.43215417861938477,0.6820694208145142,False
618,-0.12015503644943237,0.16027890145778656,0.4912392795085907,-0.24137209355831146,-0.02658156305551529,0.21772679686546326,-0.19819077849388123,-0.37348175048828125,0.18017257750034332,-1.2001068592071533,0.37202244997024536,-3.512641429901123,3.058821439743042,9.204126358032227,-12.099858283996582,29.116344451904297,-17.662565231323242,-0.13677406311035156,0.08898782730102539,0.6676313877105713,-0.12017679214477539,-0.5702333450317383,-0.16626977920532227,0.3479626774787903,False
619,-0.09710276126861572,0.0995631143450737,0.28013527393341064,-0.0028490733820945024,0.5165117383003235,0.28046873211860657,-0.11002323776483536,-0.08852852880954742,-0.23045362532138824,1.4283435344696045,-4.12405252456665,1.236041784286499,0.2887292206287384,14.290456771850586,8.149144172668457,-9.194377899169922,13.051597595214844,-0.33400511741638184,0.4218282699584961,0.7616090774536133,-0.4419374465942383,0.32872724533081055,0.08751177787780762,-0.10381919145584106,False
620,-0.06719815731048584,-0.009268040768802166,0.07994269579648972,0.457632452249527,0.6208156943321228,0.21826964616775513,-0.08105212450027466,0.41621237993240356,-0.39505892992019653,-0.2004355490207672,-3.1895949840545654,-5.198318004608154,14.177168846130371,-6.310853004455566,-0.9082084894180298,3.6123573780059814,7.999202728271484,0.1490929126739502,-0.5637152194976807,-0.15439152717590332,-0.5908222198486328,0.5828342437744141,-0.46245479583740234,-0.21983543038368225,False
621,-0.04476994276046753,-0.12197860330343246,0.0009864120511338115,0.797929048538208,0.4559231698513031,-0.08716075122356415,0.5866572856903076,0.33807775378227234,0.4235592484474182,0.4659852981567383,-0.7290782928466797,1.714463233947754,-1.286497712135315,-0.035512775182724,-9.878520965576172,19.624231338500977,-8.950030326843262,0.9478497505187988,0.7198548316955566,-0.03878474235534668,0.3278510570526123,0.26470398902893066,-0.6938183307647705,0.7169630527496338,False
622,-0.048647403717041016,-0.2091958373785019,0.23531508445739746,0.7905601859092712,0.2986128330230713,0.05640830472111702,0.7217840552330017,-0.08355380594730377,1.8305248022079468,-0.6346266269683838,-1.038020372390747,7.490930080413818,-1.8296843767166138,-4.508636474609375,4.396328449249268,-3.788837194442749,-9.107426643371582,0.7654645442962646,0.5064072608947754,-0.5682671070098877,-0.5667245388031006,0.6409311294555664,0.12807822227478027,0.6482272744178772,False
623,-0.07768726348876953,-0.3481632471084595,0.8038249611854553,0.7357515096664429,-0.14781278371810913,0.12296319007873535,0.8717285394668579,-0.49468621611595154,1.1476740837097168,-0.6139736771583557,-3.5635597705841064,10.443001747131348,4.491522789001465,-14.010725021362305,4.389045238494873,-8.887685775756836,9.11971664428711,0.8267502784729004,-0.6459951400756836,0.7680847644805908,0.5981624126434326,0.15567278861999512,-0.8551406860351562,0.6754599809646606,False
624,-0.1513766050338745,-0.3651524782180786,1.0087168216705322,0.7526466250419617,-0.2585899233818054,0.18548385798931122,0.6612083911895752,-0.4781925678253174,0.5243030786514282,-1.3123565912246704,-1.610121726989746,0.2853577136993408,-1.7878905534744263,8.07453441619873,5.083583831787109,-8.621527671813965,4.7076640129089355,-0.8003478050231934,0.5414817333221436,-0.1863720417022705,-0.5422043800354004,0.9362940788269043,-0.8687829971313477,-0.6393036246299744,False
625,-0.20677733421325684,-0.2815418541431427,0.6970489621162415,0.779518187046051,0.08383230865001678,-0.12753944098949432,0.9095005989074707,-0.5335733890533447,-0.5691112279891968,-1.4784773588180542,4.676207542419434,-10.42607307434082,-0.4782091975212097,7.494873046875,-10.318802833557129,9.481295585632324,-2.5395667552948,-0.6003682613372803,-0.263228178024292,-0.6073830127716064,-0.5456333160400391,0.8811125755310059,-0.2640969753265381,-0.27137041091918945,False
626,-0.20032015442848206,-0.2417074590921402,0.40205177664756775,0.6259521245956421,0.3739416301250458,-0.19649673998355865,0.8687461018562317,-0.31678056716918945,-0.7163878679275513,1.191927433013916,-0.9915255904197693,-2.088965892791748,-6.7047529220581055,4.578936576843262,1.4930033683776855,-3.8607070446014404,3.2400472164154053,-0.5253617763519287,0.6466093063354492,-0.7709906101226807,0.03836393356323242,0.6479401588439941,-0.3735830783843994,-1.2980111837387085,False
627,-0.14069288969039917,-0.2973634898662567,0.08699139952659607,0.7744612693786621,0.21085338294506073,-0.19500184059143066,0.8843325972557068,-0.46774232387542725,-1.2405734062194824,0.2313390076160431,-0.2550719976425171,-11.215775489807129,10.754617691040039,-8.964256286621094,0.3859774172306061,-0.32733434438705444,-6.101431369781494,0.8314008712768555,-0.27748560905456543,-0.012673377990722656,0.02737140655517578,0.9020709991455078,0.8904316425323486,-1.188115119934082,False
628,-0.08614063262939453,-0.343793660402298,0.033567365258932114,0.6142611503601074,0.026316091418266296,-0.2454303503036499,0.8673495650291443,-0.3097522556781769,-0.4895665943622589,1.5465220212936401,-0.9426813125610352,1.326097011566162,-3.4560513496398926,-4.952023506164551,-1.218827724456787,-0.4893890917301178,9.86872386932373,-0.601464033126831,0.8579726219177246,-0.9120728969573975,-0.18064141273498535,-0.9989626407623291,-0.132551908493042,-1.256574034690857,False
629,-0.039551734924316406,-0.3005320131778717,-0.11989437788724899,0.7281621694564819,-0.4403125047683716,-0.22533904016017914,0.4424569308757782,0.31948524713516235,-0.7090215086936951,0.8207583427429199,-0.40241730213165283,1.1604074239730835,-4.922883987426758,-4.164042949676514,1.358263373374939,-13.7478666305542,15.652288436889648,-0.42547607421875,0.24817109107971191,0.22095131874084473,-0.0826561450958252,0.26616621017456055,0.8294289112091064,-1.2079253196716309,False
630,0.014655709266662598,-0.18430092930793762,-0.5312647819519043,0.6689059734344482,-0.1496850699186325,-0.3005274832248688,0.29632043838500977,0.18970215320587158,-0.7058882117271423,-0.5017605423927307,-0.12861765921115875,-7.436923027038574,-1.5124863386154175,8.080944061279297,1.089408040046692,-0.07775771617889404,-6.094112396240234,0.9328219890594482,-0.4448063373565674,-0.6227681636810303,-0.933678150177002,0.22728204727172852,0.20549798011779785,-1.561638593673706,False
631,0.06938236951828003,-0.1248750239610672,-0.46880823373794556,0.3256118893623352,-0.13466370105743408,-0.6213425993919373,0.5457510948181152,0.033458929508924484,-1.451271653175354,0.33666566014289856,2.3289172649383545,5.900501251220703,-11.87055778503418,-2.7186546325683594,-8.471833229064941,7.054195880889893,-2.058138847351074,-0.16187334060668945,0.754568338394165,0.23359179496765137,-0.058807373046875,-0.08977413177490234,-0.14287686347961426,-0.6953626275062561,False
632,0.07718884944915771,-0.12674880027770996,-0.3989165425300598,0.1560615599155426,-0.2980034649372101,-0.7580901384353638,0.6776992678642273,-0.0787644237279892,-1.6363098621368408,0.3727979362010956,-0.18268926441669464,-1.4768297672271729,3.7588608264923096,-5.6213555335998535,-1.9988242387771606,1.295984148979187,-2.542266845703125,0.09459805488586426,-0.5949029922485352,0.3753242492675781,-0.5084338188171387,-0.1569054126739502,-0.8286736011505127,-1.0023527145385742,False
633,0.04422122240066528,-0.0947263315320015,-0.31036627292633057,-0.07287412881851196,-0.2721419036388397,-0.9257854223251343,0.8339362740516663,-0.5476293563842773,-0.6005874872207642,0.7437757849693298,1.847000241279602,-0.0975833311676979,-6.656442642211914,3.5933008193969727,1.3456603288650513,-10.908576965332031,0.050759799778461456,0.5093212127685547,0.5231935977935791,-0.5978877544403076,0.48441457748413086,-0.739309549331665,-0.7779216766357422,-0.6202426552772522,False
634,-0.006670713424682617,-0.10667591542005539,-0.14348967373371124,-0.27538859844207764,-0.3879823684692383,-0.6113014817237854,0.05599192529916763,-0.43369150161743164,0.7122181057929993,-1.3091418743133545,0.9874427318572998,2.1561074256896973,0.7191134095191956,-9.115263938903809,3.627952814102173,-12.29631233215332,-4.775485992431641,0.0826714038848877,-0.9879031181335449,0.3356647491455078,-0.807121992111206,-0.8032658100128174,-0.5138659477233887,-0.6266570687294006,False
635,-0.056708693504333496,0.0009477230487391353,0.11857623606920242,-0.8724534511566162,-0.0971694141626358,-0.5698279142379761,-0.7102769613265991,-0.42843881249427795,-0.3439428210258484,-1.529617428779602,3.3872673511505127,-0.5273030400276184,-6.731359004974365,3.2694687843322754,-1.2356542348861694,-16.027591705322266,0.7132339477539062,0.14593005180358887,-0.3735792636871338,-0.7228877544403076,-0.7339568138122559,-0.9990711212158203,-0.7309463024139404,-0.2722069025039673,False
636,-0.12468528747558594,0.1454906016588211,-0.18205520510673523,-0.5168426036834717,-0.36803144216537476,-0.8520399928092957,-1.212658166885376,-0.5525278449058533,-1.0213134288787842,-1.9377208948135376,0.6617828607559204,3.052966356277466,-5.888406753540039,8.850189208984375,-17.48868179321289,10.768736839294434,-2.3322558403015137,0.746147871017456,0.07991790771484375,0.2771596908569336,-0.16749835014343262,0.35135698318481445,0.15990376472473145,-0.8698611259460449,False
637,-0.17390596866607666,0.11556720733642578,-0.18225283920764923,-0.5856162905693054,-0.10029523819684982,-0.9422836899757385,-1.106871247291565,-0.5323629379272461,0.543219268321991,-1.0550755262374878,-1.447904348373413,-1.2638545036315918,-0.06742573529481888,-0.5112946629524231,3.848813772201538,1.6678050756454468,6.081769943237305,-0.38329267501831055,0.7906062602996826,-0.5572390556335449,-0.278179407119751,-0.7373335361480713,0.09667682647705078,-0.4166252613067627,False
638,-0.14849478006362915,0.1265183687210083,-0.48932328820228577,-0.20283183455467224,-0.29847317934036255,-0.9172031879425049,-1.2167104482650757,0.22866564989089966,-0.4666704833507538,-0.959975004196167,-1.7783188819885254,-4.590144634246826,4.352801322937012,9.620621681213379,1.357613444328308,-2.536226987838745,16.945377349853516,-0.05231618881225586,-0.5649561882019043,-0.146589994430542,0.43694257736206055,-0.024543285369873047,-0.39086389541625977,-0.17381691932678223,False
639,-0.12299555540084839,0.13448426127433777,-0.5173270106315613,-0.36957529187202454,0.10927045345306396,-0.8176671862602234,-1.134718656539917,0.40568333864212036,0.9198873043060303,1.1003493070602417,1.5570383071899414,0.7895306348800659,-8.14016056060791,5.856515884399414,3.9055943489074707,3.4329915046691895,-8.02712345123291,0.21634197235107422,-0.8377811908721924,0.8864200115203857,0.38684654235839844,-0.23888373374938965,-0.2177870273590088,0.21207332611083984,False
640,-0.07491111755371094,0.13411599397659302,-0.37081754207611084,-0.7221255898475647,0.38173553347587585,-0.5737126469612122,-0.9645117521286011,-0.014796212315559387,-0.2333129495382309,0.550740659236908,-1.3402146100997925,-2.9019687175750732,8.231982231140137,-2.2344131469726562,5.892239093780518,3.502794027328491,-8.959592819213867,0.09072661399841309,0.39779186248779297,0.10641193389892578,-0.6075253486633301,-0.03857874870300293,-0.8766977787017822,0.17752261459827423,False
641,-0.055590808391571045,0.14149218797683716,-0.5227349400520325,-0.40307697653770447,0.3250497281551361,-0.49183258414268494,-0.7212660908699036,-0.4018065631389618,0.5181441307067871,1.4637560844421387,0.9795304536819458,-1.390440583229065,3.4234225749969482,-0.104843869805336,-0.9130002856254578,-5.833740711212158,16.772127151489258,0.5492691993713379,-0.704608678817749,-0.27208709716796875,-0.38489413261413574,-0.16753268241882324,-0.6752421855926514,0.5348739624023438,False
642,-0.023239314556121826,0.24403467774391174,-0.26370924711227417,-0.7112915515899658,0.32834726572036743,-0.6561267375946045,-0.6212855577468872,-0.1645124852657318,0.5611865520477295,0.9070623517036438,-0.003219921374693513,13.149599075317383,-12.54804515838623,-0.49735477566719055,-1.4515820741653442,4.333439826965332,-2.649102210998535,-0.7721664905548096,0.9421405792236328,-0.8740239143371582,0.3269495964050293,-0.8014647960662842,-0.2639753818511963,0.7332438230514526,False
643,-0.04696089029312134,0.2603503465652466,-0.2095199078321457,-0.46613365411758423,-0.12538142502307892,-0.4630925953388214,-0.841766357421875,-0.23517277836799622,0.6206743121147156,-2.3919293880462646,0.5502645373344421,-4.860874652862549,15.561284065246582,-15.255290031433105,5.867098331451416,-7.984766483306885,-1.4696390628814697,-0.29032325744628906,0.4856874942779541,-0.4747645854949951,-0.1742391586303711,-0.02289557456970215,0.8883242607116699,0.17847828567028046,False
644,-0.11272400617599487,0.29769763350486755,-0.5007884502410889,0.12776631116867065,-0.18438436090946198,-0.44288212060928345,-1.2459850311279297,0.2858264148235321,-0.16182205080986023,-1.4101815223693848,2.4151737689971924,-10.384033203125,11.42821979522705,8.773221969604492,-8.030843734741211,1.496063470840454,13.25246810913086,-0.25139713287353516,-0.8906145095825195,0.21097135543823242,0.6631689071655273,0.9477806091308594,-0.1221623420715332,-0.2760929465293884,False
645,-0.155989408493042,0.29557931423187256,-0.5065341591835022,0.06749852001667023,0.42901870608329773,-0.6040727496147156,-0.8026018142700195,0.3651854991912842,1.103313684463501,-0.1636691689491272,0.5332070589065552,-0.2724331319332123,-4.45709228515625,13.3040132522583,-2.2107222080230713,12.470247268676758,-4.664472579956055,0.673255205154419,0.3332846164703369,0.3364996910095215,0.7706942558288574,-0.5394513607025146,0.5388879776000977,0.6075410842895508,False
646,-0.22322922945022583,0.1951839178800583,-0.14725935459136963,-0.08155491203069687,0.7245970964431763,-0.39406582713127136,-0.6920109987258911,0.5216318964958191,2.2847495079040527,0.6530389785766602,-0.30788782238960266,3.6985416412353516,8.899883270263672,-8.37705135345459,4.792783737182617,1.1184935569763184,-7.9893598556518555,-0.3332662582397461,0.9880084991455078,0.9759860038757324,-0.013750553131103516,0.9351060390472412,0.25322389602661133,1.1434273719787598,False
647,-0.2092331349849701,0.11427420377731323,-0.23804070055484772,0.5943689942359924,0.6201558113098145,-0.19857585430145264,-0.36108988523483276,-0.041014477610588074,-0.6932251453399658,-0.8501700162887573,-4.585202217102051,-0.34578293561935425,12.690680503845215,4.132555961608887,4.66172456741333,9.695058822631836,-10.47900104522705,-0.15810942649841309,-0.34090185165405273,0.6293745040893555,-0.6082375049591064,-0.9304800033569336,-0.5283985137939453,0.7117063999176025,False
648,-0.131567120552063,0.102672278881073,-0.12028919905424118,0.7728473544120789,0.6376987099647522,-0.23330458998680115,-0.19616352021694183,-0.4762578308582306,1.1099400520324707,1.428070068359375,2.2768518924713135,7.41890287399292,-4.882706165313721,-10.101520538330078,-0.30082061886787415,-1.7867155075073242,-9.821422576904297,0.11437702178955078,0.5621755123138428,0.5610976219177246,-0.10117292404174805,0.9803295135498047,0.8133070468902588,0.785193681716919,False
649,-0.09769219160079956,0.14002811908721924,0.0821550041437149,0.7903818488121033,0.28372636437416077,-0.3458138108253479,-0.32093194127082825,-0.07977654039859772,0.6464949250221252,0.8404377102851868,-0.6396052241325378,4.671801567077637,0.6926477551460266,-3.357606887817383,-5.3832221031188965,1.5065985918045044,14.586751937866211,-0.47815418243408203,0.3796718120574951,0.31252336502075195,0.2557199001312256,0.6338140964508057,0.15994930267333984,0.2671923041343689,False
650,-0.08081281185150146,0.13955001533031464,0.21631444990634918,0.7874656915664673,0.30873340368270874,-0.6414003968238831,-0.03961282595992088,0.4641006588935852,0.8792994022369385,0.3831706643104553,-0.21252965927124023,0.6914629936218262,-0.07681367546319962,3.7074179649353027,-3.931265354156494,6.439606189727783,8.660784721374512,0.5243964195251465,0.01258993148803711,-0.94100022315979,0.8761978149414062,0.7752456665039062,0.016155481338500977,0.9033298492431641,False
651,-0.06926429271697998,0.021989671513438225,0.5188472867012024,0.7649368643760681,0.15392503142356873,-0.5642363429069519,0.504521369934082,0.21126402914524078,1.431856632232666,0.2692928910255432,-3.3241384029388428,10.615235328674316,-1.6896926164627075,-8.188011169433594,2.6881558895111084,13.085143089294434,-9.260751724243164,0.27454209327697754,-0.641657829284668,-0.5905885696411133,0.354464054107666,0.05922365188598633,-0.9914534091949463,1.7832801342010498,False
652,-0.06534034013748169,-0.13030362129211426,1.107146978378296,0.5119829773902893,-0.23818552494049072,-0.18444648385047913,0.7668908834457397,-0.48349955677986145,2.4654247760772705,-0.28814226388931274,3.4128787517547607,-6.287395477294922,5.513885974884033,-8.321444511413574,8.246868133544922,-7.610616207122803,-13.752681732177734,-0.08037209510803223,0.009385824203491211,0.9070539474487305,-0.6149992942810059,0.9975695610046387,-0.9867262840270996,-0.025518834590911865,False
653,-0.07641196250915527,-0.06996605545282364,0.8187702298164368,0.531263530254364,-0.10060504078865051,-0.1982840597629547,0.8084504008293152,-0.5473756790161133,0.2791408598423004,0.377436101436615,0.6063775420188904,-6.650911331176758,1.0371370315551758,6.518795490264893,-6.9387125968933105,14.87204647064209,-12.603902816772461,-0.9083642959594727,0.3897249698638916,-0.4638967514038086,-0.7991423606872559,0.7548556327819824,-0.4818549156188965,-0.24320828914642334,False
654,-0.052826881408691406,-0.008655823767185211,0.29512453079223633,0.71083003282547,0.11534855514764786,-0.46915918588638306,0.8837313055992126,-0.12403961271047592,-0.7434487342834473,0.4387659430503845,0.7176543474197388,-6.911799430847168,-4.615228652954102,7.103751182556152,-4.53449010848999,-1.8341330289840698,8.562393188476562,0.5586562156677246,-0.17819786071777344,0.0690772533416748,-0.7273573875427246,0.5450356006622314,0.1293172836303711,0.051132701337337494,False
655,0.014289259910583496,-0.00870061106979847,0.042750850319862366,0.550513505935669,0.3202051520347595,-0.6875829100608826,0.8821537494659424,0.2715657949447632,-0.6246142387390137,-0.1629994958639145,-0.5943385362625122,-1.6705485582351685,-6.840110778808594,4.345277309417725,-1.2716771364212036,-0.017966508865356445,6.760348320007324,0.7285137176513672,0.29793453216552734,-0.21017861366271973,-0.12872052192687988,0.32230496406555176,-0.4343717098236084,0.45184561610221863,False
656,0.04590708017349243,-0.044144731014966965,0.1147044226527214,0.2810060381889343,0.2756516635417938,-0.8270691633224487,0.8774016499519348,0.4477264881134033,-0.3820401728153229,0.7863060235977173,-1.7272741794586182,7.477847099304199,-7.711047172546387,-3.4179773330688477,-1.2215139865875244,0.755001425743103,-1.3900188207626343,0.5854406356811523,0.7622897624969482,-0.11368441581726074,-0.3610959053039551,0.26117539405822754,0.9851765632629395,0.43442022800445557,False
657,0.02536594867706299,-0.15018881857395172,0.2819747030735016,0.2749190032482147,-0.07670476287603378,-0.8469380736351013,0.8448200225830078,0.5300201177597046,1.0808268785476685,-0.3758618235588074,-2.5863003730773926,2.124953031539917,4.296751022338867,-9.467631340026855,0.05733703821897507,-1.0529981851577759,0.7640061378479004,0.7549164295196533,0.157118558883667,0.721343994140625,0.0920860767364502,0.47210121154785156,-0.9122757911682129,0.6032034754753113,False
658,-0.00640791654586792,-0.28513461351394653,0.7217674255371094,0.0642099678516388,-0.2343481332063675,-0.7610140442848206,0.8835399150848389,-0.1364140808582306,2.1211047172546387,-0.8171420097351074,-2.3964486122131348,9.243439674377441,-5.345303535461426,-0.3207138180732727,3.9492573738098145,-2.5209550857543945,-18.597225189208984,-0.7194533348083496,-0.9103653430938721,0.10879278182983398,0.9106862545013428,0.7990491390228271,-0.06705045700073242,0.9054198265075684,False
659,-0.03453904390335083,-0.36723122000694275,1.009656548500061,-0.15720537304878235,-0.18759383261203766,-0.5273610353469849,0.4702993333339691,-0.19132128357887268,1.384955883026123,0.9640483260154724,1.6518471240997314,1.225649356842041,-1.8732185363769531,-0.5041725635528564,-1.138619303703308,-9.179937362670898,13.740468978881836,-0.19058728218078613,-0.36771392822265625,0.08791542053222656,-0.26677966117858887,0.33978772163391113,0.16826128959655762,1.0749670267105103,False
660,-0.020815134048461914,-0.26156726479530334,1.0427393913269043,-0.28448939323425293,-0.15064379572868347,-0.6937883496284485,0.25729915499687195,0.35931259393692017,0.5566908121109009,-0.042256202548742294,0.1811431497335434,2.2960524559020996,-4.378310680389404,3.0552923679351807,-2.753711462020874,-1.6825697422027588,10.008974075317383,-0.6528377532958984,-0.47191858291625977,0.4789009094238281,-0.27629518508911133,-0.14728879928588867,-0.06684255599975586,0.8226926326751709,False
661,-0.010957956314086914,-0.12743252515792847,0.9356788992881775,-0.5049034953117371,0.16962023079395294,-0.9333614110946655,0.37131375074386597,0.32522186636924744,0.7925592660903931,-0.30371126532554626,2.64646315574646,-2.8918468952178955,-6.59541654586792,10.5224609375,-3.691164255142212,3.2469494342803955,-6.757661819458008,-0.34278225898742676,0.46018075942993164,0.5266196727752686,0.6920914649963379,0.764230489730835,0.42696261405944824,0.36978819966316223,False
662,-0.01048964262008667,-0.049309562891721725,0.6771437525749207,-0.5240116119384766,0.6097760200500488,-1.0008755922317505,0.514583170413971,0.12568897008895874,0.6758512854576111,-0.7969317436218262,1.5357699394226074,-7.948747158050537,4.043829917907715,8.120790481567383,0.7287930846214294,3.165391445159912,-2.8282201290130615,0.2905082702636719,0.7714519500732422,0.07937932014465332,0.7013695240020752,0.7421927452087402,0.8531191349029541,0.349279522895813,False
663,-0.05869370698928833,-0.1026579886674881,0.4269140660762787,-0.13420408964157104,0.7749667167663574,-0.8861621022224426,0.6326974034309387,0.40069088339805603,0.611529529094696,-1.3028411865234375,-1.863494873046875,-5.075158596038818,12.681501388549805,-2.309840440750122,3.103795289993286,2.1268746852874756,11.3804349899292,-0.9462549686431885,0.34860801696777344,0.09621238708496094,0.254636287689209,0.42331409454345703,0.8114678859710693,0.4029955267906189,False
664,-0.16388839483261108,-0.17594163119792938,-0.07836514711380005,0.6460193991661072,0.7633402943611145,-0.6831297874450684,0.8058391809463501,0.5587638020515442,0.5168404579162598,-1.7102209329605103,-2.154068946838379,-11.00600814819336,15.932666778564453,1.529141902923584,7.145098686218262,-6.017037391662598,8.042311668395996,0.08844184875488281,-0.7878634929656982,-0.3193085193634033,-0.5975077152252197,0.018218517303466797,-0.3876943588256836,1.2278311252593994,False
665,-0.2006089985370636,-0.22333475947380066,-0.1728293001651764,0.7403934001922607,0.6778628826141357,-0.5828116536140442,0.8368366360664368,0.01641043648123741,2.0356125831604004,2.175382614135742,-1.1934397220611572,1.7276582717895508,-2.3834497928619385,-4.925267219543457,1.1285141706466675,-0.2113049477338791,-11.873225212097168,-0.08537101745605469,0.6048929691314697,0.2176966667175293,0.952012300491333,0.38384032249450684,-0.07236766815185547,0.7674989104270935,False
666,-0.15152138471603394,-0.2646006643772125,-0.16360901296138763,0.7536042332649231,0.550217866897583,-0.36132004857063293,0.7072215676307678,-0.47767123579978943,2.151395797729492,0.6429135203361511,-0.15264084935188293,1.534963607788086,-2.6005899906158447,0.30988699197769165,0.0714862123131752,-10.303954124450684,13.572760581970215,0.08535528182983398,0.6005415916442871,0.6344447135925293,-0.11572432518005371,-0.12497949600219727,0.43316006660461426,0.5379109978675842,False
667,-0.12650328874588013,-0.2962383031845093,-0.17982347309589386,0.7574564218521118,0.672494113445282,-0.24966241419315338,0.1576751321554184,0.30962514877319336,1.0018811225891113,0.21286694705486298,-1.0597800016403198,-4.567965507507324,4.820947170257568,3.5848941802978516,2.907897710800171,-10.378161430358887,17.37809944152832,-0.7436947822570801,0.7931556701660156,-0.15163159370422363,0.5866918563842773,-0.7273149490356445,-0.09219169616699219,1.0073151588439941,False
668,-0.11952626705169678,-0.27345341444015503,-0.3354645371437073,0.7729175686836243,0.7060658931732178,-0.05082262307405472,-0.19131582975387573,0.15271912515163422,-0.02138100564479828,0.21099601686000824,1.0065593719482422,1.2544584274291992,-5.998489856719971,-2.0565786361694336,6.148234844207764,-9.488173484802246,-10.535170555114746,-0.9828083515167236,0.7781028747558594,-0.3991055488586426,0.9229660034179688,0.3617746829986572,0.20733237266540527,1.0469657182693481,False
669,-0.16496503353118896,-0.23363880813121796,-0.5748438835144043,0.7633517980575562,0.5397772192955017,0.2550698220729828,-0.5444129109382629,-0.3485664129257202,1.1442474126815796,-1.0614111423492432,0.08997898548841476,-3.378394365310669,-2.3172717094421387,-3.1185169219970703,9.605527877807617,-7.420409679412842,-9.963895797729492,-0.6082642078399658,-0.8557820320129395,-0.8815934658050537,0.7177085876464844,0.4088928699493408,-0.10427260398864746,0.5493879318237305,False
670,-0.14022678136825562,-0.10695409029722214,-0.5269597768783569,0.5556249618530273,0.12714986503124237,0.41790255904197693,-0.863325834274292,-0.3169116973876953,0.17753754556179047,1.0947799682617188,4.754374027252197,-0.2921743392944336,-1.410772681236267,-11.7391939163208,-0.1464862823486328,-5.697504997253418,5.732408046722412,0.38472676277160645,0.9543442726135254,-0.8777353763580322,0.46819353103637695,0.3287925720214844,-0.8439931869506836,0.22113817930221558,False
671,-0.11138385534286499,-0.04892228543758392,-0.41747066378593445,0.5937110781669617,-0.3618048429489136,0.6032063961029053,-0.8970149755477905,-0.49653539061546326,1.4741328954696655,-0.05709052085876465,0.19931407272815704,-0.5042641162872314,-4.00342321395874,13.37845230102539,3.0934743881225586,-5.501316070556641,13.344367980957031,-0.5841224193572998,-0.5278897285461426,0.41623640060424805,0.3292725086212158,-0.256014347076416,0.5943162441253662,-0.15127940475940704,False
672,-0.10091698169708252,0.03713672235608101,-0.4414786100387573,0.3291687071323395,0.3016146123409271,0.6699112057685852,-1.1982612609863281,0.39454978704452515,0.8687427043914795,-0.25827866792678833,0.8914281129837036,3.0950264930725098,-10.464760780334473,15.548466682434082,-6.691225528717041,8.486954689025879,14.72369384765625,0.2390577793121338,-0.3820669651031494,0.7350554466247559,-0.3405482769012451,0.23003458976745605,-0.2966024875640869,0.41904139518737793,False
673,-0.04601025581359863,0.047457389533519745,-0.21087254583835602,-0.06370864808559418,0.7217646837234497,0.5266886353492737,-0.49680960178375244,0.0727342814207077,-0.010651152580976486,-0.4247813820838928,-0.6399717926979065,8.668364524841309,-2.047140598297119,-14.35189151763916,-3.2225024700164795,19.737077713012695,-15.703519821166992,0.5448811054229736,0.4976503849029541,-0.6907665729522705,-0.041506052017211914,0.8430368900299072,0.3808479309082031,1.1343934535980225,False
674,-0.06590557098388672,-0.013975173234939575,0.16392342746257782,0.04709314554929733,-0.18647199869155884,0.33034810423851013,0.5061078071594238,-0.4681154489517212,0.07174964249134064,-0.3594912886619568,-2.0202088356018066,10.242121696472168,2.77207088470459,-20.297393798828125,-2.8180465698242188,20.44230842590332,-7.753011226654053,0.08011388778686523,-0.6978771686553955,-0.29870057106018066,0.7865848541259766,-0.42809152603149414,-0.8560585975646973,1.0973886251449585,False
675,-0.1374891996383667,-0.05945296585559845,0.673571765422821,-0.36488106846809387,-0.25002866983413696,0.44108572602272034,0.8508407473564148,-0.4146578907966614,1.6981325149536133,0.4250589907169342,2.1324472427368164,7.011981964111328,-8.14052677154541,-0.4797910153865814,5.698584079742432,0.7545846104621887,-3.2726399898529053,-0.298450231552124,-0.8967161178588867,-0.11765122413635254,-0.6701860427856445,-0.4895954132080078,-0.19718408584594727,1.8180409669876099,False
676,-0.13507342338562012,0.16027843952178955,0.8486695289611816,-0.7509555816650391,-0.38083845376968384,0.5273561477661133,0.8236038088798523,-0.48450353741645813,1.6343412399291992,-1.3307045698165894,2.3606598377227783,5.567227363586426,-12.000476837158203,1.1651993989944458,3.492006540298462,-1.8451461791992188,-0.9007190465927124,-0.1349930763244629,-0.8477087020874023,-0.9498739242553711,-0.5764975547790527,0.3190743923187256,0.6692917346954346,0.6986357569694519,False
677,-0.1354736089706421,0.34935200214385986,0.7570490837097168,-0.7804869413375854,-0.25434809923171997,0.36428597569465637,0.8801588416099548,-0.1604158878326416,1.4300438165664673,0.5551209449768066,4.929521560668945,-2.539346694946289,-0.2398255616426468,4.260478496551514,-7.998062610626221,1.3754191398620605,13.654571533203125,-0.24999618530273438,-0.860767126083374,-0.4634823799133301,0.01046299934387207,0.3779151439666748,0.35792112350463867,0.8774377107620239,False
678,-0.15836870670318604,0.5415674448013306,0.607681155204773,-0.7966398000717163,-0.11440525203943253,0.17400240898132324,0.8429192304611206,0.5626645684242249,0.7742445468902588,-0.8133244514465332,4.123326778411865,-3.207801342010498,-0.2015967071056366,0.22645166516304016,-3.926455020904541,3.44984769821167,8.411145210266113,-0.1081845760345459,-0.03654789924621582,-0.9776120185852051,-0.7668426036834717,0.022948503494262695,0.1668226718902588,1.0688810348510742,False
679,-0.22394996881484985,0.6992864012718201,0.5804815888404846,-0.7204099893569946,-0.42620623111724854,0.22019170224666595,0.7340410947799683,0.43725529313087463,0.8418785929679871,-0.6657675504684448,2.0897340774536133,1.6366580724716187,1.883512020111084,-9.926511764526367,1.0520497560501099,-1.0519927740097046,-3.506204843521118,0.35210514068603516,0.8322334289550781,0.005173921585083008,0.056826114654541016,-0.479297399520874,-0.16215229034423828,1.212632417678833,False
680,-0.23434805870056152,0.8422685265541077,0.38230660557746887,-0.5674346089363098,-0.2764461636543274,0.43757715821266174,0.5827710032463074,0.2914069890975952,0.6312441229820251,-0.4757133424282074,1.7403697967529297,-3.6861026287078857,6.284214496612549,1.3505955934524536,6.128106594085693,-4.437410831451416,-2.1992428302764893,0.944777250289917,0.4094655513763428,0.9113781452178955,-0.03365325927734375,0.29500603675842285,-0.46529579162597656,0.7492362856864929,False
681,-0.26509708166122437,0.824548065662384,0.5383352637290955,-0.49963948130607605,-0.030961379408836365,0.552736222743988,0.8312058448791504,-0.16648708283901215,1.9237260818481445,-0.02123277075588703,-0.11821185052394867,3.2859575748443604,1.5985095500946045,6.1408796310424805,-0.7930764555931091,10.652397155761719,-14.648774147033691,-0.8322865962982178,-0.849423885345459,0.7832744121551514,0.4936232566833496,-0.19649672508239746,0.6619367599487305,0.25280269980430603,False
682,-0.25881269574165344,0.832728922367096,0.5487207770347595,-0.6402211785316467,0.7264976501464844,0.7089237570762634,0.6543678641319275,-0.09885436296463013,1.4052822589874268,1.4895122051239014,2.349248170852661,-1.1925097703933716,-6.261085510253906,19.250471115112305,-3.471280097961426,-4.437587738037109,11.092194557189941,0.4189751148223877,-0.39124584197998047,0.4240126609802246,0.5083403587341309,0.7824382781982422,0.5308547019958496,0.6891820430755615,False
683,-0.27189281582832336,0.7007415890693665,0.9158589243888855,-0.7008439898490906,0.42989581823349,0.6682294607162476,0.699629008769989,0.47461268305778503,0.06862625479698181,-0.666425347328186,-1.9482983350753784,7.397288799285889,-2.1491079330444336,-7.964897155761719,-3.418219566345215,5.621485233306885,11.520615577697754,-0.9189391136169434,0.589801549911499,-0.3058464527130127,-0.07259798049926758,0.42092108726501465,0.6846034526824951,0.485994815826416,False
684,-0.2881316840648651,0.7273455858230591,0.7709063291549683,-0.3098008334636688,-0.06701698899269104,0.6612197160720825,0.8162500262260437,0.46394139528274536,-0.612197756767273,-1.2275446653366089,-0.8238877654075623,-2.8552849292755127,7.4321489334106445,-7.054200172424316,1.528511643409729,2.3325486183166504,-7.58644437789917,-0.3660697937011719,-0.8055305480957031,0.15135478973388672,0.32590293884277344,-0.20172119140625,0.013815164566040039,0.34794068336486816,False
685,-0.29939132928848267,0.778555154800415,0.6546733379364014,-0.16820421814918518,-0.23943470418453217,0.7268087863922119,0.7596069574356079,0.20856809616088867,0.2595826983451843,0.0028068162500858307,-0.17378690838813782,-7.081502914428711,4.226797103881836,0.6173367500305176,-0.8643947839736938,1.8762167692184448,-4.266467094421387,-0.9808816909790039,-0.45005106925964355,-0.5462596416473389,-0.16643261909484863,0.04079747200012207,-0.06729245185852051,-0.05081973969936371,False
686,-0.2581343948841095,0.8120434880256653,0.19309286773204803,0.058495812118053436,-0.25673413276672363,0.5815298557281494,0.8179313540458679,0.08457861840724945,0.6912264823913574,0.8612608909606934,1.0143749713897705,-5.43612813949585,-0.16190959513187408,-0.49046337604522705,-2.5118372440338135,-2.5566375255584717,0.03662349283695221,-0.14877057075500488,-0.6472022533416748,-0.14344167709350586,0.11630845069885254,0.07126712799072266,-0.5455906391143799,0.33472633361816406,False
687,-0.24277612566947937,0.8505509495735168,-0.04698076471686363,-0.11787041276693344,-0.19475619494915009,0.5215308666229248,0.8286238312721252,-0.3201158046722412,-0.03608722984790802,0.5743870735168457,2.4167327880859375,-9.925296783447266,-2.3822274208068848,1.7373604774475098,-0.10920882970094681,2.3477258682250977,-15.634425163269043,-0.15561223030090332,0.5634088516235352,0.6706202030181885,-0.5874035358428955,-0.7780911922454834,0.2813379764556885,-0.23524786531925201,False
688,-0.24333330988883972,0.8357185125350952,-0.41397595405578613,-0.17418618500232697,-0.00017523765563964844,0.5620769262313843,0.470650851726532,-0.22217664122581482,0.3664005696773529,0.545290470123291,-0.34565049409866333,-6.259258270263672,1.8853062391281128,2.6939473152160645,-0.4207661747932434,-14.1041841506958,14.091071128845215,0.21459722518920898,-0.9965701103210449,-0.9055278301239014,-0.4853835105895996,0.08097171783447266,0.4715545177459717,0.011255457997322083,False
689,-0.2177390158176422,0.8156536817550659,-0.5068657398223877,-0.5342511534690857,0.1364317387342453,0.487403005361557,0.03306145966053009,0.5544956922531128,0.26583224534988403,0.8429003953933716,-0.5298163294792175,0.04263126105070114,-13.97122573852539,3.2926838397979736,0.16269102692604065,-4.20250129699707,16.090744018554688,-0.9626972675323486,0.2910153865814209,-0.8348135948181152,-0.6918714046478271,-0.6878681182861328,-0.31758952140808105,-0.637810230255127,False
690,-0.16189837455749512,0.7683247923851013,-0.548571765422821,-0.7468030452728271,-0.2502165138721466,0.5735036134719849,0.36928874254226685,0.04775763303041458,-0.329793244600296,0.05422124266624451,-2.8772995471954346,2.414977788925171,1.268263578414917,-16.445926666259766,1.951775312423706,3.9854395389556885,-8.034808158874512,-0.4003176689147949,-0.7765817642211914,-0.2672860622406006,-0.9348635673522949,0.1173696517944336,-0.8014545440673828,-0.36896947026252747,False
691,-0.12956339120864868,0.6836050152778625,-0.5269457697868347,-0.7940688729286194,-0.38465607166290283,0.4430578649044037,0.8582549095153809,-0.44637858867645264,-0.1855870485305786,1.3393052816390991,-1.4588395357131958,0.31500768661499023,2.387829303741455,3.0410847663879395,-6.354619026184082,-0.11861947178840637,21.987285614013672,-0.7917537689208984,-0.08822035789489746,-0.7416648864746094,0.7991538047790527,0.9903156757354736,0.5410134792327881,-0.08561334013938904,False
692,-0.10649138689041138,0.5105541944503784,-0.47175997495651245,-0.5857879519462585,-0.40003466606140137,0.31230631470680237,0.8938887715339661,0.5980389714241028,-1.1492208242416382,-0.4860875606536865,-5.475825309753418,5.019951343536377,2.9137380123138428,-0.1053943783044815,1.1331483125686646,7.157531261444092,6.398766040802002,0.8720817565917969,0.6019284725189209,-0.09494328498840332,-0.49457383155822754,-0.5083682537078857,-0.8424105644226074,0.1790003776550293,False
693,-0.14465755224227905,0.41934284567832947,-0.345264732837677,-0.4475010335445404,-0.40348535776138306,0.6730077862739563,0.5282607674598694,0.013264574110507965,0.44400155544281006,-0.3369678258895874,-2.210294246673584,5.824644088745117,1.6789684295654297,-1.4074257612228394,7.078085899353027,-5.594238758087158,-18.23284912109375,0.2792809009552002,-0.6567957401275635,-0.7559528350830078,0.32476115226745605,-0.7123196125030518,-0.4524495601654053,0.32507508993148804,False
694,-0.1650955080986023,0.3964293599128723,0.02249470353126526,-0.7052112817764282,-0.39009571075439453,0.7077208161354065,0.18221087753772736,-0.34623050689697266,1.3764950037002563,-0.8559805154800415,-0.5742921829223633,9.592750549316406,-9.181974411010742,-0.42183640599250793,2.8258285522460938,-19.83405303955078,14.18293285369873,0.22615790367126465,0.26584720611572266,0.4316122531890869,-0.11351585388183594,-0.5454840660095215,0.7679891586303711,-0.7444910407066345,False
695,-0.1661021113395691,0.36704957485198975,0.23026199638843536,-0.7117413878440857,-0.23933225870132446,0.7175914645195007,-0.5734902024269104,0.5286401510238647,-0.8741399645805359,0.0933404415845871,-1.4472848176956177,0.9301942586898804,3.4364490509033203,8.569304466247559,-2.4275851249694824,10.062167167663574,-26.270946502685547,-0.5672330856323242,0.10242772102355957,-0.0054700374603271484,0.14278316497802734,0.8555886745452881,0.3428666591644287,-0.7274295687675476,False
696,-0.11114281415939331,0.24349558353424072,0.20856301486492157,-0.3867538273334503,0.1100924015045166,0.6751629710197449,-0.08821409195661545,-0.581794261932373,-2.209092140197754,1.7666724920272827,-2.253722667694092,-0.3498554527759552,8.028289794921875,5.043070316314697,-1.6858761310577393,4.266722679138184,-3.2175731658935547,0.21128082275390625,0.8903665542602539,-0.0766758918762207,0.8669993877410889,-0.2400655746459961,0.13972139358520508,-1.6786420345306396,False
697,-0.1103363037109375,0.10561028122901917,-0.019931787624955177,0.346274733543396,0.19435910880565643,0.7158797383308411,-0.4475770890712738,0.3477698564529419,-1.5716572999954224,-0.09608718752861023,-2.867877244949341,-5.83979606628418,18.497793197631836,-1.2566038370132446,0.7167555689811707,-6.599695205688477,18.589689254760742,-0.3681814670562744,0.2491612434387207,0.2542428970336914,-0.30245041847229004,0.029575824737548828,0.8255019187927246,-1.5979396104812622,False
698,-0.11684918403625488,-0.03142263740301132,-0.08322174847126007,0.7723288536071777,0.45705556869506836,0.5915313959121704,-0.21801988780498505,0.20398670434951782,-0.5468912720680237,0.5648601055145264,-0.41925185918807983,4.8704447746276855,-9.6382474899292,15.326247215270996,-5.520308017730713,3.986588954925537,-2.95467209815979,0.32338786125183105,0.8960790634155273,-0.0013692378997802734,-0.9599621295928955,0.33582377433776855,0.8426759243011475,-1.6090552806854248,False
699,-0.11443299055099487,-0.04463738203048706,-0.06475405395030975,0.799564003944397,0.7806020379066467,0.2566451132297516,0.013937423937022686,0.4629251956939697,-1.1538820266723633,-1.3348720073699951,-2.7333879470825195,3.1998093128204346,6.49891996383667,-9.113780975341797,-6.8386664390563965,4.9720940589904785,13.406131744384766,-0.5691816806793213,0.7606611251831055,-0.18326616287231445,0.4051542282104492,-0.7018604278564453,0.9216904640197754,-1.1939311027526855,False
700,-0.09990370273590088,-0.037767354398965836,0.09138688445091248,0.787190854549408,0.5661457180976868,0.15411821007728577,-0.021717043593525887,0.4449009597301483,-1.4798235893249512,-0.08017972111701965,-1.7950879335403442,4.305038928985596,-1.4309250116348267,-2.8121497631073,5.947153091430664,-13.822375297546387,8.731115341186523,-0.8400318622589111,0.3629601001739502,0.06066584587097168,0.32715439796447754,-0.17593812942504883,-0.5401420593261719,-1.1509649753570557,False
701,-0.14414405822753906,-0.010166446678340435,-0.027766961604356766,0.796480655670166,0.5865604281425476,0.33659830689430237,-0.393155038356781,0.24583423137664795,-0.7639483213424683,-0.06426474452018738,2.6363863945007324,-6.421697616577148,-0.31515684723854065,3.456698179244995,3.530806064605713,-6.185525894165039,-11.271495819091797,0.9442222118377686,0.5992884635925293,0.9278960227966309,0.2314152717590332,-0.6400864124298096,0.0030066967010498047,-1.1275622844696045,False
702,-0.20018243789672852,0.02923041768372059,0.030827851966023445,0.5330812931060791,0.7250611186027527,0.5740322470664978,-0.8636284470558167,-0.09279397875070572,-0.833685040473938,-0.8400366306304932,2.4906060695648193,0.4412279427051544,0.22262629866600037,-5.6738691329956055,2.788254737854004,-11.305793762207031,-3.878819227218628,-0.2693459987640381,0.27039384841918945,0.43912458419799805,-0.08173990249633789,-0.6096456050872803,0.13326191902160645,-1.173365831375122,False
703,-0.2996367812156677,0.04492519423365593,0.011733315885066986,0.5630829930305481,0.6586917042732239,0.6209111213684082,-1.1429439783096313,-0.3108997941017151,-1.2630559206008911,-1.2982628345489502,-1.3211489915847778,-0.9374744892120361,2.4122893810272217,0.9133418202400208,-1.563795566558838,1.4137036800384521,-6.717178821563721,0.5337810516357422,0.5204861164093018,0.8776090145111084,0.81905198097229,-0.5753452777862549,0.21632623672485352,-1.3796991109848022,False
704,-0.3963218927383423,-0.02434772066771984,0.06325464695692062,0.6396773457527161,0.7916179299354553,0.6337975859642029,-1.160757064819336,-0.5029591917991638,-0.9262570142745972,-3.0072200298309326,-1.2923001050949097,0.9110184907913208,6.291108131408691,-4.762364387512207,3.372603178024292,-5.4956135749816895,2.5114119052886963,0.9274168014526367,0.9043848514556885,-0.16471242904663086,-0.6106762886047363,-0.29773473739624023,0.519444465637207,-0.7949348092079163,False
705,-0.38422468304634094,0.0168013833463192,0.0852077528834343,0.6844357848167419,0.7501130700111389,0.4471002519130707,-1.1614370346069336,-0.22354340553283691,0.17957419157028198,0.6220124959945679,1.234038233757019,1.3547239303588867,0.7697701454162598,-2.198282480239868,-5.929292678833008,0.6936590671539307,10.211935043334961,0.08906745910644531,-0.44532036781311035,-0.9615232944488525,0.1141362190246582,0.6284079551696777,0.039910316467285156,-0.3523595631122589,False
706,-0.3667193353176117,0.06485246121883392,0.32557734847068787,0.5278356075286865,0.4712384045124054,0.1899583488702774,-0.950494647026062,0.041352588683366776,-0.04707929119467735,1.6990857124328613,-0.024273352697491646,8.68602180480957,-5.687082767486572,-8.781804084777832,-3.2733118534088135,3.2043068408966064,2.611686944961548,-0.7388765811920166,-0.9237315654754639,0.055589914321899414,0.06459665298461914,-0.06838345527648926,0.021387815475463867,0.3143562376499176,False
707,-0.312698632478714,0.031914081424474716,0.6327163577079773,0.17579393088817596,0.31398507952690125,0.1845732033252716,-1.041232705116272,0.17031343281269073,-0.1352596879005432,-0.2818232774734497,0.1754325032234192,3.765876293182373,-9.869404792785645,1.7272887229919434,-0.25176480412483215,-2.1720402240753174,2.2062337398529053,-0.9379355907440186,0.021177291870117188,0.5480048656463623,-0.18501973152160645,0.32336902618408203,0.37130188941955566,-0.46624451875686646,False
708,-0.2694365084171295,0.10889257490634918,0.48903971910476685,-0.08063141256570816,0.5370720624923706,0.013113116845488548,-1.0987887382507324,0.44038328528404236,-0.7592244148254395,0.6038115620613098,0.6342461109161377,-5.352034091949463,-4.114956378936768,8.326594352722168,-4.078296661376953,-0.07084082067012787,7.872074127197266,0.37955594062805176,0.7754883766174316,-0.9810845851898193,0.518700361251831,0.01624464988708496,-0.27707958221435547,-0.9808289408683777,False
709,-0.2706447243690491,0.12067503482103348,0.21164581179618835,0.17736504971981049,0.3391954004764557,0.016727641224861145,-1.0101592540740967,0.28299030661582947,-0.25433284044265747,-0.6914262175559998,-1.4252291917800903,-4.818861961364746,12.342520713806152,-11.952193260192871,4.489624500274658,1.4917552471160889,-8.643982887268066,-0.17218732833862305,-0.796762228012085,-0.3105161190032959,0.9792582988739014,-0.37790489196777344,0.3342466354370117,-0.5298267602920532,False
710,-0.3020765781402588,0.11115479469299316,0.14887244999408722,0.34700194001197815,-0.032864734530448914,0.3186403214931488,-1.2267355918884277,0.165350079536438,0.27477508783340454,-0.692833662033081,1.4681322574615479,-0.964978814125061,-0.49671807885169983,-4.888338088989258,0.5125460028648376,4.025676250457764,-4.085995197296143,0.8502538204193115,0.13329839706420898,-0.4792907238006592,-0.4490046501159668,-0.3741264343261719,0.741534948348999,-0.6255160570144653,False
711,-0.29085469245910645,0.10980310291051865,0.3613559305667877,0.31233280897140503,-0.4408431947231293,0.32454463839530945,-1.153120756149292,0.4508354961872101,-0.31000977754592896,-0.6425763368606567,-0.5295668244361877,7.246211051940918,-3.076740264892578,-7.662635326385498,-3.398738145828247,2.891446828842163,12.267593383789062,-0.6080641746520996,0.6024289131164551,0.08340287208557129,0.17847895622253418,-0.15828680992126465,-0.760744571685791,-0.312406063079834,False
712,-0.2766747772693634,0.0937676727771759,0.3860601782798767,0.31608814001083374,-0.19050590693950653,0.36527612805366516,-0.937580943107605,0.07354304194450378,-1.3852492570877075,0.10157296061515808,-0.8469403386116028,-0.5261132121086121,2.222788095474243,5.499371528625488,3.546102523803711,3.0802247524261475,-16.811391830444336,0.8194448947906494,-0.05547356605529785,0.30148816108703613,-0.25246739387512207,0.8459258079528809,0.15442776679992676,-0.43702495098114014,False
713,-0.2608650326728821,-0.021853649988770485,0.581626832485199,0.2909160256385803,0.07066341489553452,0.32243335247039795,-0.5007286071777344,-0.47059008479118347,-0.1694612056016922,1.0016894340515137,-2.162865161895752,4.3129048347473145,0.5612196922302246,3.6330056190490723,-2.4892826080322266,1.4204403162002563,15.40925407409668,0.4468097686767578,0.7406232357025146,-0.8050966262817383,0.29044222831726074,-0.5500943660736084,0.32994508743286133,-0.9510689377784729,False
714,-0.2920769453048706,-0.15734350681304932,0.8358213901519775,0.5004127621650696,-0.10792043060064316,0.4028880298137665,-0.7825191617012024,0.524630606174469,0.44775694608688354,0.5621238946914673,-0.7368543744087219,4.302977561950684,5.99717378616333,-8.4976806640625,-0.8197521567344666,-10.51137924194336,25.23094940185547,0.32886290550231934,-0.22888875007629395,0.4994692802429199,-0.4115867614746094,0.7928826808929443,0.9131143093109131,-0.20799541473388672,False
715,-0.23632371425628662,-0.19781208038330078,1.061248540878296,0.5090864300727844,-0.14701446890830994,0.260254830121994,-0.24429208040237427,-0.026769330725073814,0.4777337610721588,1.8572849035263062,-0.05435749888420105,-0.8189258575439453,5.169912815093994,0.005065441131591797,-4.3541154861450195,12.198676109313965,-6.861540794372559,-0.6935572624206543,0.45807814598083496,0.40545129776000977,0.908916711807251,0.9482378959655762,0.11800074577331543,-0.477479487657547,False
716,-0.1908014416694641,-0.1919301599264145,0.9057682752609253,0.7881696224212646,0.0465020090341568,0.10241850465536118,0.4199376702308655,-0.428153932094574,-0.32039332389831543,0.1845952272415161,-2.1147232055664062,-0.24205048382282257,1.6355013847351074,8.380963325500488,-1.8894215822219849,13.56835651397705,-7.377399921417236,-0.004886150360107422,0.8221802711486816,0.9797399044036865,0.4013864994049072,0.23598003387451172,-0.785250186920166,0.2034369260072708,False
717,-0.13844728469848633,-0.28150230646133423,0.8576809763908386,0.7876690030097961,0.7096379399299622,0.21378500759601593,0.7090453505516052,-0.48994123935699463,0.36561688780784607,0.9642158150672913,-1.771545171737671,-2.0247764587402344,-1.0354441404342651,17.37453842163086,5.966158866882324,6.475447654724121,-6.601207733154297,-0.3169724941253662,0.06354928016662598,-0.11295485496520996,-0.39991116523742676,0.9751739501953125,-0.18734312057495117,0.7198692560195923,False
718,-0.1185154914855957,-0.309462308883667,1.0525884628295898,0.5550484657287598,0.6115224361419678,0.23500052094459534,0.8348795771598816,-0.123489610850811,1.0243417024612427,1.0266339778900146,-0.6516211032867432,5.279919624328613,-5.89756441116333,-6.358221054077148,-0.36904770135879517,1.6234164237976074,8.339813232421875,0.2477428913116455,-0.22545814514160156,0.4433724880218506,-0.8041825294494629,-0.7126352787017822,-0.752089262008667,0.1907545030117035,False
719,-0.11641865968704224,-0.2251259833574295,0.9322143197059631,0.40399008989334106,0.528736412525177,0.20387420058250427,0.8452686071395874,-0.04260516166687012,0.4685206115245819,-0.01242053508758545,3.003769874572754,-2.0822155475616455,-6.725336074829102,2.2903804779052734,-1.7281603813171387,-1.3898944854736328,-2.448582410812378,0.970893383026123,0.3471958637237549,0.6187281608581543,-0.2514643669128418,-0.6961929798126221,0.807126522064209,0.5434772968292236,False
720,-0.12581485509872437,-0.16966676712036133,1.0691699981689453,-0.02831249311566353,0.7050061821937561,0.2586280107498169,0.29717493057250977,0.5716994404792786,-0.1236138641834259,-1.1188386678695679,3.5449657440185547,-4.015143394470215,-3.083381175994873,4.1085052490234375,-0.5012486577033997,-15.926809310913086,21.13759994506836,0.49605464935302734,-0.7274909019470215,0.5995314121246338,-0.31139135360717773,0.8765814304351807,-0.149000883102417,0.5153706073760986,False
721,-0.14993053674697876,-0.09118222445249557,1.067631483078003,-0.2902229130268097,0.7311813235282898,0.06761493533849716,0.8115807771682739,-0.42937225103378296,0.4888017475605011,0.09649580717086792,1.9821538925170898,-4.348835468292236,-3.4974873065948486,0.9135995507240295,-6.678733825683594,16.417259216308594,-24.233489990234375,-0.7176120281219482,-0.44508934020996094,0.23218631744384766,0.015288114547729492,-0.2512791156768799,0.35140156745910645,-0.7330440282821655,False
722,-0.08804494142532349,-0.06073840335011482,0.792620837688446,-0.39811012148857117,0.7360504269599915,0.1698872596025467,0.2825641930103302,0.2605229914188385,0.26794955134391785,1.7367236614227295,0.6730611324310303,-9.210265159606934,0.6644102931022644,-1.0723519325256348,1.8801743984222412,-15.755851745605469,22.842750549316406,-0.8911938667297363,0.15829992294311523,0.8572099208831787,0.5596401691436768,-0.5132880210876465,0.6987533569335938,-1.1011155843734741,False
723,-0.04441070556640625,0.009387795813381672,0.1899370402097702,-0.255234032869339,0.7679975032806396,0.3757057785987854,-0.09858407825231552,0.09180166572332382,-0.035467252135276794,0.4431179165840149,0.685082197189331,-12.632192611694336,5.737225532531738,-0.5782312750816345,5.874391555786133,-9.927573204040527,-6.982033729553223,0.3475031852722168,-0.7532618045806885,0.7917406558990479,0.716665506362915,0.7143280506134033,-0.46969175338745117,-0.8480005264282227,False
724,-0.026940643787384033,0.032648708671331406,-0.14226141571998596,-0.36379894614219666,0.8084548711776733,0.5776740312576294,-0.18956397473812103,-0.5308398008346558,-0.5740626454353333,0.06700211018323898,1.0539082288742065,-5.8533806800842285,-5.502729892730713,2.070180892944336,2.6504039764404297,-12.260647773742676,20.24628448486328,0.8206532001495361,0.9661548137664795,-0.539423942565918,-0.25841593742370605,-0.8335440158843994,0.38056182861328125,-1.1253145933151245,False
725,-0.009080946445465088,0.06375056505203247,-0.34646299481391907,-0.2187703549861908,0.24132777750492096,0.7146005034446716,-0.8480709195137024,0.4620734453201294,-0.2757475674152374,-0.7549013495445251,-0.5626471638679504,-0.0331423282623291,4.4402995109558105,-15.796218872070312,1.5089906454086304,9.967708587646484,-30.334354400634766,0.5597331523895264,-0.025776386260986328,0.7345030307769775,0.24432969093322754,-0.28415799140930176,0.8389706611633301,-0.19398652017116547,False
726,0.022306323051452637,0.07131731510162354,-0.2839565873146057,-0.3113303780555725,-0.13583596050739288,0.6934074759483337,-0.8152459263801575,-0.1232573613524437,-1.681200385093689,-0.11419947445392609,0.013839424587786198,4.680013179779053,-7.895490646362305,-1.0541707277297974,-0.49491527676582336,-4.063325881958008,0.6076863408088684,-0.05915260314941406,-0.31207799911499023,0.9206171035766602,-0.9397447109222412,0.5885021686553955,0.6404809951782227,-0.6480520367622375,False
727,0.04554194211959839,0.11540576070547104,-0.15994291007518768,-0.8198665976524353,0.15002666413784027,0.3003242015838623,-0.7608240842819214,0.20557254552841187,-0.9864894151687622,1.3189125061035156,-0.6799535751342773,6.109007358551025,-12.519752502441406,9.037934303283691,-8.573558807373047,1.6507855653762817,11.892400741577148,0.34568095207214355,-0.8729307651519775,-0.5922641754150391,0.3127882480621338,0.34191346168518066,0.6033968925476074,-0.8785949945449829,False
728,-0.0012012720108032227,0.042885616421699524,-0.18902428448200226,-0.6543089747428894,0.04938347265124321,0.01563006080687046,-0.46118831634521484,0.35531482100486755,0.443314790725708,-0.43199679255485535,-1.3298808336257935,0.24903172254562378,-0.3904176950454712,-2.0870559215545654,-1.6019353866577148,6.844912052154541,-7.435354709625244,-0.3260838985443115,0.9215958118438721,-0.5343177318572998,0.26230573654174805,0.2197399139404297,0.4775700569152832,-0.7188640236854553,False
729,-0.06452995538711548,-0.0758485198020935,-0.24790392816066742,-0.21902956068515778,-0.4137364625930786,-0.008754221722483635,-0.257386177778244,0.3296910524368286,0.24589243531227112,-3.075747489929199,-2.6747920513153076,-4.027167797088623,14.929768562316895,-12.465763092041016,-2.2657675743103027,4.475048542022705,4.482063293457031,-0.9351222515106201,-0.7055685520172119,0.754042387008667,0.20616364479064941,-0.6664021015167236,-0.22326445579528809,-0.8979358673095703,False
730,-0.1592729687690735,-0.13223816454410553,-0.5482200384140015,-0.01455826684832573,0.0353044718503952,0.16282597184181213,-0.4794493317604065,0.4753973186016083,-0.637999951839447,-2.6687138080596924,-2.3064417839050293,4.558077812194824,-7.760561466217041,11.794461250305176,4.965099334716797,-3.1161270141601562,-4.6469879150390625,-0.4041581153869629,0.11365127563476562,-0.7192680835723877,-0.33792853355407715,-0.3662712574005127,0.3115377426147461,-0.4997524321079254,False
731,-0.13673317432403564,0.03715601563453674,-0.5479791164398193,-0.11648911237716675,-0.10590417683124542,0.047301001846790314,-0.7205904722213745,0.5207002758979797,-0.7419323325157166,1.4334328174591064,5.310697078704834,-4.25387716293335,3.1285789012908936,-11.59203815460205,-1.1746352910995483,-6.720265865325928,-1.0814857482910156,0.45601987838745117,-0.265277624130249,-0.9526059627532959,0.5699596405029297,-0.8799149990081787,-0.4739694595336914,0.22128209471702576,False
732,-0.11915409564971924,0.14929354190826416,-0.19076868891716003,-0.5893359184265137,-0.34108737111091614,0.3234841823577881,-1.2086856365203857,0.14834310114383698,0.32481780648231506,0.7994374632835388,4.098396301269531,8.234053611755371,-15.549687385559082,6.392171382904053,4.684889793395996,-11.750231742858887,-9.345458984375,-0.20980548858642578,-0.9946033954620361,-0.6826069355010986,0.7648093700408936,0.7411420345306396,0.5567920207977295,-0.3901652991771698,False
733,-0.11335545778274536,0.14451439678668976,0.0097776148468256,-0.6690036058425903,-0.3607426881790161,0.4741244316101074,-1.0845710039138794,-0.4861873686313629,0.5534345507621765,-1.2152042388916016,-3.1356043815612793,0.5985613465309143,1.0986664295196533,6.705286026000977,5.93518590927124,3.478100061416626,-8.940411567687988,-0.39404726028442383,-0.8463044166564941,0.7593495845794678,-0.6765835285186768,0.5648019313812256,-0.9552493095397949,-1.262749195098877,False
734,-0.0956607460975647,0.22930961847305298,-0.021547092124819756,-0.8264175653457642,0.039227552711963654,0.1943158507347107,-0.6886609792709351,-0.4839354157447815,0.16203351318836212,0.4129638075828552,-0.9317898154258728,0.08344804495573044,0.47281724214553833,6.626904487609863,-5.777680397033691,12.979422569274902,-6.941059112548828,0.5047531127929688,0.06743073463439941,-0.26435375213623047,0.3939366340637207,-0.632176399230957,-0.7788844108581543,-0.8773528933525085,False
735,-0.11053574085235596,0.27416273951530457,-0.1953592151403427,-0.5003814101219177,0.06954005360603333,0.1768210381269455,-0.5633578300476074,-0.5239332318305969,-0.8378243446350098,-1.2921854257583618,2.256074905395508,-3.248258113861084,4.298774719238281,-0.14228510856628418,2.783402681350708,-1.3984423875808716,-2.9067139625549316,0.6277487277984619,-0.48400306701660156,0.12865281105041504,-0.24085521697998047,-0.723212480545044,0.9131836891174316,-0.14501945674419403,False
736,-0.14123719930648804,0.32635921239852905,0.031284864991903305,-0.7064847350120544,0.15905840694904327,0.33398133516311646,-1.2601954936981201,0.46357083320617676,-0.9407787322998047,-1.462827205657959,3.0101420879364014,7.777821063995361,-9.93424129486084,1.505465030670166,-2.9167251586914062,-12.526788711547852,28.244129180908203,-0.5665774345397949,0.17451143264770508,-0.3796975612640381,-0.7084450721740723,0.9826464653015137,-0.9468393325805664,-0.17251846194267273,False
737,-0.10680341720581055,0.37204474210739136,0.0743541270494461,-0.6934404373168945,-0.0012300909729674459,-0.03669920936226845,-0.37777408957481384,-0.2730891704559326,-0.9469314813613892,1.3005257844924927,-2.934016227722168,3.3828892707824707,3.18041729927063,-5.096754550933838,-2.3678152561187744,18.716670989990234,-29.433923721313477,-0.017430782318115234,0.3439664840698242,0.7787196636199951,-0.9778380393981934,-0.2462904453277588,0.952303409576416,-1.64667546749115,False
738,0.015307962894439697,0.2863025963306427,0.05310986563563347,-0.5074762105941772,0.01679474487900734,-0.22676372528076172,-0.40504857897758484,0.23255564272403717,-1.5234209299087524,1.3181655406951904,2.0749778747558594,-8.1397066116333,4.790144920349121,5.423953533172607,-9.61999797821045,-5.368029594421387,29.048429489135742,-0.9697372913360596,-0.3364570140838623,0.4362964630126953,-0.326693058013916,-0.8727760314941406,0.1947956085205078,-1.83926260471344,False
739,0.10340148210525513,0.27854782342910767,-0.22680732607841492,-0.3312225341796875,0.4218975007534027,-0.3895401358604431,-0.3445194363594055,-0.044487714767456055,-0.6398097276687622,2.76137113571167,-0.8729757070541382,-5.3615875244140625,3.690944194793701,9.450173377990723,-2.3344407081604004,-0.31702542304992676,-13.743122100830078,-0.6818304061889648,0.7612996101379395,-0.36504054069519043,0.9261219501495361,-0.013606786727905273,-0.20101499557495117,-1.612388014793396,False
740,0.08697831630706787,0.21942238509655,-0.5301443934440613,0.0618751235306263,0.6086357235908508,-0.14519663155078888,-0.7566761374473572,-0.3442804515361786,0.15267157554626465,0.6746830344200134,-4.054620742797852,4.880373954772949,2.2388181686401367,-1.1020489931106567,10.082010269165039,-20.57302474975586,15.718817710876465,0.9292473793029785,0.8000645637512207,-0.9856386184692383,0.6161065101623535,0.599517822265625,0.3295102119445801,-0.435121089220047,False
741,0.1020997166633606,0.09930018335580826,-0.28038278222084045,0.40592747926712036,0.05189957097172737,0.0647100955247879,-1.2178438901901245,0.2104991376399994,-1.2174432277679443,-1.5828425884246826,-7.305229663848877,15.69667911529541,3.8130292892456055,-15.673391342163086,7.918471336364746,-4.600751876831055,9.308189392089844,-0.059294939041137695,-0.5448558330535889,0.1376500129699707,0.5881249904632568,0.1871795654296875,0.1857151985168457,-0.21381279826164246,False
742,0.12851548194885254,-0.152063250541687,0.3512328863143921,0.4598320722579956,-0.3770654499530792,0.17907604575157166,-1.0878221988677979,0.49685290455818176,-0.9417833685874939,-1.2827129364013672,-3.902069091796875,14.059361457824707,-10.941394805908203,8.432543754577637,2.045853614807129,4.028500556945801,4.998510837554932,0.7127087116241455,0.8121163845062256,0.3651578426361084,0.7593097686767578,-0.2165517807006836,0.8093881607055664,-0.037701427936553955,False
743,0.11525851488113403,-0.37691742181777954,0.9334529638290405,0.34566572308540344,-0.21273818612098694,0.5017592310905457,-1.0531097650527954,0.4969736635684967,0.2837599813938141,-0.8920594453811646,-5.435880661010742,13.901083946228027,-2.2086639404296875,3.2106070518493652,8.223199844360352,1.4648715257644653,-5.189261436462402,-0.48197102546691895,0.37748193740844727,0.4236910343170166,0.32813072204589844,0.1684129238128662,0.814166784286499,-1.2044512033462524,False
744,0.04562634229660034,-0.46502453088760376,0.8438929915428162,0.7403525114059448,0.11355599761009216,0.7047199010848999,-1.0604429244995117,0.4808870851993561,-1.451716423034668,-0.3043133318424225,-1.4113452434539795,-8.65360164642334,12.798190116882324,8.763894081115723,5.305672645568848,-3.395573377609253,-0.220923513174057,-0.07595300674438477,0.7499852180480957,0.1786186695098877,-0.3464353084564209,0.08836555480957031,-0.15809249877929688,-1.1586614847183228,False
745,-0.018110215663909912,-0.4616561532020569,0.6139322519302368,0.8221787214279175,0.786626398563385,0.5891860723495483,-0.781785786151886,0.2973266839981079,-0.6764943599700928,-0.6239687204360962,-0.28969606757164,-1.2376569509506226,-5.907971382141113,17.252960205078125,-0.013377640396356583,4.853437900543213,-5.317932605743408,-0.20467042922973633,-0.9161672592163086,0.21654462814331055,-0.25006556510925293,-0.3359794616699219,0.44051265716552734,-0.6331008076667786,False
746,-0.09613931179046631,-0.426733136177063,0.8463006615638733,0.5139725208282471,0.4142402410507202,0.51823890209198,-0.768421471118927,0.4707636833190918,0.37213242053985596,-2.067580461502075,0.991452693939209,7.9718756675720215,-13.110238075256348,-5.3067169189453125,-2.6310274600982666,-3.957505226135254,11.07357120513916,-0.5909361839294434,0.8744046688079834,-0.007017612457275391,-0.21875357627868652,0.5781018733978271,-0.618405818939209,-1.1288557052612305,False
747,-0.18195253610610962,-0.35310468077659607,0.7528871893882751,0.5118215680122375,0.026608774438500404,0.3683384656906128,-0.39030542969703674,-0.07149802893400192,-1.7931958436965942,-2.565833806991577,1.3997691869735718,-7.378486633300781,7.380212306976318,-7.476070404052734,-4.6103291511535645,15.292346000671387,-21.41303062438965,0.7632501125335693,-0.9418923854827881,0.36417531967163086,0.6105096340179443,0.4729886054992676,-0.9356162548065186,-0.7098420858383179,False
748,-0.2291867434978485,-0.2471213936805725,0.8343674540519714,0.250066339969635,0.013525411486625671,0.19515642523765564,-0.13677680492401123,-0.20936927199363708,-0.5770907998085022,-1.31997811794281,2.859173536300659,5.106748580932617,-8.780179023742676,1.7320432662963867,0.20732834935188293,-0.16303232312202454,7.582334995269775,-0.388181209564209,-0.19888019561767578,-0.07028579711914062,-0.9391171932220459,-0.0415802001953125,-0.9110441207885742,-0.04518258571624756,False
749,-0.24516046047210693,-0.05979418009519577,0.7511438727378845,0.19821423292160034,-0.03202693909406662,0.058651093393564224,0.19668759405612946,-0.5041489601135254,-0.2780323624610901,0.10007373243570328,1.1556521654129028,4.537275791168213,-8.508600234985352,3.2424750328063965,-3.663262367248535,9.069056510925293,-15.712204933166504,0.27667832374572754,-0.7837116718292236,-0.8968219757080078,-0.6530966758728027,0.7163851261138916,-0.8422839641571045,-0.4293597638607025,False
750,-0.13251018524169922,-0.0723508894443512,0.9793660640716553,-0.12177897244691849,-0.09376600384712219,-0.22595176100730896,0.30198633670806885,-0.42098188400268555,-0.022849539294838905,1.6740431785583496,-0.34495678544044495,-7.011847019195557,5.076724529266357,-5.1681928634643555,-4.782351016998291,9.216951370239258,-10.221935272216797,0.8337090015411377,0.7518274784088135,-0.9680430889129639,-0.6398787498474121,0.5432755947113037,-0.8544447422027588,-1.5523933172225952,False
751,-0.050287842750549316,-0.08111622929573059,0.9907081723213196,-0.14174121618270874,-0.3804989755153656,-0.7043384313583374,0.7502943873405457,-0.2976173758506775,-0.2834736704826355,1.2744805812835693,-0.6900280714035034,4.470024585723877,-10.316387176513672,12.970783233642578,-13.353165626525879,14.316536903381348,-0.3658859133720398,0.38041067123413086,0.6274497509002686,0.31168222427368164,0.23840832710266113,-0.8933074474334717,0.16783642768859863,-0.16712401807308197,False
752,0.004306375980377197,-0.13182491064071655,1.0076346397399902,-0.13853909075260162,-0.0570867694914341,-0.6683667898178101,0.5367435812950134,0.020988864824175835,0.08315014094114304,0.7608774900436401,-2.6998090744018555,2.054583787918091,2.030158519744873,5.009420871734619,5.8201584815979,-12.89926528930664,12.221339225769043,0.1045839786529541,0.30947160720825195,0.9996263980865479,0.4626929759979248,0.854210615158081,0.8709802627563477,-0.6677959561347961,False
753,0.01841491460800171,-0.19736236333847046,0.9788162112236023,-0.0935107171535492,0.49470341205596924,-0.7513574361801147,0.44852790236473083,0.4158777594566345,-1.1056429147720337,0.7201265692710876,-0.7588821649551392,-4.286106586456299,3.991046667098999,13.549420356750488,-1.1077449321746826,10.184488296508789,-14.583662986755371,-0.6323704719543457,-0.5638895034790039,-0.045433998107910156,0.9115302562713623,0.3831193447113037,0.20907878875732422,-0.4336734414100647,False
754,0.04287219047546387,-0.3100565969944,0.7646623253822327,0.28844204545021057,0.6845048666000366,-0.5981512665748596,0.7266054153442383,-0.10217051208019257,-0.583719789981842,-0.9839679598808289,-0.8360660672187805,-1.514398455619812,4.871485710144043,-6.09108304977417,2.3488688468933105,4.598567008972168,-7.909905910491943,-0.2979733943939209,-0.35387730598449707,-0.7334697246551514,0.017607450485229492,-0.49489450454711914,0.9690284729003906,-0.4057595133781433,False
755,0.0246199369430542,-0.37638792395591736,0.6781294941902161,0.5693661570549011,0.262125700712204,-0.4136611223220825,0.40327203273773193,0.3918025493621826,-0.5160646438598633,-0.35533231496810913,-1.0548198223114014,-5.129306793212891,9.108844757080078,-10.744490623474121,6.921708583831787,-15.088541030883789,21.685874938964844,-0.018622636795043945,0.6819362640380859,-0.6395137310028076,0.7581162452697754,-0.823662281036377,0.8577864170074463,-0.1577622890472412,False
756,-0.028620600700378418,-0.3889210820198059,0.5973013043403625,0.7128490209579468,-0.2292020469903946,-0.024833038449287415,-0.03946053981781006,0.27409154176712036,1.358959436416626,0.378618985414505,-0.4314063787460327,2.715662717819214,-2.1397345066070557,-9.998127937316895,7.6222076416015625,-15.818903923034668,4.086030960083008,-0.8294706344604492,-0.24822211265563965,0.7585952281951904,-0.18824315071105957,-0.8088667392730713,0.128035306930542,-0.2298034429550171,False
757,-0.12138992547988892,-0.2573946714401245,0.22882725298404694,0.7132112383842468,-0.3119983971118927,0.31777289509773254,-0.9223073720932007,0.5373790264129639,0.32007718086242676,-2.1957614421844482,3.6347367763519287,-14.331463813781738,2.9927353858947754,3.574437379837036,5.830894470214844,-17.458965301513672,2.2910563945770264,0.9424362182617188,0.9828140735626221,0.6088361740112305,0.487790584564209,0.45400381088256836,-0.2627139091491699,-0.4666531980037689,False
758,-0.2059481143951416,-0.21455682814121246,-0.014337483793497086,0.7207145690917969,-0.13187138736248016,0.4892263114452362,-1.1188894510269165,-0.1452123373746872,-1.0257046222686768,-2.031010389328003,1.6217617988586426,-3.5875773429870605,3.9452216625213623,1.6279436349868774,-0.5265551805496216,4.544227123260498,-19.47464370727539,-0.700791597366333,-0.5559203624725342,-0.2862973213195801,-0.1724860668182373,0.35424041748046875,-0.267777681350708,-0.24844542145729065,False
759,-0.23570528626441956,-0.041720181703567505,-0.2974853515625,0.7023681402206421,0.0208180733025074,0.3591223359107971,-1.2036590576171875,-0.2529580593109131,-0.013601988554000854,-0.019956588745117188,5.314358711242676,-8.936744689941406,-0.3263879716396332,1.374172329902649,-12.020307540893555,9.103585243225098,3.5117108821868896,0.8952388763427734,-0.9772810935974121,-0.17242074012756348,0.8037302494049072,0.7333695888519287,-0.14659929275512695,-0.33217743039131165,False
760,-0.2107413113117218,0.04783768206834793,-0.0767931416630745,0.1715065985918045,0.10490194708108902,0.1467643678188324,-0.7456521987915039,-0.36969879269599915,1.1495269536972046,1.0530067682266235,1.8134889602661133,9.710427284240723,-12.749693870544434,-1.298239827156067,-3.7281992435455322,12.85975456237793,-7.179956436157227,0.6551787853240967,-0.6744253635406494,0.3892707824707031,0.8495631217956543,0.1944432258605957,0.7631347179412842,1.0490013360977173,False
761,-0.13515836000442505,0.19847801327705383,0.39206722378730774,-0.47930675745010376,0.0146196149289608,0.22282174229621887,-0.5659798979759216,-0.2445646971464157,2.39473819732666,0.6251674890518188,0.9024834036827087,12.541121482849121,-17.66282844543457,2.365333318710327,6.540673732757568,-2.1536877155303955,10.683316230773926,0.6989150047302246,0.5227899551391602,0.6132760047912598,-0.3579745292663574,0.24728655815124512,0.8042223453521729,0.9862035512924194,False
762,-0.11209601163864136,0.18068385124206543,0.8102793097496033,-0.6302450895309448,-0.1718132644891739,0.3383295238018036,-0.5543856024742126,0.6057790517807007,0.0587095208466053,0.09316885471343994,-3.793889284133911,7.839772701263428,7.0713324546813965,-6.106083393096924,2.44014048576355,7.804924964904785,5.885372161865234,-0.0013625621795654297,-0.1307072639465332,0.1264939308166504,0.44084787368774414,0.3513813018798828,0.1092069149017334,1.3911100625991821,False
763,-0.08186352252960205,0.06055959314107895,1.0498578548431396,-0.2391369789838791,-0.3623467683792114,0.44026389718055725,0.23861907422542572,-0.31906354427337646,1.0474262237548828,0.6541340351104736,0.3035120368003845,-5.297720432281494,13.216230392456055,-0.5267331600189209,1.170717716217041,12.753212928771973,-15.794918060302734,-0.40848231315612793,-0.3635549545288086,-0.18590974807739258,-0.8603794574737549,-0.9302232265472412,0.11510658264160156,-0.11900906264781952,False
764,-0.06776988506317139,0.1391124129295349,0.8126029968261719,0.13217733800411224,-0.2336314171552658,0.4562031626701355,0.27095189690589905,-0.23283210396766663,0.872197687625885,1.5077533721923828,3.5852627754211426,-7.629356861114502,8.195023536682129,1.3521432876586914,-0.6594337821006775,-8.522238731384277,13.26211166381836,-0.6362838745117188,0.3976285457611084,-0.9611995220184326,-0.18937969207763672,-0.9093625545501709,-0.20101189613342285,-0.7794219255447388,False
765,-0.08738243579864502,0.30658575892448425,0.25947055220603943,0.7970760464668274,-0.4278343617916107,0.5343275666236877,-0.29509496688842773,0.3710187077522278,-0.561491847038269,-0.5843296647071838,3.9981799125671387,-12.407808303833008,15.68973159790039,-7.871623992919922,1.7006336450576782,-15.287192344665527,12.745882034301758,0.4816009998321533,-0.8927249908447266,-0.25604867935180664,-0.008443832397460938,0.8800632953643799,0.6661965847015381,1.0191575288772583,False
766,-0.07234621047973633,0.47289517521858215,0.21968181431293488,0.4824260175228119,-0.0890665054321289,0.4479914605617523,-0.3648768663406372,0.2060004025697708,1.934194803237915,0.5816490650177002,1.3848837614059448,2.34320330619812,-8.433321952819824,5.275786876678467,0.7494062781333923,3.9655184745788574,-8.272682189941406,-0.5905647277832031,-0.700894832611084,-0.32729268074035645,-0.026842832565307617,-0.875309944152832,-0.6999499797821045,0.6651622653007507,False
767,-0.03399169445037842,0.5600660443305969,0.33470237255096436,-0.038693930953741074,0.16490353643894196,0.7200279831886292,-0.4405856430530548,-0.3202493190765381,1.1994684934616089,1.0597233772277832,3.4675564765930176,1.522433876991272,-11.555638313293457,3.9171202182769775,4.47033166885376,-5.087764739990234,-11.850272178649902,0.7997713088989258,0.44719719886779785,-0.16971898078918457,0.23779988288879395,-0.2593038082122803,0.20934772491455078,0.5923734307289124,False
768,-0.01647961139678955,0.6713111996650696,0.5121525526046753,-0.5319914817810059,0.17573562264442444,0.6993392109870911,-0.6350134611129761,-0.38646820187568665,0.27796807885169983,0.6652756333351135,1.4125369787216187,2.8134493827819824,-5.376389503479004,-3.8315107822418213,-0.35819146037101746,-5.783599853515625,6.760136127471924,-0.05962324142456055,-0.3546180725097656,0.6285955905914307,0.1610879898071289,0.6673212051391602,-0.9148702621459961,0.6905392408370972,False
769,-0.016273140907287598,0.7193591594696045,0.6186391115188599,-0.7827284932136536,0.16402237117290497,0.5627385377883911,-0.5332834720611572,-0.43576106429100037,0.7382363080978394,0.2579580545425415,-0.2822440564632416,-2.257206678390503,9.982184410095215,-6.490478515625,-3.049593448638916,0.5289888978004456,7.240616321563721,-0.4403846263885498,0.31921958923339844,0.9879777431488037,0.6049752235412598,-0.6130914688110352,-0.08876538276672363,-0.5933095216751099,False
770,-0.039922893047332764,0.7203755378723145,0.3218706250190735,-0.2873314619064331,0.23713406920433044,0.693208634853363,-0.8632158637046814,-0.06527747213840485,-0.010541185736656189,-0.801150918006897,1.7073495388031006,-12.764643669128418,12.976056098937988,6.263459205627441,4.987578868865967,-11.396419525146484,7.244466781616211,0.9670705795288086,-0.9428200721740723,0.49969053268432617,-0.7600908279418945,-0.2470262050628662,-0.21581530570983887,0.09625518321990967,False
771,-0.07747453451156616,0.741615355014801,0.4101199209690094,-0.570405125617981,0.8613499402999878,0.6496840715408325,-1.0812870264053345,0.17418771982192993,1.755020022392273,-1.050093650817871,0.45959287881851196,7.985086441040039,-12.267203330993652,8.756935119628906,-3.7657244205474854,-2.0551929473876953,3.0012147426605225,0.7319355010986328,0.9423108100891113,-0.32468104362487793,-0.8268671035766602,-0.626267671585083,0.8486154079437256,-0.24597060680389404,False
772,-0.12045300006866455,0.6618272662162781,0.7139524221420288,-0.4107345640659332,0.07527483254671097,0.49006322026252747,-1.0575358867645264,0.4812752604484558,-0.6835769414901733,0.21647512912750244,-4.4721198081970215,8.406039237976074,5.766970157623291,-17.549400329589844,-0.0976276621222496,5.5548858642578125,-3.2144877910614014,0.23974251747131348,-0.8316526412963867,0.3913116455078125,-0.19457674026489258,0.023838043212890625,0.5619380474090576,-0.18029533326625824,False
773,-0.0402374267578125,0.530398964881897,1.0385397672653198,-0.4091776907444,-0.345292866230011,0.5092211365699768,-1.0076543092727661,0.4618922472000122,-0.9386549592018127,0.5962392091751099,0.5423774123191833,-8.562503814697266,5.037616729736328,0.1696632355451584,-3.398786783218384,2.064629077911377,0.8187530040740967,-0.46587085723876953,-0.6034297943115234,-0.09334111213684082,0.04908037185668945,-0.4198122024536133,-0.577315092086792,-0.6061879992485046,False
774,0.047413647174835205,0.5776145458221436,0.8981893062591553,-0.5460833311080933,-0.23025836050510406,0.4744095504283905,-1.1288268566131592,0.29454168677330017,-0.37852853536605835,0.5960744619369507,1.4443893432617188,-1.970601201057434,-6.738357067108154,4.576586723327637,-1.485207438468933,-1.0813926458358765,-8.584977149963379,-0.592414379119873,-0.7653689384460449,0.5857160091400146,0.42639636993408203,-0.9157066345214844,0.5313410758972168,-0.7968387007713318,False
775,0.11513710021972656,0.7007956504821777,0.5418502688407898,-0.7924628853797913,0.16897699236869812,0.4538092613220215,-1.237362265586853,0.07107359915971756,-0.04541446268558502,2.6515533924102783,1.5962560176849365,-12.990572929382324,5.711723804473877,5.350869655609131,-0.2594444453716278,1.1492576599121094,-3.3895726203918457,0.38538432121276855,-0.9531867504119873,0.6380224227905273,-0.7905936241149902,-0.2487165927886963,-0.343951940536499,-1.1258407831192017,False
776,0.16409677267074585,0.6588983535766602,0.3127219080924988,-0.7928074598312378,0.5416396260261536,0.19748839735984802,-0.6852006316184998,-0.3415704369544983,-0.8521748185157776,1.6924986839294434,0.3182148337364197,-2.6722147464752197,-3.5930423736572266,9.37646484375,-5.107703685760498,8.95502758026123,-9.221999168395996,-0.9867918491363525,0.4911937713623047,-0.2687551975250244,0.8071787357330322,-0.27782559394836426,-0.07607293128967285,-1.679800033569336,False
777,0.14501869678497314,0.6456901431083679,-0.3560636639595032,-0.310957670211792,0.7876073718070984,0.35832473635673523,-0.8300402760505676,-0.35251879692077637,-2.592547655105591,-1.543832778930664,-0.9656854271888733,-14.598275184631348,15.769413948059082,-0.17666718363761902,5.2575364112854,-8.4865140914917,7.9561309814453125,-0.26419687271118164,-0.5969476699829102,-0.07721090316772461,-0.09000062942504883,-0.8531386852264404,0.46460628509521484,-1.084226369857788,False
778,0.09789645671844482,0.6028228402137756,-0.538256049156189,-0.1897014081478119,0.783541738986969,0.3799706697463989,-1.138626217842102,0.29222428798675537,-0.14713136851787567,-0.48191726207733154,0.4799833297729492,-0.39105433225631714,-5.852656841278076,0.18839269876480103,-5.762815952301025,5.676076889038086,8.885498046875,-0.22164320945739746,0.33728861808776855,0.6586968898773193,-0.24155855178833008,0.6888084411621094,0.5381333827972412,-0.699062705039978,False
779,0.06349319219589233,0.4618881642818451,-0.36593562364578247,-0.4587436616420746,0.7686967849731445,0.24338075518608093,-0.6056857109069824,0.3482670485973358,0.037650659680366516,-1.515350580215454,-2.9510014057159424,3.6424925327301025,-2.2636964321136475,-1.0362062454223633,-8.905978202819824,20.171316146850586,-6.420012950897217,0.4312915802001953,0.48656201362609863,0.602576732635498,0.6692342758178711,-0.5615463256835938,-0.48232150077819824,-0.45803970098495483,False
780,-0.0004761219024658203,0.3372994065284729,-0.25420019030570984,-0.4295105040073395,0.7640591263771057,0.29260677099227905,-0.204887256026268,-0.045562244951725006,-0.427062451839447,-3.4577183723449707,-3.518399238586426,0.9934889674186707,-0.49244657158851624,4.781749725341797,9.254283905029297,1.6467171907424927,-10.988957405090332,0.0661005973815918,-0.9264094829559326,-0.43526387214660645,0.4012589454650879,-0.9849231243133545,0.18493151664733887,-0.27794361114501953,False
781,-0.1310802698135376,0.2781052589416504,-0.07038922607898712,-0.6017513871192932,0.5920199751853943,0.7489887475967407,-0.6415380239486694,-0.0923549085855484,-0.5066666603088379,-2.323227882385254,2.160740375518799,7.3225417137146,-7.751051425933838,-6.246036052703857,1.2591091394424438,-10.746410369873047,6.713038444519043,0.2079916000366211,0.6055221557617188,-0.5821468830108643,-0.6964387893676758,0.38527512550354004,0.8286542892456055,-0.6342740654945374,False
782,-0.14613980054855347,0.42831605672836304,0.047534920275211334,-0.44905075430870056,-0.07448631525039673,0.45673418045043945,-0.9623867273330688,0.5960859060287476,-0.3857743442058563,-1.062785029411316,-0.2376508265733719,2.5364203453063965,6.487999439239502,-14.215496063232422,-2.7938435077667236,-3.025951385498047,8.200318336486816,0.941239595413208,-0.5584936141967773,0.02772355079650879,0.4057424068450928,-0.3592398166656494,0.9931347370147705,-0.7948602437973022,False
783,-0.10600423812866211,0.34685203433036804,0.6248862743377686,-0.7553824782371521,-0.3712491989135742,0.699425458908081,-1.203079342842102,0.3698160648345947,-0.2103022038936615,1.2292119264602661,0.7758991122245789,13.787303924560547,-18.307044982910156,9.971055030822754,1.6806830167770386,-9.107187271118164,7.792801380157471,-0.16744613647460938,-0.4815504550933838,0.3482246398925781,-0.3668699264526367,0.766387939453125,0.22519135475158691,-1.381658911705017,False
784,-0.07638758420944214,0.20176412165164948,0.8814606666564941,-0.5921104550361633,-0.24033179879188538,0.6323404908180237,-1.030413269996643,0.5101305246353149,-1.4582070112228394,1.3279131650924683,-4.20886754989624,8.653327941894531,2.1274397373199463,3.6255359649658203,-3.744959592819214,9.828964233398438,-1.8942413330078125,-0.3570516109466553,-0.10999751091003418,0.41287851333618164,0.5236313343048096,-0.17788076400756836,0.5715343952178955,-1.221401333808899,False
785,-0.0702623724937439,0.14519567787647247,0.9587944746017456,-0.3994203805923462,0.06824822723865509,0.5352067947387695,-0.8071361184120178,0.5124156475067139,-2.2253944873809814,0.5851724743843079,-0.7598487734794617,-0.8333042860031128,4.161139011383057,8.397551536560059,4.984663009643555,-3.189046621322632,0.9199355244636536,-0.8864858150482178,0.8999972343444824,0.7146117687225342,0.09539365768432617,-0.1611347198486328,-0.24902009963989258,-1.9767036437988281,False
786,-0.07890671491622925,0.14496785402297974,0.5772672891616821,0.16947409510612488,0.5445165038108826,0.6356767416000366,-0.8328574299812317,0.3170129656791687,-2.4668312072753906,-1.2467012405395508,-0.2895110547542572,-9.994170188903809,13.61927604675293,11.961852073669434,1.6047590970993042,-0.4952796399593353,-5.217940807342529,-0.434814453125,-0.2485196590423584,-0.6496319770812988,-0.27239465713500977,-0.5512988567352295,-0.9372353553771973,-2.709441900253296,False
787,-0.12524104118347168,0.20131272077560425,0.037015628069639206,0.8610306978225708,0.7974157333374023,0.6999125480651855,-0.7973959445953369,-0.389367938041687,-1.8217954635620117,-2.244147777557373,1.4362822771072388,-0.6460074782371521,-6.965611934661865,8.171577453613281,-1.0774751901626587,4.84234094619751,-21.553028106689453,-0.6433320045471191,0.1406400203704834,-0.9176244735717773,0.44191980361938477,0.7886872291564941,0.9405977725982666,-1.5580826997756958,False
788,-0.16055911779403687,0.3667278587818146,0.017443278804421425,0.6780275106430054,0.2887558341026306,0.5684159994125366,-1.1258621215820312,0.1303527057170868,-1.94985032081604,-1.8129854202270508,2.393049716949463,1.729317545890808,-6.7237396240234375,-11.390242576599121,-3.5911803245544434,-5.851630687713623,21.463844299316406,-0.9276123046875,0.779975414276123,-0.8737342357635498,0.37733006477355957,0.6204478740692139,-0.5303604602813721,-1.6723886728286743,False
789,-0.20492225885391235,0.3896230459213257,-0.12043426185846329,0.7802935242652893,-0.4474107623100281,0.5296275019645691,-1.175023078918457,0.42784950137138367,-1.8657621145248413,0.7707475423812866,-2.052250862121582,3.049647092819214,-10.934541702270508,-0.3338108956813812,3.0336251258850098,1.2902120351791382,-6.191294193267822,-0.7016463279724121,-0.6872279644012451,-0.049094200134277344,-0.6312215328216553,0.11679887771606445,-0.44884467124938965,-0.45129019021987915,False
790,-0.143593430519104,0.3919835388660431,-0.37217795848846436,0.32626593112945557,-0.06849479675292969,0.4702969491481781,-0.9662362933158875,-0.17212766408920288,-1.6820088624954224,-0.23428216576576233,-0.5195948481559753,-4.1138458251953125,-12.647644996643066,9.960644721984863,-2.2314746379852295,8.811092376708984,-17.090618133544922,-0.7303340435028076,-0.5368435382843018,0.41974687576293945,-0.4987342357635498,-0.08023619651794434,-0.6705470085144043,-1.589134931564331,False
791,-0.1074036955833435,0.40647587180137634,-0.5167086124420166,-0.3751927614212036,0.45983704924583435,0.2446671426296234,-0.9073988795280457,-0.23610329627990723,-0.7286350727081299,0.7121782898902893,0.6036416888237,3.011507987976074,-20.29071617126465,11.496461868286133,-7.636648178100586,-1.4840240478515625,9.213223457336426,-0.9217264652252197,-0.4819521903991699,-0.08249402046203613,0.7496461868286133,-0.22635722160339355,-0.9251410961151123,-1.8220807313919067,False
792,-0.14921486377716064,0.3045669198036194,-0.5325577855110168,-0.8047484159469604,0.6504855155944824,0.4514985978603363,-1.0922064781188965,-0.48587507009506226,-0.4964544177055359,-2.7240495681762695,-9.716705322265625,11.697484016418457,-2.213071346282959,-7.93821907043457,13.379850387573242,-1.6685978174209595,-14.848359107971191,-0.3116297721862793,-0.19617414474487305,-0.7667360305786133,0.757849931716919,-0.40236711502075195,-0.9322385787963867,-0.5608806014060974,False
793,-0.19784778356552124,0.13644583523273468,-0.4113914668560028,-0.6320157647132874,-0.09827304631471634,0.6374558210372925,-1.1701254844665527,-0.5374962091445923,-1.1544220447540283,0.31147968769073486,-4.312085151672363,5.389639854431152,3.12357234954834,-20.01398468017578,8.647077560424805,-5.424070358276367,-0.7894948720932007,-0.3877897262573242,-0.332059383392334,-0.663006067276001,0.3656153678894043,0.24380946159362793,0.7728784084320068,-0.4463759660720825,False
794,-0.18483805656433105,-0.007074984256178141,-0.30491602420806885,-0.8010671138763428,-0.2603164613246918,0.6122948527336121,-1.0486435890197754,-0.03235286846756935,-2.530994415283203,0.8703413009643555,-1.7989909648895264,-4.282027721405029,6.112967014312744,-1.2691972255706787,-0.2095676064491272,0.24057598412036896,16.000896453857422,0.3640000820159912,-0.9838359355926514,0.0996091365814209,0.221083402633667,0.5512750148773193,0.7850875854492188,-1.292959213256836,False
795,-0.15270137786865234,-0.09111373126506805,-0.39987170696258545,-0.7854247689247131,-0.13335564732551575,0.4838491976261139,-0.6672469973564148,0.34448933601379395,-1.181719422340393,0.30532097816467285,-1.886939525604248,-2.0343873500823975,0.3305683732032776,2.9670910835266113,-1.0154452323913574,17.902223587036133,-15.24663257598877,-0.4691195487976074,-0.05354189872741699,0.5317089557647705,-0.9865550994873047,-0.27486610412597656,0.9388296604156494,-1.457297682762146,False
796,-0.14365744590759277,-0.15465590357780457,-0.5457540154457092,-0.7587253451347351,0.11924921721220016,0.3177923560142517,-0.21312196552753448,0.5097134709358215,-0.3068888187408447,-0.74358731508255,-1.0822815895080566,-2.354393720626831,-1.4471203088760376,7.898310661315918,-6.174280643463135,3.760777473449707,17.45762825012207,0.9765877723693848,-0.5509142875671387,0.706857442855835,-0.2854030132293701,-0.16507887840270996,-0.06765007972717285,-1.1839776039123535,False
797,-0.13756662607192993,-0.23577918112277985,-0.5112804174423218,-0.7809885144233704,0.40966877341270447,0.18943649530410767,0.39136722683906555,0.017844555899500847,0.1786627471446991,0.18993771076202393,-0.8752068877220154,-0.28793853521347046,2.35901141166687,4.990082740783691,-4.018219947814941,10.735227584838867,-9.957783699035645,-0.7717642784118652,0.270829439163208,0.2365736961364746,0.41140079498291016,-0.18592524528503418,-0.42276716232299805,-0.382712721824646,False
798,-0.1474059820175171,-0.32777437567710876,-0.5278289318084717,-0.663349449634552,0.5069141387939453,0.3082190752029419,0.6594765186309814,-0.5544294714927673,0.2832282483577728,0.9414430260658264,-1.8233643770217896,3.5914013385772705,-2.7482500076293945,1.6971765756607056,3.8451805114746094,-3.243424654006958,1.4272750616073608,0.1450176239013672,0.5391323566436768,-0.6706006526947021,0.2417583465576172,-0.12170147895812988,0.4777963161468506,-0.4590778946876526,False
799,-0.12645715475082397,-0.3647809326648712,-0.5049046874046326,-0.5659629702568054,0.1801658421754837,0.47062867879867554,0.16033321619033813,0.3339898884296417,-0.4415561556816101,0.8797155618667603,-1.575016975402832,1.6026315689086914,3.1816818714141846,-10.292110443115234,4.876941680908203,-11.161507606506348,20.735336303710938,0.659888505935669,0.9249999523162842,0.86686110496521,0.34410929679870605,0.16536235809326172,-0.28891658782958984,-0.0006873458623886108,False
800,-0.11400705575942993,-0.4686081111431122,-0.4030150771141052,-0.3468606472015381,-0.1453734189271927,0.5882739424705505,0.3523368239402771,0.012958438135683537,-0.07414627075195312,0.7492209672927856,-2.197366714477539,1.4559400081634521,6.804847240447998,-4.144984245300293,2.708756446838379,8.16293716430664,-17.418203353881836,-0.6154513359069824,0.592761754989624,0.8346359729766846,0.5623455047607422,0.06877732276916504,0.5000181198120117,0.02272726595401764,False
801,-0.10347574949264526,-0.5473008751869202,-0.540831983089447,0.06282425671815872,-0.07157571613788605,0.7184114456176758,0.5367359519004822,-0.4014125168323517,-0.19999006390571594,-0.12323277443647385,-0.5435666441917419,0.7138876914978027,2.4463698863983154,5.488526821136475,-5.263939380645752,8.259780883789062,-1.551138162612915,0.182112455368042,0.49868226051330566,0.33799290657043457,-0.26284217834472656,-0.12671637535095215,0.0761418342590332,-0.14119021594524384,False
802,-0.02994692325592041,-0.5996642112731934,-0.5342206954956055,0.276597797870636,-0.03065759688615799,0.5759519934654236,0.7699964046478271,-0.36133137345314026,1.1456036567687988,1.4461933374404907,-1.0090388059616089,-0.1599079817533493,3.550264596939087,0.36709994077682495,-3.3988544940948486,2.8294613361358643,3.4838058948516846,-0.5755186080932617,-0.9002158641815186,-0.0953819751739502,0.93011474609375,-0.31098341941833496,0.9798257350921631,-0.2690119445323944,False
803,0.018783628940582275,-0.5983993411064148,-0.5177518725395203,0.23910197615623474,0.08470718562602997,0.731097936630249,0.21845552325248718,0.5045061707496643,0.29656434059143066,0.9350718855857849,1.0442445278167725,0.6649944186210632,-4.9661970138549805,4.741563320159912,3.1331429481506348,-18.356998443603516,28.954811096191406,-0.37937474250793457,-0.5226259231567383,0.408980131149292,-0.8752143383026123,-0.7204113006591797,-0.3231205940246582,-0.2836325764656067,False
804,0.0676237940788269,-0.4959876835346222,-0.4560718536376953,-0.2034759521484375,0.4890694320201874,0.6447638869285583,0.4255177974700928,-0.38743677735328674,-0.4036744236946106,1.0297664403915405,2.875514030456543,-0.13868407905101776,-10.280935287475586,10.345996856689453,-1.9122081995010376,2.90165114402771,-21.25336456298828,0.5458695888519287,-0.7814209461212158,0.37221431732177734,-0.19111156463623047,-0.6013438701629639,0.24321699142456055,-0.5842454433441162,False
805,0.08101236820220947,-0.3364412784576416,-0.26401448249816895,-0.8451339602470398,0.648177444934845,0.6068904399871826,-0.25008270144462585,0.06473210453987122,-0.7943770885467529,0.9496825933456421,3.1150062084198,1.3189870119094849,-1.8544983863830566,-13.751853942871094,0.9881202578544617,-20.088199615478516,18.89238166809082,0.5976548194885254,0.5524652004241943,-0.9206571578979492,-0.2676432132720947,-0.14932799339294434,0.5457885265350342,0.5130797624588013,False
806,0.03441476821899414,-0.32018375396728516,-0.2519785761833191,-0.37582558393478394,-0.4652915298938751,0.5740641951560974,-0.6685748100280762,0.26760557293891907,0.16838930547237396,-0.5705437660217285,-0.13453985750675201,2.3547539710998535,11.165803909301758,-26.697593688964844,-0.11378523707389832,-1.9582881927490234,-11.992033004760742,-0.7132568359375,-0.4388141632080078,-0.3782191276550293,0.03215909004211426,-0.18183517456054688,-0.5978050231933594,-0.484298974275589,False
807,0.006701052188873291,-0.2335471361875534,-0.27586281299591064,-0.6480690836906433,0.24712485074996948,0.49093538522720337,-0.7055142521858215,-0.5808049440383911,-0.29852157831192017,-2.044229745864868,1.4548672437667847,0.2610001862049103,-5.588711261749268,13.548946380615234,-1.148233413696289,-1.6770610809326172,-16.343935012817383,-0.5554108619689941,0.5188465118408203,-0.735480785369873,-0.15741372108459473,-0.13454103469848633,-0.09140229225158691,-0.07435096800327301,False
808,-0.09739154577255249,-0.1848532110452652,-0.5772188901901245,-0.39763087034225464,0.4365508556365967,0.31258735060691833,-1.1255022287368774,-0.05758395791053772,-0.2455442100763321,-2.9095141887664795,-3.350421190261841,3.515611410140991,2.6074090003967285,-3.3640716075897217,-5.30592679977417,8.904664993286133,-1.2973747253417969,-0.9476485252380371,-0.1430203914642334,-0.9256563186645508,-0.7542610168457031,-0.661719799041748,-0.5117242336273193,-0.17541322112083435,False
809,-0.12008780241012573,-0.15544456243515015,-0.5383171439170837,-0.3039906322956085,-0.04522106423974037,-0.05274733528494835,-0.8695518970489502,-0.2309679090976715,-0.025145724415779114,-1.4161577224731445,3.261201858520508,-0.6759570240974426,2.2069458961486816,-15.073209762573242,-8.843957901000977,4.455295562744141,-6.653147220611572,-0.614344596862793,-0.9202597141265869,0.5475718975067139,0.7884011268615723,-0.9922561645507812,-0.59977126121521,0.3275311291217804,False
810,-0.15553170442581177,-0.05795402452349663,-0.43186646699905396,-0.5980283617973328,-0.30963557958602905,0.04861615225672722,-1.290498971939087,-0.537150502204895,1.336370825767517,-1.5329926013946533,2.4172027111053467,2.5475025177001953,-10.972390174865723,1.460189700126648,-2.4287941455841064,-4.557462692260742,0.9148271679878235,-0.5874993801116943,0.22806882858276367,0.2187347412109375,-0.12254953384399414,0.4014618396759033,0.16326642036437988,-0.961554765701294,False
811,-0.20157518982887268,-0.0070936353877186775,-0.5388351678848267,-0.7229602932929993,-0.28301405906677246,-0.26551446318626404,-1.1104944944381714,-0.10998408496379852,0.12638726830482483,-0.8806222081184387,1.4474705457687378,-9.733773231506348,2.454988956451416,3.7470169067382812,-5.742331504821777,3.674907922744751,8.601568222045898,0.5591106414794922,-0.8803799152374268,0.9703140258789062,0.2481098175048828,-0.3993818759918213,-0.842470645904541,-0.4710330367088318,False
812,-0.26382654905319214,-0.03556082397699356,-0.475114107131958,-0.7976630926132202,-0.16779188811779022,-0.3111541271209717,-0.8221945762634277,-0.24010038375854492,-0.2340731918811798,1.3347258567810059,1.335359811782837,-1.5001604557037354,3.583425760269165,1.9613940715789795,-0.2705642580986023,5.110840320587158,-10.225011825561523,-0.710573673248291,0.2894446849822998,0.41945481300354004,-0.0780785083770752,0.18505144119262695,-0.3664367198944092,0.067097969353199,False
813,-0.20600363612174988,0.021423785015940666,-0.5241518616676331,-0.7406584024429321,0.08224090933799744,-0.3234439194202423,-0.6928306221961975,-0.35677197575569153,0.058514490723609924,1.3709595203399658,1.9520728588104248,2.77937912940979,-3.7453038692474365,5.304127216339111,-0.9634609818458557,0.011014342308044434,6.703067779541016,0.9892942905426025,-0.06835126876831055,0.1923670768737793,-0.5680618286132812,0.5276749134063721,0.6225128173828125,0.11303152143955231,False
814,-0.1349576711654663,0.05058746412396431,-0.3924114406108856,-0.7086556553840637,0.06549986451864243,-0.5414679646492004,-0.4949813485145569,0.22629772126674652,0.097771555185318,1.9059854745864868,-0.7377451062202454,6.097400665283203,-0.8382883071899414,-1.1816306114196777,-4.958817005157471,4.605551719665527,16.233470916748047,0.13565397262573242,-0.1655592918395996,-0.8480539321899414,0.14438319206237793,-0.7741873264312744,0.6097729206085205,0.729747474193573,False
815,-0.08341723680496216,0.06813130527734756,-0.13687467575073242,-0.7053876519203186,-0.20824840664863586,-0.5346376895904541,-0.3159916400909424,0.24981752038002014,1.6542065143585205,1.4526392221450806,-1.3834764957427979,8.839844703674316,-0.48606637120246887,-9.34846305847168,4.446579456329346,-0.8165571689605713,-4.084011077880859,0.6383795738220215,0.8339989185333252,0.27658772468566895,-0.8047995567321777,-0.5852160453796387,0.5453834533691406,0.748390793800354,False
816,-0.06656914949417114,0.07722683250904083,0.18764600157737732,-0.7386265397071838,-0.27914685010910034,-0.5075533986091614,-0.5144140720367432,0.5563794374465942,0.9137229323387146,-0.5459939241409302,1.7799779176712036,2.1515493392944336,0.5708398818969727,5.791447639465332,-1.3301515579223633,-5.8431572914123535,9.92031478881836,-0.40187907218933105,0.9882688522338867,0.9996500015258789,0.7136528491973877,-0.10939455032348633,0.9184186458587646,0.5282433032989502,False
817,-0.049308836460113525,0.08188619464635849,0.11583742499351501,-0.30470386147499084,-0.05770139768719673,-0.3852991461753845,-0.7505198121070862,0.5231900215148926,0.7810474634170532,-0.6765440702438354,1.1549569368362427,-5.30877685546875,13.56294059753418,5.491004467010498,0.9263213872909546,-7.451723575592041,8.366217613220215,-0.9037437438964844,-0.305511474609375,-0.6817657947540283,-0.5199403762817383,-0.43313026428222656,0.7859890460968018,0.10502298176288605,False
818,-0.0987401008605957,0.1563841700553894,-0.25484952330589294,0.389026403427124,0.11449184268712997,-0.341455340385437,-1.021719217300415,0.4862677752971649,0.41676560044288635,-0.5431119799613953,0.4112316966056824,-8.4371337890625,14.014196395874023,2.131452798843384,1.792051911354065,-5.133673667907715,-6.734255790710449,0.2998642921447754,0.1685957908630371,0.022732257843017578,-0.73370361328125,0.9438638687133789,-0.9520223140716553,-0.4344016909599304,False
819,-0.1571822166442871,0.2509613037109375,-0.5037150979042053,0.7962678670883179,0.27508553862571716,-0.6980796456336975,-0.3594449758529663,-0.6548479795455933,-0.37532687187194824,-0.09173379838466644,1.4036945104599,5.640068531036377,-8.273836135864258,9.415553092956543,-9.080763816833496,11.779863357543945,-12.107131004333496,0.5496401786804199,0.5728096961975098,-0.8807449340820312,0.8832187652587891,-0.5488157272338867,0.0977778434753418,0.9741693139076233,False
820,-0.23095566034317017,0.3332372307777405,-0.3049355149269104,0.7483866214752197,0.2224736362695694,-0.6955729126930237,-0.993901252746582,0.5266099572181702,1.3824833631515503,-2.978440999984741,-0.044680334627628326,10.060357093811035,-3.284132242202759,-5.699407577514648,5.927762508392334,5.452877998352051,-23.10790252685547,-0.6620278358459473,0.0015239715576171875,0.8315608501434326,-0.02216649055480957,0.09407377243041992,0.5105540752410889,0.8235331177711487,False
821,-0.2604715824127197,0.2939406931400299,-0.023273810744285583,0.7214251160621643,0.2645004093647003,-0.47247177362442017,-0.9123771786689758,-0.2306411862373352,1.0608201026916504,-2.159771203994751,-1.7066184282302856,0.5513790249824524,1.1262847185134888,6.822505950927734,4.878296852111816,0.9064158201217651,-8.639735221862793,0.782259464263916,-0.3015925884246826,-0.40279221534729004,-0.8381931781768799,0.7958614826202393,-0.5357503890991211,0.2662816643714905,False
822,-0.2478823959827423,0.20769597589969635,0.28488004207611084,0.5994454622268677,0.4117636978626251,-0.5776978731155396,-0.6114470362663269,-0.3612833321094513,0.4610166847705841,0.4703693389892578,-2.498793601989746,12.114212989807129,-7.236358642578125,0.7852749824523926,-7.910587310791016,10.785820007324219,5.094385623931885,-0.265333890914917,-0.034627437591552734,0.7605350017547607,-0.7826099395751953,0.9413161277770996,-0.5184414386749268,-0.23780111968517303,False
823,-0.27838075160980225,0.15411637723445892,0.553765594959259,0.41372695565223694,0.6631389260292053,-1.0697972774505615,0.22692996263504028,-0.4775504469871521,-0.19615252315998077,0.3697444200515747,-3.7484076023101807,5.7829813957214355,-2.63047456741333,8.580389976501465,-4.390028476715088,8.619597434997559,10.08926010131836,0.6506433486938477,-0.955096960067749,-0.7028086185455322,0.4496316909790039,-0.38103723526000977,-0.9659423828125,0.7549137473106384,False
824,-0.27956998348236084,-0.018659722059965134,1.1013157367706299,0.09854923188686371,0.6592435240745544,-0.8091111779212952,0.34993112087249756,-0.5393187999725342,1.2828649282455444,-0.027413487434387207,3.958766460418701,-12.797992706298828,9.531045913696289,-5.091867923736572,0.10809166729450226,2.2398440837860107,-8.979978561401367,-0.11814355850219727,-0.6496913433074951,0.44490599632263184,-0.5190095901489258,-0.924530029296875,-0.7946789264678955,-1.0097473859786987,False
825,-0.2716502249240875,0.00770482188090682,0.7650367617607117,0.09787512570619583,0.7795347571372986,-0.727019727230072,0.01480264961719513,-0.3140083849430084,0.6672375798225403,0.10922962427139282,4.822607517242432,-9.616815567016602,2.9737086296081543,-6.0906195640563965,-3.7353079319000244,-4.9311299324035645,-1.9023181200027466,0.11815524101257324,0.638601541519165,-0.41952943801879883,-0.34896373748779297,0.9607219696044922,-0.07393622398376465,-0.7908878326416016,False
826,-0.30109459161758423,0.03475554659962654,0.4246000051498413,0.3263106644153595,0.37735122442245483,-0.8724068403244019,0.08927401900291443,-0.4510508179664612,-1.7388417720794678,0.7206201553344727,0.08086273819208145,-6.372902870178223,7.05385160446167,-10.798173904418945,-7.495954513549805,4.342379570007324,7.030607223510742,0.8934540748596191,0.6978933811187744,0.3271915912628174,0.8856370449066162,-0.41214680671691895,-0.6735775470733643,-0.47165122628211975,False
827,-0.3550841510295868,-0.07046805322170258,0.34438133239746094,0.6382590532302856,-0.08840631693601608,-0.7157258987426758,0.021099897101521492,-0.5047699213027954,-0.35656988620758057,-0.8903096318244934,-4.453392505645752,4.176448822021484,5.0248589515686035,-6.578661918640137,9.877178192138672,-5.505453586578369,-6.500927925109863,0.12080812454223633,-0.25060129165649414,-0.8068215847015381,0.4510071277618408,0.8276748657226562,0.6082377433776855,-0.8001968264579773,False
828,-0.3258312940597534,-0.07671917229890823,0.46687614917755127,0.7595648169517517,-0.4347705841064453,-0.6430603265762329,-0.08886995166540146,-0.2570571303367615,0.05042707920074463,-0.6910444498062134,-1.451979398727417,6.160612106323242,-3.2968759536743164,-4.717959403991699,1.5996016263961792,1.4965654611587524,7.470239162445068,0.6957099437713623,0.08423638343811035,0.27969861030578613,-0.5325503349304199,0.8321175575256348,-0.4152805805206299,-0.29709547758102417,False
829,-0.27258986234664917,-0.11666762083768845,0.7047926187515259,0.5072742104530334,-0.1827206015586853,-0.8025122284889221,0.493416428565979,-0.39740821719169617,-0.5902422666549683,-0.2778235673904419,-0.8979715704917908,7.473264217376709,-8.212528228759766,6.267306804656982,-5.5873122215271,20.688236236572266,-11.757033348083496,-0.7384445667266846,0.7442855834960938,0.7446985244750977,-0.08881831169128418,-0.5616791248321533,-0.7481276988983154,-0.5232465267181396,False
830,-0.2754102945327759,-0.10436659306287766,0.6868876814842224,0.4947730004787445,0.19270025193691254,-0.9849033951759338,0.8598853349685669,-0.2981698215007782,-1.704176425933838,0.140830397605896,0.6117803454399109,-4.263557434082031,3.100658893585205,10.099177360534668,-0.49517399072647095,0.09001561999320984,2.403357744216919,0.958453893661499,-0.8161377906799316,0.9356722831726074,0.6740269660949707,0.8025140762329102,-0.22058844566345215,0.11402881145477295,False
831,-0.25201180577278137,-0.20319722592830658,0.9210636019706726,0.20503166317939758,0.8547090888023376,-0.8363363742828369,0.8785911202430725,-0.39923813939094543,1.4545241594314575,1.5194261074066162,-0.396634578704834,7.530247211456299,-2.8025240898132324,-4.0514678955078125,5.328952789306641,-0.6762294769287109,-6.410161972045898,-0.10662651062011719,0.9370601177215576,-0.3774995803833008,0.2334427833557129,-0.9386019706726074,-0.4368016719818115,0.3225889801979065,False
832,-0.21841388940811157,-0.22544530034065247,1.0369718074798584,0.504790186882019,0.05567250773310661,-0.48314058780670166,0.4220518469810486,-0.3615370988845825,0.6041374206542969,1.2703520059585571,1.6463990211486816,-4.660473823547363,11.89481258392334,-16.301626205444336,2.212585210800171,-12.645988464355469,6.127574443817139,-0.948026180267334,0.31456756591796875,0.8384709358215332,-0.8087787628173828,0.3615093231201172,0.3453209400177002,-0.8658770322799683,False
833,-0.18405205011367798,-0.010971569456160069,0.5887821912765503,0.7503456473350525,-0.09159919619560242,-0.6876110434532166,0.12935881316661835,-0.07515983283519745,0.5877484679222107,0.4139442443847656,3.330277681350708,-10.51424503326416,-0.5201265215873718,7.022951126098633,-5.7601447105407715,-2.6535632610321045,6.965031147003174,0.14682865142822266,0.7958784103393555,0.9094865322113037,-0.13932442665100098,0.3141634464263916,-0.6520025730133057,0.15544433891773224,False
834,-0.14189404249191284,0.1708654910326004,0.20572039484977722,0.5132627487182617,0.47783204913139343,-0.9541515707969666,0.3112618625164032,-0.3368319272994995,-0.198238343000412,-0.016128838062286377,3.0563857555389404,-3.1671133041381836,-9.588357925415039,14.718608856201172,-6.681323051452637,10.888206481933594,-14.423768997192383,-0.839801549911499,-0.14935564994812012,-0.6571135520935059,0.5678181648254395,0.1758253574371338,-0.6632089614868164,0.3147413730621338,False
835,-0.12923002243041992,0.2480234056711197,-0.13626350462436676,0.49280187487602234,0.7872796058654785,-0.866040825843811,0.16206476092338562,-0.3317166268825531,-0.8582776188850403,-0.8423337936401367,1.9425115585327148,-9.681050300598145,5.48756217956543,-3.0650734901428223,5.923463821411133,-6.002604007720947,-0.03717362508177757,0.6192731857299805,-0.4060177803039551,0.1978011131286621,-0.03217959403991699,0.9287240505218506,-0.09999656677246094,0.3567686676979065,False
836,-0.12482708692550659,0.2186528444290161,-0.23315149545669556,0.3836105465888977,0.7851294875144958,-0.8908557295799255,0.3698647916316986,-0.49968114495277405,0.6030709743499756,1.6994106769561768,-0.6934204697608948,0.9723927974700928,-5.232629299163818,1.1985331773757935,-2.7910687923431396,0.4510270059108734,8.614330291748047,0.37090516090393066,-0.5969562530517578,0.9995017051696777,0.09537029266357422,0.10851860046386719,0.9010121822357178,0.4365972876548767,False
837,-0.09168785810470581,0.13296882808208466,0.04854762554168701,-0.13603325188159943,0.782907247543335,-0.9079433083534241,0.17596663534641266,0.39362895488739014,1.6594576835632324,0.6127873659133911,-0.4787485897541046,6.483818054199219,-12.145730972290039,-1.6321252584457397,-2.9440855979919434,-5.165303707122803,25.69866371154785,0.12845921516418457,0.6434359550476074,-0.1831202507019043,0.19167661666870117,0.4790482521057129,-0.27924609184265137,0.6019914746284485,False
838,-0.07075387239456177,-0.005475228652358055,0.4062780439853668,-0.38136017322540283,0.5001277923583984,-0.9585831165313721,0.8166694641113281,-0.2158583700656891,0.5960499048233032,1.1011295318603516,-3.273897647857666,4.882391452789307,2.831787586212158,-8.974432945251465,-1.2839672565460205,17.724435806274414,-22.08188247680664,-0.3094465732574463,0.08236885070800781,0.8896210193634033,0.9205100536346436,-0.2719998359680176,0.38056111335754395,0.9849900007247925,False
839,-0.047936201095581055,-0.026069534942507744,0.44276902079582214,-0.2589121162891388,0.3813210725784302,-0.5626064538955688,0.42554354667663574,-0.42434316873550415,1.1858584880828857,0.5131424069404602,-0.19149918854236603,0.6846622228622437,0.23204462230205536,3.6706840991973877,9.02487850189209,-15.268641471862793,4.430859088897705,-0.3800015449523926,0.4703397750854492,-0.09530258178710938,-0.9735546112060547,0.18571805953979492,0.2646048069000244,-0.018805265426635742,False
840,-0.05073881149291992,0.021801117807626724,0.16196493804454803,0.07851536571979523,0.448415070772171,-0.5571569800376892,0.16142414510250092,-0.21085146069526672,-0.380064994096756,-1.2453620433807373,0.9387893080711365,-10.112841606140137,11.34201717376709,0.24746203422546387,-3.9285709857940674,0.2765839993953705,4.69869327545166,-0.27593255043029785,0.8045752048492432,0.4216926097869873,0.941779375076294,-0.11624526977539062,0.7824862003326416,-0.48049598932266235,False
841,-0.10641545057296753,0.013526154682040215,-0.3597147762775421,0.8119876384735107,0.4803110361099243,-0.5106735825538635,-0.2890702188014984,0.5526853203773499,-0.07745612412691116,-2.389082670211792,-0.21720683574676514,-10.73353099822998,15.633245468139648,1.9139602184295654,2.230215549468994,-12.568098068237305,22.02039337158203,-0.28650641441345215,-0.7758777141571045,0.4005098342895508,0.5135440826416016,-0.17830944061279297,-0.8459196090698242,0.7617932558059692,False
842,-0.1176232099533081,0.06965547800064087,-0.5185171961784363,0.7571412324905396,0.7012301683425903,-0.22809837758541107,-0.2498331516981125,-0.504738986492157,1.65453040599823,-0.5983452796936035,-0.36185601353645325,0.985520601272583,-4.182564735412598,-3.4296329021453857,10.233014106750488,0.9941511154174805,-30.25374412536621,-0.5875239372253418,-0.0710914134979248,-0.48822808265686035,-0.18660402297973633,0.17023038864135742,-0.5388660430908203,0.18058989942073822,False
843,-0.21153292059898376,0.16499358415603638,-0.5135188698768616,0.5780141949653625,0.38513097167015076,-0.20461533963680267,-0.7344909310340881,0.23381242156028748,-0.14100736379623413,0.1032145619392395,0.7664625644683838,6.4629998207092285,-5.7603960037231445,-9.67796516418457,-0.385932058095932,-7.0928544998168945,12.939435958862305,0.3191533088684082,0.1997222900390625,-0.5366215705871582,-0.8242013454437256,0.2425370216369629,0.5662572383880615,0.9201436042785645,False
844,-0.26535719633102417,0.19279688596725464,-0.2776869535446167,0.36928561329841614,-0.1783227026462555,-0.39357802271842957,-0.6715263724327087,0.34529590606689453,0.21801379323005676,-0.10521586239337921,-0.9659512042999268,6.2976508140563965,-2.8068549633026123,-13.36339282989502,-2.1120851039886475,3.6438403129577637,-6.070533275604248,-0.5553333759307861,0.5841798782348633,0.03849148750305176,-0.39379262924194336,-0.9426114559173584,0.8939881324768066,-0.22450855374336243,False
845,-0.28703346848487854,0.17601069808006287,-0.2294875681400299,0.3375033438205719,-0.27454137802124023,-0.4823753833770752,-1.0042064189910889,0.41683319211006165,-0.36955726146698,-0.40305352210998535,2.114030599594116,-6.48178768157959,4.836008548736572,3.244420289993286,-2.9445557594299316,-7.16374397277832,-6.709973335266113,-0.5165059566497803,0.8585464954376221,0.7514901161193848,0.02309584617614746,0.5773460865020752,0.8256433010101318,-0.8525176048278809,False
846,-0.30241909623146057,0.13009338080883026,-0.5260929465293884,0.7669646143913269,-0.01689045876264572,-0.6147554516792297,-1.1511551141738892,0.36644938588142395,-0.4596782326698303,-0.12029677629470825,-5.125931262969971,2.0897488594055176,4.772188186645508,7.324553489685059,-2.276405096054077,4.326396942138672,1.6593315601348877,0.44104933738708496,0.3198213577270508,-0.9493377208709717,0.11274194717407227,0.5542862415313721,0.9911041259765625,-0.38361430168151855,False
847,-0.25592318177223206,0.08813846111297607,-0.33148249983787537,0.7027739882469177,0.06634759902954102,-0.7742290496826172,-1.0054850578308105,0.39668506383895874,0.09497988224029541,-0.19511854648590088,-3.1107332706451416,10.48786449432373,-5.321108818054199,-2.700852870941162,-1.0044643878936768,5.811354637145996,-2.699005365371704,0.033327341079711914,0.9114875793457031,0.4332561492919922,0.27414727210998535,-0.3962287902832031,0.932664155960083,-0.40661418437957764,False
848,-0.25432974100112915,-0.07391027361154556,0.04544835537672043,0.7699883580207825,-0.09353064745664597,-0.7432748675346375,-0.9079811573028564,0.4246874153614044,0.024926453828811646,-0.689952552318573,-2.4602222442626953,3.3526103496551514,7.613340377807617,-3.8903262615203857,2.8605504035949707,-0.4670959711074829,-1.6078758239746094,0.3060460090637207,-0.4318978786468506,0.7609350681304932,0.5737576484680176,0.015775203704833984,0.2983694076538086,0.3583280146121979,False
849,-0.2605450451374054,-0.22463726997375488,0.4228382408618927,0.6874812841415405,0.1329835206270218,-0.49644458293914795,-1.1077470779418945,0.5003064274787903,0.8827564716339111,0.3230711817741394,-1.4678117036819458,6.899136066436768,-3.524920701980591,7.987462997436523,4.4906110763549805,-2.011310577392578,-4.432730674743652,0.5140213966369629,0.2278423309326172,-0.8283281326293945,0.6343066692352295,0.8518445491790771,-0.12534642219543457,0.5777459144592285,False
850,-0.21686196327209473,-0.2768034338951111,0.680945634841919,0.7125952839851379,0.19008028507232666,-0.3454658091068268,-0.887993335723877,-0.00956574734300375,0.7348222732543945,1.6003984212875366,-2.347473382949829,5.9814677238464355,2.432345390319824,-3.809596538543701,3.9719202518463135,8.131174087524414,-14.07829475402832,0.21422147750854492,0.9244813919067383,-0.8632547855377197,-0.3004179000854492,0.7524232864379883,-0.25739026069641113,0.5005068778991699,False
851,-0.15502220392227173,-0.32429373264312744,1.0080946683883667,0.8045786023139954,-0.1997891217470169,-0.45724862813949585,-0.2979930639266968,-0.3496694266796112,1.0996570587158203,1.2485883235931396,-1.2779828310012817,5.64128303527832,6.40230131149292,-13.50699234008789,-4.243581295013428,5.265054225921631,16.45819854736328,0.2383434772491455,-0.9402754306793213,0.968879222869873,0.3930938243865967,-0.09404587745666504,0.40657925605773926,0.6032134890556335,False
852,-0.12221729755401611,-0.2749948501586914,1.0411090850830078,0.6077079772949219,-0.0004890561103820801,-0.5420306324958801,-0.3439555764198303,0.601946234703064,1.654919981956482,1.2373713254928589,0.23251980543136597,3.342318058013916,-13.637983322143555,14.359509468078613,-1.1370538473129272,3.3632261753082275,7.049633026123047,0.022008419036865234,-0.38903331756591797,0.7626051902770996,-0.5273044109344482,-0.6265068054199219,0.6634299755096436,1.0869524478912354,False
853,-0.0739220380783081,-0.15763673186302185,0.9392235279083252,0.085474394261837,0.797683835029602,-0.5375788807868958,-0.1086772009730339,0.20214121043682098,1.0088355541229248,0.08504295349121094,2.4053866863250732,-3.143585681915283,-10.702345848083496,18.07349395751953,1.8050222396850586,-4.187617301940918,4.104104518890381,0.05044889450073242,-0.3914463520050049,-0.16904020309448242,-0.7460572719573975,0.18605279922485352,0.7123947143554688,0.7437658309936523,False
854,-0.08636319637298584,-0.03159387409687042,0.988792359828949,-0.1548733115196228,0.3682765066623688,-0.7859495878219604,0.027927832677960396,0.43505850434303284,0.0355285108089447,-0.7584910988807678,2.4620981216430664,3.650448799133301,-8.303136825561523,-9.3050537109375,-6.595539093017578,12.455784797668457,-12.072197914123535,-0.792701244354248,0.4909641742706299,-0.7156422138214111,0.2041325569152832,0.032943010330200195,-0.9302048683166504,0.5517510175704956,False
855,-0.09628993272781372,0.08746637403964996,0.7271895408630371,0.07805152237415314,-0.3592563271522522,-0.8948737382888794,0.5614517331123352,-0.6095905900001526,-0.04572788625955582,-1.031946063041687,1.7726329565048218,-6.09330940246582,5.750002384185791,-13.998355865478516,-0.9560062885284424,9.081437110900879,-20.99368667602539,-0.5436539649963379,0.25689029693603516,-0.07237911224365234,-0.6703505516052246,0.3777024745941162,-0.5543293952941895,0.03632991015911102,False
856,-0.14208495616912842,0.25460055470466614,0.1968710571527481,0.21847377717494965,-0.21680863201618195,-0.9801340699195862,0.2590382397174835,0.06903373450040817,1.4093282222747803,0.20181810855865479,4.385537147521973,-18.84148597717285,11.404276847839355,2.6867167949676514,0.9005208611488342,-5.809871673583984,3.343348503112793,-0.09743285179138184,-0.6001949310302734,-0.5375487804412842,-0.3052539825439453,0.8217082023620605,0.17329645156860352,-0.14284439384937286,False
857,-0.13338059186935425,0.14552129805088043,-0.040423836559057236,0.2335023283958435,-0.025039969012141228,-1.031355619430542,0.33589011430740356,0.1331215351819992,-0.7203097939491272,1.3798121213912964,-1.8673478364944458,-4.108479022979736,0.7049334049224854,-0.3241340219974518,-1.334429383277893,3.3882734775543213,-0.9547199010848999,-0.6114835739135742,0.7834305763244629,0.8107023239135742,-0.6239004135131836,0.24643611907958984,0.7362093925476074,-0.12055310606956482,False
858,-0.1525382399559021,0.014652935788035393,-0.5499398708343506,0.5117830038070679,0.21106642484664917,-1.029515266418457,0.34361523389816284,0.5029196739196777,-1.0837953090667725,-1.0902161598205566,-3.916069507598877,-10.653864860534668,7.825398921966553,7.726982116699219,-0.9463779926300049,-1.0381687879562378,15.2564058303833,-0.9059882164001465,0.8967926502227783,0.26807284355163574,0.9395735263824463,0.6479806900024414,-0.8728699684143066,0.47681212425231934,False
859,-0.16560989618301392,-0.30241748690605164,-0.5169703364372253,0.7997264266014099,0.2400190532207489,-0.7335153222084045,0.9456081390380859,-0.45783838629722595,2.646320343017578,-0.7059663534164429,-6.1572585105896,0.5063567161560059,11.23757266998291,-5.672484397888184,11.42496109008789,12.368589401245117,-30.775775909423828,0.08912181854248047,-0.8953962326049805,-0.6356937885284424,0.28003406524658203,0.9588990211486816,-0.48331546783447266,0.8988364934921265,False
860,-0.03489577770233154,-0.3167541027069092,-0.26541265845298767,0.5979618430137634,0.12737973034381866,-0.36376532912254333,0.484531432390213,-0.31381911039352417,0.5419921875,2.844538450241089,1.8839349746704102,6.739264011383057,-7.534664154052734,-3.3099896907806396,-0.888553261756897,3.842480182647705,-4.523638725280762,0.03102874755859375,-0.17484760284423828,0.7997653484344482,-0.9539644718170166,-0.8387899398803711,-0.276397705078125,0.7729084491729736,False
861,0.11126899719238281,-0.1792757511138916,-0.06329897046089172,0.12300627678632736,0.2963125705718994,-0.4158552289009094,0.4497314691543579,-0.4472053050994873,0.6209705471992493,3.2672946453094482,3.0871479511260986,3.0794732570648193,-11.033987998962402,7.884851932525635,-1.1278859376907349,-4.104425430297852,-1.4640835523605347,-0.275850772857666,0.5702881813049316,-0.8456239700317383,-0.9084455966949463,0.46113133430480957,0.6895673274993896,0.04895523190498352,False
862,0.18584656715393066,-0.04618605226278305,-0.040554724633693695,0.02941417135298252,0.20647597312927246,-0.7936134934425354,0.5277066826820374,-0.18019217252731323,0.06145637854933739,0.8977968692779541,1.6190338134765625,-1.9945920705795288,6.0587873458862305,-8.887221336364746,-9.712284088134766,3.2704477310180664,11.2393217086792,-0.1376502513885498,0.9063494205474854,-0.721168041229248,0.8524210453033447,0.1188967227935791,-0.9202282428741455,0.039526551961898804,False
863,0.21138149499893188,-0.053908821195364,-0.25886666774749756,0.7205455303192139,-0.47796422243118286,-0.832886278629303,0.6766210198402405,-0.34938356280326843,0.8778707385063171,-0.18489046394824982,-1.0292013883590698,-4.528997421264648,14.549569129943848,-9.920096397399902,1.7024017572402954,5.8773603439331055,-14.319917678833008,0.008843183517456055,0.783501148223877,0.9893181324005127,-0.8405511379241943,-0.30179715156555176,-0.8075878620147705,-0.2522517740726471,False
864,0.24607086181640625,0.028531095013022423,-0.5398808717727661,0.7655371427536011,0.4393683671951294,-0.9797356128692627,0.6502214074134827,-0.2701752185821533,0.28790196776390076,0.12227612733840942,2.4140408039093018,-7.939061164855957,0.5934439897537231,21.01787567138672,-1.3614393472671509,-2.7563345432281494,2.338789939880371,0.6244726181030273,0.7763798236846924,0.1139230728149414,-0.4112386703491211,0.271759033203125,0.9105470180511475,0.507926344871521,False
865,0.2366517186164856,-0.007423961069434881,-0.34220388531684875,0.7746811509132385,0.6008636355400085,-1.0118489265441895,0.4708186686038971,0.3492185175418854,0.008168583735823631,-0.02066750079393387,-0.685539722442627,15.645386695861816,-12.302775382995605,-2.0469744205474854,1.1156773567199707,-7.394410133361816,20.0416202545166,-0.7969996929168701,-0.5015888214111328,0.31833314895629883,-0.48744750022888184,0.332904577255249,-0.18546581268310547,1.3453807830810547,False
866,0.2545776963233948,-0.0011319516925141215,0.036279235035181046,0.4803900122642517,0.6313865184783936,-0.9748491048812866,0.6826357245445251,0.04343162477016449,0.8938279151916504,-0.3191593885421753,-2.7053871154785156,7.136804103851318,-7.006971836090088,5.717599868774414,3.4625961780548096,9.089239120483398,-16.101852416992188,0.6364102363586426,0.9943830966949463,0.6800410747528076,-0.029856204986572266,0.9750921726226807,0.5275008678436279,0.5640896558761597,False
867,0.21400481462478638,-0.045143306255340576,0.2134496122598648,0.44195589423179626,0.7856565713882446,-0.8559473752975464,0.7942318916320801,-0.1764163374900818,1.7620964050292969,-1.2379729747772217,0.22856351733207703,2.870792865753174,3.2310030460357666,-1.1014918088912964,-1.6383239030838013,-0.5365419387817383,5.093031883239746,0.16597747802734375,0.353405237197876,0.1581275463104248,-0.10950779914855957,-0.07837343215942383,-0.598149299621582,0.3351549804210663,False
868,0.13619190454483032,-0.11451499909162521,0.4347589910030365,0.6166229844093323,0.7091958522796631,-0.7891511917114258,0.8863012790679932,-0.35642921924591064,1.3215452432632446,-1.2989803552627563,-0.20837298035621643,-1.1124247312545776,10.28702163696289,-3.3755574226379395,0.6921177506446838,3.499439239501953,-9.755475997924805,-0.522036075592041,0.7124910354614258,0.93514084815979,0.1257152557373047,-0.8167660236358643,0.37015795707702637,0.3386605381965637,False
869,0.020321428775787354,-0.1032039225101471,0.46727892756462097,0.8343982696533203,0.7171435952186584,-0.5970919132232666,0.3815663754940033,-0.17324376106262207,0.5270771384239197,-1.299322485923767,1.2592679262161255,2.3812484741210938,2.3256890773773193,-6.29852294921875,2.703673839569092,-16.80113983154297,12.434713363647461,0.9164130687713623,-0.7096414566040039,0.43009042739868164,-0.3550424575805664,-0.9945318698883057,-0.8595950603485107,1.5814887285232544,False
870,-0.11015439033508301,-0.020267700776457787,0.890282392501831,0.3184869885444641,0.7990903854370117,-0.3442347049713135,-0.41175225377082825,-0.08631560206413269,2.1071743965148926,-3.154019832611084,2.0819554328918457,11.275032043457031,-15.11490535736084,4.697864532470703,6.542209148406982,-15.662091255187988,-6.258029460906982,-0.5211639404296875,0.5893352031707764,-0.46002674102783203,-0.7788105010986328,-0.09939718246459961,-0.6461648941040039,0.6053707599639893,False
871,-0.27107301354408264,0.1043955385684967,0.971291720867157,0.20152153074741364,0.5718212723731995,-0.5073031783103943,-0.731299638748169,-0.4868946373462677,-0.8341196775436401,-3.361034393310547,2.7869176864624023,-5.485137462615967,4.069128513336182,-5.730399131774902,-8.405240058898926,-12.61951732635498,14.98889446258545,0.4846944808959961,-0.8680429458618164,-0.13953447341918945,0.1165311336517334,0.929966926574707,-0.40819859504699707,-0.13127946853637695,False
872,-0.32228952646255493,0.11273694038391113,1.052886962890625,0.14332015812397003,0.33719003200531006,-0.6563844680786133,-0.7999862432479858,-0.5552751421928406,0.25818297266960144,1.045870304107666,-5.609810829162598,6.279477596282959,-1.3154569864273071,-3.9586329460144043,6.648001194000244,-1.1619362831115723,-1.7729324102401733,0.555088996887207,0.8898255825042725,-0.21083736419677734,0.626347541809082,-0.08911585807800293,-0.42597103118896484,-1.018415927886963,False
873,-0.28839200735092163,-0.057664964348077774,1.06954824924469,0.3531619906425476,0.06455259770154953,-0.49314063787460327,-0.9776173233985901,-0.2811070382595062,-0.5484663844108582,-0.10790757089853287,-0.7826133370399475,0.6380395293235779,1.7677704095840454,-5.39540958404541,-3.5372488498687744,6.273674488067627,-2.3514440059661865,-0.09100723266601562,-0.6441514492034912,0.9153757095336914,-0.8050847053527832,-0.4655158519744873,0.29299020767211914,-1.1148622035980225,False
874,-0.2642250061035156,-0.16029879450798035,0.8824144601821899,0.46263617277145386,0.21618689596652985,-0.500244677066803,-1.1576333045959473,0.06855631619691849,-0.8986400961875916,0.7167820334434509,-0.4630868136882782,-8.563436508178711,3.68487286567688,7.321852207183838,-0.21013081073760986,-9.913897514343262,12.87804889678955,-0.19586420059204102,-0.6639087200164795,-0.6288747787475586,0.0699930191040039,-0.8113188743591309,0.4701700210571289,-1.0170035362243652,False
875,-0.271376371383667,-0.16068920493125916,0.7509461045265198,0.21551020443439484,0.5263962745666504,-0.7487815022468567,-1.1861166954040527,0.5560030937194824,-1.1993569135665894,0.8004487156867981,-1.1731467247009277,2.7460873126983643,-10.477582931518555,4.499752044677734,-1.632485270500183,2.9940171241760254,-5.634001731872559,-0.30823397636413574,-0.19075846672058105,-0.6538505554199219,0.14507579803466797,0.28731727600097656,0.15448784828186035,-0.5840228796005249,False
876,-0.2430698275566101,-0.10578262805938721,0.5255950093269348,0.2578293979167938,0.4064885675907135,-0.7877542972564697,-0.9796344041824341,-0.11072047799825668,-0.8820874691009521,2.154719829559326,3.9320600032806396,-8.807040214538574,7.178285598754883,-6.764161109924316,-1.858954906463623,1.1294193267822266,-10.322977066040039,-0.712418794631958,0.7078216075897217,0.04501533508300781,-0.9037582874298096,0.07952475547790527,0.4850912094116211,-1.2988566160202026,False
877,-0.22621005773544312,-0.028827689588069916,0.06990126520395279,0.6925551295280457,0.1804373413324356,-1.0450057983398438,-0.7885238528251648,-0.2403775006532669,-1.9600428342819214,-1.2523462772369385,0.39518052339553833,-11.432570457458496,13.12336254119873,-4.455159664154053,1.4875739812850952,-3.964491605758667,3.4560396671295166,-0.3797872066497803,0.09894609451293945,0.15609025955200195,-0.7094757556915283,-0.06128978729248047,-0.7172956466674805,-0.26035407185554504,False
878,-0.1807156205177307,0.10717945545911789,-0.32214993238449097,0.6021541953086853,0.42042049765586853,-0.9979169964790344,-0.8470812439918518,-0.5617043972015381,0.2916516959667206,1.4343905448913574,3.8050730228424072,-9.117886543273926,-5.196703910827637,7.550957679748535,0.5419825911521912,-2.645231008529663,-6.960958480834961,0.724297046661377,0.12416410446166992,0.1804952621459961,0.04419231414794922,-0.6579232215881348,-0.7361083030700684,-0.34052664041519165,False
879,-0.18386554718017578,0.20530691742897034,-0.3922136127948761,0.1590806394815445,0.7092087268829346,-0.9182162284851074,-1.175322413444519,-0.39123067259788513,0.8473427891731262,0.6334235668182373,1.8700625896453857,0.627288818359375,-6.5913615226745605,2.0091910362243652,-1.6733646392822266,3.12370228767395,-7.155311107635498,-0.05866122245788574,-0.5089483261108398,-0.020598649978637695,0.8666987419128418,-0.07544207572937012,-0.7240455150604248,-0.610074520111084,False
880,-0.1848927140235901,0.2430448681116104,-0.2926543653011322,-0.17789608240127563,0.7185109257698059,-0.8321770429611206,-1.1187026500701904,-0.4810410737991333,-0.5012786388397217,0.8481835126876831,2.939474582672119,-2.902797222137451,-2.139616012573242,-4.338194370269775,0.16865330934524536,2.6231696605682373,1.195366621017456,-0.3379631042480469,0.8137466907501221,-0.1943497657775879,-0.9788956642150879,0.969022274017334,0.4646720886230469,-1.2926801443099976,False
881,-0.173073410987854,0.283758282661438,-0.5151157975196838,0.16228421032428741,0.26354217529296875,-0.9992730021476746,-0.5798031687736511,-0.35517898201942444,-1.3294681310653687,-0.3741704821586609,-2.091320037841797,-4.968112945556641,12.845142364501953,-10.845915794372559,3.694256544113159,8.599193572998047,3.754193067550659,0.21728229522705078,0.7861666679382324,0.13544917106628418,-0.989802360534668,-0.9783272743225098,-0.2348768711090088,-0.28896209597587585,False
882,-0.18333393335342407,0.26863646507263184,-0.4850006699562073,0.5659705996513367,-0.33461737632751465,-0.9603219032287598,-0.3009271025657654,-0.04980947822332382,-0.13484151661396027,-0.9321167469024658,-0.38339996337890625,3.615823745727539,6.070340633392334,-11.194954872131348,1.698595643043518,0.7751882672309875,8.205169677734375,-0.3102724552154541,0.4640531539916992,0.9529526233673096,-0.5146880149841309,0.24284815788269043,-0.8038039207458496,-0.6758384704589844,False
883,-0.21742406487464905,0.2366326004266739,-0.4367421269416809,0.7779953479766846,-0.27917125821113586,-1.0176658630371094,0.12258508801460266,-0.2564675509929657,-0.26091670989990234,-0.1886124312877655,-0.08385681360960007,-3.9836621284484863,7.880317211151123,6.214976787567139,3.1255130767822266,6.767185688018799,-14.996439933776855,0.17952466011047363,-0.6852176189422607,-0.17962288856506348,0.6537199020385742,-0.5498971939086914,-0.6995289325714111,0.443134069442749,False
884,-0.20109394192695618,0.13489308953285217,-0.15132032334804535,0.5672085881233215,0.14948616921901703,-0.6447756290435791,-0.19765155017375946,-0.27234405279159546,0.7013554573059082,-0.014251001179218292,-0.5954182147979736,6.806326866149902,-7.492961406707764,7.444408416748047,8.754528045654297,-12.797978401184082,6.14473819732666,-0.6149454116821289,0.6506836414337158,-0.8438754081726074,0.8858532905578613,-0.11870574951171875,-0.083343505859375,0.24251313507556915,False
885,-0.2543044686317444,0.05464700981974602,-0.07082179188728333,0.7102859020233154,0.10727159678936005,-0.1467662900686264,-0.7703168988227844,-0.09242986887693405,0.2628931403160095,-0.5902590155601501,-2.837834119796753,-0.41164571046829224,9.667702674865723,-6.897860527038574,9.342656135559082,-10.266780853271484,2.8316168785095215,-0.7320120334625244,0.27899861335754395,0.24816060066223145,0.3290088176727295,0.30321168899536133,-0.4030025005340576,-0.3049541115760803,False
886,-0.31349411606788635,0.0783093124628067,-0.20362859964370728,0.8216569423675537,0.15379716455936432,0.024176133796572685,-0.8469618558883667,-0.3991560935974121,0.7027406692504883,-0.6583791971206665,0.9442621469497681,-6.036806106567383,0.8041413426399231,5.1384596824646,4.966195106506348,-0.9118454456329346,-11.619561195373535,0.4929177761077881,-0.8250026702880859,0.604943037033081,0.8288624286651611,0.9811410903930664,-0.47100138664245605,0.022912263870239258,False
887,-0.34085652232170105,0.11335308849811554,-0.050924740731716156,0.20665496587753296,0.7332813143730164,0.1418236494064331,-0.8364484310150146,-0.345274418592453,0.3290717601776123,1.1205477714538574,3.3951809406280518,2.3660078048706055,-8.030665397644043,9.43210220336914,-2.0155251026153564,6.4631028175354,-1.2101138830184937,0.9551758766174316,-0.7906262874603271,-0.1591320037841797,0.6956000328063965,0.32509493827819824,0.6500604152679443,2.088782548904419,False
888,-0.2186906337738037,0.17039363086223602,0.3743445575237274,-0.19617992639541626,0.7170865535736084,0.32998666167259216,-0.9631376266479492,-0.0782603919506073,2.6360433101654053,0.9449276328086853,-2.7350361347198486,18.28812599182129,-17.06756019592285,-0.021669158712029457,7.999554634094238,-4.036605358123779,9.681092262268066,0.5301022529602051,0.7882249355316162,-0.5283336639404297,-0.7617909908294678,0.6583590507507324,-0.061797380447387695,1.9001966714859009,False
889,-0.14002037048339844,0.11200186610221863,1.0246484279632568,-0.5088016986846924,0.29259583353996277,0.2609996199607849,-0.576468288898468,0.13965372741222382,2.0329697132110596,0.554404079914093,-5.444287300109863,14.728107452392578,-2.414689540863037,-10.965902328491211,-1.815515398979187,13.521492004394531,1.8445607423782349,-0.32801246643066406,-0.46472883224487305,-0.8543334007263184,-0.4157981872558594,-0.32082343101501465,0.535825252532959,0.18844202160835266,False
890,-0.05589669942855835,0.18884043395519257,0.8835201263427734,-0.1507878303527832,-0.24946145713329315,-0.04054749757051468,-0.2828887701034546,0.5229548215866089,0.29963162541389465,1.9243724346160889,1.1065211296081543,-2.49981427192688,4.502729415893555,-9.446893692016602,-3.890080213546753,11.034932136535645,-14.430851936340332,-0.9552750587463379,0.16655731201171875,-0.03965592384338379,0.3579745292663574,-0.3041534423828125,-0.9268908500671387,0.9649754166603088,False
891,0.04911249876022339,0.2910636365413666,0.34831899404525757,0.2657116949558258,-0.2353835552930832,0.008724269457161427,0.016195382922887802,-0.6268483996391296,0.2589946985244751,1.980431318283081,4.004088878631592,-15.258453369140625,8.329568862915039,7.726232528686523,2.308595895767212,-7.757668972015381,-2.2050297260284424,-0.0035483837127685547,0.22873377799987793,0.41752123832702637,-0.9406392574310303,0.7602660655975342,0.7542824745178223,-0.12929046154022217,False
892,0.11297780275344849,0.43012893199920654,-0.2962968647480011,0.530808687210083,0.25875264406204224,-0.3026514947414398,-0.25953176617622375,0.4878142476081848,0.3770056962966919,2.3336262702941895,2.774122476577759,-15.542935371398926,8.793521881103516,8.946331977844238,-8.681431770324707,23.582645416259766,-30.237478256225586,-0.8838620185852051,-0.2594432830810547,-0.5232686996459961,0.7023589611053467,0.06055569648742676,0.6770451068878174,0.9062648415565491,False
893,0.15425217151641846,0.38699135184288025,-0.5624080896377563,0.6571188569068909,0.5166087746620178,-0.3110103905200958,0.22792948782444,-0.2426355630159378,1.3251192569732666,1.9068976640701294,2.6137709617614746,-3.8563027381896973,3.8032286167144775,-2.8445839881896973,-1.9148283004760742,3.085160970687866,-3.8459672927856445,0.5498285293579102,-0.443540096282959,-0.48238301277160645,0.5508224964141846,0.8312969207763672,-0.7317841053009033,1.8897805213928223,False
894,0.19721204042434692,0.28200820088386536,-0.04401480033993721,0.27729275822639465,0.35748058557510376,-0.14584648609161377,0.4779037535190582,-0.343808114528656,3.076061725616455,0.5828702449798584,-3.821310043334961,13.152769088745117,-9.960857391357422,-4.199383735656738,4.797972679138184,4.1282782554626465,7.278420925140381,-0.6839911937713623,-0.7442622184753418,0.9631779193878174,-0.20694279670715332,-0.786107063293457,0.04228496551513672,1.8289716243743896,False
895,0.22229033708572388,0.2936699390411377,0.3675275146961212,-0.4224773943424225,0.6250439882278442,-0.0560852475464344,0.3722076714038849,0.2530888617038727,2.2842390537261963,-0.6957784295082092,-0.5271029472351074,9.29005241394043,-19.843503952026367,13.988102912902832,1.687267541885376,-7.480658531188965,16.930721282958984,-0.992426872253418,-0.5933835506439209,0.5149197578430176,0.8838555812835693,-0.22054648399353027,-0.1988668441772461,1.424283504486084,False
896,0.2063974142074585,0.3311533033847809,0.4637446999549866,-0.8048188090324402,0.62210613489151,0.23806942999362946,0.13511419296264648,0.24938978254795074,1.7398056983947754,-2.5118868350982666,-0.18404708802700043,-4.369382381439209,0.6594343781471252,-4.845235347747803,8.448515892028809,-1.9512783288955688,-11.624191284179688,-0.8503704071044922,-0.5743329524993896,0.6291310787200928,-0.43056392669677734,0.49638986587524414,-0.5535533428192139,0.7781277298927307,False
897,0.179837167263031,0.4363383948802948,0.14970198273658752,-0.7967392802238464,0.5910994410514832,0.24936461448669434,0.49313902854919434,-0.5924464464187622,0.9499777555465698,-0.6256177425384521,2.9651198387145996,-10.594097137451172,1.000418782234192,4.435695171356201,-4.205641746520996,1.9176095724105835,4.039548873901367,-0.23767924308776855,0.9125878810882568,0.03982424736022949,-0.8246657848358154,0.2506568431854248,-0.07252049446105957,-0.4011702239513397,False
898,0.10365855693817139,0.5184739232063293,-0.601563572883606,-0.2957690358161926,0.6332446336746216,0.011620496399700642,0.5053590536117554,0.30473315715789795,-0.387031227350235,-1.7712541818618774,-1.1038316488265991,-11.68460750579834,12.041007041931152,-1.680550217628479,-4.509267807006836,5.814894676208496,13.552810668945312,-0.952080488204956,-0.4635498523712158,-0.005573749542236328,0.7227432727813721,0.4132192134857178,-0.08422064781188965,1.339721441268921,False
899,0.028021812438964844,0.4871847927570343,-0.5107415914535522,-0.5255085229873657,0.6369049549102783,-0.06333411484956741,0.8768062591552734,0.29623013734817505,1.5043296813964844,-0.19843953847885132,2.9267966747283936,0.9230612516403198,-7.856663227081299,0.7439943552017212,9.086052894592285,-10.707489013671875,-1.4428459405899048,0.9568727016448975,-0.6452786922454834,-0.6519782543182373,0.06995272636413574,-0.007900238037109375,-0.834801197052002,1.963948369026184,False
900,-0.10537105798721313,0.3663524389266968,-0.14571437239646912,-0.5970059037208557,0.17394907772541046,0.33609336614608765,0.8623179197311401,-0.29135361313819885,1.852964997291565,-2.8150579929351807,-3.116719961166382,5.846033096313477,7.084741592407227,-17.435693740844727,6.5616631507873535,6.801596164703369,-21.32863426208496,0.5833146572113037,0.42595458030700684,0.9238669872283936,-0.3160378932952881,-0.22630834579467773,0.045970916748046875,1.4354822635650635,False
901,-0.25594958662986755,0.2930411994457245,0.10255806148052216,-0.3934250473976135,-0.3336970806121826,0.6291818618774414,0.5031601190567017,-0.24654704332351685,2.5170507431030273,-0.6446202397346497,0.1686408668756485,3.6908183097839355,4.361580848693848,-9.346632957458496,3.4026336669921875,-9.348891258239746,10.233041763305664,-0.6076104640960693,-0.01737833023071289,-0.5193836688995361,-0.7196996212005615,-0.3556661605834961,-0.3177804946899414,1.438830852508545,False
902,-0.21762892603874207,0.3814912736415863,0.07380778342485428,-0.2879527509212494,-0.20312510430812836,0.6696504354476929,0.37464189529418945,0.011475089006125927,1.3913146257400513,1.3942227363586426,3.60482120513916,-5.946700096130371,4.142962455749512,4.919953346252441,-4.012231349945068,2.6589770317077637,2.1731319427490234,0.05955338478088379,0.5639073848724365,-0.8031940460205078,0.43270015716552734,-0.3751816749572754,-0.11344003677368164,1.021153211593628,False
903,-0.21762830018997192,0.45476034283638,-0.1344183087348938,0.14094682037830353,-0.33253639936447144,0.7069410085678101,0.2815132439136505,0.15901635587215424,0.533297061920166,0.08388550579547882,1.7404297590255737,-4.1684675216674805,13.173176765441895,-9.819927215576172,0.9466919898986816,-3.371037721633911,2.987051486968994,-0.8383724689483643,0.9152278900146484,-0.4759676456451416,0.20948457717895508,-0.9701001644134521,-0.9132080078125,0.30432936549186707,False
904,-0.24525204300880432,0.5484536290168762,-0.6011013984680176,0.8267202973365784,-0.2648257315158844,0.7292869687080383,0.1530606746673584,-0.047273214906454086,0.1565628945827484,-0.7861677408218384,-1.6127026081085205,2.1194636821746826,4.405405044555664,3.9949469566345215,4.406009197235107,-1.2301208972930908,-9.207966804504395,-0.8205981254577637,0.060819149017333984,-0.1431567668914795,-0.604572057723999,0.1290578842163086,0.773857593536377,1.413923978805542,False
905,-0.15139120817184448,0.6924223303794861,-0.4465407133102417,0.6444940567016602,-0.04362362623214722,0.4985034465789795,0.31614983081817627,0.009829978458583355,1.6477668285369873,0.52973872423172,1.6274408102035522,4.8034868240356445,-10.70993423461914,9.075459480285645,-3.11002516746521,2.310514450073242,9.92957878112793,-0.19257807731628418,-0.955256462097168,0.5299065113067627,0.44026684761047363,0.2611520290374756,-0.13301587104797363,1.4459909200668335,False
906,-0.07361495494842529,0.8265125155448914,-0.16605661809444427,-0.0011238458100706339,0.4948382079601288,0.38743993639945984,0.43228626251220703,0.3077068626880646,1.8577429056167603,1.2596948146820068,2.1006112098693848,9.049333572387695,-17.11992073059082,13.316104888916016,-1.4744168519973755,1.809569001197815,4.162261486053467,-0.22397828102111816,0.5076289176940918,0.8559691905975342,-0.856374979019165,-0.5731463432312012,0.33411645889282227,0.9993653297424316,False
907,-0.04142874479293823,0.9405277371406555,-0.05201311409473419,-0.2770513594150543,0.631993293762207,0.333671510219574,0.496463418006897,0.4076084792613983,0.8099586963653564,0.6966160535812378,2.933004140853882,-4.119221210479736,4.362451076507568,-7.055797100067139,-0.47192588448524475,2.7889034748077393,-4.939267158508301,-0.7815260887145996,-0.8958303928375244,-0.34871673583984375,-0.4761333465576172,-0.21749091148376465,-0.1763746738433838,0.7919700145721436,False
908,-0.03880655765533447,1.0896211862564087,-0.10668794810771942,-0.34355786442756653,0.40213432908058167,0.1831413060426712,0.6123316884040833,0.22998450696468353,1.116670846939087,1.2232742309570312,4.137868881225586,0.43594709038734436,-3.9725396633148193,-4.529491901397705,-4.080865859985352,1.017425775527954,-3.3828606605529785,-0.07653379440307617,0.80979323387146,0.7932257652282715,0.602602481842041,0.0916600227355957,-0.602196455001831,0.4082900881767273,False
909,-0.056713759899139404,1.2069822549819946,-0.36676889657974243,-0.24396651983261108,0.39852771162986755,0.24045147001743317,0.6855432391166687,-0.35262709856033325,0.3976842761039734,0.5066717863082886,0.8694935441017151,-8.02336311340332,7.722918510437012,1.4065788984298706,4.2634663581848145,3.3937206268310547,-18.514999389648438,-0.5950868129730225,-0.33884429931640625,-0.02182602882385254,-0.23749184608459473,0.21139097213745117,0.8869450092315674,0.5277436971664429,False
910,-0.047566115856170654,1.2084616422653198,-0.5298248529434204,-0.11673788726329803,0.5263116359710693,0.2199586033821106,0.5704215168952942,-0.06878533959388733,1.9883630275726318,0.5379798412322998,0.40106070041656494,-1.572095513343811,-1.210071086883545,3.4656870365142822,-1.0030566453933716,-5.770532608032227,17.936132431030273,-0.640225887298584,0.6644072532653809,0.022456884384155273,-0.7495598793029785,-0.5228698253631592,-0.9501008987426758,0.8126683235168457,False
911,-0.053292274475097656,1.2176415920257568,-0.5134854912757874,-0.17209364473819733,0.566899299621582,0.10783417522907257,0.6023256182670593,0.16449083387851715,0.5993219017982483,-0.31136447191238403,-0.8380119800567627,-0.09011676907539368,3.384141206741333,-2.348255157470703,-3.00122332572937,3.6350350379943848,-3.989340305328369,-0.7269597053527832,-0.057996511459350586,-0.058612823486328125,-0.7503976821899414,-0.7873213291168213,-0.1369779109954834,0.9026163816452026,False
912,-0.05241352319717407,1.2165411710739136,-0.5436576008796692,-0.012644553557038307,0.47784528136253357,-0.02842825837433338,0.49567872285842896,0.15903353691101074,0.35467255115509033,0.19671517610549927,-0.14414814114570618,-1.5100468397140503,2.3175861835479736,-0.06606818735599518,-1.452229380607605,-5.564367294311523,1.4955248832702637,0.8813085556030273,0.18774127960205078,0.46317553520202637,0.9706807136535645,0.4889867305755615,0.34232306480407715,0.7390655279159546,False
913,-0.06282287836074829,1.1631536483764648,-0.39442116022109985,-0.0899105817079544,0.5498369336128235,0.10778369009494781,0.2632187008857727,0.2937369644641876,0.7839939594268799,0.8602432012557983,-1.423019289970398,6.141702651977539,-3.045548677444458,1.9068937301635742,5.4436726570129395,-3.7188727855682373,3.4929089546203613,0.5563383102416992,0.6975803375244141,-0.6150321960449219,-0.781343936920166,-0.8368651866912842,-0.23445510864257812,0.6301307678222656,False
914,-0.09501808881759644,1.0704889297485352,-0.07203413546085358,-0.05375721678137779,0.32768234610557556,0.23914434015750885,0.0558348074555397,0.5214220881462097,1.2881724834442139,-0.7918951511383057,-1.8736788034439087,5.622371196746826,5.072009086608887,-9.708953857421875,2.5997488498687744,-3.7718591690063477,-0.24851132929325104,-0.04216456413269043,-0.43643641471862793,-0.5628938674926758,-0.03413558006286621,-0.20067143440246582,0.34455227851867676,0.3586421608924866,False
915,-0.12212079763412476,1.017012596130371,0.2674446702003479,-0.012682879343628883,-0.10505320131778717,0.36184799671173096,-0.04231302812695503,0.5031532049179077,0.4200909435749054,0.10655677318572998,-0.44992291927337646,6.628317356109619,-0.7578057646751404,-8.818306922912598,3.2590794563293457,-1.0616683959960938,-3.3420159816741943,0.17123198509216309,0.3966045379638672,-0.4403564929962158,-0.24113726615905762,-0.032254695892333984,0.6039106845855713,0.17038336396217346,False
916,-0.1471758484840393,0.9768850803375244,0.542657196521759,-0.02945004776120186,-0.3603087067604065,0.4410068690776825,-0.010147019289433956,0.5040718913078308,-0.07761640846729279,-0.35245275497436523,-0.5358455181121826,4.731932640075684,-3.597670793533325,6.281466007232666,-0.04677332565188408,1.1651983261108398,2.7424252033233643,0.7286269664764404,-0.23975753784179688,0.5753307342529297,-0.02701735496520996,0.7206780910491943,0.4011566638946533,0.6659448742866516,False
917,-0.18984633684158325,0.9164904356002808,0.9599268436431885,-0.3890809714794159,0.03192303702235222,0.3372948467731476,0.3745017349720001,0.47395414113998413,0.162876695394516,-1.406807780265808,-2.9090607166290283,12.314102172851562,-11.451109886169434,10.570969581604004,-1.8719613552093506,11.271778106689453,0.06231977045536041,-0.4518740177154541,0.9901041984558105,-0.40113353729248047,-0.39966630935668945,-0.2342972755432129,-0.16133928298950195,-0.13979987800121307,False
918,-0.2164907157421112,0.8857676982879639,0.9771625399589539,-0.14507441222667694,0.12722237408161163,0.21368470788002014,0.803321361541748,0.46375587582588196,-0.9801640510559082,0.24930857121944427,-1.3320392370224,-3.6532082557678223,11.899970054626465,-1.4602776765823364,-0.9578231573104858,6.620041370391846,-0.11095236986875534,-0.8472089767456055,0.7582974433898926,-0.7788546085357666,-0.04508805274963379,-0.3353252410888672,0.8748257160186768,-1.1616125106811523,False
919,-0.21049246191978455,0.9146791696548462,0.4296857416629791,0.9036077260971069,-0.24455749988555908,0.25166821479797363,0.7738585472106934,0.4978354871273041,-1.5740742683410645,-0.3008241653442383,1.1313905715942383,-11.534028053283691,18.453014373779297,-6.58753776550293,3.0993123054504395,-4.0859055519104,-3.5248751640319824,0.5609581470489502,0.3482661247253418,-0.6119687557220459,0.49007606506347656,0.0670173168182373,0.7792072296142578,0.1484730988740921,False
920,-0.22904670238494873,0.8855535387992859,0.5509870052337646,0.7868714928627014,-0.32768478989601135,0.45783475041389465,0.5598159432411194,0.4955213963985443,-0.28812968730926514,-0.2811957597732544,-1.0190328359603882,-1.6426894664764404,7.786749839782715,-9.575865745544434,2.692146062850952,-2.861208438873291,2.338954210281372,-0.577354907989502,0.012117385864257812,-0.9807038307189941,0.24368000030517578,-0.30011844635009766,-0.9816780090332031,-0.9358214139938354,False
921,-0.21802765130996704,0.8112838268280029,0.7795171141624451,0.5288116335868835,-0.40801331400871277,0.6637037992477417,0.5111461281776428,0.07546944916248322,2.07753849029541,-0.3405787944793701,-0.8893156051635742,0.6273670196533203,-3.3432869911193848,3.1872072219848633,4.5912580490112305,-0.8226276636123657,-16.1851863861084,-0.7485792636871338,-0.5587558746337891,0.9446990489959717,-0.8284635543823242,-0.32589101791381836,-0.9780628681182861,-1.1818890571594238,False
922,-0.20271018147468567,0.9039304852485657,0.4639599919319153,0.2551063895225525,0.22327807545661926,0.6080102920532227,0.44129782915115356,-0.26735082268714905,0.4894564747810364,0.8769031763076782,3.231708288192749,-12.844624519348145,-1.8132591247558594,15.704005241394043,-1.5403202772140503,-13.275653839111328,19.03847312927246,0.1567690372467041,-0.013679981231689453,-0.09664106369018555,-0.5626025199890137,-0.7627534866333008,-0.2789597511291504,-0.46470731496810913,False
923,-0.17426055669784546,0.9768237471580505,0.2414388209581375,-0.10403513163328171,0.8239961862564087,0.5089846253395081,-0.17723149061203003,0.5513889193534851,-1.4312814474105835,1.2456588745117188,1.8854035139083862,-1.6969845294952393,-3.6843953132629395,-1.2869724035263062,-3.871058225631714,-9.436001777648926,10.761634826660156,0.7021372318267822,0.3564012050628662,0.9752340316772461,0.993110179901123,-0.6735594272613525,0.505678653717041,-0.9454009532928467,False
924,-0.156715989112854,0.9921481013298035,0.07548967748880386,-0.10258080810308456,0.6923648118972778,0.7152578830718994,-0.5892499089241028,0.3957395553588867,-1.8359758853912354,1.305052399635315,2.8881380558013916,-3.3994672298431396,-3.856861114501953,2.6485700607299805,-6.874405384063721,-1.4777741432189941,3.5339419841766357,0.9812228679656982,0.1422407627105713,0.45800185203552246,-0.42816686630249023,-0.44838714599609375,0.6501564979553223,-0.487301230430603,False
925,-0.09834492206573486,0.9364416003227234,0.330821692943573,-0.4692865014076233,0.7439475059509277,0.6939501166343689,-0.7464675307273865,0.35972103476524353,0.21886441111564636,1.2073904275894165,-1.770562767982483,7.371845245361328,-6.945125579833984,-2.95033597946167,-0.7586305737495422,-1.985091209411621,-2.189657688140869,0.5972805023193359,0.8637082576751709,0.09314894676208496,0.07343602180480957,0.7600536346435547,-0.9732851982116699,-0.8358476758003235,False
926,-0.04021871089935303,0.7964116334915161,0.6128438711166382,-0.5424981117248535,0.4887387156486511,0.6254413723945618,-0.1447417140007019,-0.5996965765953064,0.4784393608570099,1.7495167255401611,-3.8103067874908447,6.430459499359131,2.5077033042907715,-7.749656677246094,-0.2300773710012436,17.434856414794922,-28.887977600097656,0.9991438388824463,0.7094261646270752,0.7504138946533203,-0.3295269012451172,0.6167995929718018,-0.5713231563568115,-1.2780895233154297,False
927,0.0008597970008850098,0.5569774508476257,1.1064387559890747,-0.541702389717102,0.31037598848342896,0.42135918140411377,0.130788654088974,0.10723943263292313,-0.766898512840271,0.8089885115623474,-3.8984901905059814,3.896479845046997,6.180245399475098,-1.774885654449463,-5.763157844543457,13.131619453430176,4.9472174644470215,-0.19342803955078125,0.3378119468688965,-0.2864804267883301,-0.7587847709655762,0.04418039321899414,-0.43564629554748535,-1.3519978523254395,False
928,0.058001816272735596,0.4619738459587097,0.9436690211296082,-0.023230595514178276,0.24074067175388336,0.0014632941456511617,0.8228475451469421,0.142151340842247,-2.815471649169922,1.0723803043365479,-1.8713185787200928,1.1011483669281006,4.986518859863281,-0.5387174487113953,-10.346841812133789,15.252449989318848,-2.386713981628418,0.9554972648620605,0.7930476665496826,-0.18258428573608398,-0.5592789649963379,-0.8483166694641113,0.6073200702667236,-1.878098964691162,False
929,0.05771559476852417,0.3719324469566345,0.8845697045326233,0.6335576176643372,-0.11803077161312103,0.01428279560059309,0.6147472858428955,0.41313886642456055,-2.7581608295440674,-0.5342782735824585,-1.7673454284667969,0.22566747665405273,13.697221755981445,-9.040312767028809,4.1302900314331055,-0.4461556077003479,-14.225311279296875,0.9608066082000732,-0.993389368057251,0.4346015453338623,0.9701817035675049,0.980109453201294,0.9815902709960938,-1.34442138671875,False
930,0.02484452724456787,0.31342241168022156,1.0025739669799805,0.7831369638442993,-0.03946172446012497,-0.02543097920715809,0.5932275652885437,0.295212060213089,-1.5062402486801147,-0.7602351903915405,-2.429347038269043,-1.162415623664856,0.7365050315856934,9.935404777526855,3.438365936279297,-3.359302043914795,4.764258861541748,-0.5274715423583984,-0.07524847984313965,0.035990238189697266,0.4510626792907715,-0.2223973274230957,0.9842760562896729,-1.2567996978759766,False
931,-0.016296803951263428,0.3265206217765808,0.764643132686615,0.7806635499000549,0.4712149202823639,0.1322818398475647,0.38240179419517517,0.3838527798652649,1.0416254997253418,-0.8211226463317871,1.6976464986801147,-6.4180169105529785,-0.7686190605163574,10.146733283996582,2.5950355529785156,-4.597634792327881,-3.1283414363861084,0.38497400283813477,-0.27774930000305176,-0.39575719833374023,-0.5285563468933105,0.705951452255249,-0.03603196144104004,-0.7444198727607727,False
932,-0.05895102024078369,0.283603698015213,0.8530300259590149,0.4648319482803345,0.7487566471099854,0.11989367008209229,0.7168059349060059,-0.012094452977180481,0.9811813235282898,-0.2974790334701538,-2.405702829360962,3.2838850021362305,0.3482308089733124,-7.165351390838623,-2.2693090438842773,13.109761238098145,-10.18137264251709,0.876882791519165,0.9209628105163574,-0.7621128559112549,0.12655258178710938,-0.859856367111206,-0.7461974620819092,-0.4135987460613251,False
933,-0.08213227987289429,0.15968255698680878,1.0654082298278809,0.6043300628662109,0.11448691785335541,0.38386180996894836,0.7767065167427063,-0.536191463470459,-1.1130512952804565,-0.5746946334838867,2.2710084915161133,-7.932922840118408,12.327415466308594,-16.18389892578125,2.7906606197357178,-6.726739406585693,-8.717845916748047,-0.039034128189086914,-0.9785819053649902,-0.04582548141479492,0.6008331775665283,0.2936441898345947,0.0884084701538086,-0.6723296642303467,False
934,-0.11062020063400269,0.10218251496553421,1.022254228591919,0.7223379611968994,-0.3174172043800354,0.7010668516159058,0.23890097439289093,-0.2813866436481476,-0.34201210737228394,-1.1145977973937988,-0.37791481614112854,-0.9157719016075134,-0.7882578372955322,-5.4813551902771,3.265897274017334,-4.685166835784912,2.623805284500122,0.06876444816589355,-0.8946993350982666,-0.36937594413757324,0.40435194969177246,0.3080003261566162,0.021891355514526367,-0.01805434376001358,False
935,-0.1698094606399536,0.10834287852048874,1.0846606492996216,0.3351954519748688,-0.2866511344909668,0.6992788910865784,0.28112998604774475,-0.27399954199790955,0.9165970087051392,-0.42212334275245667,-0.5019240975379944,3.1474146842956543,-12.895378112792969,5.107125759124756,-2.127335786819458,4.41145658493042,-0.8875027894973755,-0.5846147537231445,0.5844681262969971,0.8253762722015381,-0.21523451805114746,0.6159176826477051,-0.0512542724609375,-0.5997585654258728,False
936,-0.18961340188980103,0.1628434807062149,0.6840474605560303,0.14884181320667267,0.14277617633342743,0.4615047574043274,0.72467440366745,-0.5300391316413879,-0.4360438287258148,0.8791422843933105,0.13067959249019623,-10.564814567565918,0.9806843996047974,9.984151840209961,-2.5945825576782227,10.25374984741211,-8.135552406311035,-0.8407397270202637,0.35660624504089355,-0.13037633895874023,-0.6148812770843506,0.9539141654968262,0.6682565212249756,-0.9065824747085571,False
937,-0.1684933304786682,0.10575130581855774,0.031254563480615616,0.4040965437889099,0.5263617038726807,0.3462710380554199,0.8313106894493103,0.1390966773033142,-1.8074010610580444,-0.034668631851673126,-0.9472814202308655,-15.5509614944458,7.841689109802246,5.921614646911621,-3.3735320568084717,0.15914008021354675,20.711267471313477,-0.2723963260650635,-0.620272159576416,0.8716158866882324,0.1333475112915039,-0.9365689754486084,0.8087818622589111,-0.7123057842254639,False
938,-0.22004911303520203,0.04041612893342972,-0.5811019539833069,0.5869949460029602,0.6853832602500916,0.459433913230896,0.842189371585846,0.1306799352169037,0.6027666926383972,-2.389462471008301,-4.515945911407471,3.2778737545013428,-6.422752380371094,-7.428738594055176,8.776268005371094,-3.059598445892334,-8.58324909210205,-0.6392836570739746,0.5684525966644287,0.3690626621246338,0.4088101387023926,-0.04868793487548828,0.27617549896240234,-0.035763002932071686,False
939,-0.2372227907180786,-0.015644123777747154,-0.5621985197067261,0.6185100674629211,0.22601939737796783,0.6856840252876282,0.6620768308639526,-0.07501102238893509,-0.21586698293685913,1.3405338525772095,1.924674153327942,-3.5028276443481445,9.70327377319336,-11.231721878051758,0.9858459830284119,-4.636083602905273,-0.25266125798225403,-0.46680545806884766,0.17328953742980957,0.2425544261932373,-0.020462751388549805,-0.6486554145812988,-0.98264479637146,-0.42183852195739746,False
940,-0.18627238273620605,0.02789994888007641,-0.3357391655445099,0.6461719870567322,-0.11648507416248322,0.7152724862098694,0.5645914673805237,-0.549628496170044,-0.29094991087913513,0.7132371068000793,0.6378577351570129,3.1114330291748047,-0.34076735377311707,-2.918926239013672,0.3973698914051056,0.8119461536407471,-17.944971084594727,0.25049328804016113,0.06581735610961914,-0.40682244300842285,0.41110849380493164,-0.041169166564941406,-0.3404350280761719,-0.6311802268028259,False
941,-0.155845046043396,0.03533829003572464,-0.13222543895244598,0.69072425365448,-0.39547786116600037,0.6814023852348328,0.1412559151649475,-0.06870058923959732,0.010243982076644897,-0.4741044342517853,0.2449004203081131,4.220737457275391,1.5502690076828003,-7.319399833679199,-1.7744863033294678,-6.168795108795166,6.7096076011657715,0.45636558532714844,0.9299464225769043,0.32198095321655273,0.8918619155883789,-0.1649336814880371,-0.9142498970031738,-0.6006945371627808,False
942,-0.1662224531173706,0.044085826724767685,0.013839774765074253,0.7842298150062561,-0.2735670506954193,0.7122492790222168,-0.043008413165807724,-0.3621092438697815,-0.6289113759994507,-0.42214900255203247,-0.8379067778587341,3.69394850730896,3.642780065536499,3.2763662338256836,0.31291264295578003,1.580768346786499,-15.957464218139648,0.6530759334564209,-0.28186678886413574,-0.23389720916748047,0.4586658477783203,0.1624622344970703,0.41194677352905273,-0.29676559567451477,False
943,-0.19921469688415527,-0.04665709659457207,0.4370371103286743,0.7536865472793579,-0.1847059279680252,0.6886283755302429,-0.2535644471645355,-0.1554219126701355,-0.636510968208313,-0.22582204639911652,-0.760593831539154,9.244827270507812,-0.715206503868103,-0.9775786399841309,-0.4972683787345886,-6.5414533615112305,12.417381286621094,-0.18333673477172852,-0.9767487049102783,-0.3686668872833252,0.651963472366333,-0.16612720489501953,0.7680168151855469,-0.2105797827243805,False
944,-0.2645137906074524,-0.1328291893005371,1.0634489059448242,0.3821781873703003,-0.11001258343458176,0.7133205533027649,-0.6059344410896301,0.445382684469223,0.470339834690094,-1.1826549768447876,-1.9744538068771362,14.576094627380371,-12.074015617370605,2.698051691055298,1.6228102445602417,7.676355838775635,-24.71635627746582,-0.07792520523071289,-0.6789374351501465,0.19365978240966797,-0.26739048957824707,-0.27542996406555176,-0.6886038780212402,-0.7698313593864441,False
945,-0.31168460845947266,-0.028705483302474022,0.9447579979896545,0.16280630230903625,0.28578808903694153,0.6729293465614319,-0.5731682777404785,-0.46095335483551025,-0.9467494487762451,-1.0630460977554321,1.9277058839797974,-0.9190315008163452,-9.648248672485352,11.481714248657227,0.129782572388649,-23.849525451660156,27.337791442871094,-0.10100603103637695,0.7293448448181152,-0.9347772598266602,-0.99587082862854,-0.35255885124206543,0.6188688278198242,-1.6582212448120117,False
946,-0.3378201425075531,0.07356315851211548,0.589465320110321,0.41027989983558655,0.21162770688533783,0.27494433522224426,-0.9829358458518982,0.44418764114379883,-2.4141035079956055,-1.7886403799057007,-1.996932029724121,-5.029786586761475,9.315217018127441,-7.606895446777344,-12.73885726928711,18.85783576965332,-10.345453262329102,-0.06972265243530273,0.41016173362731934,-0.2257685661315918,0.14564037322998047,-0.6726040840148926,0.6380012035369873,-2.003915786743164,False
947,-0.29481586813926697,-0.03660879656672478,0.4542911946773529,0.8287999629974365,-0.17636702954769135,0.1471204310655594,-1.1527765989303589,0.456332802772522,-1.5188812017440796,-0.30621474981307983,-2.689499855041504,2.3210856914520264,-1.7992974519729614,-2.188199758529663,1.4761179685592651,-4.758755207061768,-7.759518623352051,-0.09235787391662598,-0.45849061012268066,0.13246846199035645,0.19384074211120605,0.04410982131958008,-0.5859696865081787,-0.594420313835144,False
948,-0.2876376211643219,-0.11087305098772049,0.4953577518463135,0.6489054560661316,-0.1736965924501419,0.19931061565876007,-1.200655460357666,-0.3770919740200043,-1.2222939729690552,1.0289273262023926,-1.578222632408142,1.9683042764663696,-6.357526779174805,2.6046645641326904,2.181959390640259,0.9284939765930176,-23.353757858276367,-0.6270906925201416,0.6811792850494385,-0.23495054244995117,-0.4121091365814209,0.7655327320098877,0.8496968746185303,-1.6405363082885742,False
949,-0.27549782395362854,-0.10539918392896652,0.26074743270874023,0.78291255235672,-0.26529040932655334,-0.24136263132095337,-1.2093766927719116,0.1662854254245758,-2.6014657020568848,0.5429543256759644,-0.6927675008773804,-8.757010459899902,11.130130767822266,-5.075112342834473,-8.676336288452148,-2.6062967777252197,23.36050033569336,-0.7388608455657959,-0.7875890731811523,0.14585614204406738,0.5404524803161621,-0.563941240310669,-0.8497390747070312,-1.497984528541565,False
950,-0.2591058015823364,-0.10424748063087463,-0.0591658279299736,0.7346782088279724,-0.08628659695386887,-0.4415355920791626,-1.1266376972198486,0.45597243309020996,0.2532142996788025,0.5511824488639832,2.257564067840576,-10.910335540771484,2.2533152103424072,1.7137436866760254,-0.45225977897644043,0.30887162685394287,-4.609205722808838,-0.6947407722473145,-0.3433871269226074,0.8573470115661621,-0.7205443382263184,0.4961581230163574,0.6169860363006592,-1.561508297920227,False
951,-0.19824886322021484,0.034313853830099106,-0.5772536993026733,0.6162685751914978,0.37542805075645447,-0.7450388073921204,-0.9488630890846252,0.5141623020172119,-1.0039441585540771,0.15096141397953033,0.9922600388526917,-6.643549919128418,-8.80462646484375,15.314471244812012,-7.320857048034668,10.214847564697266,-3.9539895057678223,-0.45090818405151367,-0.20365166664123535,0.7171053886413574,0.773270845413208,-0.7060751914978027,-0.13701272010803223,-0.21454720199108124,False
952,-0.11556810140609741,0.11311279982328415,-0.46600764989852905,0.014561899937689304,0.7367809414863586,-0.579063892364502,-1.0901697874069214,0.33003586530685425,0.8611863255500793,1.5247901678085327,1.6971585750579834,5.273459434509277,-5.550397872924805,-8.112658500671387,6.450660705566406,-7.063222885131836,-2.998105525970459,-0.6061379909515381,-0.69435715675354,0.6184124946594238,0.29122400283813477,0.8155050277709961,-0.530886173248291,-0.28595250844955444,False
953,-0.014025092124938965,0.18410299718379974,-0.2374643236398697,-0.40584537386894226,0.7103219628334045,-0.44575732946395874,-0.8880179524421692,-0.37737685441970825,-0.7768064737319946,1.8959954977035522,2.064563512802124,1.163023829460144,-10.735220909118652,6.690664768218994,2.154270887374878,9.357049942016602,-22.588058471679688,0.052027225494384766,0.831139326095581,0.7077476978302002,-0.4113278388977051,0.5201084613800049,-0.4370424747467041,-0.725877046585083,False
954,0.03183549642562866,0.2521497905254364,-0.34267571568489075,-0.45210620760917664,0.6229356527328491,-0.5968528389930725,-0.6941048502922058,-0.06014353036880493,-1.6510311365127563,0.46225401759147644,0.9397120475769043,-2.5976321697235107,4.920844554901123,-5.647121429443359,-6.032116889953613,7.9769182205200195,7.870201110839844,0.378509521484375,-0.5119032859802246,-0.9146466255187988,-0.5883150100708008,0.10507392883300781,0.02342963218688965,-0.7258795499801636,False
955,0.061665236949920654,0.29484155774116516,-0.33021268248558044,-0.4498685300350189,0.2655063271522522,-0.8721661567687988,-0.32005009055137634,0.31879955530166626,-0.39912834763526917,0.17322836816310883,0.9494130611419678,3.1212778091430664,-4.355109214782715,-8.583549499511719,-4.3654398918151855,6.845385551452637,6.881045341491699,-0.9858047962188721,0.07936739921569824,0.5119495391845703,-0.1837005615234375,-0.23057818412780762,0.6708600521087646,-0.8694549202919006,False
956,0.061967670917510986,0.3409295380115509,-0.41149023175239563,-0.4390610158443451,0.027870984748005867,-1.0031464099884033,-0.009870152920484543,0.35496893525123596,-0.5226513743400574,-0.2516796290874481,-1.0398688316345215,-3.235016345977783,3.5819203853607178,-1.5707753896713257,3.2245445251464844,1.8725264072418213,-2.9625065326690674,0.04842567443847656,-0.9328000545501709,0.9298527240753174,-0.8908581733703613,-0.5445716381072998,-0.6391303539276123,-0.9383765459060669,False
957,0.04694944620132446,0.4416312277317047,-0.5053048133850098,-0.8186540007591248,0.4422433376312256,-0.9935303330421448,0.1395944356918335,-0.05921003222465515,-0.32396936416625977,-0.1621386706829071,2.4819753170013428,0.7852442860603333,-16.259733200073242,16.050397872924805,0.4116116762161255,1.8286406993865967,-11.76229476928711,-0.7749953269958496,0.8368656635284424,-0.30895280838012695,0.3577730655670166,0.5349462032318115,-0.29451704025268555,-0.37125468254089355,False
958,-0.009814321994781494,0.3671817481517792,-0.5487815737724304,-0.5648536086082458,0.3572237491607666,-0.8738662600517273,0.24064983427524567,-0.3859827220439911,0.5509530305862427,-1.1520264148712158,-3.0200071334838867,4.764964580535889,3.810112714767456,-6.864200592041016,3.960505962371826,-6.038201332092285,14.784727096557617,0.617387056350708,-0.02818918228149414,-0.5224273204803467,0.3909425735473633,0.2927994728088379,-0.26153016090393066,0.37568753957748413,False
959,-0.04570108652114868,0.21914178133010864,-0.07821588218212128,-0.6245729327201843,-0.0033501700963824987,-0.6757695078849792,0.16907475888729095,-0.05241718888282776,0.9909899830818176,-0.3528470993041992,-3.0390207767486572,11.979063034057617,-3.4417903423309326,-8.090413093566895,1.722403883934021,3.410446882247925,1.0865812301635742,-0.3628268241882324,0.1441962718963623,0.19874286651611328,0.5295813083648682,-0.08778595924377441,-0.04748415946960449,0.6080214977264404,False
960,-0.10085088014602661,0.05442317575216293,0.37615710496902466,-0.6123132705688477,-0.3953108787536621,-0.46851032972335815,0.17875000834465027,-0.00909397192299366,0.5147436857223511,-2.1031088829040527,-4.08743953704834,7.463919639587402,2.9053471088409424,-8.408642768859863,5.565032005310059,-1.2081809043884277,1.0154173374176025,0.11128616333007812,-0.8969101905822754,-0.16830754280090332,-0.7885656356811523,-0.3518798351287842,0.7191746234893799,0.4720614552497864,False
961,-0.09504354000091553,0.12218046188354492,0.5321351885795593,-0.7784407138824463,-0.43441182374954224,-0.598484456539154,-0.05009528249502182,0.5845798254013062,0.6096848249435425,1.2694966793060303,3.839214324951172,-3.959392786026001,3.290231466293335,-3.778712749481201,-4.704418659210205,-6.2323222160339355,13.691319465637207,-0.7092893123626709,-0.16701769828796387,-0.44277524948120117,-0.6269874572753906,-0.15655088424682617,0.8048560619354248,-0.006568059325218201,False
962,-0.06144517660140991,0.2506277561187744,0.36152929067611694,-0.7536229491233826,-0.24460525810718536,-0.8684795498847961,0.085343137383461,0.28221583366394043,-0.5118924975395203,0.794966459274292,2.755375623703003,-3.0574147701263428,2.201134443283081,0.15059031546115875,-7.265593528747559,-2.7785613536834717,5.399936199188232,0.5762808322906494,-0.32417821884155273,0.6817395687103271,0.11704301834106445,0.5323195457458496,0.1265876293182373,0.09852699190378189,False
963,-0.0432889461517334,0.32108327746391296,0.26132732629776,-0.7767414450645447,-0.0056169102899730206,-0.9974369406700134,-0.013272619806230068,0.3980826437473297,0.4327731430530548,0.5045917630195618,0.18378564715385437,-1.2037482261657715,-0.03472244739532471,6.207094192504883,0.9769303798675537,-1.2886508703231812,0.21379269659519196,-0.42489123344421387,-0.9878945350646973,0.9627871513366699,0.2508819103240967,0.6899757385253906,-0.42514657974243164,-0.10921981930732727,False
964,-0.03216707706451416,0.2838869094848633,0.25880739092826843,-0.7915324568748474,0.4884105622768402,-1.0031404495239258,0.329400897026062,-0.06876740604639053,0.6082369089126587,-0.10712125152349472,-0.8848187327384949,-2.7067229747772217,2.132117509841919,12.733460426330566,1.225900650024414,10.659195899963379,-16.76873207092285,0.05852961540222168,0.5424957275390625,0.7704169750213623,-0.22845697402954102,-0.5898468494415283,-0.6022279262542725,0.09131833910942078,False
965,-0.058278024196624756,0.21911408007144928,0.04238934814929962,-0.3523976802825928,0.6737337708473206,-0.8188010454177856,0.3634199798107147,-0.32926952838897705,0.06160712614655495,-1.7990589141845703,-1.9554505348205566,-3.3652639389038086,13.08214282989502,-7.547931671142578,3.641364097595215,-8.813777923583984,12.421143531799316,0.8373661041259766,-0.2817082405090332,0.7640495300292969,-0.5426287651062012,0.2936387062072754,0.757819414138794,-0.04222242534160614,False
966,-0.10870712995529175,0.1870393007993698,0.08929481357336044,-0.18224476277828217,0.6825786828994751,-0.930966317653656,0.0847349762916565,0.5837384462356567,0.3770267963409424,-0.6143420934677124,-0.39799395203590393,4.2148118019104,-3.5060834884643555,6.0246453285217285,-4.072073459625244,-3.489684820175171,19.453798294067383,-0.0018732547760009766,0.29837775230407715,0.8852472305297852,-0.23386144638061523,0.2187976837158203,0.8351199626922607,0.19186146557331085,False
967,-0.15742254257202148,0.061576467007398605,0.33639198541641235,-0.13808923959732056,0.6832531094551086,-1.0033209323883057,0.47590112686157227,0.17720520496368408,0.33563321828842163,-1.13599693775177,-2.804725170135498,5.575254440307617,2.5600669384002686,-2.390752077102661,0.43348512053489685,1.1685030460357666,1.3432766199111938,-0.1917271614074707,0.24794459342956543,-0.6470913887023926,-0.0973823070526123,0.39914441108703613,0.44283175468444824,-0.045456886291503906,False
968,-0.22979503870010376,-0.07290033996105194,0.4974958300590515,0.21749019622802734,0.3486511707305908,-1.0007843971252441,0.5450801849365234,0.42101773619651794,-0.256397545337677,-1.8384461402893066,-3.7992055416107178,2.5371251106262207,9.746817588806152,-9.14845085144043,0.13007383048534393,2.0541443824768066,8.016098022460938,0.39902782440185547,-0.14165687561035156,0.9172873497009277,-0.3435547351837158,0.18718743324279785,0.5236151218414307,-0.05387623608112335,False
969,-0.2858333885669708,-0.17278273403644562,0.7070289254188538,0.36648789048194885,0.32828229665756226,-1.0221704244613647,0.803779661655426,0.3684331178665161,1.0352116823196411,1.1934192180633545,0.8679600358009338,1.9612760543823242,0.1859503537416458,5.673437595367432,-0.6708686947822571,2.046168327331543,-0.9294071793556213,0.802241325378418,0.5274791717529297,0.6863522529602051,0.08712959289550781,-0.030272722244262695,0.8865389823913574,0.774181604385376,False
970,-0.2342466115951538,-0.20293347537517548,0.9219874143600464,0.29724475741386414,0.7122371792793274,-0.8294698596000671,0.696307361125946,0.4298132359981537,0.9972715377807617,1.118677020072937,-0.28312066197395325,6.192042350769043,-2.581486225128174,8.249316215515137,1.8877283334732056,1.4587697982788086,-3.7335281372070312,0.6231753826141357,-0.17633867263793945,-0.6124081611633301,0.6882388591766357,-0.5798735618591309,0.3593559265136719,0.7882968187332153,False
971,-0.21510249376296997,-0.21049527823925018,1.0447657108306885,0.49315160512924194,0.6928074359893799,-0.5237056016921997,0.350778728723526,0.48116764426231384,-0.07356155663728714,-0.4562265872955322,-1.4044290781021118,3.034454822540283,2.9445114135742188,-2.643054246902466,9.601153373718262,-8.046442031860352,-4.977972507476807,-0.33025169372558594,0.6160445213317871,-0.32004213333129883,-0.19100594520568848,-0.38405489921569824,0.9509329795837402,0.0843161940574646,False
972,-0.2038414180278778,-0.0988418385386467,0.919867217540741,0.783061146736145,0.48277515172958374,-0.40624773502349854,-0.05447521433234215,0.49926671385765076,-0.09427770227193832,-0.8437384963035583,3.5749783515930176,4.233824729919434,-12.304149627685547,5.012932300567627,2.6242525577545166,-11.299847602844238,4.574469089508057,-0.9434750080108643,-0.9978339672088623,0.21056151390075684,-0.5685369968414307,0.1895594596862793,0.1279454231262207,0.9233863353729248,False
973,-0.2064589560031891,0.08717591315507889,0.7520063519477844,0.5290610194206238,0.7901692390441895,-0.47648587822914124,-0.27649593353271484,0.4178333580493927,-0.35018953680992126,-0.13403338193893433,3.6610264778137207,-2.5597012042999268,-11.027194023132324,11.345779418945312,-3.1980197429656982,-3.386300563812256,-0.9762566089630127,0.02105998992919922,-0.7778685092926025,-0.4976954460144043,0.6924176216125488,-0.8766288757324219,0.0414423942565918,0.5355539321899414,False
974,-0.19104474782943726,0.1879529058933258,0.8960720896720886,0.12601107358932495,0.3722901940345764,-0.2892606258392334,-0.939206063747406,0.4565636217594147,2.069394588470459,-0.2902683615684509,3.517481565475464,2.595767021179199,-8.820698738098145,-11.025548934936523,5.522701740264893,-15.513582229614258,-3.9771728515625,0.7586801052093506,-0.8203344345092773,-0.43704795837402344,-0.9484689235687256,0.2629976272583008,0.84521484375,0.15199729800224304,False
975,-0.2110753357410431,0.35582369565963745,1.0274834632873535,-0.48028838634490967,-0.03788154944777489,-0.5217952728271484,-1.1283049583435059,0.5219671130180359,-0.17339958250522614,0.7931811809539795,1.2605739831924438,-2.307152032852173,-7.255854606628418,-6.952361106872559,-8.512349128723145,2.7764508724212646,4.952871799468994,-0.04681563377380371,0.6680724620819092,-0.9480018615722656,-0.46372079849243164,-0.009524345397949219,0.2942628860473633,-1.1840760707855225,False
976,-0.17165815830230713,0.45779556035995483,0.8484858870506287,-0.7245347499847412,-0.34957781434059143,-0.9030807614326477,-0.7973958849906921,0.315335214138031,-0.8555967211723328,0.7043454647064209,1.2852160930633545,-4.74208402633667,-9.29179573059082,12.787866592407227,-6.398161888122559,5.897137641906738,-1.5572874546051025,-0.2433314323425293,-0.964524507522583,0.24602890014648438,0.7328009605407715,-0.11982560157775879,0.7083835601806641,-0.9219051599502563,False
977,-0.09601753950119019,0.46742409467697144,0.4747973680496216,-0.7949320077896118,0.057813044637441635,-0.8076607584953308,-1.0234832763671875,0.41934242844581604,-1.2504059076309204,-1.262761116027832,-1.2240421772003174,-3.340442657470703,-6.484277725219727,11.070642471313477,5.036202907562256,0.16359831392765045,-8.988903999328613,-0.8914952278137207,-0.873593807220459,0.6786901950836182,-0.7294416427612305,-0.8343441486358643,0.5491249561309814,-1.600319504737854,False
978,-0.06151688098907471,0.5197561383247375,-0.034629736095666885,-0.7635021805763245,0.5854635834693909,-0.8598702549934387,-1.1966896057128906,0.49486997723579407,-1.4135760068893433,-0.005715526640415192,0.4789004921913147,-10.742569923400879,-3.8929593563079834,17.69992446899414,-7.431828022003174,10.826532363891602,-10.80079174041748,0.7189207077026367,0.5822722911834717,-0.4487900733947754,0.9486703872680664,-0.2716355323791504,-0.462482213973999,-1.8732216358184814,False
979,-0.10440230369567871,0.4601985514163971,-0.538955569267273,-0.43540534377098083,0.557627260684967,-0.6387098431587219,-1.1818612813949585,-0.1757531464099884,0.2807239890098572,-1.7171345949172974,-3.053516149520874,-7.1482253074646,9.790295600891113,-10.078051567077637,6.752468585968018,2.753784656524658,-18.380477905273438,0.7106525897979736,0.89664626121521,0.0505216121673584,-0.7906146049499512,0.286090612411499,-0.6594932079315186,-1.0302144289016724,False
980,-0.15998852252960205,0.3454631567001343,-0.5400903224945068,-0.20240193605422974,0.0017677248688414693,-0.6199026703834534,-1.1593719720840454,-0.17387816309928894,-0.7667093276977539,-1.5199995040893555,-0.7856900095939636,-0.7236785888671875,3.5882034301757812,-9.764803886413574,-3.963059186935425,-0.04248571768403053,9.968645095825195,0.5471291542053223,0.5040378570556641,-0.6532237529754639,-0.4277608394622803,-0.6635890007019043,0.6898367404937744,-0.5918564796447754,False
981,-0.24794957041740417,0.21282877027988434,-0.29771387577056885,-0.1893032193183899,-0.3888572156429291,-0.8464940190315247,-1.168808102607727,0.5786905884742737,-1.259872555732727,-0.9877046346664429,-0.9778217077255249,4.155253887176514,-8.438729286193848,14.503226280212402,-6.033323287963867,9.99057674407959,-7.757215976715088,-0.5608236789703369,-0.08691215515136719,-0.7237584590911865,-0.5136232376098633,-0.06820440292358398,0.038372039794921875,-0.6907166242599487,False
982,-0.23278707265853882,0.27533602714538574,-0.531112790107727,-0.0003541409969329834,-0.34684282541275024,-0.9607001543045044,-0.7680926322937012,-0.3356276750564575,0.6283295750617981,0.9754120707511902,-0.2499384731054306,-6.331000328063965,3.819614887237549,6.496849536895752,5.287973880767822,-0.03622579947113991,-14.844080924987793,-0.1287834644317627,0.34809303283691406,-0.28728246688842773,-0.16637516021728516,0.10940194129943848,-0.23955941200256348,-0.18699051439762115,False
983,-0.243979811668396,0.2764386534690857,-0.5332162976264954,0.08007141947746277,-0.3153156042098999,-0.902757465839386,-0.8922478556632996,-0.18709696829319,0.057889845222234726,0.3683454990386963,2.3344411849975586,-1.357343077659607,2.6359856128692627,-3.1279428005218506,-0.9514375925064087,-4.867195129394531,9.142576217651367,0.0003635883331298828,-0.670313835144043,0.2049245834350586,-0.17882227897644043,0.8986337184906006,0.7757377624511719,0.12311628460884094,False
984,-0.23658156394958496,0.2905849516391754,-0.277217835187912,-0.2763025760650635,-0.2000453621149063,-1.035754919052124,-0.947314441204071,0.5081726908683777,-0.6164819598197937,0.4669303297996521,1.2374415397644043,6.3676252365112305,-9.55328369140625,1.4863295555114746,-5.6095170974731445,2.1926417350769043,17.0542049407959,0.6779453754425049,0.9888713359832764,-0.9233837127685547,-0.7263729572296143,0.5243182182312012,-0.8999218940734863,0.2072984278202057,False
985,-0.20409324765205383,0.24937690794467926,-0.02866222895681858,-0.33571377396583557,-0.3275623321533203,-0.9793627262115479,-0.1405227929353714,-0.4756193161010742,0.10866808891296387,0.6715617179870605,-2.5179755687713623,5.300072193145752,-0.18525341153144836,3.1083409786224365,1.5239678621292114,22.62584114074707,-31.391618728637695,0.3207564353942871,0.5722141265869141,0.32928466796875,0.3864631652832031,-0.20398306846618652,-0.1281452178955078,0.6503276824951172,False
986,-0.1846441626548767,0.2397894710302353,-0.012751203961670399,-0.12895038723945618,-0.23713532090187073,-0.8594447374343872,-0.25111570954322815,0.3492366075515747,1.151221513748169,-1.1690832376480103,-0.25164538621902466,1.5629385709762573,3.5195658206939697,2.6599106788635254,2.4361326694488525,-2.893040895462036,19.774797439575195,-0.14072132110595703,0.6106715202331543,0.2925276756286621,-0.65871262550354,-0.945014238357544,-0.7131187915802002,0.2943437695503235,False
987,-0.16731280088424683,0.19878922402858734,-0.006182768847793341,0.26337385177612305,-0.1576813906431198,-0.7265995740890503,-0.08868977427482605,0.003162326058372855,0.7455365061759949,-0.24164724349975586,-1.96784508228302,-2.4016568660736084,10.496454238891602,3.1120989322662354,4.925154685974121,0.9034783244132996,-16.991025924682617,-0.06356120109558105,0.20261931419372559,-0.48023247718811035,0.6333291530609131,0.011265754699707031,-0.15751075744628906,0.19171246886253357,False
988,-0.1784839630126953,0.13062220811843872,-0.11684013158082962,0.8310237526893616,-0.17690478265285492,-0.4699110686779022,-0.2658442258834839,-0.3865634500980377,0.20702271163463593,-0.5450267791748047,-0.17689090967178345,0.17722241580486298,7.739725589752197,-1.419293761253357,2.160254716873169,-10.831992149353027,14.798089981079102,0.30321693420410156,0.7994954586029053,0.9838962554931641,-0.1661543846130371,-0.5865650177001953,0.8547961711883545,0.5011162757873535,False
989,-0.19765865802764893,0.1882125288248062,-0.02525111846625805,0.7896662950515747,0.18440255522727966,-0.36222198605537415,-1.0126798152923584,0.510453999042511,1.0041861534118652,-1.3164533376693726,0.3670353889465332,3.1216964721679688,-5.197702884674072,13.161869049072266,4.699233055114746,3.620741605758667,-28.910985946655273,0.8997290134429932,0.08634138107299805,0.2580986022949219,-0.6220009326934814,-0.13611817359924316,-0.32536816596984863,0.896318793296814,False
990,-0.21616977453231812,0.1891382783651352,0.4058586359024048,0.39228832721710205,0.7128880023956299,-0.34362637996673584,-0.9063043594360352,-0.45275118947029114,1.519036889076233,-0.6760677695274353,0.08127114921808243,11.391976356506348,-8.827363967895508,8.429178237915039,-3.4817559719085693,-14.971230506896973,26.08980369567871,-0.09706377983093262,-0.08358955383300781,0.7812135219573975,-0.6171934604644775,0.2267160415649414,0.9075140953063965,0.15897151827812195,False
991,-0.32112592458724976,0.19126538932323456,0.8466453552246094,0.2372853010892868,0.6445146203041077,-0.7890567183494568,-0.9480116963386536,0.45531079173088074,-0.9352323412895203,0.6007446646690369,-2.9072623252868652,11.458913803100586,-2.443955183029175,-1.7481657266616821,-9.863419532775879,23.406084060668945,-18.32168960571289,-0.7579350471496582,-0.5473544597625732,0.20390677452087402,0.3848989009857178,0.05432271957397461,0.194962739944458,-0.7165253758430481,False
992,-0.34604376554489136,0.10718110203742981,1.0146448612213135,0.2917217016220093,0.7586954236030579,-0.9363522529602051,-0.2883208692073822,-0.17764262855052948,0.08216717839241028,-1.251063346862793,0.32802221179008484,-0.9115420579910278,-0.38322025537490845,6.555137634277344,-3.008699417114258,10.518376350402832,-8.863445281982422,-0.43094515800476074,-0.3372609615325928,0.7193279266357422,0.9412734508514404,0.6876416206359863,-0.5088210105895996,-0.9370042681694031,False
993,-0.3503522276878357,0.04986025020480156,0.936640202999115,0.4377152621746063,0.711556077003479,-0.9251498579978943,0.029749179258942604,-0.3884976804256439,-0.5727999210357666,-1.2586653232574463,-0.4407476484775543,-8.14786148071289,6.563846111297607,1.5341562032699585,2.3380892276763916,-1.385919451713562,9.829896926879883,0.5701916217803955,0.1900186538696289,-0.6313717365264893,-0.15619373321533203,-0.8380632400512695,0.9366059303283691,-0.4322155714035034,False
994,-0.36535078287124634,0.007917596027255058,0.8044326901435852,0.6541749835014343,0.5364552736282349,-0.7775084376335144,-0.40856462717056274,0.5662477612495422,-0.2135402411222458,-0.8217726349830627,-0.543103814125061,1.5997130870819092,0.27853310108184814,-6.352110862731934,2.291668176651001,7.977075099945068,-21.604127883911133,0.47019028663635254,-0.5618383884429932,-0.39328479766845703,-0.18573355674743652,0.6795167922973633,-0.45173025131225586,0.16678157448768616,False
995,-0.31427642703056335,-0.026311473920941353,1.0482001304626465,0.4579768776893616,0.20774488151073456,-0.8038026690483093,0.045126210898160934,-0.3195168375968933,0.2450425922870636,1.1467037200927734,0.8286145925521851,5.596240997314453,-6.0251688957214355,-7.35455322265625,-2.5830416679382324,-9.732037544250488,28.635704040527344,-0.7659909725189209,-0.8617749214172363,0.6751227378845215,-0.7126657962799072,0.6455841064453125,-0.07312560081481934,-0.38487449288368225,False
996,-0.2969031035900116,0.019150346517562866,1.077322006225586,0.06752205640077591,0.3298395574092865,-1.011462688446045,0.04118507355451584,0.5323570370674133,0.20062951743602753,2.2162435054779053,-1.2738858461380005,-1.0572627782821655,-8.5888090133667,9.305601119995117,3.9190945625305176,6.4851555824279785,-9.940141677856445,-0.5535693168640137,0.12370061874389648,-0.056001901626586914,0.9175689220428467,-0.15681219100952148,0.7113418579101562,0.053595513105392456,False
997,-0.21910417079925537,0.039642397314310074,0.7871508002281189,-0.12371475249528885,0.6838801503181458,-0.7259954810142517,-0.010097546502947807,0.328784704208374,0.1136733666062355,0.4625289738178253,-2.8229563236236572,-4.633704662322998,-2.4652466773986816,6.562408447265625,9.574515342712402,-7.597526550292969,6.360836029052734,-0.8700466156005859,-0.38629794120788574,0.07277894020080566,-0.5528628826141357,-0.012174606323242188,0.7983617782592773,-0.8284172415733337,False
998,-0.16801130771636963,0.13202619552612305,0.1670086532831192,-0.019854635000228882,0.7677051424980164,-0.6786374449729919,-0.09173624217510223,0.4026818573474884,-0.924644410610199,0.06879487633705139,-0.13138747215270996,-12.114538192749023,0.7769001722335815,1.2976495027542114,0.4397100508213043,0.8450034856796265,-0.6323205828666687,0.1461472511291504,0.05379796028137207,-0.15856671333312988,0.23961424827575684,-0.004584550857543945,-0.6901907920837402,-0.8463835716247559,False
999,-0.13327068090438843,0.10417615622282028,-0.2897776663303375,0.04052691161632538,0.7120900750160217,-0.6571473479270935,0.054497718811035156,-0.10481545329093933,-0.3185223937034607,0.6184284090995789,-1.5788094997406006,-6.20967960357666,2.469146728515625,-2.0440499782562256,2.0938332080841064,4.9618730545043945,-17.643047332763672,0.3409230709075928,0.9825572967529297,-0.10646796226501465,0.9217166900634766,-0.789053201675415,0.10894346237182617,-0.3074740767478943,True
