step,obs_0,obs_1,obs_2,obs_3,obs_4,obs_5,obs_6,obs_7,obs_8,obs_9,obs_10,obs_11,obs_12,obs_13,obs_14,obs_15,obs_16,action_0,action_1,action_2,action_3,action_4,action_5,reward,done
0,-0.020431041717529297,-0.01215393841266632,-0.023979946970939636,-0.081975556910038,-0.06844799220561981,0.024100497364997864,-0.02721989154815674,0.012210942804813385,-0.016328003257513046,-0.0013909239787608385,0.045852698385715485,0.12954513728618622,0.06956824660301208,0.1185043677687645,-0.09338594228029251,0.17762981355190277,-0.104825958609581,-0.25679588317871094,-0.3157236576080322,0.626967191696167,0.7659702301025391,0.7287824153900146,-0.6999285221099854,-0.09320741891860962,False
1,-0.025319218635559082,-0.032208152115345,-0.015168820507824421,-0.1889229565858841,0.17906399071216583,0.06928566843271255,0.3287723660469055,-0.5975050330162048,0.31421905755996704,-0.10762489587068558,-0.4430551528930664,0.1887189745903015,-3.5616846084594727,7.905724048614502,0.9670382142066956,5.844492435455322,-6.815262794494629,0.3975565433502197,0.43599581718444824,0.32918286323547363,-0.6253354549407959,-0.209822416305542,-0.824223518371582,-0.5258539319038391,False
2,-0.016659080982208252,0.021625010296702385,-0.10488111525774002,-0.12721441686153412,0.37508583068847656,-0.02037675864994526,0.3306320905685425,-0.15043209493160248,0.028894398361444473,0.044760458171367645,0.8010579943656921,-2.9120213985443115,3.153853178024292,3.4693706035614014,-1.8441691398620605,4.690371513366699,-1.1367045640945435,0.840076208114624,-0.9023175239562988,0.3953428268432617,0.47524380683898926,0.06486010551452637,0.4520578384399414,0.2344638854265213,False
3,-0.01325613260269165,0.034576382488012314,0.22459480166435242,-0.5948963165283203,0.7669017910957336,-0.005273775197565556,0.3305136263370514,0.11300861835479736,0.22613726556301117,0.7921132445335388,1.9854884147644043,11.0130033493042,-15.862826347351074,8.20654582977295,0.06124066561460495,-3.040966749191284,9.737624168395996,-0.8281514644622803,0.1772775650024414,0.9709463119506836,0.4801614284515381,-0.4890151023864746,-0.7686541080474854,1.1094094514846802,False
4,0.0205497145652771,0.17829929292201996,0.15990997850894928,-0.6338487863540649,0.7345988154411316,0.20007093250751495,0.06754995882511139,0.1293269395828247,0.109073206782341,-0.44836461544036865,1.717476725578308,-2.3713362216949463,1.4558064937591553,2.120692729949951,8.065933227539062,-5.462503910064697,-7.568485260009766,0.6904404163360596,0.286773681640625,-0.7391035556793213,0.5682845115661621,-0.532893180847168,-0.7026574611663818,0.8871991634368896,False
5,8.64267349243164e-06,0.277060329914093,0.22576528787612915,-0.5329635739326477,0.46819958090782166,0.5432494878768921,-0.18905504047870636,-0.49102288484573364,1.9124767780303955,-0.08141687512397766,3.0385539531707764,-1.1339126825332642,4.912639141082764,-9.685796737670898,7.960859298706055,-5.242175579071045,-18.238296508789062,0.0501856803894043,-0.1831367015838623,-0.6894116401672363,0.3646528720855713,-0.24937725067138672,-0.4627039432525635,0.14328697323799133,False
6,-0.052424073219299316,0.40422573685646057,0.2625008821487427,-0.4406655728816986,-0.0044458843767642975,0.7148879170417786,-0.7227815389633179,-0.058743368834257126,1.3637964725494385,-0.13893194496631622,0.4302273988723755,4.630590438842773,0.3073425889015198,-11.132179260253906,2.9713592529296875,-10.338101387023926,9.245914459228516,0.6975500583648682,-0.5760133266448975,-0.5873923301696777,-0.8838222026824951,0.339646577835083,-0.3842759132385254,1.0771833658218384,False
7,-0.09226763248443604,0.4721207916736603,0.7864481210708618,-0.867797315120697,-0.4527612328529358,0.3409360945224762,-0.4997991621494293,-0.03580677881836891,0.8625609874725342,-1.1443597078323364,1.626355528831482,6.852023601531982,-7.133719444274902,-1.1254385709762573,-8.406323432922363,10.417769432067871,-6.566679000854492,-0.738295316696167,0.7222442626953125,-0.2583751678466797,-0.7284836769104004,-0.9781782627105713,0.9808206558227539,-1.491586446762085,False
8,-0.023790419101715088,0.49389323592185974,0.33991026878356934,-0.1131313294172287,-0.16957160830497742,0.44255754351615906,-1.0213570594787598,0.6245108842849731,-3.839942455291748,1.5626410245895386,-1.2035077810287476,-7.853382110595703,16.634634017944336,5.277161121368408,4.136770248413086,-9.906764030456543,7.075132369995117,0.37163829803466797,0.6827526092529297,0.3211033344268799,-0.00684356689453125,0.9919369220733643,0.7081067562103271,-1.533866047859192,False
9,0.02502542734146118,0.3977864384651184,-0.10759561508893967,0.8563370108604431,0.04789596050977707,0.41161125898361206,-0.5455178022384644,-0.34625959396362305,-2.339067220687866,1.43158757686615,-2.568678855895996,-4.076476097106934,13.370373725891113,7.156662464141846,-1.385856032371521,11.72425365447998,-14.15028190612793,0.9088740348815918,0.43398189544677734,-0.10546660423278809,-0.6671531200408936,-0.6166887283325195,-0.5279481410980225,-0.5742679834365845,False
10,0.07296836376190186,0.398377925157547,0.06878075003623962,0.7613949775695801,0.5329605340957642,0.21738514304161072,-0.45415419340133667,-0.20271936058998108,-0.012522239238023758,0.31746339797973633,-1.215260624885559,6.2189860343933105,-1.0405040979385376,5.3315534591674805,-0.103783518075943,-4.3780670166015625,7.810561656951904,0.571336030960083,-0.1626293659210205,0.8921949863433838,-0.3737654685974121,0.7213621139526367,-0.9938130378723145,-0.811208963394165,False
11,0.09784102439880371,0.29798033833503723,0.694747269153595,0.47417232394218445,0.6946656703948975,-0.022047579288482666,0.03333141654729843,-0.5639515519142151,1.9333223104476929,0.48795393109321594,-2.30513334274292,13.12767505645752,-0.939947247505188,-5.845033168792725,-7.986236095428467,6.7472028732299805,6.938882350921631,0.8410139083862305,-0.8219537734985352,-0.964501142501831,-0.6122455596923828,-0.752997875213623,0.6342082023620605,-1.8505191802978516,False
12,0.055599868297576904,0.3269021511077881,0.9198900461196899,0.5130519270896912,0.39960116147994995,-0.2449035793542862,-0.32937106490135193,0.6448823809623718,-0.7236322164535522,-0.19335973262786865,2.1005923748016357,-5.278784275054932,7.478428840637207,-6.705951690673828,-5.315999984741211,-2.822643518447876,6.667055130004883,-0.2320551872253418,0.7168183326721191,-0.44052553176879883,-0.8653872013092041,-0.34558701515197754,-0.9150981903076172,-1.484863042831421,False
13,0.0669364333152771,0.42122313380241394,0.747712254524231,0.7542336583137512,0.03900136053562164,-0.621748685836792,0.040450386703014374,-0.39603596925735474,-1.7619397640228271,-0.5407536029815674,5.832282066345215,-11.688166618347168,12.792770385742188,-11.802529335021973,-8.728190422058105,-20.221288681030273,33.05840301513672,0.8764162063598633,0.23723626136779785,-0.6146841049194336,-0.09782791137695312,0.5805268287658691,-0.904090404510498,-0.5845361948013306,False
14,0.0010662674903869629,0.5164834856987,0.8935803174972534,0.6258094906806946,-0.39093464612960815,-0.8285881876945496,-0.3225165605545044,0.1343952864408493,0.8796316981315613,-1.1678242683410645,-2.100005865097046,10.80368423461914,-5.197060585021973,-11.102940559387207,-2.22039794921875,3.1595215797424316,-5.426095962524414,0.7180957794189453,-0.3488180637359619,-0.36939048767089844,0.14014339447021484,-0.2263634204864502,-0.11882376670837402,-1.110991358757019,False
15,-0.04601943492889404,0.5761210322380066,0.954001247882843,0.24674353003501892,-0.18560291826725006,-0.9283815622329712,-0.4373425543308258,-0.12091413140296936,0.13355635106563568,-0.32109737396240234,0.21429233253002167,-2.2352771759033203,-5.067972660064697,5.3356781005859375,-1.473354458808899,-5.223256587982178,-3.227961301803589,0.39040660858154297,0.9987432956695557,0.8064448833465576,0.7050890922546387,0.557664155960083,0.7359747886657715,-1.0905859470367432,False
16,-0.09420108795166016,0.6114708185195923,0.7838816046714783,0.23658105731010437,0.02720499411225319,-0.8865299820899963,-0.7535654306411743,-0.03640083596110344,-1.168933391571045,-1.450507640838623,-0.7071292400360107,-3.386996030807495,4.2273030281066895,3.743166923522949,3.589844226837158,-6.742191791534424,6.202465057373047,-0.555469274520874,0.2643859386444092,0.9448621273040771,0.47240376472473145,0.18688154220581055,0.25727295875549316,-1.1687736511230469,False
17,-0.1433303952217102,0.5273162722587585,0.5002983808517456,0.48508819937705994,0.4997332990169525,-0.7511239051818848,-1.027771234512329,0.3552078902721405,-1.8343315124511719,-1.2716752290725708,-0.06457284837961197,-9.269766807556152,5.169878005981445,13.682798385620117,1.4855599403381348,-3.654928207397461,7.3570122718811035,0.050553083419799805,-0.8165886402130127,0.46659135818481445,0.4210164546966553,-0.5250012874603271,0.18235349655151367,-0.635818600654602,False
18,-0.20019438862800598,0.4009934365749359,0.36517295241355896,0.667163074016571,0.6101515889167786,-0.4545966386795044,-1.2298803329467773,0.3737630248069763,-0.3559418320655823,-1.1258918046951294,-4.0297465324401855,3.2082035541534424,0.16325967013835907,-6.681636333465576,7.321994781494141,-1.6539685726165771,-6.5012125968933105,0.003901958465576172,0.2988474369049072,-0.9126944541931152,0.8492040634155273,-0.6282541751861572,0.44623470306396484,-1.0194908380508423,False
19,-0.2888246476650238,0.28024399280548096,0.4648052752017975,0.7595942616462708,0.05951280891895294,-0.19200757145881653,-1.2169747352600098,0.19852015376091003,-0.07408136129379272,-1.7860758304595947,-3.10644793510437,7.478002548217773,-5.640565872192383,-10.290754318237305,6.535857200622559,-2.237150192260742,1.503040075302124,0.45168304443359375,0.2183833122253418,0.45093846321105957,-0.7899186611175537,0.16468477249145508,-0.24672603607177734,-0.552801251411438,False
20,-0.3568730354309082,0.1471051126718521,0.7522710561752319,0.5095556378364563,-0.27840590476989746,-0.13924665749073029,-0.9061287045478821,-0.02130083553493023,-1.157909870147705,-1.0787419080734253,-3.3759026527404785,4.80515718460083,-3.792240858078003,-4.248549938201904,1.1613959074020386,6.920583724975586,-6.991034507751465,-0.9904210567474365,0.03138375282287598,0.2888057231903076,0.26998448371887207,-0.10527157783508301,0.8710043430328369,-1.4213215112686157,False
21,-0.37538912892341614,0.04239014908671379,0.6719309091567993,0.47944509983062744,-0.29978612065315247,-0.09282359480857849,-1.0699492692947388,0.3233919143676758,-2.191286563873291,0.29993128776550293,0.25015193223953247,-4.828951835632324,-3.3103179931640625,4.750768184661865,-2.104386806488037,-7.473576545715332,16.828590393066406,0.781440258026123,0.7742714881896973,0.06049704551696777,0.7032721042633057,0.22916769981384277,-0.857083797454834,-1.7849079370498657,False
22,-0.35668906569480896,0.012466820888221264,0.5208483338356018,0.4659710228443146,-0.3071155250072479,-0.02202451415359974,-1.1182546615600586,0.2897860109806061,-1.7911207675933838,0.6765961050987244,-1.061323642730713,-2.4390017986297607,3.6820011138916016,-4.006261825561523,5.898128032684326,1.4218101501464844,-13.561914443969727,0.47890162467956543,-0.4007699489593506,0.8026673793792725,0.6591618061065674,0.32175588607788086,-0.6694839000701904,-1.1799075603485107,False
23,-0.3108339309692383,-0.03838702663779259,0.6180867552757263,0.3271748721599579,-0.2417948842048645,0.21159113943576813,-0.8702815175056458,-0.5376859903335571,0.23763759434223175,1.4810190200805664,-1.2388001680374146,4.674201011657715,-5.536036968231201,3.856865882873535,4.703786849975586,-11.254613876342773,20.39077377319336,0.29311347007751465,0.19508957862854004,-0.47567200660705566,0.7334153652191162,-0.1314988136291504,0.15874528884887695,-0.9220288395881653,False
24,-0.2907048761844635,-0.060665395110845566,0.7738954424858093,0.28682881593704224,-0.3535040020942688,0.3676539957523346,-1.1593494415283203,0.42721977829933167,-0.3306693136692047,0.4619004726409912,-3.3424792289733887,5.503660202026367,1.9496551752090454,-6.211594581604004,4.457050800323486,1.9695898294448853,12.522113800048828,-0.9827783107757568,-0.7771270275115967,0.8327991962432861,0.2391500473022461,-0.5558397769927979,0.593041181564331,-0.9038469195365906,False
25,-0.24451112747192383,-0.0826832577586174,0.8647130131721497,0.05083964392542839,-0.09212317317724228,0.5503373146057129,-0.9667894244194031,0.28406810760498047,-0.8044833540916443,-0.24930867552757263,2.467954635620117,-3.798102855682373,-7.507289886474609,12.95957088470459,2.002319574356079,0.39691609144210815,-0.2661605775356293,-0.34128832817077637,-0.31406354904174805,0.10716366767883301,0.8901686668395996,0.6947314739227295,0.8692827224731445,-1.0611751079559326,False
26,-0.22266799211502075,0.006452188827097416,0.6101189851760864,-0.12046829611063004,0.3990783095359802,0.6998216509819031,-0.9498153328895569,0.5033069252967834,-1.241672158241272,0.2464979887008667,2.9380035400390625,-5.589241981506348,-2.201490879058838,7.775102615356445,-3.7731194496154785,14.656807899475098,-9.400130271911621,-0.8860464096069336,-0.8507914543151855,-0.6391479969024658,-0.028548717498779297,0.1799616813659668,0.33062028884887695,-0.7886239886283875,False
27,-0.17793381214141846,0.15579216182231903,0.28937390446662903,-0.2603771388530731,0.6713922023773193,0.6347437500953674,-0.5837485194206238,0.3580148220062256,-1.2494993209838867,0.3812481760978699,3.7724199295043945,-7.15866756439209,-4.577584266662598,4.215671539306641,-1.5818521976470947,3.7854228019714355,1.1750011444091797,-0.8025236129760742,0.24328374862670898,0.03977203369140625,-0.10140752792358398,-0.2785608768463135,0.61155104637146,-1.0274240970611572,False
28,-0.14031881093978882,0.2928461730480194,-0.24337509274482727,-0.1759544014930725,0.7922151684761047,0.7098273038864136,-0.5914705395698547,0.39824551343917847,-1.114945888519287,-0.24025440216064453,2.485496997833252,-12.501412391662598,4.586115837097168,1.6429407596588135,0.719535768032074,1.345046877861023,-4.379888534545898,-0.012380361557006836,0.9535236358642578,-0.44760560989379883,-0.06090712547302246,-0.7143514156341553,-0.2973291873931885,-1.028964877128601,False
29,-0.13245320320129395,0.33226272463798523,-0.5307905673980713,0.04517766460776329,0.4852387607097626,0.6712076663970947,-0.5208726525306702,0.23297825455665588,0.4346168637275696,1.540913462638855,2.5165600776672363,-0.8253990411758423,0.9416146278381348,-11.108132362365723,-6.354968070983887,2.8152947425842285,-2.80582857131958,0.6065726280212402,0.06301689147949219,0.2971041202545166,-0.15857911109924316,-0.2852439880371094,-0.46666598320007324,0.30231672525405884,False
30,-0.06867295503616333,0.3290097713470459,-0.22750645875930786,-0.2146957665681839,0.12227456271648407,0.6421987414360046,-0.42012327909469604,-0.14442741870880127,-0.1996968537569046,-0.36302781105041504,-2.4714481830596924,13.843624114990234,-11.055716514587402,-4.355013370513916,0.9074608683586121,3.0923285484313965,-10.408766746520996,-0.6920442581176758,-0.7410995960235596,-0.9905805587768555,0.7109935283660889,0.06560540199279785,0.16722583770751953,0.38418734073638916,False
31,-0.041507065296173096,0.34298771619796753,0.12632311880588531,-0.5259509086608887,-0.30071350932121277,0.7288512587547302,-0.5661166310310364,-0.4660225212574005,-0.43271374702453613,-0.7865269184112549,0.24637338519096375,5.465049743652344,-7.49398946762085,-7.456939220428467,1.8302242755889893,-2.0193729400634766,-5.410859107971191,-0.48897457122802734,0.8568618297576904,0.9913308620452881,0.538724422454834,0.5012011528015137,-0.2900111675262451,-0.591006875038147,False
32,-0.04282963275909424,0.34464031457901,0.02248590812087059,-0.5162790417671204,-0.3290855288505554,0.6876919269561768,-0.6055322885513306,-0.41619598865509033,-0.6683287620544434,0.11704584956169128,-0.6193053722381592,-4.307019233703613,4.945220947265625,3.42144513130188,-1.012825846672058,1.6192524433135986,-0.8795106410980225,-0.14777255058288574,-0.15413308143615723,-0.652414083480835,0.49654293060302734,0.873894453048706,0.5886168479919434,-0.6722520589828491,False
33,-0.08317643404006958,0.2973446249961853,-0.14883609116077423,-0.2733946144580841,-0.320865660905838,0.5878192782402039,-0.39334046840667725,-0.28701478242874146,0.03145604580640793,0.11318552494049072,-1.2510141134262085,-6.212858200073242,7.365760326385498,-2.2915186882019043,0.8256677985191345,3.9681129455566406,4.355720043182373,-0.798032283782959,0.5406327247619629,0.4326314926147461,0.00467228889465332,0.4648323059082031,0.45010828971862793,-0.875590980052948,False
34,-0.15433663129806519,0.18809691071510315,-0.5739906430244446,0.24074684083461761,-0.2887599766254425,0.5764110088348389,-0.12992426753044128,0.0758199468255043,-0.1309938281774521,-1.0525325536727905,-4.860860347747803,-5.9506306648254395,11.943032264709473,0.9495041966438293,2.2499337196350098,2.251668691635132,11.255179405212402,-0.7518928050994873,0.8945088386535645,-0.45879650115966797,-0.40970849990844727,0.10333919525146484,-0.634329080581665,0.3717224597930908,False
35,-0.16218268871307373,-0.07549724727869034,-0.5291704535484314,0.6512302756309509,-0.35388514399528503,0.6098426580429077,0.30124568939208984,0.10306627303361893,0.7348332405090332,-0.6922099590301514,-4.768941879272461,-2.159353017807007,7.440885543823242,7.039994239807129,-0.4577462077140808,14.456857681274414,-8.729804039001465,0.9243853092193604,0.11389851570129395,-0.190260648727417,-0.5356764793395996,-0.41325855255126953,0.6218712329864502,0.3207688331604004,False
36,-0.176535964012146,-0.27268514037132263,-0.2926783859729767,0.8053082227706909,-0.2591511011123657,0.5181625485420227,0.592395007610321,0.3749956786632538,0.5126546025276184,0.5412020683288574,-2.524070978164673,10.000608444213867,-0.6595024466514587,-2.264934778213501,-3.728158473968506,-1.1853114366531372,16.557697296142578,-0.7447009086608887,0.36708807945251465,-0.3445107936859131,-0.5144271850585938,-0.15327835083007812,0.596531867980957,0.28932374715805054,False
37,-0.1258818507194519,-0.24001972377300262,-0.11698784679174423,0.7921249270439148,-0.33101388812065125,0.29732799530029297,0.8771234154701233,0.19824010133743286,1.591200590133667,0.39580100774765015,0.9527358412742615,0.12621363997459412,-0.12776361405849457,-0.5773549675941467,-3.9953675270080566,4.336123943328857,-3.8555564880371094,0.5511398315429688,-0.25830936431884766,0.7319526672363281,0.22997021675109863,0.883826494216919,-0.1598343849182129,0.4384167194366455,False
38,-0.0831524133682251,-0.18758563697338104,0.19461414217948914,0.39614272117614746,-0.1045336052775383,0.2321382313966751,0.8685883283615112,0.030001988634467125,1.0825786590576172,0.5878209471702576,1.4539915323257446,7.798405647277832,-10.584518432617188,7.344958305358887,-1.8720868825912476,-0.29994335770606995,-4.336216449737549,-0.2189617156982422,0.18947482109069824,-0.7029299736022949,0.07373952865600586,0.38451099395751953,0.3235626220703125,0.9593161940574646,False
39,-0.09110766649246216,-0.1762075424194336,0.3433820307254791,0.3472348153591156,-0.1391761302947998,0.26789534091949463,0.8722525238990784,-0.10230220854282379,0.11562427133321762,-0.17025673389434814,0.25633421540260315,2.2806453704833984,2.285755157470703,-5.319696426391602,0.6774321794509888,-0.3849676549434662,0.5608449578285217,-0.3737366199493408,0.5466001033782959,0.6526002883911133,-0.2626953125,-0.39226651191711426,0.8060529232025146,0.22920109331607819,False
40,-0.12494093179702759,-0.14905934035778046,0.33545011281967163,0.5067992210388184,-0.1670399010181427,0.21307724714279175,0.499106228351593,0.5999093055725098,-0.6327316761016846,-0.551135241985321,1.0540109872817993,-5.022017478942871,7.729287624359131,1.7668755054473877,0.8222734928131104,-8.469318389892578,12.059255599975586,0.00522613525390625,-0.20005559921264648,0.3498523235321045,0.739229679107666,-0.16430211067199707,0.3687150478363037,0.5438097715377808,False
41,-0.18286806344985962,-0.14188222587108612,0.15382526814937592,0.7654852867126465,0.05817446857690811,0.4554370045661926,0.45550471544265747,-0.02483038604259491,0.6525409817695618,-0.25693488121032715,-0.5046558976173401,0.4650712013244629,0.06853312253952026,7.387054443359375,7.653844833374023,-7.270453453063965,-5.657278060913086,0.3778417110443115,-0.48227858543395996,-0.74607253074646,0.5629961490631104,-0.023288249969482422,0.6622087955474854,0.5718047618865967,False
42,-0.2169337272644043,-0.1576172113418579,0.33340516686439514,0.6585845351219177,0.169559508562088,0.7207886576652527,0.050662506371736526,0.11179795861244202,1.586808204650879,-0.746120810508728,1.4231997728347778,1.5607656240463257,-0.3331480622291565,-2.9366188049316406,-4.348077774047852,-2.0241503715515137,9.288336753845215,-0.10733938217163086,0.7054221630096436,-0.1903374195098877,0.5896944999694824,0.8775489330291748,0.38905835151672363,0.051999032497406006,False
43,-0.2627127766609192,-0.24295152723789215,0.4826958179473877,0.8048588633537292,-0.057685736566782,0.624510645866394,0.2173265516757965,0.49789291620254517,0.9014843106269836,-0.9606685042381287,-1.4974536895751953,2.6221346855163574,4.724242210388184,-5.801482677459717,-5.27489709854126,6.350671291351318,9.663368225097656,0.9740376472473145,-0.10411572456359863,0.7903554439544678,-0.19341373443603516,0.5852410793304443,-0.33174562454223633,1.0657097101211548,False
44,-0.20138579607009888,-0.29478418827056885,0.8552790880203247,0.45739462971687317,0.10084531456232071,0.4228210151195526,0.9420866966247559,0.01433444581925869,2.1040287017822266,1.2099030017852783,-3.4102933406829834,9.019420623779297,-6.366445541381836,5.203410625457764,1.4925154447555542,14.22905158996582,-14.49350357055664,0.27237367630004883,-0.4182722568511963,0.21508502960205078,0.9230444431304932,-0.8337223529815674,-0.6343920230865479,1.4206633567810059,False
45,-0.17311686277389526,-0.17270183563232422,1.041743278503418,0.021980252116918564,0.46733713150024414,0.7379969954490662,0.3190633952617645,-0.1656550019979477,1.229588270187378,0.3692391514778137,2.199054002761841,-1.4184867143630981,-6.864983081817627,10.40645980834961,3.477459669113159,-9.904227256774902,-7.328191757202148,0.9162271022796631,-0.4019896984100342,-0.13474059104919434,-0.031742095947265625,-0.3267686367034912,-0.6514275074005127,0.3361856937408447,False
46,-0.10565733909606934,-0.0459756962954998,1.000461220741272,-0.33576950430870056,0.7387809157371521,0.49184274673461914,0.1784709393978119,-0.37153783440589905,0.6447913646697998,0.4532548189163208,6.35396146774292,-1.8489857912063599,-4.2352166175842285,-6.833072185516357,-10.914251327514648,-8.029731750488281,11.328954696655273,-0.04293227195739746,0.053529977798461914,0.4885098934173584,-0.797654390335083,0.6084206104278564,0.36124539375305176,0.1296388804912567,False
47,-0.08535748720169067,0.08878394961357117,1.0325593948364258,-0.5949209332466125,0.6356869339942932,0.030506020411849022,0.010338702239096165,0.16772103309631348,0.4701886773109436,1.4147248268127441,0.6505164504051208,2.3233935832977295,-5.194035053253174,0.6009267568588257,-9.648747444152832,0.09636688977479935,11.802741050720215,0.6018283367156982,-0.12215709686279297,-0.9257042407989502,0.5132431983947754,0.09616398811340332,0.28690433502197266,-0.5428497195243835,False
48,-0.022847771644592285,0.07614535093307495,1.0557301044464111,-0.6049190163612366,0.371283620595932,-0.01610860787332058,-0.1351645290851593,0.3821767568588257,0.41884201765060425,0.4640841484069824,-0.33222293853759766,0.49499019980430603,0.5443791151046753,-9.083944320678711,-0.2661042809486389,2.593090534210205,-9.28686809539795,-0.97145676612854,-0.008949995040893555,-0.49717116355895996,0.19100427627563477,0.5329856872558594,-0.11842155456542969,-0.4458998441696167,False
49,0.028898656368255615,0.09884976595640182,0.8723865747451782,-0.3732406198978424,-0.11728846281766891,-0.11249418556690216,0.16340988874435425,-0.227295383810997,-1.4127376079559326,0.9260913133621216,-1.009795904159546,-6.1123785972595215,7.383636474609375,-8.976445198059082,0.7416164875030518,7.11782693862915,-14.397321701049805,-0.6119987964630127,0.04380083084106445,-0.28907275199890137,0.08008623123168945,-0.579902172088623,0.9107728004455566,-0.8470970392227173,False
50,0.044196486473083496,0.17082259058952332,0.3037465512752533,0.0361749604344368,-0.3522389531135559,-0.08228696882724762,-0.1194075420498848,-0.03630158677697182,-1.6627496480941772,-0.4470614492893219,2.0912089347839355,-11.916908264160156,2.2915914058685303,8.027743339538574,2.4770967960357666,-15.120012283325195,17.072147369384766,-0.4180154800415039,-0.23161745071411133,-0.1540977954864502,-0.984306812286377,0.33153796195983887,-0.8500123023986816,-1.2146532535552979,False
51,0.046150147914886475,0.2806920111179352,-0.3315002918243408,0.14727871119976044,-0.01022759173065424,-0.32386165857315063,-0.11314628273248672,0.018020963296294212,-1.2789725065231323,-0.2407090812921524,1.33138906955719,-11.756102561950684,0.5855806469917297,6.952877044677734,-6.475207805633545,9.192237854003906,-11.444276809692383,-0.398237943649292,0.18818926811218262,-0.566882848739624,-0.8288044929504395,0.7959284782409668,0.9101359844207764,-1.4681541919708252,False
52,0.028292715549468994,0.30512532591819763,-0.5477989315986633,0.02298574149608612,0.008764219470322132,-0.8034189343452454,0.41812965273857117,-0.06992776691913605,-0.1504615694284439,1.3500202894210815,2.5189263820648193,-3.578728199005127,-0.9816523790359497,-7.191675662994385,-13.032172203063965,9.202628135681152,5.975309371948242,0.16344690322875977,0.6603600978851318,-0.6258199214935303,0.12496590614318848,-0.6378738880157471,0.18399357795715332,-0.4085181951522827,False
53,0.013392806053161621,0.15549150109291077,-0.2822364270687103,-0.1141563206911087,-0.46508294343948364,-0.7641693353652954,0.26593729853630066,0.4852314591407776,0.29175639152526855,-1.4967021942138672,-2.973788022994995,4.544983386993408,-2.716413736343384,-4.034743309020996,0.5061559677124023,-6.2825703620910645,14.910420417785645,-0.4578993320465088,0.5370361804962158,0.8466191291809082,-0.6573984622955322,-0.9240744113922119,0.5167086124420166,-1.0722670555114746,False
54,0.004480183124542236,0.13452832400798798,-0.37460777163505554,-0.20241869986057281,0.08583124727010727,-0.8506295084953308,0.11531178653240204,0.3632794916629791,-0.704078733921051,-2.346752643585205,-3.168642997741699,-0.8874331116676331,-1.8782002925872803,15.808177947998047,1.854860544204712,-10.122597694396973,4.44997501373291,-0.23730254173278809,-0.40993523597717285,0.801224946975708,0.5560445785522461,-0.4346296787261963,0.8338966369628906,-0.5560659766197205,False
55,-0.0858604907989502,0.07558310031890869,-0.4708656966686249,-0.3774566352367401,0.8305661082267761,-0.6392361521720886,-0.5176611542701721,0.4073231816291809,-0.4669020175933838,-0.22719232738018036,-1.551774263381958,6.8155927658081055,0.45225000381469727,-10.453604698181152,4.445715427398682,-13.121262550354004,-0.2214277982711792,-0.8269233703613281,-0.24280977249145508,0.025934934616088867,-0.8606467247009277,0.32526588439941406,-0.39649105072021484,-0.3370909094810486,False
56,-0.10781168937683105,0.18027544021606445,-0.5216119289398193,-0.15671207010746002,0.1759491264820099,-0.8883230686187744,-0.5981924533843994,-0.021957064047455788,-1.4069859981536865,-0.13279107213020325,0.48230913281440735,5.332324028015137,-4.057282447814941,-8.06408977508545,-3.1758220195770264,-0.24875697493553162,-12.818645477294922,0.9240624904632568,-0.5687253475189209,0.06047987937927246,0.4037294387817383,-0.4338986873626709,-0.35346031188964844,0.45595788955688477,False
57,-0.10128062963485718,0.24634142220020294,-0.08161721378564835,-0.677022397518158,-0.10984043776988983,-0.9355150461196899,-0.8491199016571045,-0.45806899666786194,0.9927098751068115,-0.649538516998291,1.0240281820297241,16.11415672302246,-17.070283889770508,-5.052967548370361,1.7184652090072632,-17.539676666259766,15.185823440551758,-0.9538724422454834,-0.014391422271728516,-0.26836276054382324,-0.5915384292602539,0.9256236553192139,0.8505158424377441,-0.31901803612709045,False
58,-0.16761106252670288,0.19506248831748962,0.025672944262623787,-0.5624750256538391,-0.31211450695991516,-1.0566401481628418,-1.1916162967681885,0.3267876207828522,-0.9058656096458435,-1.7545886039733887,-5.390085220336914,-2.529104471206665,7.772392749786377,7.4008331298828125,2.2770559787750244,3.776677131652832,8.865194320678711,0.9604165554046631,0.8162927627563477,0.3455772399902344,-0.2519090175628662,0.07582569122314453,-0.018784761428833008,-0.9093317985534668,False
59,-0.20273488759994507,0.12026342749595642,-0.13706299662590027,0.006298779975622892,-0.42120039463043213,-1.00175142288208,-0.8946948051452637,0.47186145186424255,1.115613341331482,0.49211591482162476,-0.5507582426071167,-4.3135457038879395,8.41981315612793,6.638318061828613,0.4916471838951111,8.414118766784668,-1.9111825227737427,-0.3224163055419922,-0.8575053215026855,0.1350259780883789,-0.36039280891418457,0.8800921440124512,-0.4782395362854004,-0.8204585313796997,False
60,-0.14740616083145142,0.12572449445724487,-0.28338372707366943,0.12302732467651367,0.0672253668308258,-1.0378901958465576,-0.22008630633354187,-0.04441613703966141,0.45284008979797363,0.7279139161109924,0.24836567044258118,-2.8560121059417725,-1.4637361764907837,11.3129301071167,-0.868166446685791,19.425119400024414,-18.70123863220215,0.38452625274658203,0.44260644912719727,0.5282516479492188,-0.345172643661499,-0.6545162200927734,0.5112514495849609,0.35943418741226196,False
61,-0.10918903350830078,0.10744989663362503,-0.27442294359207153,0.12317816913127899,0.5122068524360657,-0.8924373388290405,0.10222472250461578,-0.23150888085365295,-0.15117467939853668,-0.4558725953102112,-0.17609746754169464,2.8345487117767334,-1.2588067054748535,8.930596351623535,2.818359136581421,-0.3186121881008148,7.03875207901001,-0.1025075912475586,0.36731886863708496,-0.13223576545715332,-0.4101381301879883,0.5307376384735107,0.7146627902984619,0.24757778644561768,False
62,-0.1252739429473877,0.1264321655035019,-0.42846834659576416,0.3571285009384155,0.792944610118866,-0.9388566613197327,0.20074506103992462,0.41515418887138367,-0.6798543930053711,-0.6909797787666321,-0.7436181306838989,-2.7722647190093994,6.109842777252197,3.5894742012023926,-1.781257152557373,3.2208778858184814,17.809709548950195,0.33889245986938477,0.07459664344787598,0.04537844657897949,-0.9746623039245605,-0.6934235095977783,0.6725521087646484,-0.09098175168037415,False
63,-0.13934391736984253,0.06935161352157593,-0.38176560401916504,0.6753373146057129,0.6586923003196716,-0.9790641069412231,0.48972105979919434,0.3171352744102478,0.7026820182800293,1.379218578338623,-1.8189783096313477,2.8296217918395996,6.16372537612915,-3.2025468349456787,0.49204936623573303,-3.2275593280792236,3.2188968658447266,-0.4004950523376465,0.6863410472869873,0.9705307483673096,0.10331249237060547,0.4747319221496582,-0.9264905452728271,-0.033006519079208374,False
64,-0.15159130096435547,-0.01586945541203022,-0.31240975856781006,0.846979558467865,0.7970093488693237,-0.9610506296157837,0.8228642344474792,-0.3624744713306427,0.8561413884162903,0.6127389669418335,-0.19365835189819336,0.9538898468017578,3.9226014614105225,-5.017447471618652,-3.3029940128326416,14.189156532287598,-24.75957679748535,-0.8716752529144287,-0.3918428421020508,0.045180320739746094,-0.08794450759887695,-0.7700996398925781,-0.1685483455657959,0.5622504949569702,False
65,-0.13295406103134155,0.08844588696956635,-0.1465034931898117,0.4246750473976135,0.7855002880096436,-0.8519105911254883,0.16673362255096436,-0.012768296524882317,0.2652621269226074,-1.0955865383148193,3.3080759048461914,-0.5816928148269653,-8.550542831420898,1.9270870685577393,3.2103066444396973,-19.627031326293945,13.556564331054688,0.8612890243530273,0.45039868354797363,0.8877639770507812,-0.5327191352844238,0.37447619438171387,-0.37635040283203125,0.3632966876029968,False
66,-0.1545933485031128,0.17167627811431885,-0.011753598228096962,0.07477182894945145,0.7889159321784973,-0.987577497959137,-0.15363653004169464,0.172318235039711,0.05519811436533928,-1.193129539489746,1.7524389028549194,4.033943176269531,-7.668208122253418,2.328470468521118,-4.37730073928833,1.4140772819519043,-4.985950469970703,0.8255984783172607,-0.014199972152709961,0.17593002319335938,0.019518375396728516,-0.8382132053375244,0.9448974132537842,1.0499963760375977,False
67,-0.22093892097473145,0.18406778573989868,0.37952208518981934,-0.3335815370082855,0.7072528600692749,-0.9306527376174927,-0.6751866936683655,0.5168296694755554,1.6868377923965454,-1.2443829774856567,-0.168516606092453,12.09315299987793,-11.14031982421875,-1.7901264429092407,2.516263484954834,-1.6873784065246582,-18.20355224609375,0.042290449142456055,0.5132293701171875,-0.9608025550842285,0.33725810050964355,-0.38710498809814453,0.29120898246765137,1.339058518409729,False
68,-0.30194729566574097,0.17455154657363892,0.7766735553741455,-0.3211754560470581,0.16128702461719513,-0.6897360682487488,-1.074451208114624,-0.08986004441976547,2.1828930377960205,-1.7013652324676514,-0.5641423463821411,4.764883995056152,7.484833717346191,-16.591453552246094,4.983422756195068,-11.573385238647461,-5.568041801452637,-0.4740567207336426,0.8722536563873291,-0.6262915134429932,0.37942028045654297,0.7206141948699951,0.7974238395690918,-0.5937157869338989,False
69,-0.34346896409988403,0.03608204796910286,0.9446663856506348,0.16335339844226837,-0.37498053908348083,-0.5755118727684021,-1.1538445949554443,-0.25210505723953247,-1.4743314981460571,0.3850577175617218,-2.427783489227295,-2.3892557621002197,5.965243816375732,14.953548431396484,0.04376913234591484,0.3755991458892822,2.071699619293213,0.00049591064453125,0.8730218410491943,0.958559513092041,-0.1176290512084961,-0.4675161838531494,0.45016932487487793,-0.9011868834495544,False
70,-0.3429630994796753,-0.04336826875805855,0.5696369409561157,0.7985637784004211,0.3232221305370331,-0.629520833492279,-1.2042564153671265,0.11812835186719894,-2.7007691860198975,-0.7941842079162598,-1.8749669790267944,-4.131649494171143,7.15385627746582,18.211904525756836,-1.335250973701477,-1.7395340204238892,11.379829406738281,0.8421273231506348,-0.13584017753601074,0.9074106216430664,0.7344069480895996,-0.6369888782501221,0.3753514289855957,-0.49335771799087524,False
71,-0.2932295501232147,-0.12467288970947266,0.8706114888191223,0.678135335445404,0.7529165744781494,-0.6253223419189453,-1.1723201274871826,0.4730064570903778,0.6326742768287659,0.10437236726284027,-1.5347411632537842,18.34122657775879,-17.854854583740234,2.170783758163452,6.840843200683594,0.988605260848999,-7.267840385437012,-0.7461843490600586,0.39711618423461914,0.20893096923828125,-0.3109145164489746,0.7056581974029541,-0.16278433799743652,-0.4435606002807617,False
72,-0.2425568401813507,-0.11802460253238678,1.0080103874206543,0.6341741681098938,0.7592599391937256,-0.6403552889823914,-0.7594966888427734,-0.050578970462083817,-1.7425116300582886,1.0813294649124146,-0.6258770227432251,-1.042606234550476,0.5373888611793518,3.2749993801116943,-6.46724271774292,17.508886337280273,-13.62381362915039,-0.2871255874633789,-0.6234467029571533,-0.3619654178619385,-0.01996016502380371,-0.6358537673950195,-0.23923039436340332,-0.8015900254249573,False
73,-0.21391549706459045,-0.016247956082224846,0.9407998919487,0.6247744560241699,0.5578516125679016,-0.7897899150848389,-0.3651522099971771,-0.5039119124412537,0.926068902015686,0.6742463707923889,1.8386964797973633,-4.228824138641357,5.043890476226807,-7.938166618347168,3.4866292476654053,-9.046256065368652,8.767546653747559,-0.24822258949279785,0.12749838829040527,0.38822197914123535,0.0527036190032959,-0.23045873641967773,0.11150431632995605,-0.5014508962631226,False
74,-0.21098825335502625,0.08162955194711685,0.7645812034606934,0.6459863185882568,0.4528931975364685,-0.699404776096344,-0.7644652128219604,-0.020223185420036316,0.49572473764419556,-0.3632442355155945,3.3425118923187256,-4.451898097991943,-1.3737988471984863,1.0097969770431519,-3.3965823650360107,-2.725323438644409,9.048171043395996,-0.42836999893188477,0.2608485221862793,-0.12260127067565918,0.7513957023620605,-0.16958212852478027,-0.7603306770324707,-0.5390568971633911,False
75,-0.22351396083831787,0.16914325952529907,0.4510820508003235,0.8142955899238586,0.41067126393318176,-0.45366525650024414,-1.064159870147705,-0.08726910501718521,-0.6071348786354065,-0.7804223299026489,1.7005828619003296,-8.737793922424316,6.345355987548828,-1.7179876565933228,7.151405334472656,-4.052293300628662,-10.728923797607422,0.8447186946868896,0.11865854263305664,0.6073355674743652,0.23594188690185547,0.21294903755187988,-0.021136760711669922,0.3107771575450897,False
76,-0.26206305623054504,0.23346249759197235,0.47632572054862976,0.4832853078842163,0.6521047949790955,-0.24184435606002808,-1.1018239259719849,-0.49551182985305786,-0.0996822640299797,-0.7201263904571533,0.7550182938575745,2.9449431896209717,-7.743414878845215,5.843542575836182,6.035342693328857,-10.130362510681152,10.096983909606934,0.8373017311096191,0.06036043167114258,0.9183545112609863,-0.2874794006347656,-0.642634391784668,0.8596642017364502,-0.2974880039691925,False
77,-0.3319210410118103,0.20371761918067932,0.8157342076301575,0.10709849745035172,0.7000181674957275,-0.1896224468946457,-1.2372000217437744,0.2658470571041107,-0.5389471054077148,0.27509742975234985,-3.557386636734009,13.462468147277832,-9.010534286499023,-2.736921548843384,3.589216947555542,-4.082479953765869,22.127120971679688,0.25464534759521484,-0.5529613494873047,-0.05333113670349121,0.7164931297302246,0.5815680027008057,0.15925931930541992,-0.8698633909225464,False
78,-0.3412242829799652,0.06930630654096603,1.013242483139038,-0.028112145140767097,0.668624222278595,-0.11974547803401947,-0.7013289928436279,0.30778440833091736,-1.5435137748718262,1.5820424556732178,-3.9971630573272705,1.975126028060913,-2.5050196647644043,2.7117159366607666,6.4540228843688965,8.04675579071045,-7.4649553298950195,0.97139573097229,-0.9633285999298096,-0.7735693454742432,0.34197354316711426,0.03264164924621582,-0.26849889755249023,-0.8948259353637695,False
79,-0.23235449194908142,-0.10000382363796234,1.0624264478683472,-0.2907503545284271,0.7639831304550171,0.06321898102760315,-0.4543330669403076,-0.17154312133789062,-0.38515281677246094,1.6992747783660889,-3.1937355995178223,3.360975980758667,-10.775433540344238,1.337472915649414,3.8696799278259277,4.259002208709717,-11.745542526245117,-0.8749275207519531,-0.6688776016235352,0.7224130630493164,0.9609689712524414,0.4443979263305664,-0.00561213493347168,-1.2551229000091553,False
80,-0.14998960494995117,-0.11341182887554169,0.79106605052948,-0.43211135268211365,0.7850745916366577,0.28327906131744385,-0.480795294046402,-0.3485870659351349,-0.366666316986084,1.7775213718414307,-0.7943276762962341,-5.3479180335998535,1.720618724822998,-1.3393399715423584,4.897359371185303,-6.372559547424316,11.184416770935059,-0.19945311546325684,-0.6653175354003906,-0.9717121124267578,0.05472898483276367,0.8798885345458984,-0.6947264671325684,-1.648499608039856,False
81,-0.007862448692321777,-0.03951860964298248,0.6775370836257935,-0.5612562894821167,0.5503076314926147,0.20323973894119263,-0.082341767847538,-0.5730758905410767,0.056493207812309265,1.8311591148376465,-1.1871830224990845,-2.473029613494873,-3.341184139251709,-5.37009859085083,-0.34223315119743347,13.37942886352539,-9.108735084533691,0.2642369270324707,0.6465857028961182,0.7998440265655518,-0.9696898460388184,-0.9329612255096436,0.07001399993896484,-1.9713386297225952,False
82,0.10122311115264893,0.07619115710258484,0.41291865706443787,-0.612072229385376,0.3788909912109375,0.06792330741882324,-0.20633594691753387,0.34503602981567383,-1.4034216403961182,0.2560693621635437,0.6557911038398743,-2.7885055541992188,-2.8505077362060547,1.3557020425796509,-3.1168766021728516,-5.712116718292236,23.030807495117188,0.45710253715515137,0.35799241065979004,0.6342134475708008,-0.6036057472229004,0.07433152198791504,-0.6952486038208008,-1.422505259513855,False
83,0.1946117877960205,0.11532516777515411,0.2864544689655304,-0.7138980627059937,0.4932461678981781,-0.12377852201461792,0.2615773379802704,-0.14340750873088837,-1.8788954019546509,1.9801884889602661,0.8759991526603699,-2.1821346282958984,-2.4035539627075195,4.17156457901001,-3.199613332748413,15.859021186828613,-24.892024993896484,-0.5912253856658936,-0.9921305179595947,0.9155282974243164,0.8003592491149902,-0.08580255508422852,0.4229166507720947,-1.5686540603637695,False
84,0.21887683868408203,0.14733143150806427,0.02314586192369461,-0.6813914775848389,0.7875449657440186,-0.05993508920073509,0.22090420126914978,-0.20100320875644684,-2.6878530979156494,1.0832009315490723,1.5335497856140137,-4.599722862243652,6.668959617614746,-6.808255672454834,4.0306806564331055,-12.298782348632812,16.186939239501953,-0.9936056137084961,0.3272223472595215,0.07053470611572266,-0.9698355197906494,-0.4090843200683594,0.8505294322967529,-1.983986258506775,False
85,0.18809562921524048,0.21949058771133423,-0.5830389857292175,-0.17643892765045166,0.6572207808494568,-0.08882120996713638,-0.07712947577238083,0.35746654868125916,-2.6911535263061523,-0.7211977243423462,1.6317211389541626,-16.442218780517578,13.40551471710205,-1.2594279050827026,-0.42429497838020325,7.852108955383301,-21.300424575805664,-0.22020983695983887,-0.28559255599975586,-0.13727045059204102,-0.3708484172821045,0.013939619064331055,0.8069257736206055,-1.242741584777832,False
86,0.20824944972991943,0.2620699405670166,-0.5056989789009094,-0.37505024671554565,0.5513164401054382,-0.308920294046402,0.1534310281276703,0.05175064131617546,-1.0750062465667725,-0.2992674708366394,3.6258864402770996,3.386341094970703,-9.716617584228516,-1.4334137439727783,-6.6997246742248535,1.040003776550293,3.8049569129943848,0.7754120826721191,-0.9887030124664307,-0.5903565883636475,-0.4892902374267578,-0.7158253192901611,0.3207669258117676,-0.9953222274780273,False
87,0.19993633031845093,0.27859166264533997,-0.18544606864452362,-0.6750400066375732,0.1892029047012329,-0.29851213097572327,-0.2474469542503357,0.5664480924606323,0.03790181875228882,-0.8636330366134644,-0.09714296460151672,0.6110329627990723,7.910928249359131,-16.937549591064453,-1.6600226163864136,-2.7482407093048096,-0.34469276666641235,0.6741399765014648,0.36099934577941895,0.9416158199310303,0.961806058883667,0.5294950008392334,-0.21783065795898438,-0.8491322994232178,False
88,0.11207801103591919,0.13397133350372314,0.21993666887283325,-0.5274136662483215,-0.30583176016807556,-0.12323851883411407,0.036428749561309814,-0.444705605506897,1.2517812252044678,0.3211720883846283,-2.443859815597534,5.957366466522217,3.7090163230895996,-5.361055374145508,4.022608757019043,5.550318717956543,-21.81876564025879,0.6808311939239502,-0.8225109577178955,0.08184480667114258,0.00048422813415527344,-0.776982307434082,0.18836712837219238,-0.3861204981803894,False
89,-0.01242297887802124,0.027165178209543228,0.7801247239112854,-0.7702693939208984,-0.3540334701538086,0.14782926440238953,-0.5586585402488708,0.15863440930843353,-0.47386249899864197,-2.0443625450134277,-1.017187476158142,1.7437546253204346,13.352354049682617,-10.683600425720215,5.522123336791992,-18.94546890258789,21.361087799072266,0.28724169731140137,0.563788652420044,0.37343454360961914,0.7697579860687256,0.6017405986785889,0.9748904705047607,-0.6739006638526917,False
90,-0.14914178848266602,-0.1492447555065155,1.1089870929718018,-0.4895389974117279,-0.191197469830513,0.3452001214027405,-0.6949002146720886,0.13571646809577942,-1.7928380966186523,-1.905066967010498,-1.0990031957626343,3.1635212898254395,9.961281776428223,1.4502075910568237,1.1006982326507568,4.198026657104492,-11.223816871643066,0.5328288078308105,0.9068329334259033,-0.6713240146636963,0.8468055725097656,0.5464184284210205,0.3370358943939209,-1.1720783710479736,False
91,-0.25417017936706543,-0.2225957065820694,0.8444134593009949,0.6367801427841187,-0.3908665180206299,0.5123926997184753,-0.5819610953330994,-0.2606256604194641,-2.5116326808929443,-3.7173147201538086,-2.6661465167999268,0.6337114572525024,13.2276611328125,7.143949031829834,4.332904815673828,4.600228786468506,-6.59859561920166,0.4238102436065674,0.22704315185546875,0.6016592979431152,0.843787670135498,-0.06436467170715332,-0.6195435523986816,0.17098838090896606,False
92,-0.2654690444469452,-0.147197425365448,0.8758239150047302,0.7436403036117554,0.30947721004486084,0.6852834224700928,-0.6547428965568542,-0.4263496398925781,1.6377652883529663,-1.5658389329910278,-0.12464610487222672,1.0890777111053467,1.637588381767273,15.068155288696289,7.777856826782227,-5.717052459716797,4.380259990692139,-0.3051137924194336,-0.9564290046691895,-0.37601709365844727,0.9250462055206299,-0.7366020679473877,-0.7826755046844482,-0.38180777430534363,False
93,-0.2633209526538849,0.07171449065208435,0.9309353232383728,0.5903974175453186,0.7336283922195435,0.7230766415596008,-0.7937717437744141,-0.4763065278530121,2.2689006328582764,0.1719399094581604,1.9424256086349487,6.046913146972656,-0.3812718391418457,-11.717266082763672,-1.2767174243927002,-6.291059970855713,3.9130191802978516,-0.12938332557678223,-0.028901338577270508,-0.6192166805267334,-0.9892807006835938,0.2859039306640625,0.8926796913146973,-0.8734272122383118,False
94,-0.2602230906486511,0.29822099208831787,0.931284487247467,0.649273157119751,0.1904577761888504,0.2747252881526947,-0.9839093089103699,0.10406584292650223,-0.7387282252311707,2.2657623291015625,4.295898914337158,-5.64497709274292,9.414210319519043,-13.3922119140625,-5.295136451721191,-11.888655662536621,19.265762329101562,0.06369614601135254,-0.6642274856567383,-0.6059691905975342,-0.8229262828826904,-0.7586081027984619,0.5834338665008545,-1.0226387977600098,False
95,-0.14670240879058838,0.34701085090637207,1.0607627630233765,0.6260220408439636,-0.3211529850959778,-0.148529514670372,-0.9515225291252136,0.4649798572063446,-0.6921930313110352,3.7327866554260254,1.1963437795639038,6.740370750427246,-7.2529988288879395,-8.85356616973877,-8.290234565734863,0.965263843536377,4.4336371421813965,0.3443868160247803,0.005724906921386719,-0.7051048278808594,-0.5729811191558838,0.8081672191619873,-0.6582729816436768,-1.1655936241149902,False
96,-0.030116558074951172,0.41584476828575134,1.0158562660217285,0.4479539394378662,-0.24261970818042755,-0.6183452010154724,-0.4207618236541748,0.0005385279073379934,-0.8570861220359802,1.912367582321167,-0.5871040225028992,2.1925830841064453,-5.340755462646484,3.2265536785125732,-9.595582008361816,18.32415008544922,-19.176856994628906,0.4376695156097412,-0.8548269271850586,-0.8050336837768555,0.8272666931152344,-0.15187430381774902,-0.9262559413909912,-0.7524582147598267,False
97,0.06693023443222046,0.4459320604801178,1.077067494392395,0.1270468384027481,-0.20729364454746246,-0.7219992876052856,-0.30365893244743347,-0.19184452295303345,-0.5384091734886169,0.8597943782806396,0.6265237331390381,1.2322381734848022,-9.136085510253906,0.15883401036262512,2.133826971054077,-10.532354354858398,16.932464599609375,-0.8353719711303711,-0.435152530670166,-0.2978944778442383,0.08452463150024414,0.8032655715942383,-0.3724980354309082,-0.8785526752471924,False
98,0.1650453805923462,0.5599304437637329,0.759035587310791,-0.021132687106728554,-0.2474021017551422,-0.845102846622467,-0.3234560787677765,0.06116097792983055,-1.0209976434707642,1.7147417068481445,0.7459122538566589,-8.380331039428711,-0.8296071290969849,-0.5148983001708984,-2.426192045211792,6.707742214202881,-3.953066349029541,-0.9766223430633545,-0.5055835247039795,-0.9231364727020264,-0.518524169921875,-0.6092510223388672,-0.833092212677002,-1.5268237590789795,False
99,0.24584710597991943,0.7116077542304993,0.2033679038286209,-0.04396745190024376,-0.42226895689964294,-1.017791748046875,0.005497254431247711,-0.47857192158699036,-1.1879065036773682,1.8207683563232422,2.273264169692993,-9.614445686340332,-2.7928996086120605,-3.1767561435699463,-1.9928940534591675,4.902635097503662,-15.0332612991333,0.5705070495605469,-0.19501352310180664,0.5266308784484863,-0.9771523475646973,0.5081384181976318,0.3538029193878174,-1.2233582735061646,False
100,0.2941606044769287,0.8237197995185852,-0.14491845667362213,-0.49014952778816223,-0.1652194857597351,-1.0056025981903076,-0.22441565990447998,-0.10805394500494003,-1.0317500829696655,0.5333321690559387,3.230712652206421,-6.187709808349609,-11.00162410736084,6.477829933166504,0.9903150796890259,-4.662303447723389,10.017693519592285,0.6167953014373779,-0.3844728469848633,-0.9895994663238525,0.1520369052886963,-0.17203807830810547,-0.5627624988555908,-1.1398627758026123,False
101,0.29954153299331665,0.753320574760437,-0.21506133675575256,-0.6547724008560181,-0.42257797718048096,-0.808566153049469,-0.2752867341041565,0.01894553005695343,-1.6083801984786987,-0.7591212391853333,-1.354617714881897,-5.025617599487305,7.693324089050293,-15.238746643066406,4.324670791625977,2.441019296646118,-4.999148368835449,-0.8585615158081055,-0.14808368682861328,-0.07150554656982422,0.9287312030792236,-0.6815447807312012,-0.2770884037017822,-1.5875511169433594,False
102,0.25131940841674805,0.6750607490539551,-0.5534142851829529,-0.6299916505813599,-0.08719424903392792,-0.3301057815551758,-0.5774417519569397,-0.16656644642353058,-1.2427537441253662,-1.3921360969543457,-5.0541205406188965,4.305268287658691,-5.214084625244141,5.386115074157715,12.582635879516602,-8.610668182373047,-2.7927114963531494,-0.8528687953948975,0.6834158897399902,-0.6285040378570557,0.31670331954956055,-0.4490642547607422,-0.8103220462799072,-0.9221997261047363,False
103,0.15966862440109253,0.6202017664909363,-0.5337843298912048,-0.7629358768463135,-0.12437423318624496,0.11869674175977707,-0.9356573224067688,-0.43852680921554565,-0.07489551603794098,-1.3289880752563477,-0.661719024181366,-0.23287804424762726,-1.0875334739685059,-4.47268009185791,11.900300025939941,-20.085418701171875,13.625940322875977,-0.6443080902099609,-0.7090916633605957,-0.002156496047973633,-0.31087684631347656,-0.8725080490112305,-0.4673314094543457,-1.1583647727966309,False
104,0.04417365789413452,0.5495803356170654,-0.4591354727745056,-0.7602764368057251,-0.4031519889831543,0.27951741218566895,-1.1259236335754395,-0.31625550985336304,-0.2897314429283142,-0.6167037487030029,-1.8397024869918823,2.2304656505584717,-0.25685060024261475,-5.078741550445557,2.2845065593719482,-1.734798550605774,-2.632807731628418,-0.5601482391357422,0.977799654006958,-0.7423629760742188,-0.9460337162017822,-0.7986342906951904,0.6099045276641846,-1.5382812023162842,False
105,-0.07005316019058228,0.5441434979438782,-0.550113320350647,-0.6426445245742798,-0.4003359377384186,0.09113477915525436,-1.2291254997253418,0.057691171765327454,-1.5330575704574585,-2.790679454803467,0.36924177408218384,-3.2729766368865967,6.688462734222412,-4.33721923828125,-6.275763988494873,-3.103073835372925,14.396759986877441,-0.6442141532897949,0.6861116886138916,0.7730758190155029,-0.36702799797058105,-0.7235860824584961,0.13724637031555176,-0.8869080543518066,False
106,-0.1687023639678955,0.46729958057403564,-0.4883304238319397,-0.5428360104560852,-0.2442825734615326,-0.19194114208221436,-1.1887052059173584,0.5392448902130127,-2.181532382965088,-3.0902910232543945,-1.7962877750396729,1.1981849670410156,4.769915580749512,3.8025076389312744,-3.8570001125335693,3.5182673931121826,-3.344130277633667,0.6125266551971436,-0.504352331161499,0.9215455055236816,-0.7532281875610352,0.15366816520690918,-0.5937719345092773,-1.0805230140686035,False
107,-0.2286939024925232,0.3490659296512604,-0.22199910879135132,-0.7667157649993896,0.20457057654857635,-0.39608263969421387,-0.789126455783844,-0.2980174422264099,-0.5266717672348022,0.16732537746429443,0.665963351726532,2.850877285003662,-8.498903274536133,6.770841598510742,-6.297486782073975,7.905929088592529,-21.530351638793945,-0.3401048183441162,-0.44066667556762695,-0.06594705581665039,0.9792132377624512,0.6766307353973389,0.3817458152770996,-0.6877263784408569,False
108,-0.1501951813697815,0.4272077679634094,-0.39433225989341736,-0.7337260842323303,0.11691760271787643,-0.5416426062583923,-1.0591133832931519,-0.0834055170416832,0.36087799072265625,0.11495047807693481,-0.37316250801086426,-0.23713915050029755,-0.9062204360961914,-1.4749388694763184,-2.748661756515503,-3.8444857597351074,13.577404022216797,0.5807785987854004,0.2866644859313965,0.08109450340270996,-0.8532311916351318,-0.4531843662261963,-0.4832289218902588,-0.5811285972595215,False
109,-0.09496992826461792,0.46133771538734436,-0.4265404939651489,-0.7774344682693481,0.0005615949630737305,-0.741051435470581,-1.1653399467468262,0.2518059015274048,-0.0037059709429740906,0.209492027759552,-1.0051231384277344,1.5892326831817627,-3.6436617374420166,0.3997192978858948,-5.397484302520752,5.838637828826904,-2.3908889293670654,-0.4653589725494385,-0.5321292877197266,-0.4118516445159912,-0.15288138389587402,-0.4771280288696289,0.12269091606140137,-0.5498512387275696,False
110,-0.08469760417938232,0.4599590301513672,-0.5344970226287842,-0.665597140789032,-0.19428107142448425,-0.9010654091835022,-1.2070181369781494,0.3642932176589966,-0.16437946259975433,0.6688145399093628,1.237050175666809,-2.5218067169189453,2.5908310413360596,-6.257381916046143,-6.035820484161377,0.5970855355262756,3.472700595855713,0.03611445426940918,-0.36966514587402344,-0.8306460380554199,0.8197503089904785,-0.21992278099060059,0.5352072715759277,-0.23750846087932587,False
111,-0.08775895833969116,0.4207506775856018,-0.43746256828308105,-0.8079534769058228,-0.3554175794124603,-0.9077181816101074,-1.2192753553390503,0.48996588587760925,-0.4279637932777405,0.034505829215049744,-0.696355402469635,0.37834417819976807,-6.230886936187744,4.480547904968262,4.8703999519348145,-2.6521151065826416,-0.9777302742004395,0.5854542255401611,-0.7977278232574463,0.552269458770752,0.9447329044342041,-0.420485258102417,-0.936823844909668,-0.45612797141075134,False
112,-0.1109573245048523,0.2521202564239502,-0.33605390787124634,-0.7850888967514038,-0.29086023569107056,-0.56987065076828,-0.9265925884246826,-0.27550822496414185,0.3424068093299866,-0.19905376434326172,-2.020951747894287,2.1122663021087646,0.29032784700393677,1.3400118350982666,7.339475154876709,7.536877155303955,-23.864450454711914,-0.43549084663391113,0.33382654190063477,-0.030898332595825195,-0.4636223316192627,0.4183628559112549,-0.009114265441894531,-0.3876493573188782,False
113,-0.16630083322525024,0.15575498342514038,-0.38096025586128235,-0.6000087857246399,-0.22961923480033875,-0.466863214969635,-0.9469852447509766,0.025824788957834244,-0.570563554763794,-2.501060962677002,-2.3579328060150146,-3.179839611053467,5.589235782623291,2.501408338546753,-1.5311568975448608,-0.4249361753463745,16.489564895629883,0.667560338973999,0.08230996131896973,-0.42266011238098145,-0.68662428855896,0.5120484828948975,0.002460002899169922,-0.8075211644172668,False
114,-0.23439347743988037,0.10901042819023132,-0.4561707079410553,-0.3667147159576416,-0.3999342918395996,-0.8154168725013733,-0.5268579125404358,0.49860647320747375,-0.4558389186859131,-1.4737623929977417,-1.2813472747802734,1.8304717540740967,2.6056325435638428,-8.103641510009766,-8.795223236083984,20.455657958984375,-9.167923927307129,-0.46286606788635254,0.41475915908813477,0.24616527557373047,0.48343729972839355,0.05148482322692871,-0.3261559009552002,-0.16699442267417908,False
115,-0.2562861442565918,0.07532434910535812,-0.5571985840797424,-0.27975502610206604,-0.35867324471473694,-0.8995063900947571,0.0840378925204277,-0.033452875912189484,0.4594781994819641,0.8924188017845154,0.71356201171875,-2.4248154163360596,3.208305835723877,-2.4441330432891846,-0.9189489483833313,10.363910675048828,-12.644207000732422,-0.9809143543243408,-0.8891851902008057,0.3449232578277588,-0.017031192779541016,-0.6965751647949219,-0.8673512935638428,0.1453782618045807,False
116,-0.20372453331947327,0.1579989790916443,-0.5062902569770813,-0.5148013830184937,-0.33040332794189453,-0.836255669593811,0.14003634452819824,-0.368526428937912,-0.506560206413269,1.3730268478393555,2.428591728210449,-0.28348493576049805,-7.2310686111450195,4.6761651039123535,3.1862292289733887,-13.96537971496582,14.538853645324707,0.696753978729248,-0.19228696823120117,0.11884593963623047,0.1018521785736084,0.5636289119720459,-0.3466935157775879,-0.03712662309408188,False
117,-0.16786378622055054,0.2146049588918686,-0.4806961417198181,-0.7187696099281311,-0.2254955768585205,-0.8287039399147034,0.019381051883101463,-0.2107885777950287,0.03971992805600166,0.8496357202529907,0.27799808979034424,-3.9532737731933594,6.3739542961120605,-3.1307079792022705,0.03002980723977089,3.866246223449707,-4.954320430755615,-0.19650793075561523,-0.8156728744506836,-0.2805953025817871,0.6319844722747803,-0.04034090042114258,0.5503439903259277,-0.06243886053562164,False
118,-0.1580946445465088,0.18110932409763336,-0.42466819286346436,-0.7489628195762634,-0.2640637457370758,-0.6399582624435425,-0.13661661744117737,-0.05226324871182442,0.7115384340286255,1.0616859197616577,0.8017591834068298,0.7101097702980042,-3.698739528656006,-0.2972860634326935,2.245436906814575,-6.703482627868652,9.69511890411377,-0.857882022857666,0.36343884468078613,-0.5227501392364502,-0.04018354415893555,-0.08612895011901855,0.8380224704742432,-0.24585723876953125,False
119,-0.1832905411720276,0.18661150336265564,-0.5608772039413452,-0.6000337600708008,-0.3847980797290802,-0.5552733540534973,-0.39598748087882996,0.4447399973869324,0.08544322848320007,-1.5654332637786865,-1.5851471424102783,-3.0948376655578613,2.320171356201172,4.684046268463135,3.0326240062713623,7.817741870880127,-18.670326232910156,-0.19649147987365723,0.5221543312072754,-0.20389103889465332,-0.23573875427246094,-0.04987955093383789,0.493602991104126,-0.1932811439037323,False
120,-0.15728020668029785,0.13549302518367767,-0.4897468388080597,-0.5843867659568787,-0.3971334397792816,-0.46449515223503113,-0.32755833864212036,0.045627254992723465,-0.3207703232765198,0.22547926008701324,-0.9928618669509888,1.7989330291748047,1.778668761253357,-2.2820587158203125,1.0324331521987915,-1.0572525262832642,-0.8687334060668945,0.44838595390319824,0.6048741340637207,0.952948808670044,0.6842343807220459,0.18381452560424805,-0.8166840076446533,-0.1567392349243164,False
121,-0.17595195770263672,0.01037706807255745,-0.3505878150463104,-0.4866465926170349,-0.31153982877731323,-0.26881828904151917,-0.18457640707492828,-0.5748674273490906,-0.1440822035074234,0.3750874102115631,-1.8137967586517334,1.3500937223434448,4.392108917236328,0.4880361258983612,3.7480576038360596,5.0896315574646,-18.789182662963867,-0.5719692707061768,-0.6897163391113281,0.22727298736572266,-0.5621774196624756,0.1677989959716797,-0.08305835723876953,-0.5760786533355713,False
122,-0.15280228853225708,0.09386517852544785,-0.5014238953590393,-0.4067293703556061,-0.24871982634067535,-0.45039913058280945,-0.39388585090637207,0.1155017614364624,-0.9372437000274658,0.1928885281085968,0.6081433892250061,-1.6294312477111816,-3.153532028198242,5.79558801651001,-2.183096408843994,-3.0787246227264404,11.868208885192871,-0.41826534271240234,-0.7830729484558105,0.5888793468475342,0.2341165542602539,0.33239126205444336,0.3413867950439453,-0.7677544355392456,False
123,-0.14059674739837646,0.14471150934696198,-0.5386773943901062,-0.7955166101455688,0.28172361850738525,-0.6371199488639832,-0.31024080514907837,0.4338096082210541,-1.1176705360412598,0.47080758213996887,2.642826557159424,-0.40790343284606934,-10.664464950561523,12.166054725646973,-4.852085113525391,9.821145057678223,-9.659337997436523,-0.2750253677368164,0.20102667808532715,0.38871145248413086,-0.3038351535797119,-0.48737239837646484,0.1522674560546875,-0.14149010181427002,False
124,-0.15390819311141968,0.09179981052875519,-0.5441904664039612,-0.7395896315574646,0.49595844745635986,-0.5779321193695068,-0.2234903872013092,0.31305116415023804,0.6239076256752014,-1.2012642621994019,-1.3124083280563354,3.254897356033325,-3.4277052879333496,4.4978508949279785,4.264933109283447,-3.2697739601135254,1.6396763324737549,-0.8887553215026855,-0.22350692749023438,0.04242968559265137,0.9285244941711426,0.16454172134399414,-0.7398316860198975,0.016818851232528687,False
125,-0.13290995359420776,0.0848027691245079,-0.530417799949646,-0.7488736510276794,0.4860846698284149,-0.37578049302101135,-0.18352949619293213,-0.1556837409734726,0.8733416795730591,1.1050703525543213,-0.006958954501897097,-1.3715649843215942,3.7062265872955322,-3.599808692932129,2.5398364067077637,5.438760757446289,-17.72174644470215,-0.5184366703033447,-0.8541409969329834,0.7775180339813232,-0.3167414665222168,0.6297831535339355,-0.4881737232208252,-0.52396160364151,False
126,-0.11332160234451294,0.12099500745534897,-0.5334112644195557,-0.8172619938850403,0.6100407242774963,-0.3987112045288086,-0.041831884533166885,-0.1518639475107193,-0.3645492196083069,0.12032964825630188,-1.3195246458053589,0.9021536707878113,-1.0784106254577637,5.528885841369629,0.12082181870937347,1.061958909034729,12.421318054199219,-0.33698248863220215,0.941347599029541,0.9444401264190674,0.021445035934448242,0.06816649436950684,0.2696201801300049,-0.06255434453487396,False
127,-0.0909583568572998,0.03075995109975338,-0.5221289396286011,-0.5823476314544678,0.7601332068443298,-0.43243467807769775,-0.015283911488950253,0.5179797410964966,-0.1867232322692871,1.0925283432006836,-2.139693260192871,0.7300404906272888,6.713254451751709,0.5245158076286316,-1.5732790231704712,0.6644943356513977,14.775474548339844,0.6469082832336426,0.5787179470062256,0.2188119888305664,0.5832812786102295,0.06345319747924805,-0.024955034255981445,0.8091449737548828,False
128,-0.015274584293365479,-0.07117367535829544,-0.4622342586517334,-0.31952446699142456,0.7485738396644592,-0.3050273060798645,0.35979899764060974,0.020175043493509293,1.5319992303848267,1.2262163162231445,-2.2486815452575684,2.853890895843506,3.6213290691375732,-0.8632582426071167,5.607810974121094,5.782508373260498,-11.787408828735352,0.18866467475891113,0.8602542877197266,0.8001904487609863,0.11978530883789062,0.03989362716674805,-0.10396933555603027,1.0639222860336304,False
129,0.040913403034210205,-0.17040151357650757,-0.41642725467681885,0.043407268822193146,0.7807627320289612,-0.13496379554271698,0.6906068325042725,-0.5156458020210266,1.3795560598373413,0.8562817573547363,-3.264808416366577,1.45950186252594,8.624954223632812,2.9866483211517334,3.466822624206543,6.47926664352417,-9.613994598388672,0.89347243309021,-0.6494302749633789,0.35539937019348145,-0.6298792362213135,-0.2964489459991455,0.06458330154418945,0.8000796437263489,False
130,0.08616328239440918,-0.24030080437660217,-0.07688701152801514,0.06354984641075134,0.7989253401756287,-0.0978863313794136,0.682590663433075,-0.157829150557518,1.3368688821792603,1.193925142288208,-0.640393078327179,10.491514205932617,-7.015899658203125,2.7530629634857178,-0.6176608800888062,-0.6900385618209839,9.295724868774414,-0.4092273712158203,0.9363923072814941,0.8622825145721436,0.914961576461792,0.39481043815612793,0.4674708843231201,0.9801806211471558,False
131,0.0978119969367981,-0.33558717370033264,0.23051583766937256,0.1766120344400406,0.7742111086845398,0.0010912121506407857,0.5610631704330444,0.4601787030696869,0.5354114174842834,-0.6059250831604004,-1.9209284782409668,3.8686435222625732,6.215943813323975,1.5199899673461914,1.6048715114593506,-2.6667542457580566,15.059952735900879,0.5692532062530518,-0.7747890949249268,-0.25707364082336426,0.16519927978515625,0.21684813499450684,0.7177009582519531,1.3070812225341797,False
132,0.09001749753952026,-0.471778929233551,0.7027758359909058,0.2001553624868393,0.7511133551597595,0.10630273073911667,0.8908445835113525,0.2391350418329239,1.9376693964004517,-0.42093437910079956,-3.186203718185425,12.212227821350098,-3.442246913909912,-0.6010706424713135,4.6459431648254395,4.059903621673584,-1.634920597076416,-0.6916468143463135,-0.44147324562072754,0.5776121616363525,0.8954482078552246,-0.5001745223999023,0.9171206951141357,1.3481026887893677,False
133,0.034593164920806885,-0.5098211765289307,1.078944206237793,0.04097073897719383,0.7856247425079346,0.5262109637260437,0.5139236450195312,0.3972059190273285,2.0219998359680176,-1.2158277034759521,-0.49067726731300354,6.00410270690918,-4.828779220581055,2.2387146949768066,9.53857421875,-6.041582107543945,-8.970985412597656,-0.5854487419128418,0.6946470737457275,0.7922453880310059,-0.5100088119506836,0.9783782958984375,-0.3431124687194824,0.015616267919540405,False
134,-0.035053551197052,-0.40574172139167786,0.6974818706512451,0.4450456202030182,0.776609480381012,0.4989350438117981,0.9599841237068176,-0.4953930974006653,-0.5208274126052856,-1.912543773651123,2.270730495452881,-13.341529846191406,15.409549713134766,-1.923706293106079,2.394613742828369,3.1668145656585693,-15.948478698730469,-0.5194096565246582,0.524611234664917,0.43987345695495605,0.7890870571136475,0.1254582405090332,-0.6126909255981445,0.11039981245994568,False
135,-0.15974211692810059,-0.18054579198360443,0.14864647388458252,0.8171604871749878,0.6657620668411255,0.7009673118591309,0.3037264049053192,-0.505524754524231,0.48444443941116333,-1.431342363357544,5.362619876861572,-5.5682454109191895,1.5260292291641235,-12.83629322052002,-1.4920485019683838,-8.765302658081055,4.5974602699279785,0.11108207702636719,-0.39577698707580566,-0.4253392219543457,0.36584925651550293,-0.6582832336425781,0.10602474212646484,0.6966152191162109,False
136,-0.2430521547794342,0.05259871482849121,0.04548949748277664,0.5117492079734802,0.2090514898300171,0.687517523765564,-0.23220165073871613,-0.1181945875287056,0.06629286706447601,-2.139831781387329,5.100881099700928,0.30527162551879883,-10.276732444763184,-8.186649322509766,1.8407368659973145,-14.669681549072266,10.533897399902344,-0.6510140895843506,-0.22045183181762695,0.07942724227905273,0.4936208724975586,-0.5979890823364258,-0.6092214584350586,-0.4120250344276428,False
137,-0.2348318099975586,0.2404811680316925,0.05168820172548294,0.046894967555999756,-0.03106781840324402,0.7279443740844727,-0.8262282013893127,0.1126437559723854,-0.41395819187164307,0.7786620855331421,3.0112693309783936,-2.31836199760437,-8.912644386291504,-0.7141551375389099,-1.3284859657287598,-9.17252254486084,-0.21301375329494476,0.8023295402526855,0.9550063610076904,-0.06173229217529297,0.7202339172363281,-0.8330180644989014,0.676708459854126,-1.6209750175476074,False
138,-0.1643134355545044,0.3184008002281189,-0.0390133298933506,-0.0907633826136589,-0.3180023431777954,0.5403674244880676,-1.1533933877944946,0.4628588557243347,-0.8197619318962097,0.30703192949295044,-2.1022753715515137,1.438324213027954,0.578952431678772,-8.222941398620605,-5.9906463623046875,5.819458961486816,4.747272968292236,0.48198509216308594,-0.8768222332000732,0.5167746543884277,-0.10782933235168457,-0.30919599533081055,-0.49927210807800293,-0.5415468811988831,False
139,-0.08059346675872803,0.29922547936439514,0.26583021879196167,-0.6210260391235352,-0.2429264485836029,0.35425621271133423,-0.9674327373504639,0.26569312810897827,-0.686426043510437,0.7183561325073242,1.1931668519973755,8.330965995788574,-19.322114944458008,9.647847175598145,-3.81613826751709,5.378599643707275,-10.67099666595459,-0.09623456001281738,-0.820732593536377,0.603173017501831,0.20764517784118652,-0.673497200012207,0.9446589946746826,-1.1122127771377563,False
140,-0.08381086587905884,0.24423493444919586,0.21334253251552582,-0.6000587344169617,-0.06853388994932175,0.3912164270877838,-1.1827133893966675,0.49015331268310547,-1.9154636859893799,-0.8918889760971069,-2.8867268562316895,3.09904408454895,1.0021384954452515,3.866079092025757,-7.731170177459717,11.669404983520508,4.943037509918213,-0.5547966957092285,-0.31876564025878906,0.9201645851135254,0.42335057258605957,0.6452035903930664,0.4983043670654297,-1.1343590021133423,False
141,-0.05254846811294556,0.12902504205703735,0.1038636788725853,-0.5228424072265625,0.40407928824424744,0.25307443737983704,-0.7257488369941711,0.41776520013809204,-1.8571369647979736,-0.6563082933425903,-1.5376310348510742,-5.687436103820801,0.5967589020729065,13.453421592712402,-1.468843936920166,9.691286087036133,-1.2573316097259521,0.07335829734802246,0.7637221813201904,0.8554234504699707,0.9835734367370605,0.22170639038085938,0.9553954601287842,-1.260210394859314,False
142,-0.051463186740875244,0.0636785626411438,-0.3096141517162323,-0.07940684258937836,0.7806598544120789,0.33670976758003235,-0.456753671169281,0.4410873055458069,0.3818754553794861,0.1739407181739807,-2.7518060207366943,-7.632957458496094,18.682327270507812,-8.12320613861084,4.907820224761963,3.213634729385376,-0.7899985313415527,0.0035715103149414062,-0.3605492115020752,-0.3011150360107422,0.12919235229492188,-0.6169424057006836,0.9541099071502686,-0.5397107601165771,False
143,-0.09087252616882324,-0.0036147667560726404,-0.5572699308395386,0.42729079723358154,0.5634637475013733,0.6486991047859192,-0.5068097710609436,0.5159180164337158,0.5281758308410645,-0.3434469997882843,-2.1500139236450195,1.9467198848724365,1.0485873222351074,-2.8078527450561523,9.495603561401367,-7.535036087036133,7.304222106933594,0.3378009796142578,0.5380270481109619,0.20305538177490234,0.7081255912780762,0.005312204360961914,-0.4146289825439453,0.07595119625329971,False
144,-0.09118396043777466,-0.029595425352454185,-0.3739040195941925,0.4641491770744324,0.3671504855155945,0.7226352691650391,-0.23092496395111084,0.09974739700555801,-0.22549332678318024,-0.5732266902923584,-0.7690338492393494,5.931227684020996,-1.0049848556518555,-2.4830353260040283,-1.918034553527832,10.009001731872559,-12.024608612060547,-0.26363658905029297,-0.31369948387145996,-0.7201004028320312,0.6738080978393555,0.5546553134918213,-0.816007137298584,0.13661646842956543,False
145,-0.11962485313415527,-0.07707254588603973,-0.19687503576278687,0.5803050398826599,0.06040253862738609,0.6957666873931885,0.212400421500206,-0.3733034133911133,-0.16425064206123352,-1.876205563545227,-1.3013241291046143,3.80592942237854,2.0698740482330322,-7.723496913909912,0.7873182892799377,-3.930290699005127,20.861652374267578,-0.5029892921447754,0.5910985469818115,0.4206864833831787,-0.44457411766052246,0.005080699920654297,0.288607120513916,-0.6601257920265198,False
146,-0.187727153301239,-0.10265348851680756,-0.22678588330745697,0.800859808921814,-0.11611079424619675,0.6362341642379761,0.13287024199962616,0.5803301334381104,0.04563190042972565,-1.489413857460022,-0.31487733125686646,2.047212839126587,-5.565667629241943,5.575066089630127,-3.487046003341675,11.815103530883789,-6.788689613342285,-0.5474610328674316,0.17817258834838867,0.06637001037597656,0.2116255760192871,-0.18620896339416504,-0.6486859321594238,0.07229262590408325,False
147,-0.2539833188056946,-0.041974205523729324,-0.37249755859375,0.7613521814346313,0.08551788330078125,0.6365272402763367,0.7505863308906555,-0.6190542578697205,0.6583645939826965,-1.384582281112671,-0.7983972430229187,-0.6844939589500427,-2.1361541748046875,5.140928268432617,6.530631065368652,-1.8903394937515259,-5.769026756286621,-0.9932534694671631,-0.5311312675476074,0.10042881965637207,-0.03342890739440918,0.21390843391418457,-0.02757573127746582,-0.3244427442550659,False
148,-0.2547476291656494,0.03902614489197731,-0.5283393859863281,0.6273432374000549,0.40499377250671387,0.6758854985237122,0.3788546025753021,0.3562721014022827,0.48901739716529846,1.2691766023635864,2.883988857269287,-1.050807237625122,-7.225184917449951,7.368361473083496,-6.5462965965271,1.972095251083374,15.191890716552734,0.4258575439453125,0.4751269817352295,0.24204039573669434,0.6035504341125488,-0.2765238285064697,-0.623375415802002,0.49726951122283936,False
149,-0.2396443486213684,0.08815934509038925,-0.48397552967071533,0.4860493242740631,0.5616409182548523,0.705482542514801,0.5613839626312256,0.15549565851688385,0.45289480686187744,-0.5675229430198669,0.9247700572013855,0.7959421873092651,0.08152130246162415,1.1377333402633667,3.224071979522705,3.9676902294158936,-14.602972030639648,0.4540541172027588,-0.37038731575012207,-0.8708345890045166,-0.6510457992553711,-0.6574254035949707,0.4474635124206543,0.5036998391151428,False
150,-0.22977977991104126,0.1623426228761673,-0.25885748863220215,0.3291321098804474,0.39175382256507874,0.6941137313842773,0.5640745759010315,0.0042460598051548,0.5484327673912048,0.49834609031677246,1.1609678268432617,7.841902732849121,-6.026976585388184,-6.507574081420898,-1.0673235654830933,-3.3927085399627686,5.5117363929748535,0.30824851989746094,-0.3996138572692871,0.7406802177429199,-0.971590518951416,0.590552568435669,-0.23063111305236816,0.7566477060317993,False
151,-0.2135440707206726,0.25570979714393616,0.1546054631471634,-0.22053679823875427,0.4199521541595459,0.31561562418937683,0.9375678896903992,-0.018896618857979774,0.9391441345214844,1.0879021883010864,0.7304700016975403,11.545936584472656,-15.131998062133789,5.360532760620117,-1.304749608039856,1.2506721019744873,1.9727615118026733,0.2058117389678955,0.8182811737060547,-0.9060828685760498,-0.022090673446655273,-0.18915724754333496,-0.6134331226348877,0.45626384019851685,False
152,-0.20308524370193481,0.2432098537683487,0.5191797018051147,-0.3830869793891907,0.15289674699306488,0.6006935238838196,0.607674241065979,0.04568461701273918,0.31924939155578613,-0.6698232293128967,-0.6904008388519287,3.830641984939575,5.186039447784424,-12.572282791137695,4.211133003234863,-0.9697057008743286,-6.17034912109375,-0.9272897243499756,0.7386617660522461,0.7922418117523193,0.6583449840545654,-0.9267892837524414,0.7083518505096436,-0.8642641305923462,False
153,-0.2204958200454712,0.32314684987068176,0.31896451115608215,0.10256393998861313,-0.15705035626888275,0.7282886505126953,0.03302402421832085,0.5123594999313354,-1.22509765625,-0.1549978107213974,1.0483794212341309,-7.381753921508789,11.143357276916504,0.5026546716690063,2.221057891845703,-17.829065322875977,21.16631317138672,-0.43927931785583496,0.0174560546875,-0.14626216888427734,0.1438744068145752,0.6110353469848633,0.06782746315002441,-0.7408448457717896,False
154,-0.20256000757217407,0.3857874572277069,-0.16652405261993408,0.7395522594451904,-0.15148210525512695,0.6425693035125732,0.30136239528656006,-0.14366856217384338,-0.017672540619969368,1.865912914276123,-1.0877330303192139,-8.247603416442871,13.455721855163574,-0.33112654089927673,4.12753438949585,6.081344127655029,-16.441120147705078,0.5630316734313965,-0.7795658111572266,-0.43186235427856445,-0.13378119468688965,0.8493044376373291,0.05708122253417969,0.4315350651741028,False
155,-0.13431650400161743,0.3745535612106323,-0.08533726632595062,0.6205062866210938,-0.02361888997256756,0.4871348738670349,0.7220932841300964,-0.28290992975234985,1.3586097955703735,1.930229902267456,1.7374762296676636,1.9947657585144043,-4.145730972290039,-0.2711711525917053,-6.9343485832214355,7.0707197189331055,10.972675323486328,0.18265008926391602,-0.03951120376586914,-0.007721662521362305,0.44138526916503906,0.3210165500640869,-0.21700167655944824,0.7605147361755371,False
156,-0.10132944583892822,0.3290908932685852,0.1835000365972519,0.3090875446796417,0.005017047747969627,0.5507379770278931,0.822306752204895,0.12117190659046173,1.3784739971160889,0.18474164605140686,1.6658844947814941,4.245978832244873,-5.65955114364624,-1.2322880029678345,-0.13283590972423553,-3.848358392715454,9.98232364654541,0.7791030406951904,-0.999922513961792,-0.880399227142334,-0.31726837158203125,-0.42409610748291016,-0.5344831943511963,1.0630204677581787,False
157,-0.09907305240631104,0.27548375725746155,0.8969610333442688,-0.4345163404941559,-0.1334814578294754,0.7212302088737488,0.7332894802093506,0.25009387731552124,1.9646745920181274,-1.1893917322158813,-1.5699814558029175,14.875831604003906,-16.81631851196289,-5.159903526306152,1.2791540622711182,2.904956102371216,-3.2601318359375,-0.7482964992523193,-0.7979142665863037,0.2125711441040039,0.6396534442901611,0.3381044864654541,0.4392530918121338,0.47920340299606323,False
158,-0.1154327392578125,0.35641491413116455,0.9552558660507202,-0.7985716462135315,-0.2378702610731125,0.715874433517456,0.7813577651977539,0.2924635708332062,-0.629914402961731,-0.12237106263637543,0.9838668704032898,-3.1451196670532227,-2.615060567855835,1.121532917022705,1.9225536584854126,-1.932769775390625,5.456072807312012,-0.9683964252471924,0.20533037185668945,-0.22804832458496094,-0.00551295280456543,-0.6664681434631348,0.9744131565093994,-0.509174108505249,False
159,-0.13530778884887695,0.5415661931037903,0.3136656582355499,-0.3692207336425781,-0.40931645035743713,0.6826136708259583,0.6579011678695679,0.26495444774627686,-0.8711035251617432,-0.7199508547782898,5.490556240081787,-23.41773223876953,16.903831481933594,-3.9964802265167236,1.6654052734375,-5.434868812561035,-5.822493076324463,0.70522141456604,-0.3273735046386719,-0.01698613166809082,-0.5116379261016846,-0.2333085536956787,0.07984375953674316,-0.8310965299606323,False
160,-0.19453376531600952,0.6960762739181519,-0.29236096143722534,-0.21586903929710388,-0.24387353658676147,0.6931714415550232,0.5154187679290771,0.10073807835578918,1.001550316810608,-0.6219412088394165,2.3519012928009033,-4.088351249694824,-3.761950969696045,2.3035082817077637,-1.28450608253479,-3.1269025802612305,-0.0568530410528183,-0.4930291175842285,0.39437127113342285,-0.7565710544586182,-0.18149638175964355,-0.5855193138122559,0.009764432907104492,-0.5563236474990845,False
161,-0.2799000144004822,0.801293671131134,-0.5354308485984802,-0.19282999634742737,-0.4166909158229828,0.6885854601860046,0.16918238997459412,0.23643715679645538,-0.5279072523117065,-1.6888803243637085,-2.231821298599243,5.610118389129639,-4.8108391761779785,-6.526087284088135,6.237597465515137,-9.409879684448242,3.603815793991089,0.19021129608154297,0.9953556060791016,-0.45720362663269043,0.863123893737793,0.6628122329711914,0.25975894927978516,0.10842137038707733,False
162,-0.26299023628234863,0.7157921195030212,-0.43185460567474365,-0.30269357562065125,-0.4128884971141815,0.7118147611618042,0.273541122674942,0.4365170896053314,-1.06156587600708,-0.38364851474761963,-4.9316020011901855,6.895810604095459,-1.6749382019042969,1.4186538457870483,0.878737211227417,8.165225982666016,3.1978566646575928,-0.6014235019683838,0.27771949768066406,0.68564772605896,0.8905327320098877,0.008797407150268555,0.663116455078125,-0.3560939431190491,False
163,-0.2911008894443512,0.5537686347961426,-0.42253971099853516,-0.17868003249168396,-0.13535811007022858,0.7095206379890442,0.661099374294281,0.441195547580719,-0.6674256324768066,-0.45907095074653625,-2.1371755599975586,-3.0268754959106445,5.4395365715026855,6.92418909072876,-0.8758797645568848,5.82283353805542,2.0909738540649414,-0.9269118309020996,0.36173343658447266,0.5521416664123535,0.5701875686645508,-0.22495555877685547,0.9083728790283203,-1.0809369087219238,False
164,-0.3313060700893402,0.4325002133846283,-0.5434405207633972,0.08930126577615738,0.2674127221107483,0.7066648602485657,0.8847933411598206,0.5127403140068054,0.5079793334007263,0.9214342832565308,-0.8199894428253174,1.5847035646438599,0.6562679409980774,7.376185417175293,-0.2668303847312927,-3.4358627796173096,10.2625150680542,-0.8609070777893066,0.778862476348877,-0.16097283363342285,0.8316614627838135,-0.01342916488647461,0.5652711391448975,0.046209827065467834,False
165,-0.34443655610084534,0.426051527261734,-0.5215142369270325,0.4416079819202423,0.20000676810741425,0.7257970571517944,0.7301092147827148,0.5151139497756958,0.3963784873485565,-0.14352771639823914,-0.6597946286201477,1.145210862159729,9.577595710754395,-4.571343421936035,1.9020181894302368,-6.278719425201416,4.94096040725708,-0.6962218284606934,0.8025732040405273,0.6145679950714111,0.9119622707366943,-0.002506732940673828,0.4892258644104004,-0.2453993558883667,False
166,-0.3783194422721863,0.3542904853820801,-0.4447580873966217,0.7797085046768188,0.290677934885025,0.6959472298622131,0.6926990747451782,0.5231786966323853,-0.22631753981113434,-0.635833740234375,0.4307204782962799,2.855891466140747,-2.6540143489837646,10.398246765136719,-1.7970640659332275,-2.166900157928467,0.7576084136962891,0.5579478740692139,-0.018880367279052734,0.2296292781829834,0.9314815998077393,-0.3081026077270508,-0.1145927906036377,0.3091115355491638,False
167,-0.39671003818511963,0.420770525932312,-0.2589752674102783,0.5785263776779175,0.7620016932487488,0.7208213210105896,0.5621836185455322,0.26349306106567383,0.07192328572273254,-0.7540255188941956,-0.05770861729979515,9.144731521606445,-9.818798065185547,10.3055419921875,-2.2987892627716064,2.2162885665893555,-5.642817974090576,-0.780766487121582,0.9100947380065918,0.4029271602630615,-0.8729922771453857,-0.6102352142333984,0.6890420913696289,-0.6774073243141174,False
168,-0.3846361041069031,0.4113686680793762,-0.1988166719675064,0.8299099206924438,0.6177508234977722,0.7090879082679749,0.5156981945037842,0.5452539324760437,-1.539465069770813,0.5984159111976624,-0.29669472575187683,-0.4165036082267761,4.420419216156006,-0.37584996223449707,-2.7547178268432617,9.599884033203125,-8.188774108886719,0.6697676181793213,-0.3908267021179199,0.2483658790588379,-0.6866521835327148,0.7177627086639404,-0.9850788116455078,0.6323626041412354,False
169,-0.33047720789909363,0.5044424533843994,0.04975679889321327,0.492371529340744,0.8034082651138306,0.6983269453048706,0.7246711850166321,-0.2990957498550415,0.26108890771865845,-0.16623803973197937,3.071059226989746,7.705591201782227,-9.080046653747559,-1.8809337615966797,0.2583024799823761,-1.817201852798462,-17.617692947387695,0.32856321334838867,-0.6906957626342773,0.3471109867095947,-0.8425295352935791,0.7852194309234619,-0.37786221504211426,0.43098026514053345,False
170,-0.2891181707382202,0.5522848963737488,0.5995261073112488,-0.14975830912590027,0.785862147808075,0.5675964951515198,0.6792097687721252,-0.1526116132736206,2.719444513320923,1.9827404022216797,0.502013623714447,11.795746803283691,-14.722223281860352,2.437410354614258,-5.931710243225098,6.392375946044922,7.258519649505615,-0.23302483558654785,0.1334695816040039,-0.5070943832397461,-0.786658525466919,0.8000192642211914,-0.7227120399475098,0.3248833417892456,False
171,-0.24007198214530945,0.5411567687988281,1.0614688396453857,-0.627117395401001,0.6249755024909973,0.44069772958755493,0.8207696080207825,-0.03430814668536186,0.5820958018302917,0.7790187001228333,4.990304470062256,-5.762167453765869,3.240417242050171,-7.682410717010498,-8.881261825561523,1.7899054288864136,-1.2320917844772339,-0.7832236289978027,0.5254964828491211,0.18347978591918945,0.2005758285522461,0.10282564163208008,0.4108312129974365,-0.28515589237213135,False
172,-0.15604853630065918,0.6481232643127441,0.6681148409843445,-0.24564938247203827,0.3650316298007965,0.3780951499938965,0.6433351039886475,0.12437818944454193,-0.7249650955200195,1.5658429861068726,3.140752077102661,-12.10400104522705,11.426907539367676,-4.086932182312012,-2.736293315887451,-4.535685062408447,7.598158836364746,0.6215758323669434,-0.21167254447937012,-0.18812274932861328,-0.005913972854614258,-0.4093778133392334,0.5197477340698242,-0.08890082687139511,False
173,-0.10458153486251831,0.7290260195732117,0.3907908797264099,0.016391104087233543,0.18837442994117737,0.4238620400428772,0.3282383978366852,0.40745779871940613,-0.13647416234016418,0.4498084783554077,1.397873878479004,-2.8312957286834717,1.70632004737854,-3.274625301361084,2.272810459136963,0.6046439409255981,-12.278432846069336,-0.4261360168457031,0.7811470031738281,-0.18801069259643555,-0.6352922916412354,-0.2815253734588623,0.8320565223693848,-0.3835453987121582,False
174,-0.08427208662033081,0.8030333518981934,0.07267434895038605,0.4056318998336792,-0.09454341977834702,0.39624953269958496,0.08321640640497208,0.548775315284729,-0.9767138361930847,0.9039488434791565,-0.0044091083109378815,-5.043736457824707,8.98603630065918,-5.846498966217041,-0.7879518270492554,-8.735292434692383,13.459569931030273,-0.7255375385284424,0.8165628910064697,0.3135242462158203,0.42144346237182617,-0.011508703231811523,-0.09320712089538574,-0.6339504718780518,False
175,-0.0923994779586792,0.8682366609573364,-0.32974886894226074,0.6940730810165405,-0.06861690431833267,0.4035373330116272,0.10647973418235779,-0.024640582501888275,0.6245580911636353,0.07766789197921753,2.9649031162261963,-5.819286823272705,-6.8373308181762695,9.649073600769043,2.0716094970703125,-1.8358588218688965,-12.44591999053955,-0.5179367065429688,0.4240384101867676,0.24311447143554688,-0.5745158195495605,0.3009910583496094,0.5939426422119141,0.4584016799926758,False
176,-0.06645268201828003,0.9792715907096863,-0.46036505699157715,0.36970916390419006,0.2670416831970215,0.3574647903442383,0.18587170541286469,-0.2776603698730469,0.6602773070335388,0.5400727391242981,2.218522787094116,-2.066154956817627,-3.947129011154175,3.5116920471191406,-4.782446384429932,4.285449981689453,1.2837324142456055,-0.1784963607788086,0.7230067253112793,0.9467074871063232,-0.392972469329834,0.5664982795715332,0.8582725524902344,0.31531962752342224,False
177,-0.05289661884307861,0.9679948687553406,-0.4378522038459778,0.20496001839637756,0.5708614587783813,0.12954570353031158,0.41857653856277466,0.21151666343212128,0.06647798418998718,0.13467609882354736,-1.1533777713775635,0.1278553158044815,-0.3209345042705536,7.138525485992432,-6.313526153564453,6.080173492431641,16.491445541381836,-0.0936272144317627,0.9220211505889893,0.5305538177490234,0.836677074432373,0.4692420959472656,-0.2748684883117676,-0.11093723773956299,False
178,-0.08797526359558105,0.8418806195259094,-0.5159148573875427,0.5037767887115479,0.7830798029899597,0.09703061729669571,0.8495834469795227,0.374307245016098,-0.11157375574111938,-1.7804890871047974,-3.030154228210449,-2.4726719856262207,13.683341979980469,-5.933934688568115,0.7476536631584167,13.458011627197266,-9.49556827545166,-0.09700226783752441,-0.7964072227478027,-0.5768682956695557,0.7720837593078613,-0.983539342880249,-0.11563825607299805,-0.15056750178337097,False
179,-0.18268495798110962,0.7397639155387878,-0.39929521083831787,0.7802966237068176,0.543350338935852,0.6415851712226868,0.36367955803871155,0.46238821744918823,-0.05932845175266266,-2.239391565322876,-1.3680413961410522,5.441322326660156,-0.9954436421394348,-3.6258697509765625,13.73219108581543,-17.50874137878418,5.01186990737915,-0.29830169677734375,-0.8394920825958252,0.21649503707885742,-0.4748363494873047,-0.8098289966583252,-0.9950051307678223,0.5289756059646606,False
180,-0.2518550157546997,0.8465935587882996,-0.24007922410964966,0.39754658937454224,0.6594986915588379,0.7079739570617676,0.15315008163452148,0.1317613571882248,1.129501223564148,-0.2203863561153412,0.8291546106338501,6.476705551147461,-14.98974609375,7.484389305114746,-0.8994518518447876,1.8055288791656494,-14.808643341064453,-0.8454132080078125,-0.254011869430542,0.07999753952026367,0.5810394287109375,0.7789056301116943,-0.6961686611175537,0.028619959950447083,False
181,-0.21803438663482666,0.8516073822975159,-0.21371516585350037,0.15499712526798248,0.7377604842185974,0.6327657699584961,0.4649384915828705,-0.37731462717056274,-1.0624604225158691,0.4729066491127014,-1.7053470611572266,-1.258466124534607,-0.6748648285865784,-1.8408589363098145,1.245289921760559,-6.2902116775512695,22.006389617919922,0.36623430252075195,0.3421285152435303,0.00738072395324707,0.24702739715576172,0.5906362533569336,-0.0683135986328125,-0.40128612518310547,False
182,-0.19101744890213013,0.752412736415863,-0.27977555990219116,0.1951519399881363,0.5899695754051208,0.6221970319747925,0.5732417702674866,0.3090208172798157,0.05664796009659767,0.08477018773555756,-0.7011609077453613,-2.221548557281494,2.0001282691955566,-4.061596870422363,-4.3092193603515625,8.135002136230469,8.788877487182617,0.802116870880127,0.13160300254821777,0.608757734298706,-0.20766544342041016,0.2744898796081543,-0.4039149284362793,-0.27270936965942383,False
183,-0.18462783098220825,0.6246629953384399,-0.08015871047973633,0.029988694936037064,0.5827699899673462,0.6506133675575256,0.8363184928894043,0.5338247418403625,0.6570299863815308,-0.13170406222343445,-1.3835973739624023,3.4726474285125732,-4.230672359466553,2.005922555923462,4.983108043670654,-3.2458269596099854,0.5585455894470215,-0.4145700931549072,-0.7222614288330078,-0.18752074241638184,-0.9926090240478516,-0.6587181091308594,-0.3960683345794678,-0.23436562716960907,False
184,-0.2156580686569214,0.6405032277107239,0.10099821537733078,-0.43154749274253845,0.7834590077400208,0.7065292596817017,0.8410032987594604,0.14235036075115204,0.6106991171836853,0.3691548705101013,1.2308844327926636,4.148595333099365,-11.592672348022461,4.030702590942383,0.06468095630407333,-0.6654111742973328,-8.601374626159668,0.5576021671295166,0.8068127632141113,-0.10395336151123047,-0.5665578842163086,0.3914790153503418,0.48163819313049316,-0.029868721961975098,False
185,-0.256483256816864,0.6488417983055115,0.2581593692302704,-0.6424083113670349,0.5918451547622681,0.5416730046272278,0.8361341953277588,0.10624685138463974,-0.6164342761039734,-0.8630576729774475,-0.551679253578186,1.687079906463623,1.2698277235031128,-7.460210800170898,-3.23801851272583,-1.2479077577590942,4.7352094650268555,0.749885082244873,-0.26237964630126953,-0.9277966022491455,-0.04105186462402344,0.8456676006317139,0.43193483352661133,0.06815986335277557,False
186,-0.3241910934448242,0.5776885151863098,0.605322003364563,-0.7779992818832397,0.05030554160475731,0.35449299216270447,0.8761529326438904,0.45606374740600586,0.22508355975151062,-2.208977699279785,-1.5458775758743286,11.963047981262207,-6.829998016357422,-13.638801574707031,-4.469686031341553,1.992210030555725,8.897913932800293,-0.35174107551574707,-0.40691232681274414,-0.22971272468566895,0.12942790985107422,-0.10252976417541504,-0.22197675704956055,-0.6496085524559021,False
187,-0.3761410117149353,0.44738951325416565,0.8614742755889893,-0.7946348786354065,-0.3280450105667114,0.63673335313797,0.8718763589859009,0.2559291422367096,-0.7735823392868042,-1.2659671306610107,-1.5510575771331787,1.8518788814544678,-5.877906799316406,8.827372550964355,6.295746326446533,-1.482936978340149,-6.7725300788879395,0.13449573516845703,-0.5862114429473877,-0.33455801010131836,-0.9825458526611328,0.271364688873291,-0.5143921375274658,-1.0349969863891602,False
188,-0.399925172328949,0.4485102891921997,0.848408043384552,-0.7904725074768066,-0.2279362827539444,0.7157285809516907,0.8862757086753845,-0.1855187863111496,-1.0373436212539673,-1.3325762748718262,-1.6557064056396484,-1.3778597116470337,3.2618117332458496,0.49167928099632263,1.6484651565551758,0.25759443640708923,-10.022249221801758,0.6409199237823486,-0.6916978359222412,-0.596050500869751,0.7870314121246338,-0.3827652931213379,-0.13332128524780273,-0.9834908843040466,False
189,-0.4034307599067688,0.462307870388031,0.9038165211677551,-0.7826235294342041,-0.41220301389694214,0.7314507961273193,0.8875195384025574,-0.5009686946868896,-1.0337183475494385,0.282082736492157,-1.4454928636550903,2.4493789672851562,0.6905884146690369,-5.72461462020874,-0.46990901231765747,4.728860378265381,-5.303465366363525,-0.7803716659545898,-0.7782871723175049,0.5741710662841797,-0.7687904834747314,-0.6573779582977295,0.4838242530822754,-1.6982529163360596,False
190,-0.3313593864440918,0.5006597638130188,0.7179479002952576,-0.7950677275657654,-0.15857072174549103,0.6869601607322693,0.5889726877212524,0.06538882106542587,-0.8850981593132019,2.9833779335021973,1.077697515487671,-5.3822712898254395,0.9036493301391602,7.318410873413086,0.9709601998329163,-10.659729957580566,18.822505950927734,-0.8705935478210449,-0.29567503929138184,0.039673566818237305,0.9785454273223877,0.9442503452301025,-0.4781768321990967,-1.622754693031311,False
191,-0.2451191544532776,0.5307952165603638,0.27771735191345215,-0.6292509436607361,0.2452062964439392,0.6234046816825867,0.6777453422546387,0.2589663863182068,-2.1016738414764404,2.1145427227020264,2.43896746635437,-12.640303611755371,5.560914993286133,7.06226921081543,-2.442410707473755,9.176396369934082,-7.9142045974731445,-0.7372372150421143,-0.3457977771759033,0.10073184967041016,-0.9200763702392578,-0.6255505084991455,0.8753433227539062,-1.907970905303955,False
192,-0.18950587511062622,0.6010059118270874,-0.3106738328933716,-0.4804966151714325,0.7057754993438721,0.5593966841697693,0.7058429718017578,0.5385634303092957,-2.3901798725128174,0.8973240852355957,0.8597701787948608,-10.508467674255371,0.9617823362350464,10.147933006286621,-0.8894566893577576,7.743832588195801,-12.001630783081055,-0.7353663444519043,0.18483543395996094,0.18242597579956055,-0.8120660781860352,-0.09030938148498535,0.8896951675415039,-1.441611886024475,False
193,-0.16786450147628784,0.6642520427703857,-0.5490171313285828,-0.5214341878890991,0.6283081769943237,0.39334845542907715,0.800229012966156,0.5326799750328064,0.546206533908844,1.1466515064239502,4.501075267791748,-5.778681755065918,-2.5809526443481445,-5.356081008911133,-7.639240264892578,-5.168185710906982,14.15844440460205,-0.8028643131256104,0.5933401584625244,-0.9747257232666016,-0.29630494117736816,-0.5735578536987305,-0.6383275985717773,-1.1107457876205444,False
194,-0.17656725645065308,0.6926380395889282,-0.47281596064567566,-0.5651800632476807,-0.015918275341391563,0.3885154724121094,0.8447265625,-0.08195332437753677,-0.20893585681915283,-2.0403079986572266,-0.813315212726593,-0.9878437519073486,6.712335109710693,-18.23249053955078,1.8582183122634888,-2.427661418914795,-14.52023983001709,-0.5703818798065186,-0.12402796745300293,0.8619613647460938,0.9912552833557129,0.1009361743927002,0.3759579658508301,-1.1811778545379639,False
195,-0.20662382245063782,0.7134713530540466,-0.5487839579582214,-0.49643492698669434,-0.3161545991897583,0.603808581829071,0.4956153929233551,-0.5159420371055603,-1.5937031507492065,-1.7551064491271973,0.42638951539993286,1.6508139371871948,-9.354493141174316,9.839607238769531,4.463968753814697,-9.527134895324707,-0.7750524878501892,-0.23240876197814941,-0.6760056018829346,-0.5944392681121826,0.33389830589294434,-0.70969557762146,-0.5362584590911865,-1.178302526473999,False
196,-0.2341640591621399,0.7650846838951111,-0.5251516103744507,-0.7526660561561584,-0.19884638488292694,0.7372229099273682,0.047763895243406296,-0.49722883105278015,-2.09847092628479,-0.843888521194458,-1.8478145599365234,1.8598487377166748,4.468123435974121,-6.926578998565674,1.4103937149047852,-3.348416328430176,0.28012949228286743,0.8973367214202881,0.14711356163024902,-0.47777700424194336,-0.3105027675628662,-0.1334059238433838,-0.39841389656066895,-0.3394871950149536,False
197,-0.17343544960021973,0.6880829930305481,-0.355426162481308,-0.7707917094230652,-0.3919399678707123,0.709261417388916,0.10091735422611237,-0.49728694558143616,0.6161432862281799,2.912123680114746,-2.0596373081207275,5.8176751136779785,-6.021582126617432,3.180948257446289,1.6743789911270142,1.855373501777649,0.959180474281311,-0.4045226573944092,0.5812265872955322,-0.9242129325866699,0.5227041244506836,0.741473913192749,0.15900659561157227,-0.7296563386917114,False
198,-0.08716422319412231,0.5421997308731079,-0.2019575983285904,-0.608542799949646,-0.425805002450943,0.6011354923248291,0.5136464238166809,-0.4863952100276947,0.7745358347892761,1.560225248336792,-2.1362924575805664,-3.2258386611938477,11.386292457580566,-3.0086193084716797,-2.795419692993164,8.340925216674805,0.2999477684497833,-0.7968125343322754,-0.967461347579956,-0.38800644874572754,-0.9112448692321777,0.2434542179107666,-0.1862177848815918,-1.1825084686279297,False
199,-0.003033161163330078,0.497809499502182,-0.27445054054260254,-0.5378209948539734,-0.10413230955600739,0.4273088872432709,0.851189136505127,-0.35077255964279175,-0.6976192593574524,0.9518594145774841,0.64833664894104,-3.2826478481292725,-2.7840654850006104,8.860614776611328,1.0792977809906006,-8.421010971069336,12.117961883544922,0.29097938537597656,0.2680494785308838,0.7018694877624512,0.6317300796508789,0.29680895805358887,0.7031469345092773,-0.9480594396591187,False
200,0.040641725063323975,0.4951379895210266,-0.3647652268409729,-0.6162285208702087,0.32265716791152954,0.49040570855140686,0.39650270342826843,0.5270455479621887,-1.5434465408325195,0.6275733113288879,-0.5849302411079407,-0.05271012708544731,-1.148082971572876,8.667057037353516,1.192746639251709,-9.188969612121582,21.750486373901367,-0.9889516830444336,-0.8397090435028076,0.23305463790893555,0.8607387542724609,0.5596761703491211,-0.06329154968261719,-0.8437551259994507,False
201,0.03571599721908569,0.47724398970603943,-0.5359395742416382,-0.6892216205596924,0.8016918897628784,0.6268914341926575,0.7651388049125671,-0.28484755754470825,-1.6877461671829224,-0.5933728814125061,-0.7635907530784607,-1.6667507886886597,6.039326190948486,-11.388586044311523,4.159205436706543,9.250837326049805,-20.469255447387695,0.5755703449249268,0.9870254993438721,-0.9708611965179443,0.3330554962158203,-0.26614999771118164,-0.25621986389160156,-0.5310347080230713,False
202,0.004004359245300293,0.4398215115070343,-0.47725263237953186,-0.35199955105781555,-0.14955352246761322,0.7164366841316223,0.7477834820747375,-0.14330832660198212,0.7120373249053955,0.23791396617889404,-1.556317925453186,3.8210251331329346,5.637711048126221,-21.45054054260254,0.00471079396083951,0.09333637356758118,9.99045467376709,-0.7646298408508301,0.6586241722106934,-0.9171142578125,0.6929492950439453,0.32392001152038574,0.6088438034057617,-1.129331111907959,False
203,-0.03242599964141846,0.3726378083229065,-0.5541002750396729,-0.13644522428512573,-0.18534208834171295,0.62209552526474,0.7758696675300598,0.5955513715744019,-1.0586711168289185,-0.06297170370817184,0.7920454740524292,-8.57108211517334,12.15977668762207,1.687174677848816,-3.5803585052490234,1.8054101467132568,10.100976943969727,0.7514264583587646,-0.48206114768981934,-0.27825069427490234,0.2671992778778076,-0.2180941104888916,0.6721162796020508,-0.14621244370937347,False
204,-0.08756864070892334,0.3365248739719391,-0.269450843334198,-0.28893712162971497,-0.0661107748746872,0.7167832255363464,0.6576577425003052,0.4827078580856323,-0.39958664774894714,-0.7138158679008484,-0.23124079406261444,6.649271488189697,-8.440746307373047,3.9900922775268555,3.10133957862854,-8.451273918151855,6.283499240875244,-0.3955347537994385,-0.052407264709472656,-0.10806417465209961,0.21877646446228027,0.987856388092041,0.6539745330810547,-0.333932101726532,False
205,-0.14644843339920044,0.2850923538208008,0.012699003331363201,-0.5989035964012146,0.09339813888072968,0.557744562625885,0.9147019982337952,0.5412761569023132,0.6966162919998169,-1.831528663635254,0.5377353429794312,5.586030960083008,-2.9749603271484375,-1.5252888202667236,-5.40516996383667,-0.6327624917030334,9.856614112854004,0.0297853946685791,0.9957377910614014,0.2987246513366699,0.46801090240478516,0.4648749828338623,-0.10543441772460938,-0.45798730850219727,False
206,-0.2172258198261261,0.34091508388519287,0.011410624720156193,-0.16588445007801056,-0.30060651898384094,0.639331579208374,0.8777149319648743,-0.09629351645708084,-0.601763129234314,-1.3035688400268555,2.080284833908081,-8.496614456176758,16.633764266967773,-7.521334171295166,1.6134562492370605,2.2096314430236816,-17.50667381286621,-0.6200511455535889,0.48421716690063477,0.989173173904419,0.9873130321502686,-0.03546571731567383,0.5391275882720947,-1.4661095142364502,False
207,-0.32826077938079834,0.38222262263298035,-0.35302743315696716,0.5315186381340027,-0.2576780915260315,0.7237803339958191,0.7654834389686584,-0.43068403005599976,-0.9601337909698486,-1.1409183740615845,0.687512993812561,-6.89072847366333,12.988851547241211,5.926351547241211,0.3105960786342621,-3.4454898834228516,0.21018476784229279,0.40760278701782227,0.46286749839782715,0.9439873695373535,-0.9059853553771973,-0.6204264163970947,-0.43181443214416504,-0.3572695255279541,False
208,-0.35861602425575256,0.39720419049263,-0.4786074757575989,0.7424314618110657,0.38490182161331177,0.7184956073760986,0.7475681900978088,-0.4748978614807129,0.997359037399292,1.4184882640838623,1.8377923965454102,-1.4294155836105347,-2.2622461318969727,17.812341690063477,-2.2388453483581543,0.9333715438842773,4.48161506652832,-0.8452043533325195,0.794811487197876,-0.8717739582061768,0.6995406150817871,0.9908058643341064,-0.4357471466064453,-0.48183926939964294,False
209,-0.33156532049179077,0.4243188798427582,-0.5213775038719177,0.8295575380325317,0.7877923846244812,0.6861572265625,0.8714987635612488,-0.32550114393234253,-0.6472597122192383,-0.3460673987865448,0.3671717941761017,3.19989275932312,0.5665676593780518,-1.427142858505249,-1.350144386291504,-0.9507095813751221,5.403954029083252,-0.07616591453552246,0.09160280227661133,0.7190356254577637,-0.3867628574371338,-0.32090234756469727,-0.7078030109405518,0.30808335542678833,False
210,-0.2872599959373474,0.546120285987854,-0.41759753227233887,0.686899721622467,0.7693978548049927,0.6161578297615051,0.8688126802444458,-0.4785787761211395,-0.36531034111976624,-0.726655900478363,3.86287784576416,-1.1468788385391235,-4.0947418212890625,3.7589707374572754,-2.374218463897705,-1.6056501865386963,-6.594579696655273,0.07434773445129395,-0.577202320098877,0.9221067428588867,0.018532276153564453,0.574488639831543,0.610156774520874,0.10182558000087738,False
211,-0.2794765830039978,0.647812008857727,-0.26888421177864075,0.44215473532676697,0.7951850891113281,0.5720278024673462,0.7365922331809998,-0.25736328959465027,0.8690287470817566,0.06858416646718979,0.5838576555252075,7.540200710296631,-10.433171272277832,5.240480899810791,-1.341526985168457,0.19294829666614532,9.289238929748535,-0.8240551948547363,-0.885638952255249,0.8209719657897949,0.8252604007720947,-0.19628667831420898,0.186753511428833,0.18230876326560974,False
212,-0.2767331004142761,0.7270544767379761,-0.1024751216173172,0.06681570410728455,0.8055413365364075,0.718877375125885,0.4070216417312622,0.3056626319885254,0.30181124806404114,-0.033204227685928345,3.1472890377044678,-1.720418930053711,-4.946652412414551,-2.1394457817077637,4.241162300109863,-10.12882137298584,12.336221694946289,-0.8315989971160889,0.9601230621337891,-0.9445018768310547,-0.7036464214324951,0.8931155204772949,0.9515938758850098,-0.6101200580596924,False
213,-0.2953234314918518,0.7681867480278015,-0.337249219417572,0.4046343266963959,0.170122891664505,0.5515285134315491,0.8472131490707397,0.32659873366355896,-0.3704759478569031,-1.1968400478363037,-0.31399792432785034,-7.989134788513184,15.404646873474121,-18.47759437561035,-8.49002742767334,17.92675018310547,-2.899513006210327,-0.18841981887817383,-0.8911893367767334,0.3761787414550781,-0.2570075988769531,-0.093292236328125,0.33993029594421387,-0.38967254757881165,False
214,-0.2970946133136749,0.7691507339477539,-0.5213613510131836,0.5898880362510681,-0.24856328964233398,0.5541059374809265,0.8634119629859924,0.26214903593063354,0.6352278590202332,-0.1376810073852539,0.41550782322883606,2.5711474418640137,-8.981996536254883,-1.018015742301941,-1.2034131288528442,3.3344027996063232,-10.725300788879395,-0.541161060333252,-0.6038126945495605,-0.44289660453796387,0.7950880527496338,-0.25002312660217285,0.36014771461486816,0.640845775604248,False
215,-0.2838241159915924,0.7777432799339294,-0.4519352912902832,0.24234770238399506,-0.4034559726715088,0.7307702898979187,0.597446084022522,0.11792963743209839,-0.4942120909690857,-0.12732252478599548,1.1841204166412354,3.0698158740997314,-10.062959671020508,-3.009472370147705,-0.7759653925895691,-5.896721839904785,3.5111002922058105,-0.6641466617584229,0.299269437789917,0.11371707916259766,0.32013607025146484,-0.9148147106170654,-0.9215357303619385,0.1203514039516449,False
216,-0.2650545835494995,0.8158420920372009,-0.5414021611213684,-0.09316999465227127,-0.2573370933532715,0.7165685296058655,0.40150272846221924,-0.15667717158794403,-0.4863603115081787,-0.332180917263031,-1.161055564880371,2.529507875442505,-10.078267097473145,4.841251850128174,-1.0659537315368652,0.007014278322458267,-12.480566024780273,0.6018507480621338,0.09892725944519043,-0.46474146842956543,0.21007609367370605,-0.1776731014251709,0.006955623626708984,0.15535014867782593,False
217,-0.22842442989349365,0.8384332656860352,-0.469592809677124,-0.44313180446624756,-0.3346253037452698,0.6549331545829773,0.3169083595275879,-0.5035544633865356,-0.25604313611984253,1.9041821956634521,-0.8891504406929016,4.140872478485107,-6.274878025054932,-4.964175224304199,4.247374534606934,-9.512662887573242,6.615996837615967,0.8247358798980713,-0.8527083396911621,-0.513256311416626,0.29317498207092285,-0.7335917949676514,0.7452878952026367,-0.3960992097854614,False
218,-0.1918376088142395,0.7767816185951233,-0.2831913232803345,-0.7756898999214172,-0.3613748550415039,0.7309680581092834,-0.3006402552127838,0.46825557947158813,-0.28849339485168457,1.3762383460998535,-1.7453447580337524,-3.865649700164795,1.4938139915466309,14.044707298278809,1.2895870208740234,-15.751912117004395,29.213916778564453,-0.28061580657958984,-0.27139902114868164,0.6618306636810303,0.8893322944641113,0.5738515853881836,0.36659884452819824,-0.9101352095603943,False
219,-0.1306055784225464,0.6563481688499451,-0.31388089060783386,-0.7726885080337524,0.34711042046546936,0.698555052280426,0.17196914553642273,-0.24352288246154785,1.3905736207962036,0.49646633863449097,-2.156923770904541,-4.161834239959717,1.332521915435791,16.17244529724121,-0.484213650226593,9.844873428344727,-15.804128646850586,0.29914331436157227,-0.7381088733673096,-0.6925597190856934,-0.35961365699768066,-0.689018964767456,-0.6172089576721191,-1.2444548606872559,False
220,-0.10228109359741211,0.5941131711006165,-0.34458696842193604,-0.7871130108833313,0.8040797114372253,0.7014584541320801,0.165603369474411,-0.21500371396541595,-0.15062864124774933,0.8278548121452332,-0.4497722089290619,-0.611353874206543,-1.7391198873519897,5.496304512023926,-0.8875277638435364,-5.9933881759643555,10.92657470703125,-0.4558439254760742,0.6370227336883545,0.783489465713501,-0.6951179504394531,-0.7162346839904785,-0.49860382080078125,-0.8456540703773499,False
221,-0.1029847264289856,0.5749553442001343,-0.525560200214386,-0.4237522482872009,0.6628095507621765,0.6193685531616211,-0.10728317499160767,0.0994669571518898,-1.8339742422103882,-0.3219435214996338,0.6109912395477295,-6.276001930236816,11.14676570892334,-1.5076953172683716,-3.3383219242095947,-5.021331787109375,2.6745753288269043,0.5822234153747559,-0.44656944274902344,0.5359282493591309,0.28937768936157227,-0.32913780212402344,-0.8250584602355957,-0.4290173053741455,False
222,-0.08874386548995972,0.5576127171516418,-0.4373888671398163,-0.45244070887565613,0.7693431973457336,0.7236226201057434,-0.33041495084762573,-0.25094088912010193,-1.2301658391952515,1.0775084495544434,0.03119618631899357,5.6780171394348145,-3.194136381149292,-5.008670330047607,3.6507441997528076,-0.32005754113197327,-16.790603637695312,-0.8356845378875732,0.5278301239013672,0.35068416595458984,0.7202317714691162,-0.5429174900054932,0.4745309352874756,-0.7805501222610474,False
223,-0.10496598482131958,0.5808899998664856,-0.4729050099849701,-0.3123341202735901,0.6276739239692688,0.7098340392112732,-0.6180052161216736,-0.4378666281700134,-0.9303019642829895,0.12554967403411865,0.02314230054616928,-3.9302048683166504,8.943510055541992,-3.0288846492767334,0.8980360627174377,-12.90819263458252,5.756500244140625,-0.8537232875823975,0.5857460498809814,-0.33567118644714355,0.682988166809082,0.5531108379364014,0.41004514694213867,-1.6582145690917969,False
224,-0.11316770315170288,0.5211896896362305,-0.5472651124000549,0.14369499683380127,0.3484067916870117,0.6916840076446533,-0.9108111262321472,-0.20198975503444672,0.2562018632888794,-0.47573500871658325,-2.1925747394561768,-0.2641299068927765,9.095836639404297,-7.843258857727051,-0.08179976791143417,-2.483590602874756,4.893820762634277,-0.5816807746887207,-0.8637797832489014,-0.7148466110229492,0.3791937828063965,-0.7556891441345215,-0.0911397933959961,-1.1887849569320679,False
225,-0.11537855863571167,0.5027472376823425,-0.308963805437088,0.1487286239862442,0.003317893948405981,0.6964375376701355,-1.2520825862884521,0.11368504166603088,-0.951442301273346,-0.06339290738105774,0.6919240951538086,6.717823505401611,-4.629675388336182,-6.208915710449219,-2.884260892868042,-6.530983924865723,6.3821868896484375,0.6945886611938477,0.5427024364471436,-0.935960054397583,-0.5112888813018799,0.9668769836425781,-0.8989255428314209,-0.43305814266204834,False
226,-0.10968631505966187,0.3715088367462158,0.13390931487083435,0.0642978698015213,-0.38506263494491577,0.3637818694114685,-0.46564981341362,-0.6229842901229858,-1.505537986755371,-0.48483774065971375,-3.6415934562683105,8.929496765136719,-9.346235275268555,13.799277305603027,-6.585809707641602,12.504416465759277,0.8788444399833679,0.9911501407623291,0.5990347862243652,0.7724893093109131,-0.01531529426574707,-0.6826217174530029,-0.9024181365966797,-1.4841337203979492,False
227,-0.07475143671035767,0.20383232831954956,0.551284909248352,-0.17817528545856476,0.1476818323135376,0.4008917212486267,-0.7492753863334656,0.27852848172187805,-0.5389400124549866,-0.7273739576339722,-5.394924640655518,12.48615837097168,-7.042038917541504,12.206299781799316,3.0395724773406982,-3.630519151687622,8.076972007751465,-0.25225019454956055,-0.2083580493927002,0.42968082427978516,-0.2512955665588379,0.3950495719909668,-0.06946182250976562,-1.0823115110397339,False
228,-0.08064228296279907,0.04191114753484726,1.0554720163345337,-0.5060594081878662,0.7750592231750488,0.2920556962490082,-0.635132908821106,0.4806925356388092,-1.2536392211914062,0.5723976492881775,-4.3319196701049805,8.146442413330078,-4.5547614097595215,13.423929214477539,-0.13397981226444244,2.6627700328826904,1.870904803276062,-0.6562042236328125,0.16272664070129395,-0.9519500732421875,-0.2702045440673828,0.667506217956543,0.18673276901245117,-2.622074604034424,False
229,-0.11117666959762573,-0.03363683447241783,0.8757429122924805,0.13252076506614685,0.3460901081562042,-0.032263219356536865,-0.18768446147441864,0.5054399371147156,-3.4479823112487793,0.02002580463886261,-1.04865300655365,-2.8283326625823975,13.282325744628906,-13.419024467468262,-8.63228702545166,10.699201583862305,1.0256534814834595,0.8876821994781494,-0.6091368198394775,-0.456798791885376,0.8821618556976318,-0.9169836044311523,-0.21320748329162598,-1.5239201784133911,False
230,-0.1696597933769226,-0.15248225629329681,1.096941351890564,0.40996116399765015,-0.27085036039352417,0.14062899351119995,-0.3108363151550293,0.44369685649871826,-0.5793710350990295,-1.2455941438674927,0.7402587532997131,1.5316537618637085,5.128769397735596,-12.325204849243164,8.59659194946289,-11.537456512451172,-1.606644630432129,0.6951735019683838,-0.9623668193817139,-0.8321475982666016,-0.7521319389343262,0.6555180549621582,0.8749120235443115,-1.8135453462600708,False
231,-0.2252468764781952,-0.1426953375339508,1.0441250801086426,0.32057860493659973,-0.2176980823278427,0.11757871508598328,-0.40649622678756714,0.44920676946640015,-1.0746839046478271,-1.0335818529129028,-1.230774164199829,-0.1740509569644928,-5.448044300079346,4.970139026641846,-5.544328212738037,5.802886009216309,-1.765781044960022,-0.3234822750091553,-0.663250207901001,0.7258665561676025,-0.7395336627960205,-0.25960636138916016,0.4972541332244873,-1.7376172542572021,False
232,-0.24696660041809082,-0.03970653563737869,0.8253991603851318,-0.03626253083348274,0.2602168321609497,-0.16661681234836578,-0.391531765460968,0.4703812003135681,-1.2152880430221558,-0.092534638941288,0.30273133516311646,-3.502049684524536,-10.265316009521484,14.51827335357666,-3.229964256286621,-1.3521422147750854,-1.8068923950195312,-0.22036027908325195,0.6757047176361084,-0.2983119487762451,-0.6370790004730225,-0.1819140911102295,-0.6996955871582031,-2.4263551235198975,False
233,-0.24121704697608948,0.03484521806240082,0.5652718544006348,-0.10560277104377747,0.5687848925590515,-0.4675370156764984,-0.325781911611557,0.011472289450466633,-2.583820104598999,0.7934644818305969,3.2524237632751465,-9.231921195983887,8.321542739868164,-0.20111440122127533,-7.59823751449585,2.8832216262817383,-15.462447166442871,-0.004256010055541992,-0.5707802772521973,-0.20965933799743652,-0.15662693977355957,0.15163421630859375,-0.4810903072357178,-1.9685317277908325,False
234,-0.2531473934650421,0.12470003217458725,0.2967502176761627,0.006694358307868242,0.6526679396629333,-0.6965941786766052,-0.40269434452056885,-0.34151148796081543,-2.2477729320526123,0.29625239968299866,2.371870517730713,-2.841071367263794,-1.4757397174835205,1.4595452547073364,-4.566015243530273,-11.0816011428833,14.827460289001465,-0.8246166706085205,0.47139859199523926,0.30680108070373535,0.6415081024169922,-0.8270852565765381,0.6847851276397705,-1.8842664957046509,False
235,-0.3105447590351105,0.19516797363758087,-0.07176835089921951,0.2416680008172989,0.7513156533241272,-0.6766443252563477,-1.2050617933273315,0.500440239906311,-1.2533111572265625,-1.4019715785980225,-1.0145845413208008,-7.528136730194092,7.8227763175964355,2.61435604095459,-3.562547445297241,14.706595420837402,-28.4935302734375,-0.984389066696167,0.9342403411865234,0.01608753204345703,0.6351110935211182,0.3963284492492676,-0.3737335205078125,-2.78322172164917,False
236,-0.35362744331359863,0.04257434234023094,-0.5203726291656494,0.7862560153007507,0.8621942400932312,-0.45684343576431274,-1.0260645151138306,-0.4557800889015198,-0.06279316544532776,-2.8943562507629395,-5.608759880065918,7.280498504638672,-13.693343162536621,4.746299743652344,5.518742084503174,-15.232095718383789,28.65741729736328,0.9148344993591309,-0.8084845542907715,-0.912172794342041,0.7998652458190918,-0.2829709053039551,-0.32374024391174316,-1.241843819618225,False
237,-0.31620752811431885,0.03526007756590843,-0.2311873883008957,0.6351407766342163,-0.02144470065832138,-0.4697171747684479,-1.1793088912963867,0.1851406991481781,-2.9994912147521973,2.3125410079956055,-1.9191699028015137,15.83786392211914,-7.217371940612793,-17.6436824798584,5.076826572418213,-1.314985990524292,3.8134944438934326,0.9758932590484619,0.12486553192138672,-0.9412047863006592,0.08870410919189453,-0.656294584274292,0.309328556060791,-0.32701539993286133,False
238,-0.2134556770324707,0.025610364973545074,0.44146648049354553,-0.014527090825140476,-0.11892545223236084,-0.3973730504512787,-1.1983487606048584,0.5287177562713623,-0.8056443333625793,1.449251413345337,0.4848712086677551,13.909276962280273,-18.3051815032959,10.867169380187988,1.7499696016311646,4.460811138153076,-4.323765277862549,0.5598394870758057,-0.6642799377441406,-0.5704851150512695,0.4614870548248291,-0.6816658973693848,-0.5667803287506104,-0.08991341292858124,False
239,-0.12330502271652222,-0.010964492335915565,1.1335548162460327,-0.7248708009719849,0.05042210593819618,-0.09682528674602509,-1.0639495849609375,-0.10620058327913284,1.6712895631790161,1.6428794860839844,5.489645957946777,-5.2632832527160645,-2.1277551651000977,1.1995797157287598,-1.4375196695327759,5.219006538391113,-16.741050720214844,-0.48613500595092773,0.31201791763305664,-0.2734215259552002,0.7956092357635498,0.9840881824493408,-0.7057178020477295,-2.362201452255249,False
240,-0.052475571632385254,0.07462113350629807,0.8789697289466858,-0.5143675804138184,0.017783068120479584,-0.012678868137300014,-0.9893776774406433,-0.23702163994312286,-0.7366589903831482,0.6137166619300842,0.12766321003437042,-6.932024955749512,10.018912315368652,-4.206710338592529,-2.48850679397583,6.740164756774902,7.614227294921875,-0.2172558307647705,-0.43265223503112793,-0.2095797061920166,-0.25576138496398926,0.7457456588745117,-0.6688101291656494,-2.0456418991088867,False
241,0.004456460475921631,0.2155502885580063,0.3759686052799225,-0.13462229073047638,-0.09586615115404129,-0.09620988368988037,-0.4259132146835327,-0.5539823174476624,-2.1812286376953125,1.5149341821670532,0.2937510013580322,-5.846986293792725,1.6189290285110474,1.464674472808838,-0.4146110415458679,14.819969177246094,-12.554404258728027,0.9827511310577393,0.6901850700378418,0.5595965385437012,0.5237462520599365,-0.4524080753326416,-0.6162526607513428,-1.19150972366333,False
242,0.02021193504333496,0.24174398183822632,0.35390350222587585,-0.10632763057947159,-0.11884669959545135,-0.10360320657491684,-0.19271254539489746,-0.21580921113491058,-2.312873125076294,-0.504566490650177,0.4020802676677704,2.8807361125946045,0.6511213779449463,-1.1921031475067139,7.390539169311523,0.7201647162437439,0.37909117341041565,-0.3736133575439453,-0.26840972900390625,-0.07544779777526855,0.1748979091644287,-0.18010878562927246,-0.5259630680084229,-0.49008798599243164,False
243,-0.0041258931159973145,0.2210683673620224,0.282924622297287,-0.0016353129176422954,-0.06689632683992386,0.256684273481369,-0.1130768358707428,-0.43950334191322327,-1.8882088661193848,-0.34558841586112976,2.645463705062866,-1.094610333442688,-1.6701217889785767,1.9149149656295776,1.5213284492492676,5.968725681304932,-9.466012954711914,0.32061767578125,0.18682146072387695,-0.4985935688018799,-0.9091827869415283,-0.37401866912841797,-0.3526175022125244,-1.2381542921066284,False
244,-0.04882240295410156,0.30294838547706604,0.29112857580184937,0.000726640282664448,-0.1857830137014389,0.2210051715373993,-0.040769293904304504,-0.30233678221702576,-0.6187012195587158,-0.9046554565429688,0.30460649728775024,-1.9809143543243408,4.2798075675964355,-5.592858791351318,1.50430428981781,-0.455110639333725,1.9560457468032837,-0.0330350399017334,-0.8689942359924316,0.3773207664489746,-0.7183411121368408,-0.4551079273223877,-0.2437148094177246,-1.335688591003418,False
245,-0.02670198678970337,0.34703996777534485,0.42091453075408936,-0.3050297498703003,-0.09908610582351685,0.3088400959968567,-0.1664530485868454,-0.29249727725982666,-0.21189583837985992,1.2026029825210571,0.6741439700126648,6.000043869018555,-13.320371627807617,6.91134786605835,0.14031720161437988,-4.379439353942871,0.20109061896800995,0.3342933654785156,-0.670551061630249,0.8271005153656006,-0.6849226951599121,-0.8586513996124268,-0.8176770210266113,-1.163336157798767,False
246,0.005894005298614502,0.4202093183994293,0.4965612292289734,-0.6999757885932922,0.2640154957771301,0.3106203079223633,-0.4035945236682892,-0.488148957490921,-1.7412610054016113,0.4299427270889282,1.4391196966171265,-8.843708992004395,11.222492218017578,0.5135661959648132,0.6334302425384521,-13.570354461669922,10.551867485046387,0.03971219062805176,-0.5037002563476562,-0.8889753818511963,0.2690553665161133,-0.9581725597381592,-0.9173333644866943,-1.9238791465759277,False
247,-0.024684429168701172,0.4395398795604706,0.46228837966918945,-0.47113385796546936,0.12299937754869461,0.4738713800907135,-1.1126798391342163,-0.41229599714279175,-0.7191331386566162,-0.7884718775749207,2.7288877964019775,-1.0205446481704712,3.589599847793579,-7.066891193389893,2.6584584712982178,-14.087343215942383,-6.682251930236816,-0.35915541648864746,0.9590151309967041,-0.8946375846862793,-0.1045985221862793,0.7888314723968506,0.6982128620147705,-2.179502010345459,False
248,-0.06272619962692261,0.39107656478881836,0.2513428330421448,0.19725798070430756,-0.47246065735816956,0.29714083671569824,-1.1705819368362427,-0.2300022542476654,-2.5557992458343506,0.5514169931411743,-3.2870430946350098,-4.744151592254639,17.61836051940918,-11.354852676391602,-5.822613716125488,3.3844635486602783,13.267007827758789,0.05500459671020508,0.5834648609161377,0.3263511657714844,0.20285677909851074,-0.8938987255096436,-0.470430850982666,-2.0757670402526855,False
249,-0.11340689659118652,0.3725298047065735,-0.15266841650009155,0.7081623077392578,0.07371730357408524,0.08051695674657822,-1.1724168062210083,0.2034003585577011,-2.4647231101989746,-2.2692172527313232,-2.306290864944458,-5.5135273933410645,9.828782081604004,11.224431037902832,5.174088001251221,-8.922170639038086,6.292624473571777,-0.6736865043640137,-0.7812919616699219,0.43398118019104004,-0.6690521240234375,-0.5390462875366211,0.5013949871063232,-1.8560720682144165,False
250,-0.1727350354194641,0.34749430418014526,-0.4173816442489624,0.7852996587753296,0.8706371188163757,-0.10001935064792633,-1.1781182289123535,0.5586016178131104,-1.010233998298645,-0.7368581295013428,2.4442310333251953,-8.65343189239502,7.1647562980651855,-1.0255931615829468,-6.227542400360107,0.538972795009613,4.258728504180908,-0.15576505661010742,-0.5465867519378662,-0.053873538970947266,-0.7009463310241699,0.5099258422851562,-0.4587371349334717,-1.608740210533142,False
251,-0.19998902082443237,0.4212518632411957,-0.2474392205476761,0.41496750712394714,0.4979228973388672,-0.43499433994293213,-0.6608724594116211,-0.3354547619819641,-0.6104893684387207,1.9789304733276367,2.2634520530700684,1.1478397846221924,-6.629068374633789,-6.069347381591797,-6.765807151794434,7.444347381591797,-22.553192138671875,0.27014851570129395,0.42818713188171387,-0.6400666236877441,-0.9272546768188477,-0.18900084495544434,0.2784440517425537,-1.8104631900787354,False
252,-0.1921139359474182,0.36044007539749146,-0.0020499234087765217,0.07883848994970322,0.06447864323854446,-0.6499422192573547,-0.9807564616203308,-0.027099957689642906,-2.0110912322998047,0.054001107811927795,1.9231948852539062,0.1207885891199112,-0.4094739854335785,-14.640256881713867,-10.59375286102295,-7.537355899810791,16.475271224975586,-0.579930305480957,-0.20992207527160645,0.5146586894989014,0.3058805465698242,0.7049560546875,-0.9986362457275391,-2.1010429859161377,False
253,-0.21011337637901306,0.31191930174827576,0.08686371892690659,-0.09553851932287216,-0.2529144883155823,-0.9933769106864929,-0.7857875823974609,-0.2409089058637619,-2.314789056777954,0.41195768117904663,-2.0708301067352295,0.5255572199821472,-3.3022541999816895,-1.4905357360839844,-3.8189568519592285,9.67446231842041,-19.171295166015625,-0.7198185920715332,0.02658677101135254,-0.11270833015441895,-0.3136277198791504,-0.2925686836242676,-0.9407401084899902,-2.0692391395568848,False
254,-0.25794440507888794,0.25596892833709717,-0.15755653381347656,-0.03730989620089531,-0.33710211515426636,-1.0130486488342285,-0.9849073886871338,-0.16990433633327484,-2.065225124359131,-2.397490978240967,-2.0228328704833984,-4.038488388061523,1.551896095275879,-1.6260709762573242,-0.09623245149850845,-5.228278636932373,7.243574619293213,0.9203238487243652,0.7644283771514893,0.34010767936706543,0.24063920974731445,-0.32517433166503906,0.1570436954498291,-2.3604891300201416,False
255,-0.279145210981369,0.17708300054073334,-0.33347585797309875,0.2083897590637207,-0.40075525641441345,-1.013353943824768,-1.1894340515136719,0.1259268820285797,-1.9493529796600342,-0.23888464272022247,-0.8836285471916199,-6.1925368309021,9.419882774353027,-2.696547746658325,2.9050474166870117,-3.1052451133728027,1.816207766532898,-0.0694432258605957,0.38710832595825195,-0.8058822154998779,0.26776599884033203,0.559706449508667,0.6347248554229736,-2.0437333583831787,False
256,-0.2634837031364441,0.07717324048280716,-0.4825334846973419,0.5407177805900574,-0.427084356546402,-0.9511044025421143,-1.0454561710357666,0.2904195189476013,-1.7284629344940186,0.9025465250015259,-1.975794792175293,-0.7674197554588318,7.191879749298096,-4.42624044418335,-1.3723009824752808,6.139527320861816,6.971501350402832,-0.3855900764465332,-0.5964357852935791,0.058063507080078125,-0.35721373558044434,-0.07183575630187988,-0.6391055583953857,-1.8438016176223755,False
257,-0.24663805961608887,0.03968804329633713,-0.506622850894928,0.5385207533836365,-0.15816505253314972,-0.999825656414032,-0.6567391753196716,0.21522261202335358,-1.1251945495605469,1.4755864143371582,-0.5354785323143005,-0.9751125574111938,-0.9629480838775635,4.884430408477783,-1.2078919410705566,8.956950187683105,-7.554549217224121,-0.6034219264984131,-0.9314513206481934,0.842573881149292,-0.9069414138793945,0.5186562538146973,0.3873889446258545,-1.529111623764038,False
258,-0.18035036325454712,0.07815118134021759,-0.5131545662879944,0.1718035191297531,0.31614744663238525,-1.0174171924591064,-0.30374041199684143,0.019206460565328598,-1.2204054594039917,1.709272861480713,1.7599376440048218,1.50687575340271,-12.185662269592285,12.15244197845459,-0.013206959702074528,6.273272514343262,-1.1866168975830078,0.8553304672241211,-0.6062896251678467,-0.2035834789276123,-0.17464423179626465,-0.4171297550201416,-0.7582340240478516,-0.6030853390693665,False
259,-0.036493122577667236,0.1770695596933365,-0.24914568662643433,-0.5009393692016602,0.6244263052940369,-0.9285675883293152,-0.03706219792366028,-0.38940078020095825,-0.3222462832927704,2.433396816253662,2.748120069503784,9.119294166564941,-17.67171859741211,4.101536750793457,3.091273546218872,5.326478481292725,-14.706390380859375,-0.7444641590118408,0.6075069904327393,0.720055341720581,-0.015590906143188477,-0.49575257301330566,-0.11326909065246582,-0.5028270483016968,False
260,0.04373198747634888,0.2819155156612396,-0.26638078689575195,-0.7063763737678528,0.7906461358070374,-0.752267599105835,-0.3051272928714752,-0.14624592661857605,-1.3702164888381958,0.5408546924591064,1.5174050331115723,-6.623624324798584,7.912092208862305,0.7220115065574646,3.0357277393341064,-8.353442192077637,11.165085792541504,-0.734872579574585,0.27704739570617676,-0.7954881191253662,0.534564733505249,-0.5400514602661133,-0.6787712574005127,-0.8908814191818237,False
261,0.043660759925842285,0.3112333118915558,-0.5162559151649475,-0.19897368550300598,0.5014201402664185,-0.4397345781326294,-0.6969345808029175,-0.022349940612912178,0.40504372119903564,0.5627070665359497,-0.29495516419410706,3.4221420288085938,3.7504751682281494,-9.284329414367676,8.767712593078613,-7.9230732917785645,-4.165560245513916,-0.05998110771179199,0.55843186378479,-0.33913373947143555,-0.8874082565307617,-0.13200736045837402,0.03276538848876953,-0.19838429987430573,False
262,0.05759996175765991,0.44016316533088684,-0.4376145899295807,0.004030049312859774,-0.061904218047857285,-0.39550918340682983,-0.8172072768211365,-0.20421123504638672,-0.4940905272960663,-0.8414291143417358,-0.908516526222229,6.882378578186035,2.3850672245025635,-11.256189346313477,0.999697208404541,-1.2256571054458618,-1.2775204181671143,-0.5138974189758301,0.028253555297851562,-0.5859692096710205,-0.004236936569213867,0.2940855026245117,0.30900120735168457,-0.7295914888381958,False
263,0.03679227828979492,0.4875461757183075,-0.3382413983345032,0.16210515797138214,-0.3106607496738434,-0.5294871926307678,-0.7872846722602844,-0.14269736409187317,-1.2515474557876587,-0.8828869462013245,2.5691399574279785,-1.7581850290298462,-1.171900749206543,11.368502616882324,-4.943995952606201,2.450965642929077,2.549349069595337,-0.8210458755493164,-0.6465902328491211,-0.12046098709106445,0.3890037536621094,-0.9609203338623047,-0.8424315452575684,-0.7731558084487915,False
264,0.006029784679412842,0.5949336290359497,-0.4919247627258301,0.12905177474021912,0.21977172791957855,-0.4232357442378998,-1.0584397315979004,-0.30779311060905457,-0.3629802465438843,-1.8073055744171143,2.317456007003784,-3.5095467567443848,-2.431962490081787,11.091156005859375,4.9808454513549805,-7.771246910095215,-9.442585945129395,0.2582564353942871,-0.8390917778015137,-0.5060107707977295,0.6525392532348633,0.2680363655090332,-0.8762543201446533,-0.7913438081741333,False
265,-0.04868429899215698,0.7102833390235901,-0.45623472332954407,-0.17507494986057281,0.5747126340866089,-0.40058431029319763,-1.0864830017089844,-0.5224969387054443,-0.5255517363548279,-0.4992564618587494,0.837906539440155,4.350529670715332,-9.588695526123047,5.281936168670654,-0.33171987533569336,2.7223308086395264,4.6209187507629395,0.29813718795776367,0.3263254165649414,-0.650759220123291,-0.32952427864074707,0.3065814971923828,0.7265653610229492,-0.8382589817047119,False
266,-0.11975401639938354,0.7502463459968567,-0.32243242859840393,-0.41990402340888977,0.5209944844245911,-0.5146452784538269,-1.0719499588012695,0.21723444759845734,-0.6046493649482727,-1.5474469661712646,0.1388382613658905,3.740190029144287,-1.0452711582183838,-7.337032318115234,-4.140773773193359,-2.090806007385254,19.3089599609375,-0.35781264305114746,0.1108560562133789,-0.9349360466003418,0.7302770614624023,-0.14983415603637695,0.6402380466461182,-0.35102546215057373,False
267,-0.11031931638717651,0.5294269323348999,-0.07036655396223068,-0.21969066560268402,-0.06188242882490158,-0.3031114339828491,-1.0629677772521973,0.15234941244125366,-0.7167103886604309,-0.7359963655471802,-5.290970325469971,2.6048126220703125,6.441015720367432,-12.993294715881348,8.701316833496094,-1.0396521091461182,-8.704819679260254,0.13590097427368164,0.6017916202545166,-0.5800459384918213,0.5739645957946777,-0.1212930679321289,-0.1973128318786621,-0.760144829750061,False
268,-0.13591217994689941,0.3556348383426666,-0.03769507259130478,0.024910196661949158,-0.24937793612480164,-0.006569546181708574,-1.0439648628234863,-0.3317437469959259,0.3020422160625458,-0.13034558296203613,-3.8608646392822266,1.2478010654449463,2.1344165802001953,8.257554054260254,4.566507816314697,1.3141072988510132,-9.677779197692871,0.09714651107788086,-0.40465331077575684,0.046411991119384766,0.5957529544830322,-0.3187527656555176,-0.33756279945373535,-0.49913766980171204,False
269,-0.1708175539970398,0.232633575797081,0.05402837321162224,-0.07636763900518417,0.22206704318523407,0.23259060084819794,-1.190628170967102,-0.4358198642730713,-0.03389951214194298,-1.5473178625106812,-2.0205366611480713,0.07526423782110214,-3.3257906436920166,10.245573043823242,-1.2361924648284912,9.144508361816406,-4.871413230895996,-0.6849613189697266,0.5135977268218994,0.08481836318969727,0.30680084228515625,-0.7435965538024902,-0.28316378593444824,-0.80067378282547,False
270,-0.20599940419197083,0.11305812746286392,-0.1283734291791916,0.21137037873268127,0.4743614196777344,0.3985821306705475,-1.1944873332977295,-0.4490375518798828,-0.9096885919570923,-1.6948199272155762,-0.5076481699943542,-7.184661865234375,10.882655143737793,2.3179311752319336,-1.1438734531402588,-0.02043008804321289,5.879014492034912,0.43955445289611816,0.630669355392456,-0.6460349559783936,-0.2149519920349121,-0.8926069736480713,-0.5845742225646973,-0.7692259550094604,False
271,-0.2788470685482025,0.02062474563717842,-0.37962982058525085,0.8540661334991455,0.29511356353759766,0.5024256706237793,-1.2026617527008057,-0.5036033987998962,-0.5591250658035278,-1.8427728414535522,-3.219874143600464,-0.8093207478523254,8.849737167358398,-4.982842445373535,4.409240245819092,1.055851697921753,-7.622548580169678,0.09403824806213379,-0.28005361557006836,-0.9561161994934082,-0.6218445301055908,-0.9436929225921631,0.4638080596923828,-0.26639318466186523,False
272,-0.30845391750335693,0.09681927412748337,-0.19833774864673615,0.62453693151474,0.08938692510128021,0.24572180211544037,-1.2034012079238892,-0.15907829999923706,-0.16684472560882568,-0.824586033821106,-0.47231537103652954,8.116211891174316,-3.19347882270813,-10.081474304199219,-5.977330684661865,2.2672982215881348,10.484395027160645,0.820847749710083,-0.702268123626709,-0.6108031272888184,0.12767553329467773,-0.3801686763763428,-0.53314208984375,0.443501353263855,False
273,-0.31477436423301697,0.16633817553520203,0.2963246703147888,0.26008445024490356,-0.4537646174430847,0.08694513142108917,-1.1744784116744995,-0.011494222097098827,1.6276377439498901,-0.8869583606719971,2.113983392715454,12.151091575622559,-13.515512466430664,-6.574145317077637,-0.825003445148468,0.3830684423446655,-3.306338310241699,-0.07988357543945312,-0.5291364192962646,0.9192404747009277,-0.43413758277893066,-0.12949061393737793,0.8648538589477539,1.1669210195541382,False
274,-0.3222491443157196,0.24753427505493164,0.8565768003463745,-0.6703522205352783,0.07924848049879074,-0.07772617042064667,-1.2166895866394043,0.3253898322582245,1.0956391096115112,0.3572568893432617,2.2701470851898193,10.12005615234375,-17.65890884399414,11.728915214538574,-6.101596832275391,-2.491222381591797,14.04437255859375,-0.10308337211608887,-0.3640570640563965,-0.22752881050109863,-0.3359248638153076,0.4479095935821533,-0.5043599605560303,-0.24493536353111267,False
275,-0.2814696133136749,0.2247467339038849,0.9301332235336304,-0.5259227156639099,0.12893354892730713,-0.2652069628238678,-1.0184578895568848,0.4016605615615845,-1.1057994365692139,0.6877351999282837,-1.9758520126342773,1.9023480415344238,6.0922956466674805,-1.191236972808838,-3.6755993366241455,7.96556282043457,-6.361231803894043,0.6751911640167236,0.4348442554473877,0.6950633525848389,-0.1829674243927002,-0.9350748062133789,-0.5426568984985352,-0.33427292108535767,False
276,-0.2438998520374298,0.16374877095222473,1.0621652603149414,-0.2827600836753845,0.18114420771598816,-0.24656668305397034,-0.9797197580337524,0.027642298489809036,-0.13824820518493652,-0.34518593549728394,-1.3314104080200195,3.6191015243530273,2.7999746799468994,4.22886848449707,3.9942946434020996,-4.1506853103637695,-8.926772117614746,-0.139373779296875,0.5093762874603271,0.7344048023223877,-0.45960378646850586,-0.38045549392700195,0.6344637870788574,-0.6665571928024292,False
277,-0.23060321807861328,0.16996464133262634,0.9775127172470093,0.026551250368356705,0.558527410030365,-0.3737928569316864,-1.1768052577972412,0.07745831459760666,-0.5365644097328186,-0.29012954235076904,-0.8453899025917053,-2.258218765258789,6.74964714050293,10.29250431060791,-8.659459114074707,4.541364669799805,3.83821964263916,0.07785844802856445,0.5234196186065674,-0.7525315284729004,0.2100682258605957,0.4913904666900635,-0.7364335060119629,-1.522273063659668,False
278,-0.2340632975101471,0.13904154300689697,0.7800891399383545,0.7231572270393372,0.601067066192627,-0.535493016242981,-0.8971433639526367,-0.362512469291687,-0.9769131541252136,-0.34028714895248413,-1.5150986909866333,-3.0419445037841797,17.217836380004883,-5.236828327178955,-2.1545910835266113,11.568934440612793,-19.34166717529297,0.9427239894866943,-0.03216290473937988,0.207841157913208,0.3245420455932617,0.19492721557617188,-0.7687227725982666,-0.3803354799747467,False
279,-0.268753319978714,0.08252166956663132,1.0046662092208862,0.8342676162719727,0.750874936580658,-0.6164759993553162,-0.8451669812202454,-0.16585789620876312,0.22055065631866455,-1.6113206148147583,1.4219554662704468,-6.681333065032959,10.362961769104004,4.418804168701172,0.7382625937461853,-2.5795984268188477,3.5868704319000244,-0.6879885196685791,0.22603535652160645,0.37703371047973633,-0.9938876628875732,-0.06839561462402344,0.4364967346191406,-0.7495155930519104,False
280,-0.3103084862232208,0.14093883335590363,0.9984086155891418,0.7798392176628113,0.5848820805549622,-0.89171302318573,-0.9069822430610657,0.37817081809043884,0.00908363051712513,-1.2249302864074707,3.7159805297851562,-5.783308982849121,-1.8138365745544434,-1.3218679428100586,-12.448529243469238,1.8796067237854004,14.764995574951172,0.48340678215026855,0.528813362121582,-0.1637873649597168,-2.288818359375e-05,0.7492163181304932,-0.5578436851501465,-0.8807839155197144,False
281,-0.2999168336391449,0.11562114208936691,0.9650331139564514,0.8070515394210815,0.35146987438201904,-0.9616017937660217,-0.5845749378204346,0.19606195390224457,-0.370833158493042,1.1833945512771606,-2.44433331489563,2.120750904083252,2.421994209289551,-6.892682075500488,-0.043955329805612564,13.199938774108887,-15.269935607910156,-0.9160351753234863,0.21137166023254395,0.6534936428070068,0.30736351013183594,-0.5437297821044922,-0.5006415843963623,-0.6115446090698242,False
282,-0.2864316701889038,0.03772269934415817,0.8572044968605042,0.7740288376808167,0.4499756693840027,-0.8124584555625916,-0.19816239178180695,-0.5687583684921265,-0.43639445304870605,0.9355429410934448,-0.0834740698337555,-7.416229724884033,0.6230077147483826,6.660098552703857,2.8398585319519043,-0.9334498047828674,-3.8332114219665527,0.7080168724060059,0.6277179718017578,-0.4032857418060303,0.770709753036499,0.42044997215270996,-0.7248444557189941,-0.7121546268463135,False
283,-0.3000646233558655,-0.052165549248456955,0.7647050023078918,0.7954041957855225,0.4886716604232788,-0.5604427456855774,-0.27671024203300476,-0.5070821642875671,-0.16945745050907135,-1.0045075416564941,-2.141716957092285,1.2526229619979858,0.2647118866443634,-3.134378433227539,7.027291774749756,4.0164875984191895,-10.739083290100098,-0.04408693313598633,0.2815279960632324,0.22188782691955566,-0.4414184093475342,0.10075020790100098,-0.5251188278198242,-0.37601238489151,False
284,-0.3006654977798462,-0.09109557420015335,0.7270936965942383,0.7284391522407532,0.485554039478302,-0.513748288154602,-0.16829070448875427,-0.3766511082649231,-1.345841407775879,-0.09574806690216064,1.7397273778915405,-3.4661550521850586,-3.706200122833252,2.144932270050049,-3.8526697158813477,7.466663837432861,-2.6189045906066895,0.7095966339111328,0.4192171096801758,-0.32954978942871094,0.3890690803527832,-0.2869424819946289,0.14986729621887207,-0.3107128143310547,False
285,-0.28750643134117126,-0.0844164565205574,0.7513374090194702,0.678421139717102,0.3080439269542694,-0.4579210877418518,-0.14797841012477875,-0.26189276576042175,-0.3193741738796234,-0.2610401511192322,-0.6092113256454468,4.354185581207275,-1.562272548675537,-6.4932708740234375,4.851166248321533,-4.070016384124756,4.932689189910889,-0.3321683406829834,-0.029517412185668945,-0.20085954666137695,0.8120079040527344,0.5241756439208984,-0.757561206817627,-0.1387961208820343,False
286,-0.2882680892944336,-0.093726247549057,0.7774004936218262,0.7056391835212708,0.023133376613259315,-0.24966028332710266,-0.0355290062725544,-0.5268595814704895,0.18754105269908905,1.0527747869491577,-0.04121427610516548,-1.295938491821289,1.7327710390090942,-5.321352481842041,4.258688926696777,-5.21692419052124,11.638534545898438,-0.5411868095397949,-0.5346660614013672,0.734915018081665,0.30403661727905273,-0.27890777587890625,0.07042574882507324,0.03373165428638458,False
287,-0.2707787752151489,-0.05417373403906822,0.6266590356826782,0.5708821415901184,0.18082603812217712,-0.055255770683288574,-0.4811370372772217,0.1968841850757599,0.8096466064453125,0.7126103639602661,0.7815319299697876,-5.082695007324219,-3.3194544315338135,8.001535415649414,4.244820594787598,-10.930166244506836,15.036480903625488,0.7149190902709961,-0.6304450035095215,0.820181131362915,0.020729541778564453,-0.3268129825592041,-0.608466625213623,0.47755807638168335,False
288,-0.24524977803230286,-0.014796200208365917,0.7189456224441528,-0.10698681324720383,0.8451489806175232,0.11978670954704285,-0.8075108528137207,0.42038393020629883,1.542238473892212,0.6158618927001953,0.7053723335266113,5.269601821899414,-16.929431915283203,13.122533798217773,3.1703548431396484,-3.8799288272857666,-2.5118415355682373,-0.3786163330078125,0.05492210388183594,-0.21559596061706543,0.029122591018676758,0.8168909549713135,-0.6112720966339111,0.17517702281475067,False
289,-0.2521923780441284,-0.0507507286965847,0.9170514941215515,-0.3167353570461273,0.3267417252063751,0.17045922577381134,-0.41371673345565796,-0.3234456777572632,-0.12494824826717377,0.21790656447410583,-1.051969051361084,3.49489426612854,-2.2642810344696045,-10.207947731018066,-2.223712205886841,16.139707565307617,-23.131389617919922,0.9072160720825195,-0.20861244201660156,0.9316704273223877,-0.9787156581878662,-0.42761754989624023,0.13913536071777344,-0.1723271608352661,False
290,-0.22046977281570435,0.05324668064713478,1.0304934978485107,-0.5880527496337891,0.21729642152786255,-0.13154830038547516,-0.36616870760917664,-0.03604690730571747,-1.1209601163864136,0.32208874821662903,1.9733589887619019,-1.935304045677185,-4.7048797607421875,5.098108291625977,-2.695185661315918,-7.84227180480957,16.487545013427734,-0.2797532081604004,0.5392313003540039,-0.967132568359375,0.2386624813079834,0.2567744255065918,-0.9613120555877686,-0.5720341205596924,False
291,-0.18635046482086182,0.09849203377962112,0.8979625701904297,-0.4202735424041748,-0.017712226137518883,-0.2961234748363495,-0.360246479511261,-0.03291046619415283,-0.8098810911178589,0.5434105396270752,-0.3448815643787384,-0.5109308362007141,6.5814642906188965,-10.761545181274414,-2.4118454456329346,6.159104347229004,-13.222138404846191,-0.6503863334655762,0.1643834114074707,-0.5256333351135254,0.736213207244873,-0.4874608516693115,0.7135896682739258,-0.7700577974319458,False
292,-0.19427484273910522,0.12216221541166306,0.5485538840293884,0.09430205821990967,-0.3772570490837097,-0.1028495728969574,-0.770308256149292,-0.006664287764579058,-0.12078111618757248,-0.4051978588104248,2.3397486209869385,-12.269481658935547,5.553343296051025,12.02949333190918,5.109305381774902,-16.28488540649414,10.703432083129883,-0.5312385559082031,0.5968432426452637,0.21068882942199707,-0.02041006088256836,-0.5785651206970215,0.5111069679260254,-1.0375738143920898,False
293,-0.22871077060699463,0.18511001765727997,-0.05579711124300957,0.5093066692352295,0.12364371120929718,-0.1484842598438263,-1.1021257638931274,0.5256446003913879,-1.6804267168045044,-0.9938873648643494,-1.9074639081954956,-11.771439552307129,11.740606307983398,8.873050689697266,-2.940295457839966,7.143975734710693,0.68271404504776,0.0457456111907959,0.598668098449707,0.3323094844818115,0.8925583362579346,-0.15508604049682617,-0.6256091594696045,-0.8117560744285583,False
294,-0.2795073091983795,0.1302945613861084,-0.5152485966682434,0.6748101115226746,0.7966510057449341,0.04903104156255722,-0.8537247180938721,-0.09585127979516983,1.4064522981643677,-0.846207857131958,3.0355255603790283,-10.726750373840332,-1.456964135169983,15.198360443115234,1.1100070476531982,7.438894271850586,-19.114484786987305,-0.29307103157043457,-0.035416603088378906,0.004619598388671875,0.8303248882293701,0.8975479602813721,0.874744176864624,-0.1166631281375885,False
295,-0.3145464360713959,0.0197229515761137,-0.22763694822788239,0.5638844966888428,0.4436550438404083,0.3179468512535095,-0.6363328099250793,-0.4877288341522217,0.5522757768630981,-1.2263457775115967,-2.412435293197632,4.369779109954834,2.0845787525177,-7.849660873413086,3.493304491043091,1.598017930984497,5.733482837677002,0.2620110511779785,-0.6578044891357422,-0.36641645431518555,0.5673062801361084,-0.2645089626312256,0.6596319675445557,0.5353662967681885,False
296,-0.2718999981880188,0.009627064689993858,-0.04025302827358246,0.6887446641921997,-0.028388971462845802,0.5714192390441895,-1.0081980228424072,0.2189943641424179,0.989212691783905,0.49284684658050537,-0.2556073069572449,8.20903491973877,-4.389355659484863,-6.686833381652832,5.2884650230407715,-10.842498779296875,20.63495445251465,-0.2523326873779297,-0.6212337017059326,-0.08325052261352539,-0.7178723812103271,0.9705567359924316,-0.8504834175109863,0.7061404585838318,False
297,-0.20320838689804077,0.03236237168312073,0.300657719373703,0.3852957785129547,-0.24364300072193146,0.4327915608882904,-0.6380138993263245,0.2949690520763397,0.1723044216632843,1.7539321184158325,-1.0000659227371216,7.9198174476623535,-8.541994094848633,-1.602323055267334,-3.9022319316864014,18.167600631713867,-12.820960998535156,-0.1673564910888672,0.33203577995300293,0.9928865432739258,0.5783572196960449,-0.09029531478881836,-0.08412885665893555,0.5287075638771057,False
298,-0.12857931852340698,-0.018206670880317688,0.4938701391220093,0.13741017878055573,-0.08661136776208878,0.5259946584701538,-0.19729597866535187,-0.17071525752544403,0.5296046137809753,1.4214768409729004,-0.20259343087673187,2.1575827598571777,-4.360477447509766,7.32009744644165,3.301323652267456,4.345149993896484,-7.264737129211426,0.16717123985290527,-0.47731995582580566,-0.01941514015197754,0.5475220680236816,0.30216336250305176,-0.8216993808746338,0.6832438707351685,False
299,-0.09665471315383911,-0.04919541999697685,0.7131054401397705,-0.23401017487049103,0.2704596519470215,0.7003940939903259,-0.02240961231291294,-0.34882184863090515,0.7608785033226013,1.2289354801177979,-0.29816627502441406,3.762037754058838,-6.6589436531066895,5.354838848114014,4.816883563995361,-2.566880941390991,10.390032768249512,0.627291202545166,0.19281244277954102,-0.8772850036621094,0.26803016662597656,-0.0603337287902832,0.4816267490386963,0.21599914133548737,False
300,-0.08603805303573608,-0.1310277283191681,1.0396809577941895,-0.49237751960754395,0.18782588839530945,0.7022244334220886,0.04259711503982544,0.4387185573577881,0.8943445086479187,0.22073906660079956,-2.308773994445801,9.781172752380371,-4.402174949645996,-7.980637550354004,-1.977512001991272,0.367951363325119,21.278989791870117,0.1982285976409912,0.11642313003540039,-0.4865572452545166,-0.6158754825592041,-0.5585873126983643,-0.38045811653137207,-0.11309029161930084,False
301,-0.0969509482383728,-0.10065047442913055,0.9882028698921204,-0.3201388418674469,-0.22546125948429108,0.5641419291496277,0.546926736831665,-0.09510519355535507,0.044170208275318146,-0.8294466733932495,-0.028277436271309853,-0.5544440150260925,2.5848851203918457,-7.824532985687256,-0.8429503440856934,8.337040901184082,-15.690607070922852,0.9881556034088135,-0.8806314468383789,-0.4610908031463623,-0.503972053527832,-0.6255722045898438,-0.4048752784729004,0.13663658499717712,False
302,-0.132315993309021,0.005465088412165642,1.0526440143585205,-0.5939445495605469,-0.29606348276138306,0.4987195134162903,0.5378525257110596,-0.39307254552841187,-0.10563269257545471,-1.4705172777175903,1.20191490650177,1.6375691890716553,-10.242487907409668,6.076060771942139,2.8447115421295166,-11.269885063171387,10.850420951843262,-0.9269635677337646,-0.26587963104248047,0.2215406894683838,0.5330677032470703,-0.4912118911743164,-0.21717357635498047,-0.3538438081741333,False
303,-0.16780120134353638,0.16654054820537567,0.7907474637031555,-0.752157986164093,-0.05253124609589577,0.685495913028717,-0.1800311952829361,0.04282217472791672,-0.6056320071220398,-0.8637083768844604,3.2265098094940186,-8.437294960021973,2.6055619716644287,3.756791114807129,5.33245849609375,-17.557689666748047,7.622366428375244,-0.8986456394195557,-0.7948334217071533,-0.30342745780944824,-0.6963720321655273,-0.5847089290618896,-0.11440134048461914,-1.426924467086792,False
304,-0.17784154415130615,0.3764430582523346,0.22235223650932312,-0.6610941886901855,0.1839892566204071,0.6682723760604858,-0.8379120230674744,0.40980789065361023,-1.2500762939453125,0.954566478729248,4.701362609863281,-15.298396110534668,2.0716333389282227,5.692523002624512,1.0970746278762817,-15.088998794555664,8.349407196044922,-0.07069921493530273,0.9294331073760986,0.2248978614807129,0.7211713790893555,0.7817962169647217,-0.17033052444458008,-2.4434046745300293,False
305,-0.13198894262313843,0.4136503338813782,-0.3955143988132477,-0.32381564378738403,0.3353999853134155,0.7061537504196167,-1.0081846714019775,0.3991590440273285,-1.0373077392578125,0.8400954008102417,-0.9738706350326538,-13.148199081420898,11.520502090454102,1.304675817489624,-1.4884381294250488,3.993246078491211,-6.247095584869385,0.9097762107849121,-0.22156453132629395,0.12597155570983887,-0.04479265213012695,0.6086776256561279,0.3122098445892334,-1.1689293384552002,False
306,-0.0698893666267395,0.3283670246601105,-0.4948023557662964,-0.36521661281585693,0.4819319248199463,0.5364207625389099,-0.5829333066940308,0.14989443123340607,-0.7678076028823853,1.83106529712677,-0.6229571104049683,1.357529878616333,-6.929513931274414,3.4695522785186768,-5.538614273071289,11.994586944580078,-4.221831798553467,0.39675235748291016,0.921851634979248,0.10344386100769043,0.20749425888061523,0.49452829360961914,-0.5870494842529297,-0.6181832551956177,False
307,-0.04376763105392456,0.13722796738147736,-0.30609947443008423,-0.42965540289878845,0.45316463708877563,0.46033141016960144,0.1591680496931076,-0.46727392077445984,-0.7514742612838745,0.6813175678253174,-3.668811082839966,2.8240997791290283,5.5669026374816895,-5.647577285766602,-2.452224016189575,18.03970718383789,-18.362537384033203,-0.43570637702941895,-0.33885741233825684,0.0879971981048584,-0.5295205116271973,0.3018002510070801,0.07812976837158203,-0.9245781302452087,False
308,-0.03235042095184326,0.015088796615600586,-0.3026009202003479,-0.28962376713752747,0.3886827528476715,0.27433231472969055,0.516804575920105,-0.03923441469669342,-1.5179439783096313,0.07111683487892151,-2.499558210372925,-1.3547359704971313,0.7586286067962646,2.1909077167510986,-2.6417148113250732,7.327871322631836,10.592531204223633,0.9068026542663574,0.9850304126739502,0.44591212272644043,0.31900572776794434,0.8979508876800537,0.9361414909362793,-1.1948271989822388,False
309,-0.04231446981430054,-0.12251625210046768,-0.3216157555580139,-0.047239672392606735,0.30751967430114746,0.0703153908252716,0.9750616550445557,0.5047000050544739,-0.9961661696434021,-0.5543124079704285,-3.142366409301758,0.7655903100967407,8.704989433288574,-4.9563398361206055,10.60806941986084,-5.990777969360352,-4.0179009437561035,-0.8456461429595947,0.09760713577270508,0.5517935752868652,0.1394343376159668,-0.9080233573913574,-0.847292423248291,-0.00976872444152832,False
310,-0.08125346899032593,-0.12043101340532303,-0.5260611176490784,0.2986812889575958,0.2765762507915497,0.7196753025054932,0.08886268734931946,0.06257833540439606,-0.2598104178905487,-0.6137197613716125,0.13162702322006226,2.1479954719543457,-1.4914896488189697,3.574043035507202,11.614033699035645,-13.606423377990723,-16.961238861083984,-0.7787907123565674,0.7908992767333984,0.2271878719329834,0.22711563110351562,0.3840925693511963,-0.26250767707824707,-0.38150250911712646,False
311,-0.06985658407211304,-0.0624934546649456,-0.5120247602462769,0.427558958530426,0.2814828157424927,0.6727728247642517,-0.11958172172307968,-0.32862263917922974,0.4463965594768524,-1.4184224605560303,-2.8389110565185547,1.5049961805343628,5.654806613922119,0.027770517393946648,1.9145653247833252,-12.858898162841797,18.011844635009766,-0.8409128189086914,0.3206820487976074,0.5727088451385498,-0.0021419525146484375,-0.9024362564086914,-0.5284857749938965,-1.173464298248291,False
312,-0.12600773572921753,-0.051886823028326035,-0.5497280955314636,0.7134630680084229,0.4002862274646759,0.6777225136756897,-0.785896897315979,0.27270668745040894,0.6757224798202515,-0.6197973489761353,1.6149866580963135,-1.8444072008132935,6.128754615783691,3.2417123317718506,-1.4645442962646484,-14.746100425720215,8.395112037658691,-0.5473833084106445,0.00806570053100586,0.15449190139770508,0.4360189437866211,0.6489744186401367,0.12569952011108398,-0.46378329396247864,False
313,-0.20086053013801575,-0.06738113611936569,-0.4153370261192322,0.7812843322753906,0.6785950660705566,0.6684534549713135,-1.1795248985290527,0.4312209486961365,-0.7167230248451233,-1.4038059711456299,-0.08939176797866821,3.2973532676696777,-3.6659631729125977,9.66057300567627,-0.6108217835426331,-3.6835920810699463,-0.06102800369262695,-0.189422607421875,0.7580866813659668,0.7253191471099854,0.41152143478393555,0.7584528923034668,0.8662021160125732,-0.2906133830547333,False
314,-0.26547616720199585,-0.1189773678779602,-0.18021027743816376,0.7208348512649536,0.765906572341919,0.5255594849586487,-1.056929349899292,0.4727478623390198,-1.1863770484924316,-1.169636845588684,-1.0147720575332642,5.260610580444336,-0.27559682726860046,-1.6750553846359253,-2.257847547531128,5.9212327003479,-2.2354588508605957,-0.01816868782043457,-0.9373476505279541,0.6520795822143555,-0.798696756362915,-0.8997795581817627,-0.923905611038208,-0.14829730987548828,False
315,-0.32395631074905396,-0.06762668490409851,-0.011779524385929108,0.6146791577339172,0.7628985047340393,0.40325164794921875,-0.8759671449661255,0.035377174615859985,0.7846716046333313,-0.4235212802886963,3.788114070892334,0.9260895848274231,-3.3129770755767822,0.9934859275817871,-3.1643338203430176,1.1337393522262573,-14.099686622619629,-0.19975948333740234,-0.3542752265930176,0.13966155052185059,0.8528861999511719,-0.9561357498168945,-0.13878893852233887,0.5278249382972717,False
316,-0.39833876490592957,0.10284750163555145,0.11207116395235062,0.4247887432575226,0.7649950981140137,0.5506879687309265,-1.2354862689971924,-0.5243687629699707,1.8097623586654663,-2.380937337875366,3.483978033065796,2.7649765014648438,-4.338677883148193,-0.2013237476348877,-4.017434120178223,8.242934226989746,-19.555696487426758,0.9391202926635742,0.6852147579193115,0.7823717594146729,0.640911340713501,0.4332747459411621,0.10384416580200195,0.3514644205570221,False
317,-0.39945274591445923,0.09982550889253616,0.333002507686615,0.38191625475883484,0.7780778408050537,0.46735331416130066,-1.0750792026519775,-0.27357691526412964,0.7500624656677246,1.1378506422042847,-0.19129031896591187,-0.29573962092399597,4.35786771774292,-1.6690112352371216,2.0488603115081787,-0.044811610132455826,2.44264554977417,0.20758652687072754,0.5561723709106445,0.04347848892211914,-0.24612712860107422,-0.719247579574585,-0.9907205104827881,0.1080804318189621,False
318,-0.3142128586769104,0.04167793318629265,0.3987926244735718,0.6363030076026917,0.6603899002075195,0.6722126603126526,-1.084366798400879,-0.5547772645950317,0.4803982675075531,1.0939511060714722,-0.05744907632470131,2.7522921562194824,3.6288342475891113,-2.754653215408325,0.7589611411094666,-1.7914886474609375,-1.1234077215194702,-0.23442363739013672,0.8819479942321777,0.18783974647521973,0.7190213203430176,-0.548853874206543,-0.005406379699707031,-0.26918864250183105,False
319,-0.251190185546875,-0.006499016657471657,0.5124998688697815,0.7809746265411377,0.6811760663986206,0.7326355576515198,-1.1996926069259644,-0.24739636480808258,0.511894941329956,2.284529209136963,0.43135449290275574,-0.8839664459228516,2.705833673477173,3.205188035964966,0.10286737978458405,-1.259711742401123,4.042209148406982,0.15382838249206543,0.5938622951507568,-0.6959092617034912,-0.10741853713989258,-0.25471973419189453,-0.016398191452026367,0.7966569662094116,False
320,-0.20378044247627258,0.015774451196193695,0.6824667453765869,0.6286952495574951,0.7350262999534607,0.613909900188446,-1.14427649974823,-0.03303422033786774,0.0418100580573082,1.225419521331787,-0.39238783717155457,6.260550022125244,-2.9153130054473877,-3.818939208984375,0.6861815452575684,-2.77612042427063,5.444909572601318,0.08935427665710449,-0.6532070636749268,-0.09648489952087402,-0.10804867744445801,0.021424055099487305,-0.760514497756958,0.8687553405761719,False
321,-0.18178218603134155,0.009035436436533928,1.067080020904541,0.2869490683078766,0.6492064595222473,0.5635704398155212,-0.9644127488136292,-0.32093581557273865,0.9810145497322083,-0.16086173057556152,-0.617307186126709,7.985040664672852,-8.136521339416504,-0.5457322001457214,0.8135771155357361,6.205652236938477,-14.659590721130371,-0.9717814922332764,0.22472238540649414,-0.9521727561950684,0.19481372833251953,0.8074421882629395,0.8818316459655762,-0.4428185522556305,False
322,-0.16166412830352783,0.10395943373441696,0.8067945241928101,0.5174835920333862,0.3463570475578308,0.41890448331832886,-0.8489595055580139,-0.2479822039604187,-0.39718201756477356,-0.22321763634681702,1.3651397228240967,-6.428475379943848,5.822061538696289,-8.502197265625,-5.673548698425293,1.6581281423568726,13.967108726501465,-0.624622106552124,0.9297811985015869,0.9528086185455322,-0.4412868022918701,0.036775827407836914,0.3284883499145508,-0.9874146580696106,False
323,-0.15901583433151245,0.23315376043319702,0.29490533471107483,0.7441027760505676,0.36842435598373413,0.13456550240516663,-0.8691754341125488,0.5584713220596313,-0.6462001204490662,-0.7255899310112,2.7510533332824707,-8.284712791442871,-6.808950424194336,12.646099090576172,-4.218069553375244,-1.1642783880233765,14.657529830932617,-0.03852510452270508,-0.12439966201782227,0.7224881649017334,0.6500365734100342,-0.7963693141937256,-0.007650852203369141,0.40366417169570923,False
324,-0.1478581428527832,0.2991785705089569,-0.11528769880533218,0.6336836218833923,0.777779757976532,0.4807731807231903,-1.1613844633102417,0.1705462634563446,-1.5214749574661255,0.11699472367763519,0.9836093783378601,-1.8505117893218994,0.7759036421775818,-13.949615478515625,9.567169189453125,-11.723893165588379,-4.920165061950684,0.1094970703125,-0.8599350452423096,-0.9687438011169434,0.5597443580627441,0.44313907623291016,-0.5926632881164551,0.20177939534187317,False
325,-0.15841609239578247,0.3418753445148468,-0.10823842883110046,0.4869687557220459,0.03700455278158188,0.7390384674072266,-1.1466662883758545,-0.5997846722602844,0.9608681201934814,1.1117228269577026,0.24220724403858185,1.3579727411270142,-4.891987323760986,-15.518793106079102,6.394972324371338,-5.282289981842041,-2.3700292110443115,-0.23891854286193848,-0.40308523178100586,-0.34484195709228516,0.2720305919647217,0.723015546798706,0.1154336929321289,-0.34934327006340027,False
326,-0.1636766791343689,0.374187707901001,-0.011011388152837753,-0.027943775057792664,-0.42448198795318604,0.5175971984863281,-1.1277073621749878,0.23273006081581116,1.6306185722351074,0.6612159013748169,-0.17121146619319916,1.3905829191207886,-16.390396118164062,8.274255752563477,-3.558748245239258,2.2016775608062744,13.093439102172852,-0.9650101661682129,0.8253817558288574,0.7861742973327637,0.8180217742919922,0.5757327079772949,-0.8250515460968018,-0.6939918994903564,False
327,-0.14072245359420776,0.30746525526046753,-0.20377767086029053,-0.3228100836277008,0.04881644248962402,0.5954729914665222,-0.8642423748970032,0.06325771659612656,-0.870511531829834,-1.0195765495300293,-4.362275123596191,-7.384629726409912,1.6846367120742798,11.028295516967773,6.630584716796875,8.881392478942871,-15.374500274658203,-0.7239413261413574,0.5415048599243164,-0.46909213066101074,-0.017380714416503906,0.20640039443969727,-0.487900972366333,-0.31059789657592773,False
328,-0.18551892042160034,0.1329774707555771,-0.5367595553398132,-0.0905834436416626,0.21595990657806396,0.6651697158813477,-0.3654809296131134,-0.39442920684814453,-0.6377992033958435,1.186133623123169,-0.6077893376350403,-0.16693520545959473,0.3434363007545471,-3.5600948333740234,-9.706779479980469,7.029172897338867,16.206546783447266,-0.008470296859741211,-0.003023386001586914,-0.06923913955688477,-0.43056559562683105,-0.552558422088623,-0.6109485626220703,0.35074755549430847,False
329,-0.10853111743927002,0.062294598668813705,-0.5264576077461243,-0.10188768804073334,-0.10827834159135818,0.5063931345939636,-0.216954305768013,0.036034297198057175,-0.43573397397994995,1.650438666343689,-0.5931882262229919,2.2801525592803955,-2.9737980365753174,-6.9895710945129395,-1.8473505973815918,2.3996798992156982,2.487269163131714,0.19991612434387207,-0.6973826885223389,0.8447551727294922,-0.8811244964599609,-0.2835359573364258,0.7059969902038574,-0.2179323136806488,False
330,-0.030055880546569824,0.07260285317897797,-0.2203322947025299,-0.6654047966003418,-0.06962041556835175,0.20544755458831787,-0.2067519873380661,0.5174600481987,0.2756194770336151,1.975136637687683,0.7433111667633057,6.561076641082764,-16.555482864379883,7.618132591247559,-5.646213054656982,11.455333709716797,-18.510095596313477,0.00030040740966796875,-0.16808485984802246,0.01706719398498535,0.9797890186309814,0.6259546279907227,-0.566603422164917,0.28130191564559937,False
331,-0.02999424934387207,-0.04121654853224754,-0.2624775469303131,-0.5160489678382874,-0.12790514528751373,0.2614865005016327,0.2861018180847168,-0.5079370737075806,1.4077844619750977,-0.6912625432014465,-2.380190372467041,-2.299819231033325,9.213193893432617,-4.967527389526367,-0.07752922922372818,-11.48370361328125,28.088665008544922,-0.07233095169067383,-0.9059231281280518,0.079742431640625,0.6579151153564453,-0.4366879463195801,-0.7723274230957031,-0.1931113749742508,False
332,-0.04272061586380005,-0.1143692210316658,-0.2335049957036972,-0.50591641664505,-0.11140765994787216,0.5270524024963379,-0.24598419666290283,0.21400487422943115,1.6302449703216553,-1.5832828283309937,-1.836126446723938,1.985795021057129,-8.856279373168945,8.27683162689209,7.425990581512451,-7.498392105102539,3.3168420791625977,0.7855739593505859,0.43679285049438477,0.46861743927001953,0.320709228515625,-0.7107245922088623,-0.44207262992858887,0.08894270658493042,False
333,-0.05353909730911255,-0.09212767332792282,-0.10305862873792648,-0.7915461659431458,-0.06056894361972809,0.6978578567504883,-0.5933688879013062,0.24624493718147278,-0.12804202735424042,1.1998505592346191,1.4755250215530396,3.6476004123687744,-3.53031325340271,-4.774657726287842,-0.4026016294956207,-6.074808120727539,-0.873897135257721,0.7188777923583984,-0.21529197692871094,0.5395486354827881,-0.20531678199768066,-0.3944728374481201,-0.7117230892181396,0.07424630224704742,False
334,-0.03612881898880005,-0.039634134620428085,-0.06403172761201859,-0.7830325961112976,-0.17274516820907593,0.6948217749595642,-0.7093358039855957,-0.22887197136878967,-0.4625265300273895,-0.3236875534057617,1.4873520135879517,1.270136833190918,-0.06725501269102097,-0.5295408368110657,-0.7032227516174316,0.7776220440864563,-16.321956634521484,-0.047692298889160156,0.4341142177581787,0.0777895450592041,0.7750957012176514,-0.4003620147705078,0.9235219955444336,0.03188177943229675,False
335,-0.04288339614868164,0.006280532572418451,-0.034824974834918976,-0.6232644319534302,-0.2806868553161621,0.7157338857650757,-1.2018828392028809,-0.15306153893470764,-0.2858532667160034,-1.5074870586395264,0.14075209200382233,1.474087119102478,4.189427375793457,-2.0095772743225098,0.1088239997625351,-14.554862022399902,13.860836029052734,0.26079463958740234,0.5033011436462402,-0.6075038909912109,0.40143775939941406,0.584559440612793,0.44852137565612793,-0.18744045495986938,False
336,-0.06257867813110352,-0.07719583809375763,-0.043218716979026794,-0.23079600930213928,-0.36982157826423645,0.5064705014228821,-1.0946139097213745,0.13818202912807465,0.1945517659187317,-0.5783898830413818,-3.4051692485809326,1.3969390392303467,7.662037372589111,0.2303830236196518,-2.5296432971954346,4.498167991638184,6.262094974517822,0.8615140914916992,-0.2512993812561035,0.5200824737548828,-0.2903931140899658,0.21767711639404297,-0.14676737785339355,0.02092357724905014,False
337,-0.07066100835800171,-0.12479357421398163,0.19607850909233093,-0.14367318153381348,-0.41360726952552795,0.19399432837963104,-0.6799816489219666,0.25811025500297546,1.1614307165145874,1.3418608903884888,-1.745957612991333,5.902558326721191,0.4566256105899811,-2.9935803413391113,-2.299913167953491,5.308804512023926,0.6937387585639954,0.7047069072723389,-0.3530142307281494,0.8289766311645508,-0.2987861633300781,0.4121866226196289,-0.5716614723205566,0.9117294549942017,False
338,-0.011295497417449951,-0.09143926203250885,0.47481268644332886,-0.4415905475616455,-0.1942947655916214,-0.06456513702869415,-0.010927866213023663,-0.2526070177555084,1.6803723573684692,1.825897216796875,0.3948051929473877,10.261406898498535,-11.399746894836426,6.114919662475586,-6.194143772125244,17.43619155883789,-16.395954132080078,-0.14564871788024902,0.46378445625305176,0.9735367298126221,0.7746050357818604,-0.5414295196533203,0.5659737586975098,1.7263953685760498,False
339,0.039405107498168945,-0.08658374100923538,0.7865562438964844,-0.7203431725502014,0.17141734063625336,0.038003671914339066,-0.0038447401020675898,-0.3442935049533844,1.2147599458694458,-0.7005459666252136,1.662976861000061,1.5029888153076172,-1.6855255365371704,9.560173988342285,5.7500128746032715,-9.526931762695312,7.3691205978393555,-0.8052020072937012,0.9393055438995361,-0.7812237739562988,0.6948354244232178,-0.3119633197784424,-0.17504167556762695,1.12689208984375,False
340,0.0276373028755188,-0.056560467928647995,0.5142210125923157,-0.09504691511392593,0.1450212001800537,0.4423286020755768,-0.5874102115631104,-0.05978801101446152,0.27975770831108093,-1.3757630586624146,0.14740294218063354,-7.899799346923828,18.923965454101562,-5.986114501953125,7.6872477531433105,-10.134244918823242,3.304382801055908,-0.23418712615966797,-0.6662824153900146,-0.9622328281402588,0.663038969039917,0.572638988494873,0.45583653450012207,0.4237486720085144,False
341,-0.028832435607910156,-0.01566159352660179,0.23238012194633484,0.6417462825775146,-0.25320756435394287,0.6741656064987183,-0.8814783692359924,0.17874737083911896,1.285343885421753,-0.4196077883243561,0.10114701837301254,-4.886220455169678,13.662422180175781,-10.083271026611328,5.776335716247559,-4.876087188720703,6.181798458099365,-0.36678051948547363,0.35388875007629395,-0.7018082141876221,0.777315616607666,0.09481549263000488,-0.5394272804260254,0.8276599049568176,False
342,-0.07086193561553955,0.06304562091827393,0.1584569364786148,0.7468221783638,-0.41890886425971985,0.711092472076416,-0.72101891040802,0.044072799384593964,2.7329182624816895,0.9932595491409302,3.5564157962799072,-5.811213970184326,1.7028852701187134,2.772731065750122,-0.39859244227409363,3.0281612873077393,-7.743704795837402,0.5423617362976074,-0.7665610313415527,-0.5003697872161865,0.16368579864501953,-0.31806206703186035,-0.5199804306030273,1.441638708114624,False
343,-0.1227712631225586,0.16673673689365387,0.35118788480758667,0.25272780656814575,-0.16968365013599396,0.7098672986030579,-0.41325029730796814,-0.5635185241699219,2.3912928104400635,-0.5935671329498291,2.689955472946167,5.3212199211120605,-9.712394714355469,-0.14637577533721924,1.676278829574585,1.3082793951034546,-9.033378601074219,-0.45339179039001465,-0.16059303283691406,0.5576076507568359,-0.9140453338623047,0.40059375762939453,-0.8501729965209961,1.3816393613815308,False
344,-0.1837666630744934,0.2759198546409607,0.5100507736206055,-0.2848271429538727,0.1114761084318161,0.5070282220840454,-0.17211884260177612,-0.5277266502380371,0.6639701724052429,-0.8761444091796875,1.7058331966400146,2.9873878955841064,-11.780935287475586,9.109549522399902,-5.294968605041504,13.109201431274414,-11.601880073547363,-0.32879042625427246,-0.8989238739013672,0.5662035942077637,-0.47147321701049805,0.37439465522766113,-0.7434036731719971,1.2732229232788086,False
345,-0.10159605741500854,0.2475481629371643,0.640600323677063,-0.8526352643966675,0.7067435383796692,0.5445513725280762,-0.06122197210788727,-0.5431106686592102,1.1776154041290283,1.32437002658844,-2.955735206604004,-6.081461429595947,4.690589904785156,7.164339065551758,1.7305164337158203,4.311187267303467,-0.03525139018893242,0.6805768013000488,0.5538637638092041,-0.5930931568145752,0.08420872688293457,-0.2207930088043213,0.8794875144958496,-0.4131147861480713,False
346,-0.054367125034332275,0.09133753925561905,0.4432522654533386,-0.18953193724155426,0.4484933614730835,0.5811525583267212,-0.3469982147216797,0.5696998834609985,1.022219181060791,0.3992491364479065,-3.5930216312408447,-2.2768750190734863,13.892706871032715,-9.147629737854004,0.5108517408370972,-10.669888496398926,32.148292541503906,-0.05042719841003418,-0.6227388381958008,0.5092296600341797,-0.9199013710021973,-0.2846982479095459,0.6776137351989746,0.5555058717727661,False
347,-0.015563249588012695,-0.0277544092386961,0.40531936287879944,0.05306633934378624,0.4497007727622986,0.5243725776672363,0.18849091231822968,-0.18483363091945648,1.109723687171936,0.5590301752090454,-1.0848249197006226,2.0840647220611572,-3.819031238555908,6.504015922546387,-5.087285995483398,7.333014965057373,-6.254215717315674,-0.025934934616088867,-0.05298352241516113,-0.9010646343231201,-0.15181565284729004,-0.6670482158660889,0.29122376441955566,0.5491282939910889,False
348,-0.00883561372756958,-0.051249995827674866,0.44626885652542114,0.051739294081926346,0.4045095443725586,0.47743749618530273,0.002901793457567692,-0.055614862591028214,0.1265280842781067,-0.23443764448165894,-0.4419306218624115,-0.551681637763977,2.9897353649139404,-6.01182746887207,2.584238290786743,-10.628192901611328,8.191109657287598,0.17099523544311523,0.6453602313995361,0.8235483169555664,0.15275287628173828,0.009914636611938477,0.7012696266174316,0.4101184606552124,False
349,-0.04128909111022949,-0.07552850991487503,0.3772355318069458,0.22875116765499115,0.32644015550613403,0.49073246121406555,-0.47504547238349915,0.5426865816116333,0.17950618267059326,-0.6771962642669678,-0.40019020438194275,-0.556036651134491,3.02703595161438,1.8181747198104858,-0.7394247651100159,2.89595103263855,-12.464506149291992,-0.2754955291748047,-0.35234808921813965,-0.24091172218322754,-0.8203105926513672,0.6148924827575684,-0.11082077026367188,0.5525153875350952,False
350,-0.07086503505706787,-0.11671323329210281,0.32837799191474915,0.33730828762054443,0.41499409079551697,0.24695713818073273,0.12055310606956482,-0.4944944679737091,0.18844076991081238,-0.6457675695419312,-0.3364925682544708,-2.0300049781799316,1.6233090162277222,1.562426209449768,-7.524781227111816,16.14027214050293,-22.033206939697266,-0.40024447441101074,0.31715941429138184,0.7111384868621826,0.04745793342590332,-0.6277716159820557,-0.9997694492340088,-0.18729519844055176,False
351,-0.15155142545700073,-0.08027509599924088,0.02451525628566742,0.5315635204315186,0.6662672758102417,0.09368422627449036,-0.13063879311084747,-0.05082698538899422,0.5825427770614624,-2.0580668449401855,0.34632986783981323,-7.66964864730835,4.923444747924805,8.024209976196289,-0.18886318802833557,-7.860363483428955,4.757250785827637,-0.3078780174255371,0.8279709815979004,-0.8366992473602295,0.24715089797973633,0.620732307434082,0.20479154586791992,-0.02567814290523529,False
352,-0.27228936553001404,-0.11189880222082138,-0.2227829545736313,0.757550060749054,0.793569028377533,0.03230459988117218,-0.2752803862094879,0.08886450529098511,0.2700556516647339,-2.16274094581604,0.5001069903373718,-2.5111474990844727,-1.2704322338104248,1.0678200721740723,-2.5056443214416504,-0.4217073321342468,1.168003797531128,0.7526865005493164,-0.7211258411407471,0.5608673095703125,0.026721954345703125,-0.8502771854400635,0.4380457401275635,0.610157310962677,False
353,-0.2958352565765381,-0.1167614609003067,-0.1311149001121521,0.612919270992279,0.7570278644561768,0.23384816944599152,-0.9378409385681152,0.5568509101867676,0.7236223220825195,0.35810691118240356,3.2596616744995117,2.2641677856445312,-4.5058088302612305,-1.2107716798782349,0.4831673502922058,-7.006557941436768,-5.290386199951172,0.9164998531341553,0.729743480682373,-0.43335795402526855,0.3395700454711914,0.7071619033813477,-0.5272295475006104,1.2750775814056396,False
354,-0.25312361121177673,-0.09471248835325241,0.16002893447875977,0.6856306791305542,0.38907405734062195,0.31688010692596436,-0.724046528339386,-0.6272944808006287,1.4128642082214355,0.41051116585731506,-2.407230854034424,10.87954330444336,1.9443509578704834,-10.421470642089844,2.896277666091919,4.854902744293213,-18.905733108520508,0.8453664779663086,-0.8035585880279541,-0.39405322074890137,-0.31531691551208496,0.6974349021911621,0.8860428333282471,1.1068861484527588,False
355,-0.26695290207862854,-0.14654232561588287,0.891110897064209,0.4840415120124817,-0.09502309560775757,0.09840844571590424,-0.924504280090332,0.5783979296684265,1.9666430950164795,-0.3158634901046753,-4.16802978515625,20.510583877563477,-7.937589645385742,-9.224447250366211,-1.9300850629806519,18.742399215698242,-19.455883026123047,-0.9564144611358643,-0.42158055305480957,-0.8308937549591064,0.32546401023864746,0.43818044662475586,-0.9141387939453125,0.6449041366577148,False
356,-0.2289447784423828,-0.1198323518037796,0.9204919338226318,0.5702264308929443,-0.39035236835479736,-0.10426008701324463,-0.2818411886692047,-0.24303469061851501,-0.19807168841362,-0.10092532634735107,3.609462022781372,-4.732082366943359,-2.4473023414611816,-1.3640658855438232,-9.688055992126465,-6.659134864807129,32.41649627685547,0.3690173625946045,0.2716984748840332,0.599294900894165,-0.6770637035369873,-0.367293119430542,-0.7809476852416992,0.643220841884613,False
357,-0.22550857067108154,0.11513467133045197,0.4602069854736328,0.7283273339271545,-0.358245849609375,-0.40762484073638916,-0.4177907705307007,0.4417647421360016,0.8201131224632263,0.24209265410900116,2.5270609855651855,-9.97134780883789,6.106849193572998,4.297873497009277,1.7341073751449585,2.826110601425171,-14.164350509643555,-0.6149053573608398,0.36556482315063477,-0.35643506050109863,-0.04518270492553711,0.9092409610748291,-0.2371206283569336,-0.040492817759513855,False
358,-0.1699722409248352,0.10907656699419022,0.21850848197937012,0.8131140470504761,-0.12001848965883255,-0.513821542263031,0.04174552857875824,-0.4465394616127014,-0.1862124353647232,2.7905163764953613,-0.01188590470701456,-6.312228679656982,4.183525562286377,2.433279514312744,-4.621819019317627,12.740996360778809,-21.69627571105957,0.1147611141204834,0.5419423580169678,-0.9800667762756348,-0.9358386993408203,0.9647202491760254,-0.6845710277557373,-0.49215322732925415,False
359,-0.13540852069854736,0.13640858232975006,0.017788881435990334,0.7784951329231262,-0.1807340532541275,-0.9124476313591003,0.45922377705574036,-0.20749686658382416,-0.35548847913742065,1.1151279211044312,1.0102721452713013,-3.445591449737549,-0.06946732848882675,-6.496816635131836,-11.502772331237793,16.475597381591797,-0.5683528780937195,0.4717142581939697,-0.010517358779907227,-0.27274608612060547,-0.6808595657348633,0.02826523780822754,-0.33937811851501465,0.489278644323349,False
360,-0.07835263013839722,0.04236111789941788,0.24765166640281677,0.49677354097366333,-0.4035639464855194,-1.0132861137390137,0.8818833231925964,-0.3468402624130249,1.0556374788284302,0.7265997529029846,-1.3196245431900024,7.0016045570373535,-11.98120403289795,6.29516077041626,-0.46802183985710144,7.621829986572266,-6.250588893890381,0.16799235343933105,-0.9932794570922852,0.6038753986358643,-0.9195711612701416,0.7395083904266357,-0.3665032386779785,0.8207725286483765,False
361,-0.020207762718200684,-0.01773102581501007,0.5774726867675781,-0.3539775013923645,0.21514059603214264,-0.8891299962997437,0.8508995175361633,-0.49373695254325867,0.9816815853118896,0.9889069199562073,0.14083844423294067,5.7208147048950195,-21.57190704345703,16.721519470214844,-0.8952909111976624,-1.8673487901687622,1.9688985347747803,0.024593591690063477,-0.07715177536010742,-0.1567237377166748,-0.7496464252471924,0.805229902267456,-0.8827321529388428,0.12132091820240021,False
362,-0.019545793533325195,-0.006361108738929033,0.6408811211585999,-0.6116194128990173,0.4014509320259094,-1.0058372020721436,0.8615904450416565,-0.5376598834991455,-0.4062291085720062,-0.06569445133209229,-2.4150519371032715,-1.4708247184753418,11.29201602935791,-7.231561660766602,0.8643784523010254,-0.7250275611877441,-1.6478335857391357,0.43300366401672363,0.9000916481018066,0.6647138595581055,-0.7364697456359863,-0.605557918548584,0.1814713478088379,-0.40698114037513733,False
363,-0.05712646245956421,-0.04575773701071739,0.4182528555393219,0.06947087496519089,0.18487448990345,-0.979550302028656,0.4232173264026642,0.047936491668224335,0.21553030610084534,-1.8033051490783691,-1.4318819046020508,-6.481668949127197,15.564569473266602,-1.0219345092773438,1.281252384185791,-10.77538013458252,14.496896743774414,0.7129361629486084,-0.19248342514038086,0.3836972713470459,0.005947113037109375,-0.018311262130737305,0.22977805137634277,0.09408529847860336,False
364,-0.11881810426712036,-0.12854129076004028,0.5116569399833679,0.3346020579338074,0.3274887502193451,-1.011989712715149,0.17019404470920563,0.4056830108165741,0.9335634112358093,-1.676527500152588,-0.6822051405906677,5.850832939147949,-0.49987614154815674,4.8506388664245605,0.22378909587860107,3.0154221057891846,-12.44301700592041,-0.7870285511016846,0.4000222682952881,-0.82720947265625,-0.1063532829284668,-0.1515791416168213,-0.5559177398681641,-0.01980951428413391,False
365,-0.18904483318328857,-0.21705827116966248,0.5259652733802795,0.7702176570892334,0.24222037196159363,-0.9217987060546875,0.2640293538570404,-0.3823191225528717,-1.0374319553375244,-1.9344558715820312,-0.806350827217102,-2.8159468173980713,11.35615062713623,-4.98956823348999,-0.6307232975959778,3.913686513900757,-19.265565872192383,0.8356993198394775,0.1258409023284912,-0.25953006744384766,-0.7451555728912354,0.2807278633117676,-0.36235880851745605,0.6624890565872192,False
366,-0.2724463641643524,-0.19957996904850006,0.7194035053253174,0.8034100532531738,0.10971581935882568,-0.9897733330726624,-0.013087843544781208,-0.11275278776884079,1.212493896484375,1.3373584747314453,4.28080940246582,-2.286324977874756,2.671799898147583,-3.425037384033203,-1.3504960536956787,-8.893315315246582,7.095513820648193,0.28209686279296875,0.11807560920715332,-0.31471753120422363,0.5192735195159912,0.7380530834197998,0.24762821197509766,1.3935617208480835,False
367,-0.2360154092311859,-0.13850684463977814,0.8698304295539856,0.6142305731773376,0.04390478879213333,-0.9907211661338806,-0.1573282927274704,0.1004105657339096,2.4682555198669434,1.5526514053344727,2.7914626598358154,3.3359487056732178,-3.9299354553222656,-3.4096202850341797,-4.322689056396484,4.202186107635498,1.611578345298767,-0.9053783416748047,0.6620187759399414,0.33364415168762207,0.9271595478057861,0.4808835983276367,0.6006855964660645,0.7989475727081299,False
368,-0.21483737230300903,-0.11569026112556458,0.7725847363471985,0.8237819671630859,-0.058192282915115356,-0.8357101678848267,-0.25090137124061584,0.4497954845428467,0.8165837526321411,-0.022904664278030396,-1.109136939048767,-6.629223823547363,10.311639785766602,-0.5136733055114746,3.8930776119232178,-1.8443629741668701,11.084525108337402,0.40575504302978516,0.03697776794433594,0.525493860244751,0.026604890823364258,-0.9343998432159424,-0.5091652870178223,1.8238900899887085,False
369,-0.19346290826797485,-0.05113691836595535,0.7563818097114563,0.5707753896713257,0.32320499420166016,-0.5619669556617737,-0.30564600229263306,0.18348468840122223,2.3714261054992676,-0.18078258633613586,0.19821231067180634,-0.4587041437625885,-3.6697874069213867,7.823896884918213,10.883794784545898,-6.414062976837158,-9.371947288513184,-0.2100973129272461,0.7061829566955566,0.17240118980407715,0.6452219486236572,0.5846457481384277,0.5066790580749512,1.3014352321624756,False
370,-0.2177601456642151,-0.012684809975326061,0.6512019038200378,0.5563343167304993,0.6109877228736877,-0.3328867554664612,-0.3268173933029175,-0.06884276121854782,1.3290437459945679,-0.9006103873252869,0.8327021598815918,-3.0925674438476562,2.6509714126586914,3.992055892944336,1.039481520652771,3.203979730606079,-1.2482234239578247,0.9487628936767578,0.6287484169006348,0.6501660346984863,0.656761646270752,0.37767744064331055,0.4850587844848633,1.078937292098999,False
371,-0.27842381596565247,-0.07707756012678146,0.6586695313453674,0.7457470297813416,0.7991890907287598,-0.052121274173259735,-0.323515385389328,0.06351407617330551,1.6148765087127686,-1.068190574645996,-1.3426474332809448,1.0984019041061401,6.008502006530762,2.3940274715423584,6.211932182312012,-1.8712714910507202,5.4150261878967285,0.5889999866485596,0.9043583869934082,0.3123021125793457,-0.5145306587219238,0.06773495674133301,0.34420180320739746,1.4690181016921997,False
372,-0.25480225682258606,-0.17690913379192352,1.0131731033325195,0.7611081004142761,0.6760063767433167,0.009099156595766544,-0.3615380525588989,0.5421273708343506,1.9501798152923584,1.3246530294418335,-1.2997938394546509,5.011149883270264,3.2871460914611816,-5.76825475692749,-2.179556131362915,-0.3290419578552246,11.0772705078125,0.9997920989990234,0.8252153396606445,0.26665472984313965,0.7744550704956055,0.5005807876586914,0.030811548233032227,1.389901876449585,False
373,-0.17418819665908813,-0.1748669296503067,1.0537428855895996,0.761634349822998,0.7973940372467041,0.035507071763277054,-0.016902409493923187,0.018082240596413612,2.7989134788513184,1.5128669738769531,-1.9931894540786743,1.3016009330749512,-1.2581804990768433,5.550622940063477,3.029552459716797,6.235287666320801,-10.606080055236816,-0.9594275951385498,-0.3738982677459717,0.5878162384033203,-0.05184054374694824,0.25614500045776367,0.6486911773681641,1.155707836151123,False
374,-0.11388397216796875,-0.0656038448214531,0.7999380230903625,0.8075227737426758,0.8002865314483643,-0.052118390798568726,0.18722549080848694,-0.07168537378311157,1.4149943590164185,1.422287940979004,3.4038829803466797,-10.570202827453613,4.339054107666016,0.31947609782218933,-1.7849541902542114,0.3327592611312866,5.473198413848877,0.10977029800415039,-0.0863485336303711,0.2728910446166992,-0.3523707389831543,0.10908198356628418,-0.9991793632507324,2.0401744842529297,False
375,-0.06691384315490723,0.008809266611933708,0.6940040588378906,0.5731955170631409,0.7605596780776978,-0.11883725225925446,0.6014371514320374,-0.526896595954895,1.4000221490859985,1.3969287872314453,1.9068679809570312,-0.031626347452402115,-7.792714595794678,0.6304751038551331,-1.0978013277053833,13.165471076965332,-20.865339279174805,-0.3619997501373291,0.6140873432159424,-0.17267537117004395,-0.9318604469299316,-0.6464886665344238,0.552356481552124,1.004866600036621,False
376,-0.010523378849029541,0.09823077917098999,0.437855988740921,0.5511685013771057,0.6238469481468201,-0.23624223470687866,0.24259158968925476,0.4767386019229889,0.135118767619133,1.4729970693588257,1.6873475313186646,-7.976632595062256,3.8883540630340576,-4.636900901794434,-2.508565664291382,-12.457486152648926,29.443389892578125,0.3751406669616699,-0.7690043449401855,0.7291512489318848,0.3958592414855957,-0.7644577026367188,0.9530668258666992,1.5035860538482666,False
377,0.04376816749572754,0.159499853849411,0.32992616295814514,0.26518020033836365,0.7817363142967224,-0.1328936666250229,0.10157868266105652,0.05645476281642914,2.704451084136963,0.9630852937698364,0.9671168327331543,2.1614580154418945,-12.802767753601074,8.677937507629395,6.104071617126465,-12.680914878845215,-0.22187568247318268,-0.4594113826751709,-0.6469213962554932,-0.2447528839111328,-0.7865407466888428,-0.1044762134552002,-0.07680630683898926,1.2255152463912964,False
378,0.06382036209106445,0.29692405462265015,0.30619266629219055,-0.17562724649906158,0.5938588976860046,-0.11950024962425232,-0.21871317923069,-0.06870918720960617,2.290767192840576,0.5461280345916748,2.038701295852661,-1.354288101196289,-9.118706703186035,-3.9998743534088135,-3.2158069610595703,-3.888305902481079,-1.8267420530319214,-0.5063941478729248,-0.5795159339904785,0.7308969497680664,-0.569056510925293,0.980907678604126,0.4303243160247803,0.5663821697235107,False
379,0.10130733251571655,0.4631902575492859,0.24464862048625946,-0.8264809250831604,0.7237645387649536,-0.5954717397689819,0.05756739154458046,-0.17723894119262695,0.5719403624534607,0.0238800048828125,2.6672396659851074,-1.968469500541687,-15.184642791748047,8.569645881652832,-11.630229949951172,10.964774131774902,-1.4451583623886108,-0.3799312114715576,-0.28601646423339844,-0.2758922576904297,0.8381397724151611,0.7890644073486328,-0.5166099071502686,-0.08889882266521454,False
380,0.09794753789901733,0.40849441289901733,-0.22486421465873718,-0.4253118336200714,0.5093259811401367,-0.7133124470710754,0.468945175409317,-0.49170616269111633,-0.6516440510749817,0.428607702255249,-2.809519052505493,-6.535344123840332,7.601592063903809,-4.97960901260376,2.1787524223327637,-3.3779940605163574,15.3430814743042,0.4504384994506836,0.3032863140106201,0.7859246730804443,0.5763719081878662,-0.5041170120239258,0.51181960105896,0.3708135485649109,False
381,0.07237118482589722,0.25674504041671753,-0.5435404181480408,-0.25308141112327576,0.6064134836196899,-0.3803088963031769,-0.10898862779140472,0.5726656317710876,0.36770230531692505,-1.3310694694519043,-3.8883886337280273,-1.7221611738204956,-1.4691162109375,5.702249050140381,9.030844688415527,-15.558019638061523,26.027572631835938,-0.44742298126220703,-0.7581357955932617,-0.5025172233581543,-0.5969781875610352,0.7493693828582764,0.19438886642456055,0.6205804944038391,False
382,0.0767022967338562,0.14684319496154785,-0.4544646739959717,-0.583789050579071,0.757469892501831,-0.48940780758857727,0.6460386514663696,-0.35351061820983887,0.7193805575370789,-0.20640432834625244,-2.738434076309204,3.923304557800293,-9.971036911010742,2.7524139881134033,-3.8239948749542236,18.878679275512695,-19.289581298828125,-0.27400875091552734,0.055281877517700195,-0.9482119083404541,0.022690534591674805,-0.5847513675689697,0.4879720211029053,0.4497784972190857,False
383,0.00782698392868042,0.09037172794342041,-0.4973328709602356,-0.7641791701316833,0.5295026898384094,-0.47850602865219116,0.6000113487243652,0.04396088793873787,0.9083040356636047,-1.056412696838379,-0.8578147292137146,-2.8197383880615234,1.4748953580856323,-10.883318901062012,1.161777138710022,-11.365554809570312,22.96541976928711,-0.9853415489196777,0.6737346649169922,0.402707576751709,0.4705784320831299,0.13088607788085938,-0.1610546112060547,0.5513007640838623,False
384,-0.08731687068939209,-0.06543673574924469,-0.5522772073745728,-0.6221998333930969,0.12021501362323761,-0.30180343985557556,0.46818622946739197,0.3014921545982361,1.843223214149475,-0.811227560043335,-4.153275012969971,0.908492386341095,0.30908751487731934,-4.979836463928223,5.093141078948975,5.739087104797363,-14.474069595336914,0.8601157665252686,-0.14362764358520508,0.5516395568847656,0.10227060317993164,-0.26108884811401367,0.8056256771087646,0.8352459669113159,False
385,-0.13064032793045044,-0.2610461115837097,-0.2789425551891327,-0.737941324710846,-0.08096867054700851,-0.044885098934173584,0.3845323920249939,0.31554535031318665,0.7288732528686523,-1.9898898601531982,-4.646908283233643,4.53353214263916,4.807064056396484,-5.683037281036377,4.595460891723633,-6.048855304718018,11.657927513122559,0.0665884017944336,-0.10974597930908203,0.6048922538757324,0.8412265777587891,0.9902763366699219,-0.32849740982055664,0.5488376617431641,False
386,-0.11072921752929688,-0.3489237129688263,-0.4118007719516754,-0.4571617543697357,-0.05600874125957489,-0.01061286497861147,0.5757468342781067,0.2960708737373352,-0.03228217735886574,1.0583497285842896,-0.4908343553543091,-4.729237079620361,5.816194534301758,2.8541338443756104,-0.1513066440820694,10.742952346801758,-9.925588607788086,-0.8170411586761475,-0.4303553104400635,0.7582125663757324,0.9854605197906494,0.03203749656677246,0.9791390895843506,0.1852308213710785,False
387,-0.06116980314254761,-0.36774179339408875,-0.5402998328208923,-0.4618266224861145,0.4047791659832001,0.14452999830245972,0.5254602432250977,0.5754900574684143,-0.13423343002796173,1.5278230905532837,0.9991776347160339,-4.345489501953125,-2.065866470336914,12.915022850036621,5.336122035980225,-5.216588497161865,8.00490665435791,0.4332263469696045,-0.8823757171630859,0.24901270866394043,0.8921627998352051,-0.710782527923584,0.5702810287475586,0.6762677431106567,False
388,-0.030240297317504883,-0.3969791531562805,-0.36789053678512573,-0.7314381003379822,0.598976731300354,0.6653340458869934,0.23972362279891968,0.3515297472476959,1.3930467367172241,-0.3951188623905182,-1.5351409912109375,3.4544432163238525,4.398293495178223,-13.903608322143555,13.350208282470703,-14.236432075500488,5.670865535736084,-0.9935202598571777,0.4762108325958252,-0.9342482089996338,0.9754130840301514,-0.034960269927978516,-0.14539813995361328,0.35781973600387573,False
389,-0.03115922212600708,-0.38330399990081787,-0.5500918030738831,-0.18435664474964142,-0.22253695130348206,0.7212053537368774,0.25654420256614685,0.40503644943237305,1.008204698562622,-0.24229517579078674,-2.674957513809204,0.4159211218357086,9.974766731262207,-16.71921730041504,-0.7883181571960449,7.003263473510742,-0.9181911945343018,-0.08089065551757812,0.8514559268951416,-0.029346704483032227,-0.6504325866699219,-0.5858914852142334,-0.07591390609741211,-0.11524271965026855,False
390,-0.014579594135284424,-0.3306743800640106,-0.5152742266654968,-0.09520058333873749,-0.17001326382160187,0.337816447019577,0.5131482481956482,0.5035020112991333,-1.567880392074585,1.1681838035583496,3.6119110584259033,-0.2781108319759369,1.4985443353652954,5.664495468139648,-8.029009819030762,3.586521863937378,-4.174345970153809,0.645897388458252,-0.41434478759765625,0.725290060043335,0.35549426078796387,-0.8801581859588623,0.23809099197387695,0.6014171838760376,False
391,-0.014882028102874756,-0.339045912027359,-0.12315410375595093,-0.5707346796989441,0.4077833294868469,0.47218579053878784,0.12140902876853943,0.47119221091270447,-0.03935296833515167,0.21640248596668243,2.3687381744384766,6.402769565582275,-12.100266456604004,7.385450839996338,3.663085699081421,-12.852678298950195,-0.6091277003288269,-0.8988049030303955,-0.5431122779846191,0.48814845085144043,-0.04336094856262207,-0.8959271907806396,0.3435401916503906,0.14542989432811737,False
392,0.08343428373336792,-0.013438927009701729,-0.3980598747730255,-0.8177348971366882,0.7158271670341492,0.5453610420227051,-0.7730193138122559,0.4813910722732544,-0.3479921221733093,0.42585206031799316,4.668354034423828,-6.1645097732543945,1.2355363368988037,4.382846832275391,4.577788352966309,-21.743797302246094,2.129268169403076,-0.014236211776733398,-0.5025949478149414,-0.10174036026000977,0.9735076427459717,-0.47478151321411133,-0.8045778274536133,0.24512287974357605,False
393,0.12450152635574341,0.14875176548957825,-0.4969048500061035,-0.8254497647285461,0.767390787601471,0.6544200778007507,-1.078035831451416,-0.3264646828174591,1.027565598487854,3.6217381954193115,2.92763352394104,-0.19852371513843536,2.403672218322754,-6.771883964538574,2.0404393672943115,4.7302117347717285,-31.643686294555664,-0.4007265567779541,0.7419798374176025,0.580791711807251,0.18495988845825195,-0.7894837856292725,-0.24929523468017578,0.4128776490688324,False
394,0.15723401308059692,0.1635936200618744,-0.4909605085849762,-0.5050054788589478,0.5109379887580872,0.5338732600212097,-1.2002674341201782,-0.014383826404809952,0.2436119168996811,0.7549129724502563,-2.7043423652648926,0.0832085907459259,9.30330753326416,-2.569620370864868,2.4002413749694824,-7.516887664794922,13.766433715820312,-0.6967277526855469,0.289165735244751,-0.6906530857086182,-0.4393577575683594,0.7749290466308594,-0.8718392848968506,0.3704847991466522,False
395,0.21399646997451782,0.075659841299057,-0.4637296199798584,0.045760661363601685,0.14419066905975342,0.16467325389385223,-0.4393487572669983,-0.38491103053092957,0.6225644946098328,-0.23294071853160858,-1.4545598030090332,0.1483764350414276,12.853336334228516,-10.489150047302246,-10.253586769104004,26.71950340270996,-21.4354248046875,-0.7063024044036865,0.9817728996276855,-0.7878923416137695,0.292034387588501,-0.6682562828063965,-0.413682222366333,0.1567930281162262,False
396,0.17164111137390137,-0.06728410720825195,-0.5029507279396057,0.8434391617774963,-0.4193269908428192,0.21026182174682617,-0.3868575692176819,-0.06184332072734833,0.05297396332025528,-2.4259722232818604,-0.12451620399951935,4.387651443481445,-6.108451843261719,12.824687957763672,-0.9593438506126404,-2.932513952255249,10.965812683105469,-0.05953693389892578,0.9872994422912598,0.49744272232055664,0.6765289306640625,-0.5348949432373047,0.10844874382019043,0.6215082406997681,False
397,0.16542887687683105,-0.01930324360728264,-0.3815001845359802,0.6200202107429504,0.24049338698387146,0.39399170875549316,-0.9489738941192627,0.5455915331840515,1.3317348957061768,-2.684300422668457,-3.06010365486145,8.578047752380371,-8.739899635314941,15.531986236572266,9.52031135559082,-4.938874244689941,-6.437142848968506,-0.07744741439819336,-0.8378121852874756,0.2509758472442627,-0.85666823387146,-0.5466649532318115,-0.6707859039306641,0.5830942392349243,False
398,0.1375078558921814,0.08173146843910217,-0.22440040111541748,0.24128325283527374,0.8244646191596985,0.5068719387054443,-0.9530614018440247,-0.3456588387489319,0.9182327389717102,-0.49302908778190613,1.048206090927124,7.63643741607666,-4.5512237548828125,-9.899418830871582,1.8192799091339111,-0.6829766631126404,-19.854299545288086,0.933722972869873,-0.44104456901550293,0.3080472946166992,0.5272047519683838,0.6379868984222412,-0.4579751491546631,1.1417592763900757,False
399,0.05860090255737305,0.11090612411499023,0.441866010427475,-0.2539137899875641,0.3130711317062378,0.45963144302368164,-1.1759741306304932,-0.1289522796869278,1.4663957357406616,-0.4148434102535248,1.0704847574234009,13.858168601989746,-11.006102561950684,-7.751317977905273,-0.0821005254983902,-3.6080870628356934,5.726327896118164,0.7029941082000732,0.2328777313232422,0.12362432479858398,0.6577932834625244,0.8437795639038086,0.14994072914123535,1.495701551437378,False
400,-0.05838686227798462,-0.00950827170163393,1.1025795936584473,-0.6997989416122437,0.07415896654129028,0.5124983191490173,-0.9929602146148682,-0.0530715212225914,0.5367282629013062,-0.6390143632888794,6.641976833343506,-14.392518043518066,12.978142738342285,-6.243396282196045,-8.85531234741211,7.733199119567871,-0.9135469198226929,-0.9156832695007324,-0.36991000175476074,-0.40169262886047363,0.7012057304382324,-0.5700960159301758,0.8360037803649902,-0.8003619909286499,False
401,-0.18974816799163818,0.06720258295536041,0.6307026743888855,-0.29291513562202454,0.005713857244700193,0.535497784614563,-1.1696242094039917,0.5350908637046814,-0.09554819017648697,-2.8629226684570312,3.675239324569702,-13.352310180664062,10.422898292541504,-3.4094367027282715,-7.457938194274902,6.9774556159973145,12.17997932434082,0.28545331954956055,-0.5880296230316162,0.5969853401184082,0.8944470882415771,0.18892598152160645,-0.3362717628479004,-0.2712266445159912,False
402,-0.270547091960907,0.17510917782783508,0.17087051272392273,-0.01568714901804924,0.11476027965545654,0.7201367616653442,-0.8034897446632385,-0.07957738637924194,0.0066508082672953606,0.35604578256607056,7.222119331359863,-9.784265518188477,1.4684786796569824,3.9862828254699707,-3.102391004562378,8.655342102050781,-16.441640853881836,-0.05237698554992676,-0.41138434410095215,-0.888491153717041,0.3547096252441406,0.5561668872833252,0.5782451629638672,0.47734397649765015,False
403,-0.1870725154876709,0.2587853670120239,0.19222143292427063,-0.07148291915655136,0.09412073343992233,0.6574202179908752,-0.49011126160621643,-0.501964271068573,0.005306249484419823,1.7548513412475586,-0.5628044605255127,3.903679609298706,-2.9043920040130615,-3.0945112705230713,0.49493029713630676,4.183391571044922,-4.63422155380249,-0.8440761566162109,-0.667194128036499,-0.462003231048584,-0.6778769493103027,0.7121927738189697,-0.1793973445892334,0.30329200625419617,False
404,-0.061477065086364746,0.3302682042121887,0.09571701288223267,-0.08254172652959824,-0.07389099895954132,0.38378143310546875,-0.07625674456357956,-0.49911031126976013,-0.014936835505068302,1.817286729812622,-0.5726112723350525,1.4453431367874146,-4.949605464935303,-0.5203548073768616,-6.068693161010742,13.316374778747559,-3.2525126934051514,-0.04188251495361328,0.6732132434844971,0.4310176372528076,-0.5383338928222656,-0.237091064453125,-0.7896742820739746,0.16360552608966827,False
405,0.0702710747718811,0.3841560482978821,-0.09482033550739288,0.0164912398904562,-0.174839586019516,0.10120581835508347,0.27788758277893066,-0.49975478649139404,-0.015619570389389992,1.7024441957473755,0.17735686898231506,-5.568431377410889,4.438083648681641,0.08079519867897034,-2.8129615783691406,3.2604176998138428,2.2863669395446777,0.2327592372894287,-0.8147835731506348,0.10269999504089355,0.8186733722686768,-0.30500268936157227,0.6880536079406738,0.1470535546541214,False
406,0.14806586503982544,0.41514870524406433,-0.1867092400789261,-0.11247648298740387,-0.041078612208366394,0.22421209514141083,-0.11041062325239182,0.13552150130271912,1.1134450435638428,1.7584224939346313,2.1075472831726074,0.2052174210548401,-7.307999134063721,3.5220301151275635,2.927358388900757,-14.229763984680176,21.00275421142578,-0.059056758880615234,-0.35256123542785645,0.4394972324371338,0.47837257385253906,-0.5525162220001221,-0.8464798927307129,0.42455869913101196,False
407,0.19401663541793823,0.46538811922073364,-0.061749935150146484,-0.6499345302581787,0.32567402720451355,0.5428348183631897,-0.635927677154541,0.40802255272865295,1.155198574066162,1.4574178457260132,2.004810094833374,-0.22338487207889557,-10.034745216369629,8.697920799255371,7.672409534454346,-7.336272716522217,-9.531378746032715,-0.5590314865112305,-0.9902138710021973,-0.6283998489379883,-0.6729021072387695,-0.5374772548675537,-0.2436985969543457,-0.1534700244665146,False
408,0.2068425416946411,0.5465478301048279,-0.24078615009784698,-0.6728823781013489,0.3348168134689331,0.7183739542961121,-0.8726099133491516,-0.031756363809108734,-0.26620572805404663,-0.3177197575569153,1.2415282726287842,-4.423523426055908,2.993875503540039,-3.5171995162963867,0.3536500632762909,-3.6001272201538086,-7.646676540374756,0.2996490001678467,0.5945420265197754,0.5823583602905273,-0.3889756202697754,-0.5638465881347656,-0.5838766098022461,0.0011627674102783203,False
409,0.21085882186889648,0.6496901512145996,-0.5424336791038513,-0.4951486587524414,0.2828225791454315,0.6390864253044128,-1.0095798969268799,-0.5602627992630005,-0.6017797589302063,-1.21956467628479,-0.7602056264877319,3.7685773372650146,-2.900268793106079,0.9460251331329346,0.48399558663368225,-7.225466251373291,-1.0717898607254028,0.08494949340820312,0.6464822292327881,-0.6003124713897705,-0.761488676071167,-0.9546236991882324,-0.5965762138366699,0.5931723713874817,False
410,0.21255874633789062,0.7222722768783569,-0.47786206007003784,-0.4314567446708679,-0.01741049624979496,0.31137117743492126,-1.1515225172042847,-0.43780994415283203,1.4153683185577393,0.2511901259422302,-0.550885796546936,3.3089308738708496,3.2733893394470215,-9.378373146057129,-2.974353313446045,-1.9456450939178467,-4.779093265533447,0.5674526691436768,-0.1461315155029297,0.2306983470916748,-0.7399868965148926,-0.7704596519470215,0.9672517776489258,0.5620108842849731,False
411,0.1659160852432251,0.7229294180870056,-0.13029615581035614,-0.5848941802978516,-0.29292863607406616,-0.08767127990722656,-1.2247589826583862,-0.05369443818926811,1.2670668363571167,0.0846448764204979,0.5754529237747192,8.484664916992188,-4.926855087280273,-4.956372261047363,-12.572334289550781,1.941005825996399,14.606939315795898,0.40236330032348633,-0.7169415950775146,-0.25145769119262695,-0.1142573356628418,0.3783860206604004,-0.43625593185424805,0.7973460555076599,False
412,0.10618239641189575,0.6288849711418152,0.31180113554000854,-0.7807440757751465,-0.3721136748790741,-0.46988222002983093,-0.8879318237304688,0.0910281091928482,-0.016647368669509888,-2.0133750438690186,-1.013428807258606,3.7219655513763428,-2.6988000869750977,10.413106918334961,-6.0492143630981445,9.342484474182129,-5.1417927742004395,-0.3814237117767334,0.7626135349273682,0.36130690574645996,0.4676635265350342,0.760718822479248,0.11213064193725586,0.20540370047092438,False
413,0.02455878257751465,0.49145087599754333,0.447453111410141,-0.4758690595626831,-0.11404523998498917,-0.6962152123451233,-0.30388912558555603,-0.21122115850448608,0.35697537660598755,-3.131849765777588,-5.332048416137695,1.7795627117156982,11.195352554321289,4.944459438323975,-1.9655959606170654,14.225399017333984,-7.173786640167236,-0.45416927337646484,-0.9835841655731201,-0.9920954704284668,-0.3930220603942871,-0.40198183059692383,-0.0025262832641601562,-0.15270721912384033,False
414,-0.09230083227157593,0.40067973732948303,0.45642614364624023,-0.11718714237213135,-0.013641702942550182,-0.7632482051849365,-0.03484473004937172,-0.3657786250114441,0.5317153930664062,-1.9200284481048584,-2.2231667041778564,2.0050623416900635,2.547384262084961,0.9180675148963928,0.17127299308776855,-1.8935636281967163,0.4518212676048279,0.11474752426147461,-0.02562570571899414,-0.11373376846313477,-0.285675048828125,-0.15867877006530762,0.4365043640136719,-0.5327536463737488,False
415,-0.16094905138015747,0.27854135632514954,0.5942825675010681,-0.002368450630456209,-0.0012025833129882812,-0.7107757925987244,-0.38712963461875916,-0.05806790664792061,-0.10548924654722214,-1.9990164041519165,-1.210033893585205,0.0834106057882309,4.142172813415527,-0.9600058197975159,-1.2341327667236328,-7.393143653869629,10.089156150817871,-0.7203617095947266,-0.24621272087097168,0.8069164752960205,0.48744988441467285,-0.18297100067138672,-0.05951333045959473,-0.36574405431747437,False
416,-0.25068381428718567,0.22663524746894836,0.5579835176467896,0.01798725500702858,0.3375767767429352,-0.7094602584838867,-0.8113845586776733,0.35377007722854614,-0.48908528685569763,-1.0906473398208618,0.030738018453121185,-1.9303405284881592,-1.8185980319976807,11.850296974182129,-0.035672057420015335,-8.9491548538208,6.486997127532959,0.45551586151123047,0.8664286136627197,0.802879810333252,-0.04619717597961426,-0.29673123359680176,0.2943863868713379,-0.30513811111450195,False
417,-0.33334532380104065,0.09983973205089569,0.4504809081554413,0.19963105022907257,0.8219582438468933,-0.5739372372627258,-1.126420021057129,0.4014624357223511,-0.8822276592254639,-0.472504198551178,-4.485315799713135,-0.9791508913040161,12.36699390411377,-3.670466423034668,5.66874885559082,-6.207366943359375,-3.3599343299865723,-0.06958627700805664,-0.7534356117248535,-0.7556812763214111,0.08249568939208984,-0.500079870223999,0.4347071647644043,-0.642096996307373,False
418,-0.34540945291519165,0.00469768512994051,0.5111358761787415,0.4156714975833893,0.46245789527893066,-0.6434490084648132,-1.2076175212860107,0.4123762845993042,-0.7022343873977661,2.1290063858032227,3.527261257171631,-2.231952667236328,-2.3061113357543945,-5.783954620361328,-3.9652838706970215,-7.2369465827941895,6.0671257972717285,0.08101582527160645,0.596498966217041,0.1040048599243164,-0.13226842880249023,0.32131123542785645,0.646294116973877,-0.8296019434928894,False
419,-0.2967483699321747,0.0266753900796175,0.403501033782959,0.5759878158569336,0.13585910201072693,-0.8985382318496704,-1.0225465297698975,0.4585138261318207,-1.4008008241653442,0.43292713165283203,-1.101256251335144,-0.7218535542488098,4.694332122802734,-6.026519298553467,-3.419950008392334,6.076415538787842,-2.1736555099487305,-0.9519200325012207,-0.6206562519073486,0.8119173049926758,0.9625627994537354,0.04051327705383301,-0.6087677478790283,-0.8073408603668213,False
420,-0.26027214527130127,0.0301041342318058,0.18984538316726685,0.6200294494628906,0.3078472316265106,-0.8508419394493103,-0.7713339924812317,-0.08616495877504349,-0.5647150278091431,1.293144941329956,0.5336883664131165,-6.8932204246521,-1.8950501680374146,10.79608154296875,5.147032260894775,2.500113010406494,-16.78177261352539,0.9363558292388916,0.8875267505645752,-0.05373096466064453,0.021266460418701172,-0.12688541412353516,-0.050122737884521484,-0.5587422251701355,False
421,-0.24681329727172852,-0.025981606915593147,0.04068145900964737,0.6888741254806519,0.5114866495132446,-0.612897515296936,-0.8005606532096863,-0.38383418321609497,0.013284619897603989,-0.819568395614624,-1.5886247158050537,-0.907221794128418,4.313419342041016,-1.103650450706482,3.507077217102051,-6.093337535858154,11.505512237548828,0.7640347480773926,-0.4636666774749756,-0.19493460655212402,-0.2692594528198242,-0.7176511287689209,-0.6502814292907715,-0.0757981389760971,False
422,-0.2627990245819092,-0.06811517477035522,0.2623130977153778,0.5442068576812744,0.47519078850746155,-0.4493694007396698,-1.1137542724609375,-0.13099472224712372,0.9548705816268921,-0.04690545052289963,-0.7960706353187561,7.933350086212158,-7.02089786529541,-1.0840846300125122,3.017841100692749,-5.858634948730469,-0.22520756721496582,0.2138073444366455,0.6643993854522705,0.07308554649353027,-0.9953370094299316,0.2670471668243408,-0.6784679889678955,-0.3439599871635437,False
423,-0.3135654926300049,-0.0805373564362526,0.5094457268714905,0.4261779189109802,0.3367883265018463,-0.6070013046264648,-0.9181900024414062,-0.5602074265480042,-0.9239572286605835,-1.0753974914550781,-1.281090497970581,4.508418083190918,0.8410853147506714,-3.8598570823669434,-6.2653913497924805,1.6364789009094238,4.281254291534424,0.5811071395874023,-0.8056154251098633,0.2008037567138672,0.47546815872192383,-0.07451868057250977,0.3027608394622803,0.7456775903701782,False
424,-0.3288668990135193,-0.009631512686610222,0.7362014055252075,0.053476087749004364,0.45387735962867737,-0.814609944820404,-1.2550194263458252,0.2742200791835785,1.2964924573898315,-0.47563475370407104,1.2170932292938232,8.518956184387207,-13.763349533081055,5.262447834014893,-3.060717821121216,-1.9950006008148193,12.319416046142578,0.8460278511047363,-0.4282643795013428,-0.14939212799072266,-0.2917501926422119,0.48795318603515625,0.006882905960083008,0.5481986403465271,False
425,-0.3219548761844635,0.0014128751354292035,1.0322415828704834,-0.43732187151908875,0.6199113726615906,-1.03346848487854,-0.922995388507843,0.495886892080307,0.5545182228088379,-1.3019933700561523,0.22983714938163757,-4.918463706970215,0.5168668031692505,2.5914175510406494,4.004709720611572,0.8310165405273438,1.7635143995285034,-0.6047008037567139,0.40509843826293945,0.6606478691101074,0.8625326156616211,0.7271809577941895,-0.6831369400024414,-0.24176445603370667,False
426,-0.29303866624832153,0.007375326473265886,0.9743242859840393,-0.42002129554748535,0.7783051133155823,-0.9723201990127563,-0.23828575015068054,-0.1709027737379074,-0.4400518536567688,0.5849516987800598,-0.17927515506744385,-3.658947467803955,9.814507484436035,-6.881778717041016,3.3512163162231445,18.04490852355957,-23.424531936645508,-0.956864595413208,-0.43134641647338867,-0.5359747409820557,-0.6007487773895264,-0.9802665710449219,0.6934208869934082,-0.3808409571647644,False
427,-0.28433704376220703,0.12631334364414215,0.35751697421073914,0.2184331715106964,0.49121972918510437,-0.8114027976989746,-0.12786094844341278,-0.33734750747680664,-0.49878254532814026,0.12136608362197876,3.245436668395996,-11.271833419799805,7.525008201599121,-3.424304723739624,-0.0743718221783638,-6.174792289733887,12.825499534606934,-0.5310020446777344,-0.5857810974121094,0.852532148361206,-0.6895296573638916,0.010013818740844727,-0.995934247970581,-0.3108074963092804,False
428,-0.26577162742614746,0.2665592432022095,-0.07795080542564392,0.2102789580821991,0.7819051146507263,-1.0059268474578857,-0.040277689695358276,-0.3338269591331482,0.8686792850494385,1.8404377698898315,-0.1312040090560913,-9.440942764282227,-0.17237474024295807,11.541009902954102,5.189518928527832,-3.1829116344451904,-8.585954666137695,0.9078762531280518,-0.6319940090179443,0.8778738975524902,-0.6982879638671875,-0.024772167205810547,-0.9315125942230225,-0.004176676273345947,False
429,-0.17493653297424316,0.23824883997440338,-0.05120183527469635,-0.08347464352846146,0.6561421751976013,-0.9569286704063416,-0.19351918995380402,-0.3834552764892578,0.6366273760795593,1.7640175819396973,1.9969323873519897,3.6248393058776855,-13.679649353027344,0.9855719208717346,-5.309630393981934,0.9233819842338562,0.15283174812793732,0.5608997344970703,0.08785653114318848,0.9490096569061279,0.8728737831115723,0.9951026439666748,-0.2559511661529541,0.6499008536338806,False
430,-0.09481155872344971,0.1678134799003601,0.30956095457077026,-0.7111494541168213,0.7759547233581543,-0.9090839624404907,-0.09669351577758789,-0.4330722987651825,0.4385887682437897,1.6557011604309082,-4.109432697296143,12.212810516357422,-7.356252670288086,-6.698637008666992,3.266103744506836,3.4850900173187256,2.6696701049804688,0.23522496223449707,0.7784221172332764,0.17425227165222168,0.5181479454040527,0.2569007873535156,-0.7763557434082031,0.705984890460968,False
431,-0.01583278179168701,0.064641572535038,0.606917679309845,-0.6881452202796936,0.36352047324180603,-0.7826861143112183,0.13931331038475037,-0.4446222484111786,0.883745014667511,0.9922431111335754,-4.288735866546631,5.848334312438965,3.5667550563812256,-7.306663513183594,5.02122163772583,4.14142370223999,0.6107527613639832,-0.6537222862243652,0.2930741310119629,-0.7627267837524414,-0.08660340309143066,-0.4327988624572754,-0.8615179061889648,0.022908851504325867,False
432,0.02921849489212036,-0.014734004624187946,0.5904746651649475,-0.2002386599779129,-0.20927409827709198,-0.6716755628585815,0.2723692059516907,-0.4534790813922882,0.3962867856025696,-0.15854807198047638,-1.0763086080551147,-3.8920531272888184,12.991310119628906,-12.784041404724121,1.359095573425293,1.3804889917373657,0.05505133420228958,-0.11114215850830078,0.5223171710968018,0.8294758796691895,-0.03971266746520996,0.2924225330352783,-0.4337029457092285,-0.5178189873695374,False
433,0.05010503530502319,-0.04916836693882942,0.3356437683105469,0.3202660381793976,-0.31267207860946655,-0.6912469863891602,0.45240694284439087,-0.48274925351142883,-0.26425430178642273,0.47431665658950806,0.3276897072792053,-8.915741920471191,10.775096893310547,6.4115142822265625,-1.8095983266830444,5.502014636993408,-1.6091827154159546,-0.8803853988647461,0.021123647689819336,-0.8440313339233398,0.33930206298828125,-0.9330923557281494,-0.06297469139099121,-0.40910929441452026,False
434,0.023711025714874268,-0.04916851595044136,-0.11844133585691452,0.8184313178062439,-0.12301070988178253,-0.49131760001182556,0.15092751383781433,-0.29732468724250793,-0.31747007369995117,-0.45151713490486145,0.697847306728363,-0.9682576656341553,-7.4867143630981445,9.411293983459473,4.819735050201416,-12.823177337646484,7.900094032287598,0.4820578098297119,-0.07143759727478027,0.6575794219970703,0.7389953136444092,0.5039732456207275,-0.9187750816345215,0.6847327947616577,False
435,0.028749287128448486,0.033376313745975494,-0.24692212045192719,0.510516881942749,0.3533782660961151,-0.2579854428768158,-0.10689447075128555,-0.48360463976860046,0.8285788893699646,-1.1390548944473267,-1.2982786893844604,2.276658535003662,-9.761340141296387,12.080263137817383,9.367350578308105,-13.912930488586426,17.534605026245117,-0.7008109092712402,-0.907545804977417,-0.5254056453704834,0.3414475917816162,-0.9669508934020996,-0.6020269393920898,0.23059779405593872,False
436,-0.001627802848815918,0.14714178442955017,-0.284618616104126,0.042471859604120255,0.7614517211914062,0.02654503658413887,-0.7998875975608826,0.08841751515865326,0.9667370915412903,-1.0800697803497314,3.112867593765259,-0.5159003734588623,-11.285346984863281,6.3275933265686035,5.283820629119873,-14.668715476989746,6.617699146270752,-0.1311028003692627,-0.7726507186889648,0.9840428829193115,0.9237263202667236,0.5920803546905518,-0.2354564666748047,0.18017011880874634,False
437,-0.07036924362182617,0.2547417879104614,-0.24347491562366486,-0.49918264150619507,0.7681461572647095,0.3582107722759247,-1.1870735883712769,-0.041742078959941864,0.5766178369522095,-1.245709776878357,2.2085132598876953,-0.0882735550403595,-13.73597240447998,4.880814075469971,6.595267295837402,-2.127948045730591,-9.573858261108398,0.4850335121154785,-0.22234797477722168,-0.05297088623046875,-0.9670326709747314,0.3171846866607666,0.450711727142334,-0.0905178040266037,False
438,-0.10010170936584473,0.37383854389190674,-0.20342546701431274,-0.6966768503189087,0.3753611147403717,0.23814146220684052,-0.9956934452056885,-0.18752212822437286,-0.22193104028701782,0.3918437957763672,2.6739790439605713,-1.9751040935516357,5.332137584686279,-14.20038890838623,-7.487473011016846,6.106612205505371,2.6280124187469482,0.2913169860839844,0.8082644939422607,0.6704981327056885,0.323958158493042,0.2766289710998535,0.5250990390777588,-0.2873211205005646,False
439,-0.17337942123413086,0.39545300602912903,-0.3513926863670349,-0.35443758964538574,-0.028955096378922462,0.1558111608028412,-0.9237917065620422,0.1530022770166397,-0.32990410923957825,-0.4109950661659241,-0.34338119626045227,-4.228976249694824,10.278935432434082,-6.320393085479736,2.9250593185424805,-5.8333234786987305,11.38985824584961,-0.3338761329650879,0.5929138660430908,-0.9025137424468994,0.5735716819763184,0.45044469833374023,0.9927303791046143,-0.4840056598186493,False
440,-0.19696545600891113,0.20989182591438293,-0.45616915822029114,0.2799309194087982,-0.42014262080192566,0.4333591163158417,-1.0407636165618896,0.2799767255783081,0.11354131251573563,-1.3070099353790283,-4.4954400062561035,-3.658604621887207,7.900023460388184,8.277664184570312,4.713531017303467,6.421576976776123,-11.280776023864746,0.7193024158477783,-0.862267255783081,0.4562952518463135,-0.7268309593200684,-0.0241849422454834,0.4448983669281006,-0.6201341152191162,False
441,-0.17606961727142334,0.13569936156272888,-0.40191325545310974,0.13853824138641357,0.2091452181339264,0.34666749835014343,-0.7747591137886047,0.1533685028553009,0.3282207250595093,-0.5520659685134888,-2.17629075050354,9.452462196350098,-14.877387046813965,16.238981246948242,-4.406253337860107,5.331647872924805,4.1033196449279785,0.08088827133178711,0.6069197654724121,0.5328042507171631,-0.17470383644104004,0.5995192527770996,0.9148683547973633,-0.04737889766693115,False
442,-0.12075018882751465,0.14999693632125854,-0.45072346925735474,0.11541111022233963,0.5789941549301147,0.04704761877655983,-0.4928054213523865,0.4658164381980896,0.26457321643829346,1.415088176727295,0.2690039575099945,-5.092641830444336,6.314803123474121,4.301366806030273,-5.217391490936279,15.299534797668457,-13.72594165802002,-0.5967226028442383,-0.8084306716918945,-0.7675893306732178,0.8138034343719482,-0.5085060596466064,0.1955711841583252,0.3063928484916687,False
443,-0.06536436080932617,0.10997612029314041,-0.5435193777084351,0.2406182736158371,0.6960761547088623,0.22032110393047333,-0.4835326671600342,0.23739463090896606,0.09129065275192261,1.1151458024978638,1.4026553630828857,-2.271667957305908,1.522477626800537,-1.0818333625793457,4.46730375289917,-6.6560869216918945,0.740542471408844,0.4482388496398926,-0.8336648941040039,-0.9948678016662598,0.7685437202453613,-0.8673610687255859,0.3104841709136963,0.6881742477416992,False
444,-0.03798508644104004,0.15918588638305664,-0.28032323718070984,-0.10057112574577332,0.4875815510749817,0.6609019041061401,-1.2111706733703613,0.5202381014823914,1.1591808795928955,0.5188446640968323,2.1358869075775146,6.673993110656738,-10.350503921508789,-6.793190002441406,10.687727928161621,-11.877187728881836,-8.631340980529785,-0.3354613780975342,0.212937593460083,0.2594752311706543,0.01981949806213379,-0.791745662689209,-0.2047133445739746,0.7610501646995544,False
445,0.00027501583099365234,0.2257433831691742,-0.02175401896238327,-0.5254916548728943,0.2790895998477936,0.7018293738365173,-1.086634874343872,-0.24232381582260132,0.9671191573143005,0.9274779558181763,-0.35815197229385376,5.981228828430176,-7.636074066162109,-2.2748279571533203,-0.9040526151657104,-0.41083914041519165,-10.092395782470703,-0.238084077835083,0.7663261890411377,0.5693066120147705,-0.5099136829376221,0.9690806865692139,-0.8122916221618652,-0.16407930850982666,False
446,0.007785201072692871,0.3137737214565277,-0.14187155663967133,-0.47953781485557556,0.1881747841835022,0.23027299344539642,-0.8061911463737488,-0.22391758859157562,-0.4287175238132477,0.361571729183197,0.8711017966270447,-6.564703941345215,7.042607307434082,-0.6089198589324951,-9.203079223632812,6.048306465148926,7.1364240646362305,-0.4040532112121582,0.4300105571746826,0.862389326095581,-0.22144246101379395,-0.15697479248046875,-0.13022685050964355,-0.4924476146697998,False
447,-0.02767091989517212,0.32603055238723755,-0.5516941547393799,-0.07088679820299149,0.39665085077285767,-0.09654229879379272,-0.6173621416091919,0.06125501170754433,-0.5015630125999451,-1.3177845478057861,1.5105117559432983,-11.551172256469727,10.830719947814941,6.493116855621338,-6.966164588928223,3.361396074295044,4.203895568847656,-0.7257363796234131,0.622711181640625,-0.8362557888031006,0.21450495719909668,-0.4247252941131592,0.008215665817260742,0.3130674362182617,False
448,-0.09657037258148193,0.25178423523902893,-0.5248655080795288,0.24877537786960602,0.2625800669193268,-0.05257123336195946,-0.7747119665145874,0.34647801518440247,1.4179555177688599,-2.0328712463378906,-0.2973872721195221,0.9345104098320007,7.034475803375244,-8.38188362121582,2.2914981842041016,-5.415761470794678,5.711618900299072,0.9500060081481934,0.5600459575653076,-0.817375898361206,0.6127960681915283,-0.7265458106994629,-0.728506326675415,0.71827232837677,False
449,-0.20656126737594604,0.12528035044670105,-0.08607061952352524,0.5460764169692993,-0.4443650543689728,0.32869815826416016,-1.1787025928497314,0.28636038303375244,1.7248889207839966,-2.1597795486450195,-2.1036581993103027,11.830482482910156,6.68442440032959,-19.13035011291504,6.8217854499816895,-6.832454681396484,-7.410207748413086,0.4218294620513916,0.16900062561035156,0.784416675567627,0.6437861919403076,-0.9317567348480225,-0.40743422508239746,1.1406818628311157,False
450,-0.32218995690345764,-0.01223841030150652,0.43435004353523254,0.35858696699142456,0.17774511873722076,0.6704964637756348,-1.185655117034912,-0.4974132180213928,1.5708191394805908,-1.9148914813995361,-4.008537292480469,8.441546440124512,2.2772538661956787,11.939977645874023,8.537461280822754,3.557936191558838,-21.650070190429688,0.24474406242370605,0.9514760971069336,-0.8264760971069336,0.09845805168151855,-0.4874711036682129,-0.8756637573242188,0.7982748746871948,False
451,-0.34872910380363464,0.010021544061601162,0.5325859785079956,0.7445460557937622,0.3609071671962738,0.5099354982376099,-1.1266433000564575,-0.3158574104309082,0.14032836258411407,0.16032913327217102,-0.6247990727424622,2.927173614501953,7.492672443389893,-0.4433440566062927,0.8156390190124512,-0.6381412148475647,-1.0391197204589844,0.7535519599914551,-0.5863926410675049,0.03683114051818848,0.7946994304656982,0.225722074508667,-0.35854506492614746,2.18157958984375,False
452,-0.33852899074554443,0.06867510825395584,0.945286214351654,0.7037925124168396,0.47202804684638977,0.5188053250312805,-1.0506558418273926,-0.4553559720516205,2.610670566558838,-0.5587511658668518,-0.8500247001647949,13.556841850280762,-4.532732009887695,2.9010205268859863,6.7968878746032715,-6.279818058013916,8.62661361694336,-0.5653953552246094,0.4339315891265869,-0.18349385261535645,0.5278239250183105,0.16532468795776367,0.3001139163970947,1.111563801765442,False
453,-0.36803582310676575,0.13863612711429596,1.068105936050415,0.7133642435073853,0.7175809741020203,0.6503163576126099,-1.187659502029419,-0.051954034715890884,2.0846445560455322,0.9736757278442383,3.6706809997558594,-0.8884555101394653,-4.871957778930664,9.36378002166748,-1.6876530647277832,-0.46695566177368164,6.703821182250977,-0.9515244960784912,0.05258965492248535,0.16741371154785156,-0.5912575721740723,0.35683226585388184,0.19215679168701172,1.8100626468658447,False
454,-0.30335986614227295,0.22954124212265015,0.865330159664154,0.787841796875,0.7534860372543335,0.5683287382125854,-1.186523675918579,0.1350262314081192,1.2669144868850708,1.94902765750885,1.4113603830337524,-6.717658042907715,6.00570011138916,-6.625955581665039,-1.2835068702697754,-0.17423170804977417,2.7672243118286133,0.4233839511871338,-0.342479944229126,0.9472284317016602,-0.8719933032989502,-0.11736512184143066,0.7843799591064453,1.6268951892852783,False
455,-0.17595499753952026,0.258173406124115,0.8559160232543945,0.5363747477531433,0.766566812992096,0.35648664832115173,-1.1031218767166138,0.5438565015792847,2.099689483642578,2.225039005279541,0.5910455584526062,3.7001864910125732,-9.578137397766113,-1.3171894550323486,-7.762366771697998,13.201111793518066,-8.941327095031738,0.7569725513458252,0.769195556640625,-0.052466392517089844,-0.5290775299072266,0.34934544563293457,0.8206422328948975,1.4438544511795044,False
456,-0.05851256847381592,0.23836591839790344,1.0363638401031494,0.31910064816474915,0.5125125050544739,0.0036661496851593256,-0.5587435960769653,0.36844342947006226,0.8936225175857544,1.7423665523529053,0.44180992245674133,-4.648530006408691,6.213510990142822,-7.710888385772705,-8.00825309753418,7.699698448181152,5.987208843231201,0.08019590377807617,0.4014105796813965,-0.9768009185791016,0.4736471176147461,0.594355583190918,-0.6488420963287354,0.5723530054092407,False
457,0.029945969581604004,0.19152633845806122,0.9780679941177368,0.6273074150085449,-0.10952036827802658,-0.20096437633037567,0.020456276834011078,0.07441673427820206,1.8351168632507324,1.9329538345336914,-1.1591508388519287,0.13745443522930145,7.904678821563721,-16.99791717529297,-3.647979497909546,15.752655029296875,-14.872856140136719,-0.8791215419769287,-0.45479559898376465,0.7282750606536865,0.40738487243652344,0.04917287826538086,-0.7995870113372803,1.1187851428985596,False
458,0.08149003982543945,0.17418254911899567,0.8044418692588806,0.7865269184112549,-0.3680403530597687,-0.16882164776325226,0.3859328031539917,-0.33515113592147827,2.064986228942871,1.0295168161392212,0.6697655320167542,-4.9999098777771,-3.305217981338501,4.908920764923096,1.7621060609817505,-7.602938175201416,19.286293029785156,0.3935506343841553,-0.8261885643005371,-0.9170136451721191,0.7586469650268555,-0.029408931732177734,-0.5047671794891357,1.8316612243652344,False
459,0.09545016288757324,0.15525853633880615,0.8526065945625305,0.4311108887195587,-0.3951401114463806,0.11788678169250488,0.16456371545791626,0.08543576300144196,2.604308843612671,-0.26014024019241333,-0.5182952284812927,5.489347457885742,-10.610208511352539,-4.846223831176758,6.433348178863525,-1.1484099626541138,0.4420529007911682,0.496518611907959,-0.4255509376525879,0.6499121189117432,0.3619709014892578,0.12443208694458008,-0.6152124404907227,2.5662426948547363,False
460,0.09096288681030273,0.1703326255083084,1.0118720531463623,-0.25666722655296326,-0.16535913944244385,0.3499299883842468,0.35041889548301697,-0.328215628862381,2.0961062908172607,-0.36846083402633667,1.4122586250305176,-5.057309627532959,-9.213638305664062,9.36209774017334,4.269580841064453,6.539894104003906,-15.493528366088867,-0.7375783920288086,-0.26050806045532227,0.6221463680267334,0.5433578491210938,-0.5206272602081299,-0.7663416862487793,1.1883941888809204,False
461,0.08130872249603271,0.3173920512199402,0.6766558885574341,-0.7672896981239319,0.4585297703742981,0.6154180765151978,0.020727109163999557,-0.20907022058963776,0.9513273239135742,-0.2987920045852661,3.751126527786255,-9.22568130493164,-9.12484073638916,14.290023803710938,6.258553981781006,-11.294198989868164,6.016239643096924,0.8334619998931885,-0.09092330932617188,-0.047762393951416016,0.7832765579223633,-0.6521179676055908,0.8834569454193115,0.01848098635673523,False
462,0.029335498809814453,0.42339012026786804,0.16889318823814392,-0.7158210873603821,0.7159061431884766,0.7309133410453796,-0.5252907872200012,0.6153700351715088,0.5816051363945007,-0.8716683387756348,0.5980443954467773,-5.27272891998291,-1.903072714805603,4.0027265548706055,-0.6028023362159729,0.44854605197906494,-0.746253490447998,0.052123069763183594,-0.5579149723052979,-0.4269719123840332,0.676781415939331,-0.8990888595581055,0.8497750759124756,0.8473344445228577,False
463,-0.03715193271636963,0.5180402994155884,-0.1097816675901413,-0.7841846942901611,0.6935341954231262,0.7160784602165222,-0.6064355373382568,0.18181051313877106,-0.32351043820381165,-2.5539557933807373,1.9396347999572754,-3.0284576416015625,-1.2418519258499146,-4.773186683654785,1.9608290195465088,-13.13714599609375,6.794021129608154,0.0008027553558349609,0.1486654281616211,-0.7469086647033691,-0.3742823600769043,0.7635722160339355,0.9571516513824463,0.6170145869255066,False
464,-0.13505637645721436,0.5797509551048279,-0.3701329231262207,-0.6558713316917419,0.2798917591571808,0.5675023794174194,-0.7574998736381531,0.42544540762901306,1.3913542032241821,-2.0437371730804443,-0.7428154945373535,-3.831796169281006,3.769319534301758,-10.659284591674805,-2.399780511856079,8.650012969970703,-9.80181884765625,0.31783127784729004,0.2719767093658447,0.6857872009277344,-0.36546945571899414,-0.0874185562133789,0.253803014755249,0.09152747690677643,False
465,-0.10646909475326538,0.4808638393878937,-0.44401612877845764,-0.6373708844184875,0.06225482001900673,0.695819079875946,-0.620405912399292,0.3453390896320343,0.7054980993270874,0.7717249393463135,-1.253990888595581,-2.9905917644500732,-3.332275867462158,2.9508512020111084,-2.844158172607422,6.07330322265625,3.70729398727417,0.48392653465270996,-0.302457332611084,-0.8247292041778564,-0.07765889167785645,-0.2535274028778076,0.5570840835571289,0.07959665358066559,False
466,-0.06788229942321777,0.3705877363681793,-0.36408209800720215,-0.7470393776893616,-0.18658871948719025,0.6380605697631836,-0.3647545576095581,0.4046315550804138,0.8124901652336121,1.1212542057037354,-0.945490300655365,-0.5639420747756958,3.794753313064575,-12.82730770111084,-2.261369228363037,4.380824089050293,-2.4943206310272217,-0.05373239517211914,0.31235384941101074,-0.6781830787658691,-0.2551381587982178,-0.04975104331970215,0.3982577323913574,0.3117945194244385,False
467,-0.07184624671936035,0.2870810031890869,-0.39375415444374084,-0.7171134352684021,-0.29074010252952576,0.5847213864326477,-0.2560204267501831,0.5207000374794006,-0.7330504059791565,0.8227789998054504,-0.29095232486724854,-4.164324760437012,2.032013416290283,2.564049243927002,-1.3213616609573364,4.186835765838623,-2.2091212272644043,-0.19241738319396973,0.30559635162353516,0.9586670398712158,0.27644896507263184,-0.8414549827575684,-0.5184595584869385,0.044724345207214355,False
468,-0.11387747526168823,0.2236471176147461,-0.531362771987915,-0.7024322748184204,0.08462782949209213,0.7300452589988708,-0.37313419580459595,0.22978375852108002,-0.7196429967880249,-1.0431149005889893,-0.9426373839378357,-0.01991993933916092,-2.101408004760742,9.503572463989258,4.266439914703369,-5.667909622192383,-7.483625411987305,-0.5891737937927246,-0.06336164474487305,-0.5859127044677734,0.6191072463989258,-0.7893199920654297,-0.13071537017822266,0.14633429050445557,False
469,-0.14001071453094482,0.22779645025730133,-0.5154221057891846,-0.7816073298454285,0.2668130695819855,0.7264856100082397,-0.6289428472518921,-0.008640704676508904,1.043062686920166,-2.42665696144104,-1.7734251022338867,3.5769994258880615,-0.0424971766769886,-1.5374222993850708,-1.1427568197250366,-4.700214385986328,-2.56213116645813,-0.2884650230407715,-0.3092477321624756,0.2815277576446533,-0.584374189376831,0.003710508346557617,0.39380383491516113,0.031664133071899414,False
470,-0.1729065179824829,0.2687986195087433,-0.47499513626098633,-0.783275842666626,0.23277436196804047,0.4212678074836731,-0.8944528102874756,0.1615711897611618,0.358840674161911,-0.07361552119255066,0.4554315507411957,1.327858328819275,-0.9479772448539734,-0.4578293561935425,-5.180093288421631,-9.36893081665039,8.847882270812988,-0.6174697875976562,-0.6308939456939697,-0.709742546081543,0.9618117809295654,0.32982730865478516,0.5068986415863037,-0.6673846244812012,False
471,-0.19024556875228882,0.28655806183815,-0.5247806310653687,-0.7586962580680847,0.10686951130628586,0.26104238629341125,-1.1425960063934326,0.48294734954833984,-0.04669246822595596,-0.9791175723075867,-1.3072268962860107,-0.08193004131317139,-0.15522131323814392,-3.399460792541504,-2.3808159828186035,2.842104911804199,2.5298092365264893,-0.1263425350189209,-0.6673333644866943,-0.3970668315887451,0.4839811325073242,-0.4627420902252197,-0.057164669036865234,-0.18836015462875366,False
472,-0.2115926742553711,0.23041866719722748,-0.476167231798172,-0.7860472798347473,-0.16585351526737213,0.3491198718547821,-1.1984224319458008,0.3444995880126953,-0.20396654307842255,-1.8401310443878174,0.4225996434688568,0.2553398907184601,-1.8745366334915161,-5.522876739501953,1.2352051734924316,-0.797351062297821,-5.074383735656738,-0.7138757705688477,0.600839376449585,-0.6779770851135254,-0.13478517532348633,0.8044967651367188,0.5949375629425049,-0.27820438146591187,False
473,-0.273282527923584,0.13357920944690704,-0.5391315817832947,-0.674371063709259,-0.35190922021865845,0.3884121775627136,-1.1306744813919067,0.34066906571388245,-0.2788596749305725,-0.8884883522987366,-1.9093786478042603,-2.2638797760009766,0.4323001503944397,5.854739665985107,-3.7951314449310303,6.522071361541748,2.6190621852874756,0.5268805027008057,0.4347190856933594,0.350604772567749,0.8322906494140625,-0.523463249206543,-0.23142385482788086,-0.7908125519752502,False
474,-0.26905372738838196,0.04835996776819229,-0.5355862975120544,-0.6244128942489624,-0.17822177708148956,0.5144315958023071,-1.206538200378418,0.41304320096969604,-0.10317039489746094,0.6679756045341492,-0.5365208983421326,0.4608543813228607,0.9113670587539673,0.9206042885780334,-0.31903138756752014,4.638757705688477,-4.991992473602295,-0.38572168350219727,-0.21152997016906738,0.8379852771759033,0.11064720153808594,-0.4754481315612793,0.8568365573883057,-0.7055969834327698,False
475,-0.1794939637184143,0.06877417862415314,-0.5116649270057678,-0.7995307445526123,0.06543444097042084,0.5020199418067932,-1.1379833221435547,0.4994548559188843,-0.989220917224884,2.1449813842773438,0.16552114486694336,-0.17569619417190552,-5.125245571136475,8.890851020812988,1.474503517150879,0.7108415961265564,1.200014591217041,0.40293383598327637,-0.2528238296508789,0.2487013339996338,-0.343017578125,0.9155075550079346,-0.5734694004058838,-0.6714569330215454,False
476,-0.093330979347229,-0.004289259202778339,-0.4573373794555664,-0.7948023676872253,0.2877793610095978,0.3306105434894562,-0.3999688923358917,-0.04864688962697983,-0.5267345905303955,2.418616771697998,-1.2729383707046509,1.601759672164917,-0.31348082423210144,3.984975814819336,-5.94096040725708,22.783727645874023,-20.03044319152832,-0.8959589004516602,0.5332605838775635,0.35799360275268555,0.6502716541290283,-0.17387771606445312,-0.9470596313476562,-0.6090201139450073,False
477,-0.07366412878036499,-0.11084999889135361,-0.5478203892707825,-0.5032203793525696,0.46948808431625366,0.3987991511821747,-0.04892437160015106,-0.1663084328174591,-0.35328906774520874,-0.3393980860710144,-1.2251086235046387,-2.83719801902771,7.222855091094971,3.382187843322754,2.5635228157043457,-3.0600662231445312,14.640973091125488,-0.8906140327453613,0.9938521385192871,-0.7467091083526611,0.751410961151123,-0.8878529071807861,0.20531654357910156,-0.3929939568042755,False
478,-0.06364017724990845,-0.19627292454242706,-0.5433878302574158,-0.018368739634752274,0.13492944836616516,0.7527183294296265,-0.4825569987297058,0.4936947524547577,0.8052721619606018,-1.1778790950775146,0.47891294956207275,-3.4867489337921143,13.306806564331055,-13.609572410583496,-0.8979415893554688,10.110833168029785,-19.044450759887695,0.6606566905975342,0.689605712890625,0.2465054988861084,-0.705897331237793,0.9665648937225342,-0.4016411304473877,0.07115292549133301,False
479,0.008156001567840576,-0.33329811692237854,-0.19200290739536285,0.3164622485637665,-0.421635240316391,0.5271260142326355,0.5129882097244263,-0.6045036315917969,0.390415757894516,0.9678815007209778,-1.5119197368621826,7.933219909667969,5.29831075668335,-9.149860382080078,-12.958959579467773,16.677865982055664,2.48960018157959,0.007608890533447266,-0.5995280742645264,0.6316213607788086,0.3821699619293213,0.1999986171722412,-0.3223142623901367,-0.46119004487991333,False
480,0.030687272548675537,-0.39367619156837463,0.15985117852687836,0.21881523728370667,-0.12070100009441376,0.2792713940143585,0.660010814666748,0.3062857389450073,0.640267014503479,1.52675199508667,-2.2726452350616455,5.7586822509765625,-1.0461959838867188,4.43975305557251,0.2697690427303314,2.596146583557129,11.310269355773926,0.879469633102417,-0.05801868438720703,-0.4001641273498535,-0.9185845851898193,-0.8443646430969238,-0.7951507568359375,0.7164930105209351,False
481,0.09284836053848267,-0.367856502532959,0.5027124285697937,0.12745845317840576,-0.22623524069786072,0.11518656462430954,0.861961305141449,0.36916491389274597,-0.14980225265026093,0.6928622722625732,-0.9516339898109436,13.017783164978027,-5.883455753326416,-4.0288872718811035,1.8748373985290527,3.615561008453369,-9.336825370788574,0.8690388202667236,0.3775017261505127,0.990696907043457,0.3310129642486572,-0.43225717544555664,-0.492783784866333,1.7083408832550049,False
482,0.13282960653305054,-0.42817753553390503,1.1407530307769775,-0.19343462586402893,-0.16869717836380005,0.28587475419044495,0.787193238735199,-0.09585818648338318,0.6632710695266724,0.3024411201477051,3.0452680587768555,5.635754108428955,-3.905909299850464,5.871151924133301,1.2390110492706299,-3.6588711738586426,-12.010866165161133,0.3262159824371338,-0.9721775054931641,0.9867734909057617,-0.010291099548339844,0.5098931789398193,-0.2601649761199951,0.24839378893375397,False
483,0.13931208848953247,-0.34317657351493835,1.0638723373413086,-0.4063521921634674,0.6810562014579773,0.2998376190662384,0.6415733098983765,-0.3402019739151001,0.9829052686691284,1.3494817018508911,1.9499704837799072,4.113566875457764,-12.515950202941895,21.527416229248047,-4.183245658874512,-6.011253356933594,13.605291366577148,-0.04676461219787598,0.9794342517852783,0.9974648952484131,0.18654155731201172,-0.44406962394714355,-0.839679479598999,-0.18746855854988098,False
484,0.08405351638793945,-0.24017426371574402,0.7814603447914124,0.04759611189365387,0.4841248095035553,0.3627549409866333,0.38013026118278503,-0.2944677174091339,0.23658370971679688,-1.4934097528457642,-0.17381469905376434,-5.113295078277588,12.445908546447754,-6.3032145500183105,4.5234904289245605,-4.439797401428223,-7.214136600494385,0.8915929794311523,-0.2041165828704834,-0.37029409408569336,-0.9409503936767578,0.5000557899475098,0.4196343421936035,-0.007180169224739075,False
485,0.052135169506073,-0.20979084074497223,0.9916542768478394,0.17600645124912262,0.16475878655910492,0.11776800453662872,0.5391794443130493,-0.43870115280151367,0.43153688311576843,-3.030982732772827,-1.7147600650787354,6.043785095214844,2.5274341106414795,-7.6868896484375,-4.2108988761901855,8.027226448059082,-1.908280849456787,0.05411720275878906,-0.6408195495605469,0.11048746109008789,0.25539636611938477,-0.49091362953186035,-0.5946962833404541,0.6335892081260681,False
486,-0.012754976749420166,-0.1358189731836319,1.083635687828064,0.27273085713386536,-0.03307785093784332,0.06339198350906372,0.4704567492008209,-0.4048542380332947,0.443809449672699,-2.0407464504241943,1.942732572555542,-0.07030072063207626,-4.608584880828857,5.196743965148926,-1.638555645942688,-6.071966171264648,3.24359130859375,0.11420249938964844,-0.45244479179382324,-0.9005026817321777,0.19254827499389648,0.9702796936035156,0.6477041244506836,-0.369021475315094,False
487,-0.09099400043487549,-0.028083954006433487,0.9369458556175232,0.2351306527853012,-0.043517567217350006,-0.127782940864563,0.4000464081764221,-0.15263621509075165,0.3805736303329468,-0.823514461517334,4.230526924133301,-6.687006950378418,6.334610462188721,-8.87240982055664,-4.291556358337402,1.373936653137207,4.74420166015625,0.4806063175201416,0.5298819541931152,-0.3098266124725342,-0.3180110454559326,-0.6169724464416504,-0.2339332103729248,-0.13456764817237854,False
488,-0.1437426209449768,-0.09204559773206711,0.9871218204498291,0.3860017657279968,-0.4352121949195862,0.056475888937711716,0.18898828327655792,0.10164910554885864,-0.43148353695869446,0.15831753611564636,-1.370488166809082,6.388685703277588,-4.0142903327941895,-2.901081085205078,0.9863764047622681,-6.423209190368652,5.5725417137146,0.04669976234436035,-0.9709751605987549,0.6459360122680664,0.37285947799682617,-0.1308879852294922,-0.400005578994751,0.19043010473251343,False
489,-0.13112026453018188,-0.14665362238883972,0.9237696528434753,0.17397759854793549,0.08160201460123062,0.2459954470396042,-0.13308951258659363,0.05011008307337761,-0.7364277243614197,-0.29217657446861267,-0.0014554703375324607,-3.141507148742676,-8.3119535446167,16.10036277770996,5.62635612487793,-4.900973796844482,-7.536515235900879,0.7968881130218506,0.03113865852355957,-0.001880645751953125,0.6129522323608398,-0.11319661140441895,0.8668515682220459,0.46143144369125366,False
490,-0.14451247453689575,-0.19072449207305908,1.101629376411438,-0.3437992334365845,0.6284686923027039,0.4678715765476227,-0.6445738673210144,0.3675260543823242,0.7714220881462097,-1.5166184902191162,-1.8540295362472534,4.764143943786621,-9.463191032409668,8.375870704650879,5.010613441467285,-13.70004653930664,15.902461051940918,0.895770788192749,0.7518613338470459,-0.470081090927124,-0.9878971576690674,-0.3500187397003174,-0.5883352756500244,-0.8776689767837524,False
491,-0.18346786499023438,-0.1967785507440567,0.9434493780136108,-0.19013454020023346,0.6610265970230103,0.48293572664260864,-0.7982086539268494,0.2132185697555542,0.25352177023887634,0.09092660248279572,-1.3302661180496216,0.9391431212425232,5.5736775398254395,-5.217499256134033,-2.7775192260742188,2.6646320819854736,-11.917937278747559,-0.16466593742370605,-0.3108351230621338,0.9902780055999756,-0.7235205173492432,-0.06635236740112305,0.8009250164031982,-0.7349847555160522,False
492,-0.2313356101512909,-0.150379478931427,0.8994722366333008,-0.17879435420036316,0.8194528222084045,0.16686715185642242,-0.8307977914810181,0.2230735570192337,-0.6703389883041382,-0.7902031540870667,1.234375238418579,-3.7138867378234863,5.082931995391846,-2.8674373626708984,-4.996437072753906,-6.934264183044434,10.5999116897583,-0.48701953887939453,-0.7209203243255615,0.6430215835571289,-0.12779498100280762,-0.5878901481628418,0.8669276237487793,-0.19768176972866058,False
493,-0.29713019728660583,-0.05114951357245445,0.7922706007957458,-0.17938745021820068,0.8182035088539124,-0.04619218409061432,-1.1132140159606934,0.30929723381996155,-0.01839204877614975,-0.93006432056427,3.18414568901062,0.36206695437431335,-5.360245227813721,2.661802053451538,-3.3524651527404785,-6.790518760681152,-4.393909931182861,-0.4246633052825928,0.44744014739990234,-0.6064755916595459,-0.8120062351226807,-0.09095025062561035,-0.8195853233337402,-0.5943882465362549,False
494,-0.35308074951171875,0.11169583350419998,0.5420750975608826,0.1792975515127182,0.3577718734741211,-0.29586300253868103,-1.1643431186676025,-0.416610985994339,-1.1819422245025635,-2.0407793521881104,3.150663375854492,-7.55814266204834,10.973727226257324,-11.354914665222168,-5.843857765197754,3.450488328933716,-22.69110679626465,0.3833920955657959,-0.38973116874694824,-0.58990478515625,-0.03138542175292969,-0.7320020198822021,0.20388031005859375,-0.8614136576652527,False
495,-0.31360960006713867,0.028945589438080788,0.692822277545929,0.3930737376213074,-0.19990897178649902,-0.45332223176956177,-1.1086413860321045,-0.3736668825149536,-1.169378399848938,1.1420310735702515,-2.641204357147217,4.718257904052734,2.870128870010376,-11.54712200164795,2.831923484802246,-6.156340599060059,8.134920120239258,-0.7688443660736084,0.4848144054412842,0.9516825675964355,0.4946939945220947,0.9963409900665283,0.015849590301513672,-1.4501973390579224,False
496,-0.24955743551254272,-0.09556514769792557,0.554506778717041,0.714429497718811,-0.245585635304451,-0.4991777241230011,-0.8593774437904358,-0.3466337323188782,-1.9578770399093628,2.228120803833008,-2.631793260574341,-2.936514139175415,2.03041934967041,10.46347713470459,-4.584371566772461,14.138999938964844,-4.255969047546387,-0.9708647727966309,-0.9975192546844482,0.6455702781677246,-0.13080382347106934,-0.3541436195373535,0.7031817436218262,-1.614863634109497,False
497,-0.19540810585021973,-0.14252929389476776,0.17047350108623505,0.6863024830818176,0.5803717374801636,-0.5858774185180664,-0.759445309638977,0.0945591852068901,-0.5524641871452332,0.22139474749565125,0.6414361596107483,-13.754766464233398,0.43114179372787476,19.80622100830078,0.6257745623588562,-7.730889320373535,18.80023193359375,0.36673545837402344,0.6453776359558105,-0.4090383052825928,0.1666126251220703,-0.5658421516418457,0.2207655906677246,-1.167711615562439,False
498,-0.18015819787979126,-0.20414717495441437,-0.030465928837656975,0.7172092795372009,0.591108500957489,-0.48105114698410034,-0.8301689028739929,0.2103136032819748,-0.49928802251815796,0.22322070598602295,-1.227748990058899,2.591252565383911,-3.419496774673462,-8.527511596679688,2.137442111968994,4.836534023284912,-14.321788787841797,-0.964580774307251,0.6803250312805176,0.2682929039001465,-0.33396148681640625,-0.46341991424560547,0.5320799350738525,-0.8051576018333435,False
499,-0.17626285552978516,-0.16134026646614075,-0.33612337708473206,0.6825007200241089,0.436685174703598,-0.33147892355918884,-1.1307587623596191,0.13013727962970734,-0.7096315622329712,-0.676390528678894,1.6233938932418823,-10.360919952392578,-0.459999144077301,0.9254143834114075,0.953876256942749,-10.146049499511719,7.490948677062988,-0.834402322769165,0.5848231315612793,-0.6205801963806152,-0.4773225784301758,-0.37009119987487793,0.0693662166595459,-1.5723731517791748,False
