iter,down_reward,up_reward,down_cos,up_cos,down_mse,up_mse
0,-1.4521378949913442,-1.1898725294015575,-0.12361230931977159,-0.1218743122997793,0.009378458327191532,0.022562512682225845
1,-1.9240139048878964,-3.114474630723652,-0.11925784725298152,-0.10696257692972072,0.01716628472242707,0.06483567312425058
2,-1.524104378178547,-2.099286830388739,-0.11621190170759477,-0.09733529031534556,0.01325897404555814,0.04092965812191138
3,-1.8516452727028587,-0.5103777822498322,-0.1119823668152581,-0.09608759287466381,0.01714024832024723,0.013661868252786865
4,-0.41847543693518097,-1.1463163306624518,-0.11168176520925227,-0.0911819082930779,0.0014525943351249707,0.021461902018705428
5,-0.5716215909604169,-0.6574626819531356,-0.11063433293831514,-0.08940897466354902,0.0019026620604896385,0.01576711063568313
6,-1.2291510992006391,-0.7150834294490976,-0.10810051601667252,-0.08707967685178676,0.0067962646143818655,0.01605218594612728
7,-1.7079391148715257,-2.5945393759179405,-0.10471512309599953,-0.07411254333117044,0.01648153730074443,0.049405390522934925
8,-0.5892741600399506,-0.5010316911656946,-0.10386182916322748,-0.07231912910395713,0.0022037211717188736,0.014662543831710338
9,-0.6582966022074437,-0.34428134952686584,-0.10274984350992197,-0.07167291512487438,0.0029021243497004494,0.01427939163270532
10,-0.6587876240305216,-2.095670394683206,-0.10162870834161414,-0.06160919399696083,0.003098911082393545,0.04122123172398768
11,-2.571467388382147,-0.4000168522460401,-0.09547772318449042,-0.06082671383592076,0.028209376847460124,0.01222670604578535
12,-1.0134000038217386,-0.500114860760172,-0.09333880630941382,-0.05966840061323685,0.005561864849213972,0.016292559068830318
13,-1.7029356123317694,-0.8897004824324961,-0.08934340679449054,-0.056413866944036155,0.012024958731155055,0.02013639538590407
14,-0.6824778928677184,-0.6347778729252711,-0.0881793564831296,-0.05420945662410376,0.0024295998088037394,0.014632603096551476
15,-1.1524365214147434,-0.6402981698593817,-0.0857459010198075,-0.05211639617742251,0.006773732888429523,0.01717834612132238
16,-3.566438566466484,-3.0512025536079217,-0.07771778472032474,-0.037470752627085685,0.07210158857608903,0.07374082155884693
17,-0.740526117988273,-0.7012039516246736,-0.07670981605582812,-0.03516586164851237,0.0027386867603681076,0.020511864379518737
18,-0.9866445180620796,-0.4660932390706063,-0.07465173949740718,-0.03410545958446068,0.005344062101403318,0.014114589367031563
19,-1.62847182238615,-0.5551696080089155,-0.07060445413643222,-0.032727989037281344,0.012891826036150389,0.017306834284143667
20,-0.7918815838522194,-1.08759166271962,-0.06929445750247978,-0.027871361165963206,0.003499741526104774,0.02287402373107521
21,-0.5320720937388453,-0.5596316661668874,-0.06852902534955249,-0.026229234065332972,0.002166426216024907,0.015730107070867663
22,-0.8726443014264788,-0.615223000575724,-0.06716993380188628,-0.02433294540822735,0.003753390440385087,0.015346284066513399
23,-1.1009056549184586,-0.5174121714365926,-0.06526980364804855,-0.022364884171322066,0.005544500555794602,0.014598451264982925
24,-0.6505138150207518,-0.4417737008615121,-0.06403420614216276,-0.02095741108336152,0.002987004474960133,0.01729467599193208
25,-2.5034284030130656,-0.5583885096532505,-0.057749176590965345,-0.0195972797139366,0.02824163392670662,0.016751449162917664
26,-0.6104647318205245,-0.6495293133556084,-0.05680932182279787,-0.017237793492296993,0.002343958164097608,0.02057404326124283
27,-0.672229743618308,-0.4245188178593753,-0.055751548624326006,-0.0162181206204168,0.0028212210184472486,0.012943172019209574
28,-2.1787108852162125,-0.461588172041028,-0.05048184454158957,-0.015212759163539896,0.020905933260398787,0.01411258217816801
29,-0.6579056403973308,-0.4491951824115865,-0.04956000884814664,-0.014102668712966513,0.00260475399564037,0.016602513766146344
30,-0.5383874443844481,-1.0548044980201894,-0.048824467954075176,-0.009196074450503567,0.0022023011871366476,0.022540616126905368
31,-1.0574081666014363,-1.2430092381290452,-0.04644289224525866,-0.002898684818611659,0.006000157391101976,0.02768370713344972
32,-0.5268657701537517,-0.37172857047411995,-0.045888162633018516,-0.0021428961570446364,0.002204457853255885,0.015829481868386213
33,-0.43089072825492214,-0.4538195071718732,-0.04522372030450488,-0.0009177118095977406,0.0014997711468480437,0.013501808254851203
34,-0.8301880732363841,-0.5118684358038879,-0.04357626423648498,0.0006276781932724848,0.003237692020504324,0.01606073687440738
35,-0.9061373035073914,-0.3135195796460674,-0.04170433377773758,0.001190865695355825,0.004692552688365206,0.01258761964557907
36,-1.565656970434587,-0.5643268383902674,-0.038240623730933156,0.0031662751740619693,0.014522377777752404,0.014481829723676409
37,-0.3958586194886075,-0.3273786196330411,-0.03785023372302151,0.0035837757860575138,0.0014444586383911768,0.011849708311065828
38,-0.472943188929392,-0.36273182732089243,-0.0372660850553924,0.004350091722706079,0.001685637037373778,0.012196333799273734
39,-0.8534514712754032,-0.5889130042985343,-0.03563857527402052,0.005882667581141359,0.003580749300296447,0.01486547068966848
40,-0.8344360594789919,-0.6369200898648564,-0.033917885380302805,0.008560793844684318,0.004031339394242704,0.01624886302200151
41,-0.5000849762980469,-0.5134788180735756,-0.033340310867448625,0.010407285115986976,0.0015532400148010371,0.015339147458909757
42,-0.5477941091335793,-0.6098264441408225,-0.032571229981394625,0.012787474314649924,0.0018156257979168148,0.017171689929320624
43,-0.5703359335436449,-0.46092678665626435,-0.031731333287447365,0.014037879777906784,0.0021700417673762807,0.012972824603634898
44,-0.5928873715668788,-0.3070369145782076,-0.030741240174057907,0.014719828663793181,0.002488080341398621,0.012435053773804095
45,-0.33993786199424364,-0.8586083748261042,-0.03039370432181213,0.018787836081132457,0.0013255069296112091,0.018746733639735343
46,-1.4829329304937973,-0.4299733009853955,-0.02717982686864992,0.020395297832171068,0.012313858514735938,0.012139977379947396
47,-0.6706020819445689,-1.1858976981113998,-0.025923168280554413,0.025271846170927134,0.0033905974563704553,0.021907110043444773
48,-0.3953195722290235,-0.8650808948861163,-0.02533595364347952,0.02826309317520019,0.0011991509322523887,0.019662441179390467
49,-0.7005089876742981,-0.8923837750632779,-0.024340832186240516,0.03165260508541529,0.002725657524935858,0.01909229858381232
50,-0.6213741380489615,-0.5456893816942752,-0.023489188747393502,0.03333394808245628,0.002340995529484549,0.01392888031210935
51,-0.39031057447553974,-0.507855134410587,-0.023042307308208984,0.03447765756317634,0.0014079688851096083,0.015485837004172876
52,-0.6721597008652859,-0.46130445257611735,-0.021873185332017132,0.035887239280956655,0.0024100957538484755,0.01500644558041382
53,-0.8505300380167259,-0.3311861490526078,-0.020273496120320277,0.036434984381172146,0.003734104598546167,0.011252036249988343
54,-0.7446732743548254,-0.7941664050035163,-0.018848611393599272,0.03984023634311096,0.0030533205302956936,0.020506819621117826
55,-1.002897058400342,-0.46099053915654076,-0.016765823854833117,0.041080709686137515,0.00602965710765116,0.016497401405180967
56,-0.8949451682230106,-0.280020912771339,-0.015184965947445934,0.041655641644119765,0.004549714643977178,0.01275461836595617
57,-0.6621135834200921,-0.6320695660775434,-0.014197831525417677,0.04358064060283717,0.00244576102335214,0.016226337738034478
58,-0.9071978857148619,-0.6127567944710339,-0.012653451332572235,0.045391827011493066,0.003779363083921922,0.01564953265652315
59,-0.6076092782367188,-0.385101223992418,-0.011768610522298538,0.046521547781304885,0.002644496009820898,0.013485341859433978
60,-0.4668285306857903,-0.32988597561830907,-0.011137618637369515,0.04698331442529096,0.0018908686372403744,0.012784479517055577
61,-0.7380666380930441,-0.44836384618224273,-0.009733143145947847,0.048380356140383836,0.0027800714215286616,0.014424296265591536
62,-0.3926362016984954,-0.6859310242850838,-0.009343070466144729,0.05085040477803768,0.0014111970187955106,0.014256070754648164
63,-0.8362371680246515,-0.46622536393807673,-0.007739235293708141,0.05216609635124484,0.0043282646805883705,0.014943145328002321
64,-0.3909990229620884,-0.43384861938173624,-0.007335700746011352,0.053063351561725924,0.0014755365300584472,0.014331752661006022
65,-0.886672996248109,-0.5580742785961668,-0.00570466122983698,0.054953844600283144,0.0038475594429110203,0.018456147040910677
66,-0.679499573739651,-0.41205823423923293,-0.004533628404119269,0.05618594896663854,0.002649344454406294,0.012838241801332652
67,-0.6756435801982845,-0.5593571847716542,-0.0034697365319990565,0.05792831401278086,0.0030071667202748874,0.015374771399286086
68,-0.48727148690872,-0.37387007843488984,-0.0028025278798499815,0.059024127679099606,0.0017448435049331257,0.013908241316335385
69,-1.2543167312243122,-0.48670547336473147,-0.00013170498707600731,0.06025479066737281,0.007338714859856094,0.015391190791805343
70,-1.2789773531457724,-0.48197583443601133,0.002640221537565838,0.061892093281564545,0.008251459025220367,0.01754322000186845
71,-0.5369465454802103,-0.36707399431307264,0.0035513559053487443,0.06271419106760971,0.002304194438124712,0.012855044828609526
72,-0.5940624596420425,-0.6788085990606478,0.0042285192662477955,0.06481473199441262,0.002101241491359829,0.01564266018575592
73,-0.40211369029735133,-0.7741433904037489,0.004670182714359467,0.06781721691780104,0.0013642461308455767,0.01678500174479886
74,-0.6543595170080564,-0.5094954865013979,0.0056524654148160415,0.06972979450179743,0.0023327981827826103,0.01587750169295042
75,-0.414237427783355,-0.6874756896252201,0.006101335618443622,0.07255593064971529,0.001567530063440557,0.01369548285738053
76,-0.5793100233969223,-0.6853954913336873,0.006876127096683317,0.07524921011430716,0.002202454391460613,0.019887571152328743
77,-0.9651347460632631,-0.4268375845221951,0.008728517700487992,0.076537320807975,0.005139899618864049,0.014165873994594017
78,-0.8612049368585695,-0.536435785260686,0.010486800244504256,0.07797562522772464,0.0036527627853442947,0.014197867145340166
79,-0.5845461005490256,-0.35238592541052777,0.011527455170910552,0.07895736984062111,0.002227059956993945,0.012349286886752084
80,-0.40211286856758643,-0.46393963668332283,0.011908403100538843,0.08023200915255455,0.0014365727470290193,0.015276486885931253
81,-1.1331369149117887,-0.4459815488530936,0.014373231792665843,0.08110461082290735,0.006931268314594727,0.016757317606036583
82,-0.9562255408496723,-0.3940664319060428,0.016281892224116107,0.08177865566511598,0.005881345909078743,0.013310639079981474
83,-0.3541047351566958,-0.7603189615031836,0.016779361228285196,0.08470785353702331,0.001241044327847183,0.014380520602526526
84,-0.5757898262487231,-0.544115837353848,0.017693568068999414,0.08649364832252547,0.001829126535854227,0.01751616156055368
85,-0.6348883861000822,-0.4621779641814872,0.018626300306302232,0.08770470493820662,0.002514844269651625,0.012819066886069671
86,-0.46432745525739244,-0.4150755861709372,0.019148594260190548,0.08851792451800859,0.0017499129683904476,0.014528141015033353
87,-0.4307429444180344,-0.6954788825282902,0.01969661156402464,0.09070679001557283,0.0017542694977215785,0.017264996659263284
88,-0.7597899619931541,-1.1008214726161736,0.02107041382333883,0.0949111253701755,0.0031022291816652937,0.023341206655337107
89,-0.7232101474635915,-0.8969864448454011,0.02229078630188882,0.09863281133633281,0.0030609562206022787,0.020856229540504253
90,-0.8431344793233824,-0.40367090800745414,0.023940623180093858,0.09940443076664977,0.003731099788780653,0.012053962577334378
91,-0.7262439528141137,-0.7264956974021354,0.02517386079614486,0.10198367974629201,0.0032208336243558207,0.015344915847342265
92,-0.3695711975911587,-0.47325969955582686,0.025728070456371217,0.10332638334063393,0.0014356018932452377,0.017234472155068983
93,-0.3336881495893603,-0.3205921856615555,0.025941347270540177,0.10418986995161159,0.0011310335357740944,0.014488640753845069
94,-0.6012722494010685,-0.3948347801460061,0.02690990793488244,0.10489695650306614,0.0018995977373128632,0.013892378691110777
95,-0.8259601884815426,-0.29557334713985545,0.028317751983673783,0.10546266537552297,0.003077973230916804,0.011254050915497955
96,-0.5590459831906366,-0.6880625236253024,0.02914648602652627,0.1080662795954705,0.0021023416789350997,0.01341117577110853
97,-0.6428409777386239,-0.3501481016616969,0.030050052756474353,0.10862033701656357,0.0027096965664129787,0.011986829970704195
98,-0.42462507944793354,-0.6004651299153015,0.030429560173405805,0.11025037670485852,0.0015599024884004027,0.016021149345469193
99,-0.6666847515137958,-0.38308468388919015,0.03158223159545542,0.11144583512465234,0.0026924861593539437,0.014177111671756271
100,-0.2732085991376603,-0.7538569403117649,0.03178130518318936,0.11388249071004798,0.001368842595013285,0.016596816761204752
101,-0.7448229959325603,-0.6784134970178943,0.033129671568262645,0.11633249561628815,0.002999757058021317,0.015341955596993454
102,-0.5730178590661582,-0.3251627080560089,0.034051050194246896,0.11692089806890531,0.0024091531137190067,0.013560418616476343
103,-0.5898825018856892,-0.9617248412575354,0.03484493704821845,0.12117554748330481,0.002262211654993171,0.016496655664772125
104,-0.3702428396900424,-0.4078686468295937,0.03516035288758001,0.12196862149103142,0.0012808038287585061,0.015280299812693205
105,-0.4447471570117273,-0.4454697310056134,0.03567161581324862,0.1232072342471006,0.0012762053347445271,0.013869835077510252
106,-0.8886305919954431,-1.001800044670289,0.037457181273028974,0.12737033388400434,0.004050929230972374,0.018833228935767114
107,-1.0677543628586876,-0.48194061892114765,0.03978937700387487,0.12837295566583,0.0053954356339252635,0.0168193260299779
108,-0.8470154641492782,-0.6162586586893744,0.04148888321079544,0.13040592237101864,0.003444893144979411,0.015482938426541628
109,-0.7170589132501273,-0.5866113354583073,0.04278640279263015,0.13278725663378296,0.0029040841903654547,0.01478307837695502
110,-0.5460245847171482,-0.35981070866116444,0.043578895980960326,0.13327034457110526,0.0019609485560479344,0.012650543340695505
111,-0.36963134009442505,-0.41721348744767617,0.04401634873544875,0.134112151525275,0.0014214328594490486,0.013049093149793425
112,-0.5277650374669848,-0.748480269186883,0.04458549971115451,0.13716940352835708,0.0020947607226668974,0.015890238228796736
113,-0.7723639382618933,-0.46045653953233795,0.04590194724561956,0.13879012572180383,0.003285288147876863,0.015034494484172075
114,-0.38479305519588053,-0.3759102425431629,0.04642887404582006,0.13952215276232777,0.001368581386324691,0.013564871783001833
115,-0.5580723447827597,-0.4661835269379885,0.0472471933426262,0.14083060221607166,0.0028209513516866016,0.018109822269399018
116,-0.7766884847698474,-0.6199726908282657,0.04857940024589149,0.14334179526245344,0.0033703947276877864,0.012269028021290028
117,-1.3769007181171482,-0.3298346156662881,0.05123594161456824,0.1440293709949093,0.008379413289835784,0.015450444568371033
118,-0.570140322556809,-0.408278703031084,0.052085778625262875,0.1454585161352575,0.002040407677139124,0.014371224781156778
119,-1.6423327119459548,-0.43047366554003064,0.05566118784904186,0.1465139453591748,0.013633764540215353,0.013639376916526653
120,-0.6157445550897697,-0.37811796569832656,0.0564472928824386,0.14735365172753892,0.002246361803440533,0.012484414930905996
121,-0.40456999591372467,-0.418082815410775,0.05677135440461734,0.14805741971524286,0.0013066187188698378,0.014346975930986057
122,-0.4782911391294996,-0.5036393255522329,0.05745832558086037,0.14943471045335255,0.001272775187393248,0.016654657998653618
123,-0.37399904968011133,-0.43740385827215117,0.05784369007825964,0.15071312526386077,0.0013410315319915386,0.012441026563245932
124,-0.4692018477391863,-0.35692786326027054,0.058438601397082575,0.15147045338216783,0.0016313467387154008,0.012495230376943469
125,-0.49374560246607324,-0.5593562439947288,0.05920934561113396,0.15319740263059964,0.0016382816155118892,0.014636391533678872
126,-0.44276530338367337,-0.38340398338956894,0.059691227524411396,0.15359566597602023,0.0016820313401198915,0.013418179256924127
127,-0.36482141704162274,-0.3481660638951347,0.06003655783342921,0.15404049580790122,0.0012561435844395546,0.014037765505974863
128,-0.3808504886801852,-0.7024891798184788,0.060510604673576364,0.15704515284697249,0.0010788705351455026,0.020567843273189515
129,-0.45211375804965026,-0.6223653929060838,0.06119574426416455,0.15918846528363778,0.0017164126347655254,0.015213889876937175
130,-0.44650363311069313,-0.48173087414979116,0.0617342360523749,0.1603120707568916,0.0016269783314186955,0.012559743058691198
131,-0.33786976889541104,-0.8858574310911631,0.0620581026204314,0.16367458753462755,0.0008809183436464789,0.018346138687676903
132,-0.4035418687985312,-0.5556830415364636,0.06249141142216191,0.16516270305406525,0.0013697783954099317,0.019549831781184343
133,-0.7321430265898402,-0.43120784534488676,0.06381409088145758,0.1659924945104711,0.002825601140460484,0.013954545417245681
134,-1.0324584261496064,-0.44447140618087394,0.06591045516338202,0.1666022555866985,0.005748159389918541,0.01748840060723891
135,-0.31270740773380623,-0.4225796341990407,0.06616046446729189,0.16748943538387048,0.0012472860389255535,0.016316145386023398
136,-0.509061722370532,-0.45862312108134107,0.06674596575728621,0.16876197753208275,0.001875456028606894,0.01648303643454942
137,-0.6063558264151058,-0.308633135326681,0.06755420623763503,0.16924512524034507,0.002029339971479246,0.011391180653164641
138,-0.47553120863536197,-0.5196770976334315,0.06827297670480055,0.17055452911208405,0.0018734307155372362,0.014131318534956546
139,-0.47863453580922743,-0.5048543924037145,0.0689568916847046,0.17188566451671497,0.0018967020300169957,0.01588397403521187
140,-0.4311795311149323,-0.6360534291125641,0.06941041683740079,0.17379006190218133,0.002224622204483883,0.015566447909279179
141,-0.5591624479921888,-0.3968306060086627,0.07042711953656429,0.1747196230994571,0.001975510971909901,0.01480922010453656
142,-0.3719788724627274,-0.565057409048932,0.07082469725631942,0.1762947193612048,0.0012120926972654686,0.01472800284296833
143,-0.443053894970653,-0.37249472610083767,0.07141658094458256,0.17717048708472566,0.0018032513099815227,0.01317102749743818
144,-0.4632528567373246,-0.3702784171799727,0.0721611365978867,0.1779145094927875,0.0017992877966899817,0.0144915630799241
145,-0.7283358752083342,-0.6161626454061013,0.07303534118951105,0.17993712559918412,0.00319617793875681,0.014883546844818844
146,-0.5675717476967104,-0.3177581074136047,0.07394445386852781,0.180780487374111,0.0018122993175833553,0.012229737144049728
147,-0.5728322291666137,-0.4109101352771994,0.0746664075954158,0.18157856618580592,0.00229701863504852,0.013785466364574893
148,-0.5208326454082057,-0.4862372442005479,0.07547245623757254,0.18288433810559823,0.001862121510058429,0.012460038281296016
149,-0.3569863952852547,-0.4736840274315573,0.07595553948494019,0.1841644805802593,0.0014395946097156432,0.018315486307226375
150,-0.3710284161697737,-0.45642623725865245,0.07626102955619621,0.18504290913031415,0.001394801695303526,0.014870017682425902
151,-0.5146728074988878,-0.3158509013358878,0.07684656675683472,0.1856107286266404,0.0016046206042537687,0.01436878157412968
152,-0.4768620095284762,-0.271922971151017,0.07734180932883636,0.1860341128840841,0.0017713966135793054,0.012085656857392607
153,-0.4298736570858758,-0.46264510706381146,0.0778774136173574,0.18714791285291166,0.0015831105622774073,0.014828483720435853
154,-0.33813557698324226,-0.4494579421753289,0.07813361728334697,0.18866986091696328,0.001259614874583624,0.01347832952708541
155,-0.47566672073391303,-0.40174812854097114,0.07866025642024246,0.18947987178310086,0.001570844843925001,0.015072501990926718
156,-0.5481437295903532,-0.5544589927637055,0.07925121723197467,0.1910580005443243,0.001966914988070193,0.014489717551376633
157,-0.6973449900737183,-0.5785150208616744,0.08064377126249692,0.19242037378473967,0.002853167016922797,0.01447636667116717
158,-0.42165425106797955,-0.3385197935471182,0.08117699111314744,0.19330164162519925,0.0013798315044266033,0.013517820827761621
159,-0.3578614020056315,-0.5514225718850945,0.081493887279045,0.19481279361663398,0.001072834039018469,0.01605634619858952
160,-0.3046733050949308,-0.6869147614178548,0.0817455742205755,0.19754837886239146,0.0012276805527683637,0.015605468711422286
161,-0.4058335230387743,-0.380178434577868,0.08224257680119623,0.19830383773674592,0.001503689313220166,0.012306937975860929
162,-0.414814058567492,-0.307677802171404,0.08257239768806474,0.1986313452422347,0.001182822220427369,0.014395285543563285
163,-0.6526073079673567,-0.580916079943472,0.08363522156458102,0.20074238852101395,0.0029413820727218886,0.014382908689835583
164,-0.3176541373644561,-0.28712779213803535,0.08406388975550708,0.201387972911026,0.0013074759242561042,0.012650476393529706
165,-0.8725650119043874,-0.4698036653202549,0.08566152018205868,0.2028270801063147,0.003694204118666787,0.013039405834912893
166,-0.36370820911088314,-0.34842454543536056,0.08592314781811204,0.20377115024803125,0.001239068561522113,0.01119076972785735
167,-0.4214587426344347,-0.3389020733914806,0.0861735619345257,0.2041633571295005,0.0017766976423615438,0.010566439409894062
168,-0.5469243936228382,-0.6082092157056782,0.0871573856136324,0.20649495971685422,0.0018087111875157655,0.01718970487101265
169,-0.5016007330712432,-0.34790248393392303,0.08796025427431635,0.20725064251873085,0.0019361018350547452,0.013938643637556375
170,-0.322868770821576,-0.5888732369059613,0.08821832079619708,0.20850527790524817,0.0012424394306199274,0.015554553431140955
171,-0.7782661325353724,-0.3059522957603797,0.08960892213512998,0.20882024108912894,0.003423108912402684,0.015147801447145443
172,-0.5221869409442943,-0.6651154233147228,0.09043264489431128,0.21143160187201013,0.0018750134828143512,0.017882334086086797
173,-0.32127014092697964,-0.3496975090659697,0.0906293700323212,0.21225389159298,0.0010552733076183692,0.013821465084238779
174,-0.747290183287202,-0.4782053876724186,0.0919528930329732,0.21293506552500324,0.0029697201810842872,0.013736096132544302
175,-0.4096885221377386,-0.5136961826868671,0.09243555521657407,0.2142270460698792,0.0015985042948065376,0.013454977962808807
176,-0.39567080893509404,-0.4218591227872373,0.09302197713556834,0.2149066076657769,0.0015319847366895855,0.015011817205645477
177,-0.44960946486244413,-0.5948837111280408,0.09366335598417916,0.21713407605365384,0.0015198073921860148,0.014691946935785724
178,-0.5058093499039206,-0.3304509296261616,0.09444027389700456,0.21779770616452085,0.002050937059256427,0.01331998165315581
179,-0.2932002149614553,-0.585378542535348,0.09471200789618749,0.2196657740997168,0.0009381672186533564,0.015813617925213116
180,-1.145174499371651,-0.32527100285265037,0.09711681790610961,0.22035627018157466,0.00548587786439959,0.0130573922976796
181,-0.6475594336937243,-0.5486135564456072,0.0981671760742596,0.22196216986521253,0.0027124680935665143,0.01429561115435582
182,-0.5229431791120676,-0.2831461242677279,0.0987976498172052,0.2223696353104688,0.0016602317838000282,0.012838594997452909
183,-0.41048647172214137,-0.38175321645106275,0.09902715767897505,0.22336438017083768,0.0011412941131333709,0.012736262742852852
184,-0.6148464592065164,-0.5581986681054029,0.10009530340206835,0.2248755233918065,0.00248051342608465,0.015323009140420351
185,-1.2313768649659875,-0.3651637225684706,0.10284742198514105,0.2255545094778686,0.007084835038962279,0.012207567452120765
186,-0.42776835477408964,-0.32025010130390075,0.10310464801730743,0.22586810960817444,0.0017123136029075078,0.013946113425592455
187,-0.7257536548966905,-0.39688598997522456,0.10439189532423954,0.2263020749021455,0.0038853731591473734,0.01477644359216342
188,-0.42335968679717845,-0.32960655362146757,0.1047792851884523,0.22660849820771223,0.0019975834868494243,0.014827264175354802
189,-0.7235351567482669,-0.6588473019743363,0.10597486087517516,0.22949599125447723,0.002821463617953003,0.017789789300921677
190,-0.9299790546052519,-0.8490115107936514,0.10788109483652057,0.2328951884601451,0.004047215574436276,0.016862045510728525
191,-0.5254552977279185,-0.3408960204994034,0.10870140141651842,0.23324874828265735,0.0017601888706797481,0.014863763865533086
192,-0.9148437943748408,-0.6178704748201858,0.1103997548703475,0.23455456860582877,0.00400054405555061,0.0157036693653714
193,-0.349637081750678,-0.3725964428632385,0.11063943853940443,0.23505864565548884,0.001023903676586591,0.015227162415796367
194,-0.5893819948555169,-0.47010325150554194,0.11163769129985239,0.23668934688390134,0.002446105980055281,0.015001345499042322
195,-0.33875435949804306,-0.6469859465552301,0.11190923934545974,0.23877512970851106,0.0012144973272817418,0.016901161147707268
196,-0.29854504113476843,-0.3156957354851131,0.11216882887935568,0.2391941853308343,0.0011614615018337728,0.012976258744383549
197,-0.6671647965873954,-0.3618477794158441,0.11341629350810678,0.2400932626583752,0.002646380477953772,0.01431518091598668
198,-0.7235921704096995,-0.5356959017846202,0.1146050013792009,0.24195246441451565,0.0029796419088222535,0.01387325309222884
199,-0.6470732979626175,-0.5493785137718399,0.11551304498137648,0.24340996493492523,0.0029806273891365012,0.014414032586688195
200,-0.428053183957526,-0.5059539086020524,0.11596016671599281,0.24495753939097478,0.0018103556698524335,0.011635047163447525
201,-0.6986470911710337,-0.32872388383201046,0.11706908065448682,0.245408412047741,0.0026118410676671706,0.013498791056324448
202,-0.5606518304119398,-0.5746378389944896,0.11790117538619344,0.2471682248045828,0.0023187355252912685,0.015182195160968144
203,-0.49103863096399447,-0.5507524894671076,0.11867803411192192,0.24913657737980338,0.0015225718166692003,0.013297408315263864
204,-0.4239020671723295,-0.4123430943106642,0.11915402298075939,0.25017754654813457,0.001614472607168211,0.012255362870185867
205,-0.3354563815021074,-0.3992836517466078,0.11938447449270859,0.2511986947520709,0.0012945414011808316,0.014729670883337879
206,-0.7110132616819045,-0.5821922411420613,0.12043833723276742,0.25287315588296744,0.0027342975034392114,0.013647540313399703
207,-0.6675930166406858,-0.4491522765847488,0.12166560214512465,0.25401213049058907,0.002537608526770427,0.013375367668040216
208,-0.45893537743171275,-0.4001592364348912,0.1222802236033496,0.2547481660711049,0.0019340636631927745,0.013923782961114777
209,-0.48741930470923545,-0.8228501201023493,0.12304674754686877,0.2577647649540428,0.001723034460661307,0.0166269133001809
210,-0.5618228024592752,-0.43215498195696495,0.12381120481597142,0.2587091434006132,0.0019977372389109564,0.013468173901809188
211,-0.332350824006243,-0.3645455363563411,0.12416215122777487,0.2593129953061805,0.001187634316583579,0.0130234663056974
212,-0.3837155760487497,-0.42074975536036296,0.1245844696522979,0.25993074849039277,0.0013339913908370746,0.01346292265609418
213,-0.5975777086844659,-0.33832619983041456,0.12536865171634326,0.2606404340717023,0.00207149419981619,0.01380982763254531
214,-0.3741902718331928,-0.5459027523333283,0.12588892463539295,0.2624520369057062,0.0013200984171501183,0.015346739451841548
215,-0.4620752270896062,-0.40943836654577126,0.12658585983081372,0.26320196688871295,0.0018143699176775565,0.012978363928940445
216,-0.46053307076373573,-0.3684356402776066,0.12728197521117451,0.2638723564072039,0.0017813515933392773,0.0140139314004399
217,-0.5307293955594998,-0.30524031036336363,0.1281553859877053,0.26424458178732474,0.002449433440658126,0.010776641797828222
218,-0.36116475913662993,-0.4528021290281406,0.12839223528382443,0.26531540725725267,0.0012457646324583358,0.01739668028222093
219,-0.40636638814321907,-0.3462153329403543,0.1288405871565282,0.26613264305212136,0.0011967128031628907,0.012346611889363444
220,-0.41088063623321214,-0.39614727771140534,0.12923655013143906,0.26686245987899765,0.0015806587390291469,0.013644271179808513
221,-0.5555011222517139,-0.32730559321809777,0.1300647555700281,0.267580012527935,0.0018281619457148337,0.012786505976391232
222,-0.537607525426231,-0.4064936144567098,0.1308799464512105,0.2684375504305211,0.0020909938544462934,0.01416419415520314
223,-0.3915804027091422,-0.38860217456466234,0.13134400207124558,0.26939774253423493,0.00172139597894942,0.01574118067651428
224,-0.48753541091402997,-0.3307727061070975,0.13184986164748194,0.26968746768055374,0.0018126806250318406,0.014587304282782682
225,-0.4688250826374414,-0.25161550186204257,0.13244119429992945,0.27013422688337624,0.001803438237515176,0.013666252654619791
226,-0.5721517116696944,-0.349888858937898,0.13322863247551242,0.2707223501752327,0.002003880406134655,0.010315287562956698
227,-0.32115897152566786,-0.321222023928588,0.1335278491503237,0.27119997880515007,0.0013509985898010916,0.013190352203899289
228,-0.45452180460144614,-0.3423377118749028,0.13395023565104738,0.2718826207125353,0.0013114059847484543,0.014910199154514565
229,-0.6089620518651258,-0.3529580677063398,0.1348068347218813,0.27262277677283575,0.0022267375180694215,0.012009027515087183
230,-0.7782749083971434,-0.483414288999684,0.1361944960476708,0.2736543225738568,0.0032675738302964494,0.013258548576830507
231,-0.421514722101948,-0.3308741076776732,0.1366913988643551,0.2743550259983152,0.0016183127762245703,0.013860485705982249
232,-0.6332824978788898,-0.26055348232693554,0.13769109456653417,0.2746275623997774,0.0029233372854513264,0.013687412115260806
233,-0.5967670304818573,-0.3047466051376541,0.13860408057688245,0.2750100522023464,0.002550251932969428,0.012594033765951952
234,-0.3409388622542008,-0.35566786624169255,0.13896400669955916,0.27587255757622925,0.0010798515808028253,0.01439127804240589
235,-0.500031380941421,-0.41364923654343205,0.13955526084065317,0.276756054007497,0.0018557189403571807,0.018031296568996477
236,-0.42303217541597676,-0.3338654405835985,0.1399839580351516,0.27709832195158646,0.0017385368546937916,0.015255785377619704
237,-0.8559334976031634,-0.3779936621586385,0.14188315125431064,0.2775555292431392,0.003735307890069749,0.014037720776491128
238,-0.4674221448841631,-0.6369649510472127,0.1425217648903414,0.2794986340579407,0.001489002616582045,0.015448289264434402
239,-0.8827390088654482,-0.4200737167178089,0.144382758004388,0.28037994056695537,0.003515183314015045,0.017750306982083377
240,-0.6426358071232141,-0.38315598691312563,0.1454594968814938,0.28098023967039176,0.0024559656921342237,0.016006692188979908
241,-0.3624775359394792,-0.3886553127988152,0.14580395772001542,0.28170591645261445,0.0014418383520897213,0.01282258864947562
242,-0.3949828836332171,-0.3233661112789928,0.14630043040455537,0.28235628896055087,0.0014607142014344224,0.013462092656010054
243,-0.41040284120347187,-0.3898397731755282,0.14668460869594108,0.2835958720078106,0.0014572359510992134,0.013918990701024356
244,-0.37144719483052757,-0.386054811162631,0.14704486361738214,0.28464857846808206,0.001353498099175248,0.01257773226857296
245,-0.4113993273401352,-0.3519665892669945,0.14742648099341113,0.2853496369785518,0.001526318708864009,0.013320490204459001
246,-0.4799758041604638,-0.44027448119960944,0.14799628645286686,0.2864048888912543,0.0016536779165390498,0.018101516493547347
247,-0.7832015027103628,-0.35201391532390347,0.14952574160416895,0.2873741534277357,0.003237740329932562,0.014910345377075935
248,-0.39675846128682823,-0.2994770518352057,0.14979415306545216,0.28804216567440594,0.0016274443097284914,0.016281857728301194
249,-0.3893043040821965,-0.393397145286918,0.15009817248107718,0.2889329233956292,0.0014353558148044677,0.016791349667558606
250,-0.45247331403074514,-0.36800726856927957,0.15064126717211898,0.28976876803881685,0.0017441050114530216,0.013690253106894259
251,-0.4341301167300889,-0.4478806520435313,0.15115739309856033,0.2909547772356038,0.0012932134959726075,0.019754836121119876
252,-0.4895973638058921,-0.4125722188963332,0.15173492606254735,0.2919258585426987,0.0020610013117774357,0.013653175877620395
253,-0.36235446448096664,-0.2896035956573201,0.1520329479213724,0.29220876447855837,0.0011094455719335042,0.014830149375704812
254,-0.5504778409418173,-0.4166509475140014,0.152824761286481,0.29341405325383485,0.0020057509912868,0.01281902577410201
255,-0.3844147518892395,-0.6286509024016372,0.1531167314490503,0.295460877351368,0.001591470811365993,0.015333001879284833
256,-0.6308868852551375,-0.4429785073082006,0.15418260314984927,0.2966002367158094,0.0030436570178844196,0.015606834207361005
257,-0.39925732879073905,-0.465990726062586,0.15454939132198955,0.2976499667184584,0.0014836684555150903,0.018238120470006395
258,-0.6587097456874528,-0.5253673809340719,0.15557556250574103,0.29904692984243036,0.0028769396200217802,0.014765071521962797
259,-0.4137830291301483,-0.5003718539182234,0.15595932746171323,0.3003289482526986,0.0014060344096410802,0.019981079991522176
260,-0.5000810335248409,-0.27756547575619755,0.15649711599976965,0.3006817463878498,0.0019241720371589647,0.012461445752035427
261,-0.42545426379978635,-0.338913994131835,0.1570536631677667,0.30150272377427895,0.001541821894017307,0.01657405360355906
262,-0.2807193268986891,-0.5033000639904281,0.1572507958243386,0.30270276801404544,0.0011662947458090565,0.012884417638095077
263,-0.5703740161347508,-0.30856912164556555,0.15799713276054514,0.3030577233233231,0.002469896183305271,0.015873016583042996
264,-0.3351266633222184,-0.3115432814630132,0.15825080835405161,0.3034329530844878,0.0011474977604383572,0.015795728540904174
265,-0.5104257063594547,-0.2853269130248136,0.15885667578555612,0.3040331757281318,0.0018377691310144503,0.015133128614773433
266,-0.6051872567944359,-0.35728110110274874,0.15983658248949809,0.30452699900457747,0.0020996607417780155,0.015454574333404535
267,-0.5594640734930671,-0.2600573923558282,0.16065327822374478,0.3048240727807172,0.0020656335644416175,0.01511040372697655
268,-0.3332684127862746,-0.3445135040304438,0.1609372504237329,0.3051138184323768,0.0014359477931208166,0.015499061314130279
269,-0.5336732138123591,-0.3274229149484453,0.16172340657221274,0.30560200373603513,0.0017412684754251266,0.01053850124003511
270,-0.4855645524005587,-0.3693359164340765,0.1621813215374676,0.30606669434596806,0.0021291561777019804,0.018416112955748153
271,-0.4546374947359393,-0.33379080094026403,0.1628034301107758,0.3067886248204763,0.0017115414948560839,0.014586103612742632
272,-0.39666553373450586,-0.30203031633947824,0.16316600727197342,0.3071746582996769,0.0017192228451878696,0.01374988750815991
273,-0.8206637823677504,-0.38269135876341986,0.16454418815722735,0.3081561868092843,0.003046927009099721,0.0181768288977274
274,-0.4316352660808218,-0.3572007525233089,0.16511323857242494,0.30848138571965167,0.0014492823660561904,0.013714580986407937
275,-0.3533630477402898,-0.3275289824813836,0.1653110622340084,0.30897180329766216,0.0013059835257680779,0.01319009313629933
276,-0.5937026285925673,-0.3651625985119234,0.1660077625880412,0.3094486844902493,0.0021118953058950657,0.013762724299021823
277,-0.4045055833548255,-0.5380218596066783,0.16659020138402583,0.3106153873214969,0.0012181532803372454,0.017276078392395887
278,-0.40515032834436715,-0.4124341038055009,0.16686002609394718,0.3111170735913355,0.001685393223020055,0.0157958330543578
279,-0.4213163825361481,-0.4060185551032424,0.16748815534485176,0.31191098899303266,0.0013587841402429581,0.01786334036311337
280,-0.46754258804633025,-0.44018821696484983,0.16778429903113137,0.312769508272063,0.002010579932769863,0.01384551230106907
281,-0.39125101562681314,-0.3195500407759144,0.16823230436860398,0.3130141401225231,0.0014063234799271444,0.015913887102811847
282,-0.42699170265378605,-0.38079670887853223,0.16852829248474413,0.3136534656619064,0.0015567400172237461,0.014468884956936087
283,-0.2916133790422041,-0.40470304209575875,0.1686964565090275,0.31461631333420825,0.0011799427052753496,0.016202952724151804
284,-0.39908206254996725,-0.3273627389377659,0.16910804461951576,0.3151480546093996,0.0018287039312126442,0.017605575013057793
285,-0.41664053904228454,-0.43933420930706735,0.1696271326262777,0.3161557428254643,0.0014859808134822753,0.013093642680744587
286,-0.515980185970634,-0.3429414192342299,0.17037895774000203,0.31656883800278424,0.002268167830397407,0.018931367922496174
287,-0.3696327183281844,-0.43519157061761354,0.1708396067949313,0.3172491956564787,0.0014595498928253613,0.015978428983670977
288,-0.5281739009457685,-0.476293538170313,0.1715684968308026,0.3183040316584731,0.0019888108746371944,0.014923774951396972
289,-0.44795043161955517,-0.3285586948682411,0.17216782817204346,0.31861340245412423,0.001561835034022241,0.015819719077180654
290,-0.5036390761827688,-0.42911908294512796,0.17272179759300343,0.3195750576224155,0.0018725622193405415,0.015386629429513616
291,-0.395436393630225,-0.40456073992883235,0.17318272056304096,0.32020452584336445,0.001354646410014328,0.01619933577384702
292,-0.6263152437336832,-0.43717763376929586,0.17417685743561642,0.3208953501930045,0.0023196428138301662,0.01596648543014991
293,-0.6348340263191546,-0.31243987268911894,0.17517763046285056,0.32126710102879025,0.0025787954003990295,0.01634813714905185
294,-0.4165715803279698,-0.38101584196172167,0.17556124815160906,0.3221825373406323,0.001561895711103163,0.01364322384458459
295,-0.28536825905003715,-0.4141059940026112,0.17585978886506848,0.32324522199376154,0.0011483164559476966,0.015716703768251933
296,-0.5012027501470829,-0.33525886859848275,0.17649301528886635,0.32386200165558515,0.0020315602429581063,0.014121574785744306
297,-0.47064641456846457,-0.3275041040295199,0.17691434414428991,0.3241706301362633,0.0015701125385054273,0.014647862629493257
298,-0.44188811550824186,-0.38592379385422465,0.17747284923348916,0.3244916043393137,0.001713165081137072,0.0177122866009752
299,-0.33799779479438374,-0.31060469012908903,0.1777097539664737,0.3249656147648465,0.001101209044451767,0.017066122193238494
300,-0.5490954743455184,-0.5408893704908826,0.1786332522860702,0.32619351558552084,0.0020026296608700363,0.01694842074460771
301,-0.48902440350276527,-0.34879515416036716,0.17941396126118653,0.3267846517950743,0.0017994785795074299,0.015432301409362333
302,-0.3220460012649156,-0.36362337922077037,0.17980552593828142,0.3274970316633751,0.0013755640716091237,0.014684735501607033
303,-0.3933112128668611,-0.4350273565739968,0.18028885859019625,0.3281357255008853,0.001810136769157221,0.017652148829686465
304,-0.48807659831442834,-0.44358988131895355,0.18084039482730818,0.3290734823020235,0.001699290346341353,0.015962739492202165
305,-0.4777036129786475,-0.4226520524613501,0.18150477140942275,0.32976781405238903,0.002091656428851961,0.014466794699002927
306,-0.3968916740265355,-0.5028979747000124,0.18195602976861067,0.3313432179043918,0.00205102667699415,0.01826048444196304
307,-0.2712611314745679,-0.4364395963621276,0.18218209256966814,0.33202695641546354,0.0013435546182392524,0.020084596623801708
308,-0.3067664421010934,-0.30952015218863493,0.18234458428055822,0.33231182266732373,0.0012559242940225846,0.018683971129238662
309,-0.4086102311392228,-0.3677160607751108,0.18294190977017027,0.3326466271959451,0.00151043836598603,0.019605529282019328
310,-0.6119039888303748,-0.3823144137852521,0.18387318159995591,0.33323033937646945,0.0024162577215224215,0.015936505967767686
311,-0.35126285675856983,-0.3638238118719939,0.1841707244631516,0.33420358474344275,0.0013212040054638378,0.014205862741306018
312,-0.4001457538734223,-0.49709010250801083,0.18451720300570074,0.33550040702506306,0.001654304994030788,0.016841199954350412
313,-0.49826194196116247,-0.5144556655562735,0.18503475909009526,0.33723150897087634,0.0017546871208361091,0.016444424153404594
314,-0.8092804454737521,-0.30360076487391807,0.1865425647232923,0.3377629419515227,0.0034411365247176786,0.014509641088164816
315,-0.44382022115973657,-0.48906917574090286,0.1871035541457514,0.33850422689388326,0.001458776571288363,0.016020295395983243
316,-0.48415325663812336,-0.6480050047637961,0.18762784509008718,0.3409440959370731,0.0017487330670303569,0.01668177395912542
317,-0.7463512249155199,-0.34119547338642203,0.18894956285022738,0.34167054124051843,0.0030786630901786373,0.01878963774154853
318,-0.4341074088204841,-0.39573888620248365,0.18941500331120478,0.342319560994341,0.001421999186898716,0.018727871651357395
319,-0.4001445691383599,-0.4472203374317762,0.18966596096191338,0.34306139758645793,0.0017282289188478585,0.019254435299876423
320,-0.5700953029847494,-0.3273662197569663,0.19049835805852847,0.3435157461558008,0.002382648385664092,0.01756703366589246
321,-0.3406671249144268,-0.4313615915499308,0.19074319284338537,0.34450781988183593,0.0014718542708338845,0.019570538638581738
322,-0.5659822692742902,-0.38379854021341714,0.19158328642922412,0.34522308309912014,0.0019037205926771838,0.019456679955518953
323,-0.5104085187304234,-0.36351341887135025,0.1923032709494696,0.3456522339879785,0.002000880132230639,0.016461611733040043
324,-0.6913897173046836,-0.34851471844852616,0.19347038782389983,0.34630914492724635,0.0027913046643057438,0.015569034707552042
325,-0.31716020459932515,-0.5448950449939071,0.19366419412325522,0.34802550299029095,0.0011772474225705135,0.014853836835011985
326,-0.44873363438269553,-0.38776072898785774,0.19409962248070972,0.34842015770178,0.001606646004838203,0.02203144173530121
327,-0.5300788245133521,-0.3729106337972872,0.19474799061017853,0.34921523925550535,0.0022287179601385445,0.015532991882275375
328,-0.35414437042303815,-0.39588990736577967,0.19502941199576784,0.34998998012086485,0.0012793143913960292,0.017636281810772068
329,-0.4135009439447549,-0.38048098614917897,0.1953717309322251,0.3506025089862169,0.0018672475673921784,0.014843227475735396
330,-0.5912456231169214,-0.4989378715150182,0.19609803967513126,0.3522861244341155,0.002046335611679073,0.020606507907881325
331,-0.48862616814595683,-0.35536504216900244,0.1968827297103406,0.3526490621223327,0.0014389663808959405,0.017268873964696365
332,-0.3561609605381503,-0.29626974881353296,0.19710679918457538,0.35287057418942847,0.0011639765554075704,0.018446493597825603
333,-0.4854549309368432,-0.4357840223660289,0.19768576719926745,0.35388474213022664,0.0021756054053057397,0.0150685929984364
334,-0.47764012082941365,-0.38607921268141226,0.19818542039846015,0.3544612520297349,0.0016125608245683835,0.01671935794663286
335,-0.3088724095771055,-0.2545475971756018,0.19836255055887292,0.354711267091489,0.0012085161050627439,0.01593897619457633
336,-0.4090359448561018,-0.46243085579356324,0.1986942412527708,0.3561222905436017,0.0017913857149984373,0.017266849674058216
337,-0.5319740618198,-0.3748786868083792,0.19943174811594547,0.3567124361478782,0.001959378717329962,0.01802813954432128
338,-0.418970757494435,-0.3185765662804256,0.19988509239226404,0.3572583121560396,0.001594952501547875,0.0173225942540958
339,-0.3616033311824941,-0.418893327564758,0.20016320757030343,0.3583125496104997,0.001647535249130929,0.01743700788629501
340,-0.4845823957519336,-0.3828124492760009,0.20088143210124793,0.35929778913942645,0.0015448630500527008,0.01543997766257033
341,-0.3505098318035887,-0.375088031870628,0.20114066721377152,0.3597454068275382,0.0013988405335118464,0.016564944374623945
342,-0.4762878386439371,-0.3549658310361929,0.2016260039645585,0.3604629719212189,0.0015607096572585976,0.019752610603917403
343,-0.6828893994159921,-0.4125402177214533,0.20258755172251136,0.3612292128969643,0.0030774843988816123,0.015489041381464768
344,-0.6581196326946073,-0.36372226829491305,0.20368481723309345,0.36194264501686224,0.0027313680132527176,0.018728321921421286
345,-0.4006349588522877,-0.4291547781165078,0.20394305114911926,0.3628307618727678,0.0012956805381612055,0.014929756727402337
346,-0.3848446955047813,-0.3141113138434795,0.20429390606592768,0.36332764296719533,0.0013170032097412645,0.01678535464788977
347,-0.4341254023779844,-0.3475896522931621,0.20476050683681477,0.36379878005869576,0.0017037251786585796,0.017336045787718805
348,-0.37888457289934135,-0.34689898896275223,0.20516644086350475,0.36430721827499785,0.0014596131736630033,0.015451101346668302
349,-0.4199102151567571,-0.29379657180524715,0.20568874093894443,0.3646226829834492,0.0013868486808239864,0.01755773904785126
350,-0.2656931707965076,-0.4288389714787498,0.20586219588327373,0.36548084115373264,0.0010230443466346893,0.016742466561648475
351,-0.36521925658111865,-0.392132682821784,0.20609139621544295,0.3663535586099055,0.0018333636541483119,0.01722338487261365
352,-0.3917364309611549,-0.2848000885399788,0.20648470186078807,0.3666525684871623,0.0014436639708407587,0.01797206321174763
353,-0.3770285507366173,-0.27007909273306424,0.20688129168292696,0.36698466509637395,0.0011739977498221937,0.017974838553645973
354,-0.6431127850548042,-0.2882048192892263,0.20781437150611665,0.3672515321907484,0.0023602928072632423,0.01987823524242532
355,-0.3912233165400037,-0.3184225502393733,0.20818259593632651,0.367589225008283,0.0014064805629019684,0.01963160732108527
356,-0.48029769760685864,-0.3590174949568733,0.20849213141828624,0.36800847683656246,0.002010670715271547,0.023526481818153595
357,-0.3163711371169494,-0.32495066972000863,0.20869733656639763,0.36841386322640435,0.001121026312183186,0.01703705675355833
358,-0.37245985291863587,-0.28170321351603317,0.20904420260095025,0.3687352390537398,0.0013940774910399174,0.01878764614442039
359,-0.43075297309284805,-0.3706814476380068,0.20935899608920946,0.3696637219003837,0.0017485720562597884,0.01881750978952363
360,-0.48413765637825307,-0.37703144243181475,0.21011025274113165,0.3706134037235196,0.001750847262013354,0.016148781591888702
361,-0.38492722959920456,-0.41019574349510207,0.2105343510353765,0.371310150369845,0.0017498089815946723,0.017808228541304948
362,-0.520352313293716,-0.4737312761055769,0.2110964845748312,0.3725445606022611,0.0021678846187767943,0.01826469203003183
363,-0.4524140944510143,-0.4282314351913946,0.2113917208653942,0.3734281285740514,0.0018063134908905603,0.020408134414214293
364,-0.49632431572525615,-0.28006430918776765,0.2120683869112776,0.3737861376234006,0.0016191845898867756,0.016417975425344015
365,-0.45933375711122143,-0.31160041288443674,0.21264905545194088,0.37405050569600984,0.001654665989685631,0.017648050413545086
366,-0.6864055590822686,-0.40158372350206645,0.21374865735308765,0.37448415309624855,0.002455651500291385,0.020887930245054948
367,-0.5138119775991639,-0.3515278453927703,0.21434315585512295,0.3748893270404589,0.0017053316053385508,0.021482604268727404
368,-0.359673031362896,-0.2962433967445827,0.21462456918948308,0.37535834684363734,0.001612564011064755,0.02052783733363087
369,-0.2995379671831675,-0.5562669199145368,0.21490935440501596,0.377248033321765,0.0012463892301429191,0.019693805860999846
370,-0.3030396558392066,-0.4189869322014341,0.21526005473292947,0.3775584671656055,0.001616902225635873,0.023577533366391307
371,-0.30345928773818365,-0.49977530407383813,0.2154085008781653,0.378719021158601,0.0013110281758563005,0.01710228845141178
372,-0.5571655795715899,-0.5285168779650298,0.2162622400080724,0.3801622146426337,0.0018693056451805107,0.017694619467496935
373,-0.708427415732194,-0.38407313802911414,0.2172999116733955,0.38097876165200073,0.0031795671952646602,0.01662952153319022
374,-0.5173673096570879,-0.2927924670919944,0.21773679674429802,0.38149270296912235,0.0023962179459106605,0.014312744180485342
375,-0.46549007680286153,-0.4312570983169962,0.21823374747190494,0.38276247954885456,0.001997305987396851,0.019541339299326464
376,-0.34583629856746584,-0.39042000203623733,0.2186258241470226,0.38360508958794337,0.0015320300245072467,0.018015171961298593
377,-0.4079234350736838,-0.5568304211895752,0.21898299079266845,0.38550229255691526,0.0015137112264393597,0.02041244601643149
378,-0.3786365968458054,-0.3277387250319987,0.21922770765367797,0.3861467080576142,0.00153360703363394,0.02219921548879282
379,-0.677274281956372,-0.3228093368583414,0.22039853632025627,0.38642694098116986,0.002711146558140734,0.019107189011778637
380,-0.4370475706501266,-0.35748737500688255,0.22075653475931092,0.38682180817315726,0.001454976045264249,0.0208667272288749
381,-0.5024931422067166,-0.35767974752143483,0.22103477022775417,0.3878734046036759,0.0019906991213338773,0.016101101691473153
382,-0.4276301733193714,-0.4770687386616102,0.2215387743779437,0.388779768834243,0.0016360664342804357,0.019875674125328265
383,-0.4182375049938034,-0.3605337981067576,0.22194358626586902,0.38935316670559655,0.001719996558082214,0.022887449421231505
384,-0.5943926107496262,-0.3959957440477997,0.22278210045826263,0.3898662046194003,0.0023340734782475022,0.01944092495204615
385,-0.5440411455562171,-0.4111017871554076,0.22355975967024924,0.3907516029845941,0.0024868303689758024,0.02098937503087437
386,-0.3272731761463815,-0.36772291274127006,0.2238770011338982,0.3914195135069917,0.001284320233463762,0.01805301790540475
387,-0.38980689937378304,-0.41852781384872184,0.22439410884160035,0.3917930137711199,0.0016792818691290466,0.022982160080001836
388,-0.3469379755119703,-0.4420715828217785,0.2246422108676052,0.39321428736169955,0.0010869498754123173,0.017849715016977772
389,-0.6242206678105596,-0.3776429588743242,0.22551581217443897,0.3943012431125213,0.0021404574873290115,0.01861398018490116
390,-0.40843349663818174,-0.37952175957690776,0.22598239315153693,0.39527117283424834,0.0017399307448866949,0.02449825898726682
391,-0.4870962073959083,-0.3734181120138941,0.2267620398136012,0.3959382784748697,0.0016597468836978128,0.01875579759956363
392,-0.4221435869008173,-0.5720754015063143,0.22716108600037035,0.3974327485129244,0.0016479374700850142,0.02125453518484466
393,-0.3951167681163894,-0.3132098158947158,0.22759899303606784,0.39785435085717785,0.001613780714403141,0.019268954029526896
394,-0.353018843997407,-0.3166493865572895,0.22783102032799293,0.3985674374824686,0.0017178877291187987,0.01795842026960603
395,-0.3958371088954923,-0.4378851246150141,0.22828984973895297,0.399256379173491,0.00164448085354186,0.01860198072358832
396,-1.0143064577961265,-0.395008602985605,0.23027904372819624,0.39968156229689983,0.004911835215324672,0.021162888037263825
397,-0.3742766223283107,-0.4250952630899461,0.23068134278824554,0.40063325740126854,0.0016616614667734914,0.018144632547528492
398,-0.35809924763599743,-0.33605453778378463,0.23100310395387413,0.40111278470806233,0.0012191910898397978,0.020696330871859448
399,-0.5874401445993894,-0.40306459920229587,0.23201063970186617,0.40143433884113916,0.002353679639005418,0.025458504437525724
400,-0.5389817084073816,-0.35108321771183126,0.23272275332026832,0.40196147714690905,0.0019552468149159016,0.021387056677244966
401,-0.347875915265959,-0.4375822270324969,0.23292060959701294,0.40260623319410166,0.0015548969937898803,0.020404590080566033
402,-0.3172478045712195,-0.5548978915876812,0.23323074735093302,0.40384781897045524,0.0013987162400746307,0.019521204847283095
403,-0.33546001145987203,-0.36298640585811237,0.23337292173160182,0.4045697022189067,0.0014322785761806847,0.019126611414768704
404,-0.4985719336587247,-0.2884625880736769,0.23381987852552688,0.40494475026954013,0.0022071844507067493,0.02106914851061806
405,-0.32580195759088465,-0.24686335040531773,0.2340559972905828,0.4052927538938262,0.001489710964222061,0.015534439936104883
406,-0.39113071951192446,-0.286605303654198,0.2343533537567857,0.4056128575296108,0.0017218220386642708,0.01847189724533056
407,-0.44706657831635993,-0.4390806367856518,0.234735363616774,0.40615149735266304,0.0015662065209311711,0.023902838876673948
408,-0.37818768527284485,-0.4411720741839933,0.235057936503544,0.40704728154941777,0.0012853482243748856,0.022934393260544198
409,-0.5193549444694622,-0.30125123288806754,0.2356860566029995,0.40757238308653726,0.002006524047264144,0.019607198763048166
410,-0.6168807094587672,-0.36360796923017574,0.23658527173416433,0.4080694386789181,0.0025865984939962908,0.019650516367321975
411,-0.4462259808339762,-0.274041425329957,0.23714312607322338,0.40837130973538605,0.001561151769442044,0.01897243675602826
412,-0.30991991878783587,-0.4769739520690289,0.23738110231280085,0.409369961951014,0.0013711515922967855,0.024273354475826677
413,-0.3531904565833377,-0.37011565190647394,0.23763840582252482,0.4096653394500323,0.0015033730776390667,0.027077431583194065
414,-0.9629665749646579,-0.36515214717991545,0.23955912446329683,0.4103219243333522,0.004802742495646696,0.019946165474105163
415,-0.2939969592039718,-0.41412919608129983,0.239777114810507,0.41135303832793146,0.0014275897068531127,0.018486992461827185
416,-0.5042850392896283,-0.42698771068811786,0.24039081471670096,0.4127910093414084,0.0019134034085422134,0.018367385348789685
417,-0.557272074154301,-0.32487814331422504,0.24109471232566695,0.4131309451291406,0.0021817338947605685,0.020101877974309623
418,-0.34228884711599966,-0.36868318181331133,0.24132723108474566,0.41335360081548606,0.0018533973161932317,0.025109674392260004
419,-0.3634844326943238,-0.3687755930485468,0.24165472676409547,0.4140459092970321,0.0016339332536528248,0.02340785337514524
420,-0.4476993750136501,-0.4408630383566225,0.2420526965514293,0.414895229043787,0.0016755514297214526,0.0197951940435084
421,-0.31439459010810694,-0.2853598214989346,0.24225053928221263,0.4152358673256211,0.0011537358282304538,0.020474644586320884
422,-0.34245425712456834,-0.37924601176899353,0.24255231375738595,0.41582131277455936,0.0014920688934980688,0.022414288587927073
423,-0.4878120677278465,-0.32079494657859925,0.24319886968860213,0.41638514262294407,0.0024028832075386566,0.023626212571050072
424,-0.538742049422492,-0.406066317838631,0.24398170998419025,0.4172139596095741,0.0022191201954809498,0.018476852020071197
425,-0.38487194525931173,-0.3436421282875018,0.2442884173572583,0.4175786264506494,0.0016873509762983351,0.02161121712612224
426,-0.3646552341293304,-0.3235827818662291,0.24470581442834663,0.41802341280107025,0.001228640135238449,0.021890161774482497
427,-0.31550331667679143,-0.27758066657039776,0.2449031091226395,0.4182644330538491,0.0013173378240572415,0.02006240321037472
428,-0.3248812928217856,-0.28860260437392626,0.2451711994703848,0.41854298104107723,0.0017598539385390109,0.0205534053716805
429,-0.6347582919637296,-0.31931578340508465,0.24611602512513542,0.4190091740795882,0.0024084379834210397,0.019989836953392792
430,-0.39501803916839023,-0.32140749341092134,0.24647454682110506,0.4193270469551951,0.0016130401615953769,0.02579920123014245
431,-0.4476385585798782,-0.32708447908458926,0.24684545071083966,0.4199367958482624,0.0016629435529553717,0.019576748100920256
432,-0.4442427725514638,-0.44068040301787276,0.2471872342377948,0.42103188992241447,0.00202471987376964,0.021161716180332878
433,-0.25637163560511045,-0.33789147399670033,0.2473169992594668,0.4218110658885684,0.0011115668295299818,0.02092806636527191
434,-0.40035688746702325,-0.44782768481627455,0.24764968052063313,0.42253446917712484,0.0013334063224863324,0.027763585431975154
435,-0.39333278914508196,-0.32396689831850517,0.2480086892653858,0.4229528171428095,0.0014628820390555476,0.0182172422589541
436,-0.5185740830653938,-0.2974544943131729,0.24870472962468892,0.4232614947651698,0.001889264536647274,0.022459264754104754
437,-0.5221503525074751,-0.3706119424789645,0.24929679353646986,0.4235704929577368,0.002314124848801228,0.021870720713274176
438,-0.413999773073923,-0.3456922578656798,0.24982038587433275,0.4238319310352884,0.0016959472267255747,0.02711852153282904
439,-0.3177034441816437,-0.2649127973332498,0.2500340105810529,0.4242862882518518,0.0013578022320175317,0.02183154632388126
440,-0.5798301710861463,-0.35793712171438263,0.2509216181954218,0.42497414272992157,0.0021743384815211546,0.02206620991015731
441,-0.44039981429134334,-0.505789412641392,0.2515032203065196,0.42590591055168503,0.0017976713796408687,0.023839957524941124
442,-0.3814505123406945,-0.29536823140292634,0.25179445390319655,0.42640773850070757,0.0015471467085240505,0.018718102996324423
443,-0.3858673501836836,-0.3827207917982428,0.25218936593255725,0.4268920102026071,0.0017471213830492075,0.02060469039190513
444,-0.34684155053362936,-0.3349666966967756,0.2525042853957062,0.42721633015227645,0.0015861935649980003,0.023962808038995677
445,-0.3240482844662014,-0.3227538358908584,0.2526176900397488,0.4275583495630267,0.0014569490536219813,0.02208289985503543
446,-0.3683571180292812,-0.337389987811597,0.25294918605020644,0.42811474119375165,0.0016547742756670798,0.019666343309563353
447,-0.6289254751078746,-0.2996824671762924,0.25401716205845615,0.42834012016679585,0.0024038037769870636,0.023047685029872984
448,-0.41768738231967895,-0.35487438784550784,0.254570629841001,0.4291478226752819,0.0016285351445524713,0.019046177562227685
449,-0.5061383006148161,-0.4126534114593854,0.2550387752802837,0.4301151373063639,0.001966188618771401,0.021990071292993175
450,-0.475220873913103,-0.38106510801840704,0.25558775001371015,0.43069080725690073,0.001809147295573655,0.024679011212047942
451,-0.467852330228773,-0.3223167659924144,0.25613807744117134,0.4313296365725923,0.001366837915236412,0.01850589954635567
452,-0.2908536296563907,-0.42860591112366714,0.256263429957987,0.4321468888576187,0.0012833036587386667,0.02372348009203335
453,-0.3392103810798571,-0.3255467584689189,0.25651950851187677,0.4325334813239626,0.0016799482214988328,0.01848094744089899
454,-0.33825172163228895,-0.44688564539993036,0.25672175122429464,0.43336513739155924,0.0014612229794288942,0.02139812402066156
455,-0.24989498510163752,-0.2910578303660345,0.2568979988230961,0.4337347573273507,0.0012838244112197213,0.020701422327118326
456,-0.4282722260591825,-0.34830829556734566,0.2574526885836881,0.43429620577992156,0.0017644362190678397,0.020066026041616385
457,-0.34223243470220993,-0.40690151900084587,0.2576041577438903,0.43488128126726117,0.0014512278732822868,0.024781956151369914
458,-0.299300552199654,-0.38372640077155346,0.25785513741496263,0.4355620826213224,0.0016619103656877814,0.01845612282642782
459,-0.24658869802046735,-0.26496169585774987,0.25798659183715117,0.4359718452415499,0.0012829677522843874,0.021513235234238023
460,-0.5988091330277874,-0.3422388422606951,0.2587858729931083,0.4363293906743121,0.0019146596332486963,0.022918893636376864
461,-0.44042088111513716,-0.45391286849445944,0.2592619709839957,0.4368653708343727,0.0016541992186023063,0.028964960473432284
462,-0.2948432158152494,-0.3820383734544652,0.2594706139794138,0.43752303689671473,0.0013159110101067205,0.02620004607820193
463,-0.380285757526822,-0.40563133997727924,0.2595989255190478,0.43845206113571855,0.001511371221052803,0.024490513703786597
464,-0.3425720877959898,-0.3809447913976337,0.2599271431677383,0.4388695826218857,0.0014446053228811407,0.023495565330014064
465,-0.5425285447155275,-0.4252288147770597,0.26054429337091706,0.4393992613591715,0.0018972783357672658,0.02915975480875289
466,-0.5526492868838678,-0.34586130405372123,0.2613586123049805,0.43985572622491864,0.002262272577299784,0.022223330959869704
467,-0.4322076245274031,-0.34472776700807517,0.26184913358834083,0.44019133276870026,0.0022101173636238118,0.020202141022770126
468,-0.3542901249477348,-0.30820580150892884,0.2621689386592106,0.44045211260618367,0.0014973572851786211,0.02196124256654541
469,-0.6294654408027818,-0.29346951935577126,0.2629736909027257,0.44095422584212496,0.0027136447185876936,0.01908063687679518
470,-0.4052417073594665,-0.4437211698417859,0.26347093192376986,0.44170124766453006,0.0012911335618498707,0.024563784856254118
471,-0.3779319427008878,-0.3695731534698367,0.26378871576470897,0.442431067446852,0.0016300436193829486,0.023149337299751785
472,-0.32002000961711125,-0.28524857402293957,0.26394222014720425,0.4427471154436486,0.0013343656842650345,0.022206427994983003
473,-0.33767538343074327,-0.3648067343384116,0.26430931841390376,0.4434235521849228,0.0012336832033333777,0.025041535869309725
474,-0.4707541905570813,-0.35557875773757996,0.2649103223793785,0.44395899995819565,0.0016711485584869883,0.02380157261354056
475,-0.7676993766195187,-0.34896549312876307,0.26625122201431717,0.44413582473761287,0.0033107576171301583,0.02788041408195237
476,-0.46456540595895474,-0.3561624859163876,0.26675637125471097,0.4450222089561054,0.0018890530156996366,0.020370022304960322
477,-0.3980597967846151,-0.37803385790061894,0.2671120616039563,0.4454512012183759,0.0016258714328068677,0.02750617661552603
478,-0.29451641186583855,-0.33367319332836043,0.2672234879791974,0.4457846254289058,0.0013761556857941114,0.022728769203144268
479,-0.511614433792042,-0.3124114796094067,0.26788132659963215,0.44645090336376647,0.0023377351339578987,0.022152118288574524
480,-0.4436086702202131,-0.3782388159968009,0.2684272247188183,0.44692972096435,0.0017777800689027898,0.026413393082890556
481,-0.37224419466873776,-0.42810296004535875,0.26871435339254846,0.44777889164643786,0.001548355853383009,0.023967763228498713
482,-0.8098897659382142,-0.26502058106677234,0.27013534769953523,0.4480250974628581,0.00355838808466137,0.020731388888799315
483,-0.5745132914842322,-0.3829076412808542,0.2709846685217423,0.44847672945087824,0.002235898714893472,0.02912118347815649
484,-0.3770144817546328,-0.3004340248800902,0.2712678854870926,0.4488613652017466,0.0016382065008731627,0.020092455725198938
485,-0.40420665067703826,-0.30359775193819116,0.271628993389998,0.44905574619570027,0.0014227743767886928,0.02439151580238824
486,-0.3300416171780145,-0.261341106318887,0.27178940061990825,0.4493792278302105,0.0014537057483440172,0.018455517239180666
487,-0.35250331294758436,-0.4537797494917891,0.2720316748208245,0.45034404661266014,0.0013669523511153608,0.02449300925231366
488,-0.5082150025850526,-0.4463563522861577,0.27235802695577516,0.45158663095538815,0.0016280551873949826,0.021976240158280227
489,-0.45033817364215617,-0.27970297681056083,0.27268218230757296,0.45203371109619817,0.0016730425419595588,0.0258062613596845
490,-0.5465054659288282,-0.5282698849282538,0.2734989042907876,0.45313440316570897,0.0023545303170625395,0.025111742484291946
491,-0.6621299358940576,-0.4344823834370475,0.2746488375825641,0.4540268602212948,0.0028028966446672623,0.02946738965725903
492,-0.45456201003283536,-0.30564926479270194,0.2751165020586942,0.454253882581808,0.0016247213204709013,0.02006663000141986
493,-0.4348116051573114,-0.309257094322939,0.27542591037228015,0.4546602418213903,0.001972947229361026,0.022857076611158676
494,-0.5588390726460839,-0.3372971037370765,0.27632256173769676,0.455055459232051,0.0022603302853745374,0.02405046225106705
495,-0.3663882761210988,-0.36797570214753106,0.2766712133766856,0.45543806006089754,0.0015888059873007119,0.029575501744702585
496,-0.3380807179420374,-0.3335208914873918,0.2769739621084454,0.4560165318354686,0.001246646952062355,0.01868956601265087
497,-0.5128162303958613,-0.3566396547659692,0.2776019452799029,0.45685900237304083,0.0020522086966034995,0.020606901950063768
498,-0.33830352481089326,-0.3129678416738815,0.2777912418851064,0.45726753783294277,0.0016165593714852725,0.022267466297551716
499,-0.5171531659378419,-0.418451111263022,0.27846970233901785,0.4581514933435667,0.0016754871869595212,0.01878777320822995
500,-0.38003983343029996,-0.3727138412363163,0.27884897448900126,0.4590177386235833,0.0017475195837931164,0.020153210043924244
501,-0.3577939482596734,-0.36004330172863136,0.2792111994503428,0.4592538037307326,0.0016949673505236426,0.028802812556894687
502,-0.415853796183443,-0.28250101055246457,0.2795622777755422,0.45963275366747924,0.0015712346623489382,0.02354223033429529
503,-0.48279349143534445,-0.34670107696370794,0.2799415033351278,0.4601180145025471,0.0019390443252685307,0.020901314437812603
504,-0.4196234569557237,-0.38419618984307474,0.280357871389014,0.4608807747986513,0.0017228268986731275,0.023365929010136188
505,-0.42822767361208314,-0.2718225864659843,0.28075823195965105,0.46114318767609774,0.0021905791881713,0.023957518895573158
506,-0.41540944943574426,-0.4707522525787957,0.28112735634519176,0.46204452140997593,0.0016904911284615204,0.029994853629588925
507,-0.4701020836998734,-0.30141000564660275,0.2815740679391845,0.4622107121449242,0.0022356668714091517,0.022860136926168752
508,-0.6569107462790478,-0.3551400834325812,0.28262490657243955,0.462917932314908,0.0028696823804776556,0.025113119007763692
509,-0.4669077070562,-0.4267331247552853,0.2830751927633242,0.46357688950733394,0.0021161049677176674,0.028355963519362128
510,-0.4958952641040442,-0.3504827590293504,0.2837407195735896,0.46429840417173385,0.0018803272497069274,0.026208111274606042
511,-0.36142410030287,-0.27111415438098707,0.2840527358152332,0.4645558523841748,0.0017350355239002784,0.020811535762279884
512,-0.31533346885997376,-0.48016774507259297,0.284260281770646,0.46545007517869164,0.001369046784392628,0.02877734483175443
513,-0.42569836605833716,-0.36204634190455015,0.28462154392277034,0.4657367571746853,0.0018966179241186123,0.023288051117396794
514,-0.41609360698542536,-0.4258247737141115,0.2851099696132985,0.4663326092220192,0.0019424627211747085,0.024795965614297547
515,-0.31653006266241257,-0.36685256889249784,0.28539254328048724,0.46680459716327566,0.0014954331778597822,0.03135988380526468
516,-0.47293802437566773,-0.36804205766235815,0.2858429755389158,0.46727623297508314,0.002137834351963759,0.02375941240575097
517,-0.5005663478786406,-0.28362635075002646,0.2864815126432424,0.46767627748779045,0.0018419182394511572,0.026312963147023593
518,-0.2877505480099317,-0.38188352609188714,0.2866042150198572,0.46830274640254366,0.0014025228073478815,0.0238565238319465
519,-0.3917542401471783,-0.4405975445827732,0.2868402693500975,0.46876821883011127,0.0016967362162204566,0.02668530113517876
520,-0.33733670676526367,-0.3126700439015319,0.2870474738171166,0.46932935579087937,0.0017616660555488963,0.02500012497137186
521,-0.2742832703677712,-0.280915988836202,0.2872601583141467,0.4696121072503684,0.001347231812985006,0.024612536185805233
522,-0.36700684014661394,-0.3315433514112603,0.2874968927044727,0.470086748771153,0.0015820222488177813,0.025755020606065673
523,-0.35672383317192136,-0.4726695791487548,0.2878132286005343,0.47064479699703915,0.00161498280151697,0.030556283747684574
524,-0.31792938231367085,-0.45191747379189634,0.28791667510546953,0.4711803246310099,0.001949876019215281,0.02835797870747008
525,-0.410282776508789,-0.453315569616613,0.28831293973690114,0.4716535403348937,0.0019407928078059408,0.033985032993030885
526,-0.3563404035504866,-0.37932197035364945,0.2885255489737158,0.4725156268119399,0.0015640723797776433,0.025318861258703883
527,-0.34488794706465564,-0.4099267057528729,0.28876045928183647,0.47286403276777533,0.0015774138003555873,0.03249459051352054
528,-0.6130233212269032,-0.3185418876369242,0.2897318321195632,0.47333819281180295,0.0023582142448372785,0.024808967580065372
529,-0.3473406059588766,-0.3478580313104726,0.29004078304257774,0.47395152015331854,0.0019615891119067427,0.025911369901169882
530,-0.5157389648910666,-0.3746291684117739,0.2906366569045514,0.47450128804436315,0.00191423121461604,0.024355060396069175
531,-0.5563457697401777,-0.6218124620201861,0.29131201621151465,0.4760836310848483,0.0022034075012197668,0.027112117331995176
532,-0.343155142289529,-0.2787972152171379,0.29164504124504337,0.47643476628364023,0.0016235439129719661,0.027324519347753613
533,-0.36841684468742936,-0.3053713528961392,0.2919587155136534,0.47672781540956183,0.0017312341654942677,0.02751310890430473
534,-0.3189258045741157,-0.506569070556571,0.2922767959393882,0.47774126958970803,0.0013736216934712457,0.030510455204321545
535,-0.3152161839732614,-0.3348580612071938,0.29248575755277684,0.47821566839726404,0.0014688904864017852,0.02318203483043901
536,-0.398547731108245,-0.4717466194637361,0.29294866140708714,0.47920662409640213,0.001824490864262599,0.0252119285984624
537,-0.42295568401516936,-0.36179505206166357,0.29331353610484173,0.47963748379139265,0.0017924181061990893,0.027371716890081072
538,-0.2709943211921832,-0.3196408036450976,0.2934114254541855,0.479912028591496,0.0012739057965828475,0.03014708010538355
539,-0.4568751613464751,-0.3516527841539589,0.29382226211614165,0.48017015921725165,0.0016946163085683496,0.03154733958908009
540,-0.73844874667413,-0.4283779127746273,0.29513541640871366,0.4805414700449917,0.002816687337261715,0.027420590499861577
541,-0.340659348620895,-0.37935449673156646,0.2953977558972286,0.48157444149925355,0.0014451256789474807,0.026689465812221133
542,-0.40606238066368167,-0.2703774232088313,0.2957933828280556,0.48176774915646964,0.0020554650595126524,0.023221963152112134
543,-0.5160637799482237,-0.3484361891674402,0.29650794209956866,0.482005572765686,0.001672684596193172,0.028969650393396388
544,-0.35180924789654283,-0.32812170430606297,0.2968603766104411,0.4822498304331753,0.0016074553680991198,0.023646286200360238
545,-0.6230305333479031,-0.3717876427468563,0.29787557903461254,0.4827213630737058,0.0022859098868843867,0.021673512598289316
546,-0.29273031246696046,-0.47683532557581565,0.29813139697110563,0.48325549650739064,0.001533486843362714,0.028741114205912733
547,-0.618463485504091,-0.4672856789002164,0.29900371697442424,0.4837328447583651,0.0024652719736945375,0.03320990455455112
548,-0.5772049616091657,-0.3541342536822618,0.2997497718335489,0.4844175668557624,0.0024497625019622485,0.022273822716168897
549,-0.34840841087210384,-0.42745477417077876,0.3000421232329483,0.48479054398701454,0.0016531678465066862,0.031302707951732664
550,-0.39710457848606917,-0.37735249868521903,0.300503466858106,0.48544213202743103,0.0017188288751699007,0.022312766727025216
551,-0.5493602313859764,-0.2870828260761391,0.30108010100538796,0.4856109950865567,0.002284154773445811,0.026573966012304412
552,-0.4899782258294964,-0.36380997161423795,0.3017809060606807,0.4861605628390547,0.0017769861442041282,0.025286718744169906
553,-0.3439305054484968,-0.4228641880777881,0.30206240982789573,0.4870316324711017,0.0015848520522172955,0.023113958577035583
554,-0.4897387348685708,-0.33367786386623965,0.3025339572046406,0.48763041821058767,0.0024431013723350496,0.02613489320999428
555,-0.5651552629228327,-0.33428857573589016,0.303124889055846,0.4879631787405594,0.0025722838836676506,0.026531424492510447
556,-0.5348552653234213,-0.37925702838339487,0.3038567844546677,0.4886481836726832,0.0020524096698437966,0.026068022313717593
557,-0.36518273360055337,-0.42736404254709554,0.30412376916949374,0.48955143046822136,0.0016405893934332493,0.025640332752721644
558,-0.5847957749036534,-0.3120581333130393,0.3050897677448522,0.49006662068755863,0.0027911725728228132,0.02589427838652881
559,-0.49309649455435633,-0.3613213670465053,0.30583235425556227,0.49043750389157303,0.002265987171708041,0.025889995940956218
560,-0.3124955380712189,-0.3305360847106605,0.3059675134569511,0.49086719638792703,0.0013294380491433,0.026905620906524826
561,-0.361181675097762,-0.35723546658265887,0.306197639929275,0.4915376053325535,0.0018292476652123815,0.024126937621999897
562,-0.2977067078647034,-0.394090901120243,0.3063793196330014,0.49231502694152046,0.0015684488754887404,0.024025775511047256
563,-0.33484455845597627,-0.5349757792413031,0.3065221339934693,0.4931499934071447,0.0014861168589571207,0.03572791003569716
564,-0.4015985381918721,-0.37161006405461716,0.3068833576740097,0.49388576829151726,0.0019414377436686172,0.025408906267177574
565,-0.4959992219491853,-0.3396655412747426,0.30747415640692416,0.49430451792479113,0.0021342893480514225,0.029859733785059312
566,-0.33409856122311304,-0.3693773517530797,0.3076056557600278,0.4947713246456585,0.0012719862148539247,0.027740228322807294
567,-0.4730410690548981,-0.41234398371757125,0.30824088782873726,0.4950793330222491,0.0016441811000846114,0.029865877953637113
568,-0.5287627468092302,-0.4292640472022739,0.3088249779610884,0.49578814921838604,0.002114177209701675,0.028519098432204848
569,-0.3355675072975382,-0.26995856589668166,0.30913341659121885,0.4960877381992081,0.0015495511285703906,0.02609408165016151
570,-0.505767195261273,-0.29049763488214403,0.3097010616535291,0.49636675638835037,0.0022744397193514756,0.021981692161845694
571,-0.33496825437815314,-0.4138183131285671,0.3098905632484863,0.4968599283258619,0.001452917818965354,0.03140760151793267
572,-0.4074994755058259,-0.32431731235025824,0.3100968313235551,0.4971384914606373,0.0018654957335417848,0.02853314413639162
573,-0.8092769559802961,-0.3560068916125413,0.31163350834898645,0.49772266565387846,0.0034291242744483013,0.02416624894873254
574,-0.4533725669025218,-0.33390270034675873,0.3122928151163434,0.4982575204660875,0.0019446791237149865,0.028482256346109194
575,-0.2608306379811148,-0.41665345500658385,0.31255214181735425,0.4992047109759892,0.001401360529840094,0.020603048279841028
576,-0.3579304497919512,-0.333264997919017,0.31275198612555677,0.49942783623171016,0.0020559978859194783,0.026248493763534917
577,-0.5037679788996191,-0.3939633034376034,0.3132304959607972,0.5000858181234291,0.002269431633186749,0.024881793360357545
578,-0.4618162735184292,-0.30674777175614604,0.31378576458405594,0.5003581426774676,0.001836723725595107,0.026974880719748663
579,-0.7285170868997731,-0.34078280599824573,0.31495938697617826,0.5011187694000818,0.0028578811712315377,0.024787290297199508
580,-0.3157936398213852,-0.47368047882007963,0.3150838930785143,0.5019713187680862,0.001583657708506401,0.024344523824857925
581,-0.3652448187836713,-0.3901327023693709,0.3153505965030605,0.5024184363673241,0.0017736613119271373,0.03011560954497325
582,-0.4298112284233193,-0.29727105617685506,0.315838049517955,0.5026492422684966,0.0017220281587970643,0.026940609745637584
583,-0.3430730144879175,-0.24906716432308415,0.3161189123782986,0.5028810118782576,0.0015104140156745676,0.02384680990800429
584,-0.6223976792415529,-0.3214691780537923,0.3171029867742263,0.5031079911341861,0.0026756521439489475,0.032161476517822314
585,-0.4158911017112458,-0.44528591648583804,0.31747075294339316,0.5039949847649298,0.001765669790681743,0.023621798371399858
586,-0.38476704137843204,-0.46266183538103045,0.3178130130775925,0.5047319717838403,0.0017550876068435878,0.02701119652730161
587,-0.394570703202315,-0.4284756603251203,0.31806258384806857,0.5054607832259557,0.002066294143881499,0.025499832694400464
588,-0.3179814226792015,-0.4305545965692737,0.31823960576127336,0.5060744593770677,0.0017894426201552046,0.028948372110443918
589,-0.512723933624511,-0.39861683167303646,0.3187205914613823,0.5065190345981222,0.0023115096546333816,0.02920101869980065
590,-0.35350802709488993,-0.4039139520650201,0.31904675486075873,0.5069994452757478,0.0017049918774108368,0.023750288610032946
591,-0.3052033077377424,-0.36224753636429746,0.31919337630052286,0.5073108143643762,0.001380130368554375,0.027315035055449726
592,-0.35020405237703583,-0.39833327322731565,0.31947496036338874,0.5077686165847786,0.0016954436648405832,0.03144939589483679
593,-0.5372849072502183,-0.4354955800952583,0.32014125792902365,0.508604095261375,0.0021621202799919984,0.02391973205780769
594,-0.5048262715574539,-0.2654989601709313,0.32072789843966837,0.5089414578054322,0.002158873422073106,0.02329397768475736
595,-0.39006233637985144,-0.3382212864852108,0.32117367089378673,0.5093127749091669,0.0015388509444000703,0.025386519511849198
596,-0.41656456092671185,-0.29533206797875894,0.32161469921490443,0.5096478117354828,0.001506434332189481,0.028601767386465457
597,-0.31028558816168206,-0.4191733582594193,0.32184552313310366,0.5103294129356785,0.0015339847366778504,0.02630483107968201
598,-0.3337272155344934,-0.3234452969641364,0.32214961618558985,0.5107075652190682,0.0014979402196011312,0.02497867880932154
599,-0.44681297860661234,-0.33281356470055196,0.3228347821362807,0.5109523769806106,0.0020107620369418026,0.02240004484238204
600,-0.3469661059337161,-0.5802941951286478,0.3230361065617989,0.5120592709104643,0.0016966594334564382,0.031230103967971698
601,-0.3507410223061462,-0.37977043237532754,0.3232997912212582,0.5131277632335716,0.002011155638310126,0.021969011906868487
602,-0.5723799104826812,-0.4331421203107721,0.3242142695035065,0.513761331561198,0.002394630817332997,0.02740147914716664
603,-0.5794743254788431,-0.3676481997923986,0.3249343226733231,0.5141819947935797,0.0022518173936887653,0.03030947585418602
604,-0.3576006581425141,-0.40656637317749333,0.3251108978654526,0.5144909375579222,0.001668456587190875,0.0325807530635748
605,-0.3067387412517457,-0.32272077387994297,0.3252996248396066,0.514941612429901,0.0016581497430227007,0.025588350537866195
606,-0.4032855090250395,-0.31742920167459127,0.32552406167894987,0.5153065849122856,0.0019820639351516723,0.022908757676955306
607,-0.43536733130714694,-0.32614424422752875,0.325918914568344,0.5158986415634665,0.002050273808178848,0.028021310857128744
608,-0.486402692797505,-0.33912897776873924,0.3264035906167878,0.5162783801144019,0.002134712340370736,0.028902441284835063
609,-0.5792860711386968,-0.31326222728887554,0.3271403669045559,0.5165861839932462,0.002441173752705415,0.025617352103274066
610,-0.4430324846315979,-0.3038710472525999,0.3275678562017066,0.5170896172630769,0.0019323598976792506,0.02533551653734136
611,-0.36985315673809155,-0.37006548271856626,0.3279293869375546,0.5175923393425175,0.00150559743810431,0.026490795329782026
612,-0.4648236904862074,-0.393076378345559,0.32830971438663537,0.5182956729941404,0.0021525125267727796,0.02596846373122391
613,-0.4355800407516908,-0.39177592717125703,0.3287622292511132,0.5185526196129872,0.0019041488068479192,0.03445138834618994
614,-0.40449408217000915,-0.4020004801125727,0.3291111286043504,0.5190765427829411,0.001992731493608083,0.025473335155303634
615,-0.5302930409310109,-0.275099020611751,0.3298041362322776,0.519243349842796,0.0021264513022864143,0.023837509130983654
616,-0.32450090523003733,-0.2518705175460101,0.3300254713294961,0.5195387727339883,0.0013702398887162125,0.023196245620052625
617,-0.44153886652739815,-0.40613858100191214,0.33043742998783066,0.519729605698907,0.002084425783944898,0.03238046411969158
618,-0.27844277382383725,-0.3564291618410445,0.3305667217628335,0.5202251735416732,0.0013912039082653166,0.028994405859491375
619,-0.43396970366358983,-0.38979539685049913,0.3311472090080757,0.5207685264564267,0.002136254900923258,0.029445037548734503
620,-0.3404032382277319,-0.42348361211747104,0.3313716402268698,0.5212816440792044,0.0018857994884900696,0.02640177320571417
621,-0.42816281121044825,-0.36715475836878403,0.33172210085780396,0.5220970728488139,0.002001239029890152,0.02605849434672103
622,-0.376607353264982,-0.3299007720256235,0.3320424443435664,0.5224235110458842,0.002120518781262896,0.030673592371968466
623,-0.5575489889164421,-0.4105974582209721,0.3328971032047245,0.5233254834328332,0.002087681453778949,0.025803646576909114
624,-0.49538052741476124,-0.37686994962428927,0.333420663902839,0.5238104582200376,0.0020544024651851568,0.02996995744275488
625,-0.5447560727675558,-0.36503867435811577,0.33404858214145716,0.5243508904796155,0.002224831244661214,0.02931639969615078
626,-0.24161517983142006,-0.29263131281817356,0.33415241850812893,0.5246603479315443,0.0013561895946879795,0.028798815745579683
627,-0.4175949137541512,-0.443393892404787,0.33465827427040673,0.5251485945357127,0.0017552955306756727,0.03456221471324571
628,-0.39670610813257584,-0.32896647706655474,0.33485945762626146,0.5254858610030654,0.0017844159891473848,0.024886511805527322
629,-0.34344582771463916,-0.32096342100494796,0.335013229791676,0.5259108547325954,0.00183232898472516,0.026444971656352925
630,-0.41043849752533607,-0.3620434272506381,0.33517489412419255,0.5267258487545574,0.002124985015012758,0.028249765832656787
631,-0.5586713812975479,-0.322711755850246,0.33567074012018266,0.5269202748941448,0.0024405367151797927,0.025566295825445923
632,-0.5448866452795769,-0.356350853267913,0.3364397394356181,0.5272493617786715,0.002209944710060136,0.027088457516451562
633,-0.35157101436433735,-0.3068656029527675,0.3367308839960981,0.5276117610398547,0.001897820523539278,0.02887713618746815
634,-0.40311429185622244,-0.31551508926711314,0.3370305316219201,0.5278175391197466,0.002129650721803412,0.02393447810791792
635,-0.4279639676038413,-0.33774869983868794,0.33736337435694697,0.5282420794457561,0.0019952893250513226,0.0284414578483632
636,-0.46649099526081905,-0.37565365958499275,0.33780181394710956,0.528612851745837,0.0020238632145142604,0.02973034498318132
637,-0.3958845716081687,-0.2671358400838767,0.33818627500140064,0.5289633611276306,0.0020185792092250418,0.02263710315198914
638,-0.545311148240108,-0.6153258896256815,0.33889135964987466,0.5300747062378997,0.0023989827630543532,0.03212142711099878
639,-0.3737325871576879,-0.348543102984481,0.33922701405704697,0.530370498814294,0.0021491204686108567,0.02773551231163958
640,-0.3781427122168157,-0.4855906771814541,0.33955815750995105,0.5310150750025697,0.0018358485457573325,0.03678486332712048
641,-0.2795419304339092,-0.29255647236765775,0.33969973335705045,0.5311845303615517,0.0017615818635959262,0.02897626537704895
642,-0.36615192646000555,-0.3742311217707805,0.33988076806016587,0.5317395629565922,0.002048270040562253,0.026205117352559683
643,-0.6723752820243747,-0.48577610142383526,0.34071571049787097,0.5321807779076293,0.0031007377265288233,0.03562057871499045
644,-0.36261621061896965,-0.44307763696756924,0.3409663846106629,0.5329254772448434,0.001865387705255991,0.03080097509218206
645,-0.2566500046215496,-0.40286317481982725,0.3411001562382199,0.5337071120224598,0.001412703059562052,0.02235593589174969
646,-0.4383212680908687,-0.38347861861090976,0.34140447545044644,0.5339563200906331,0.001968905384775902,0.02539626302574026
647,-0.3718497856477855,-0.30826474377428564,0.34163400999249227,0.534242368004914,0.0020977142652929565,0.022890859130119658
648,-0.47138652650043944,-0.39365597772328026,0.3422451868230454,0.5350052605358472,0.0024442316084371477,0.022897723915595365
649,-0.3530346523773217,-0.2959214273402545,0.34260145201654263,0.5352570816499858,0.0019856627769522938,0.02433820310239387
650,-0.5108391005804472,-0.34138613835080833,0.34330358161154684,0.5360609277138786,0.0025094133123147433,0.02131970659158128
651,-0.2630648904086821,-0.39663690343524466,0.3434166187059281,0.53667928009288,0.0014549540524724342,0.0303310283381386
652,-0.5955475920774917,-0.28040496211847893,0.344297303130966,0.5370775969790655,0.0022378429491053337,0.026288599555103022
653,-0.25663490889077645,-0.2454385226290735,0.3444056800573311,0.5372044455271795,0.0018081906752556874,0.02452879739534088
654,-0.37136800750135457,-0.3453268020311768,0.34475867493831097,0.5374467497370168,0.002141736048436388,0.025918562256250225
655,-0.4900893285329441,-0.3820921026467703,0.34527819581675423,0.5378637869248166,0.0020784626024226032,0.02718539531603186
656,-0.38525714299578184,-0.3023428036038902,0.3455939310137273,0.5383782006511446,0.0019553204776836535,0.025177695701184985
657,-0.3457625647023847,-0.36565462436525703,0.3458061016578967,0.5388217745776209,0.0017358257821861718,0.026774028221567613
658,-0.5128164320054175,-0.36088685998008596,0.3462745951578247,0.5393182063897842,0.0024277508956581143,0.032743481146932825
659,-0.3599702899983192,-0.38927774567862733,0.3465459389418458,0.5395489748029616,0.0016597396729074734,0.03122655884486518
660,-0.3104588959683388,-0.3872238960979003,0.3467022210211283,0.5400217825923448,0.0019789942906063684,0.029207264968231134
661,-0.32199581596512267,-0.3233566080315795,0.3470215693804646,0.5403444105869465,0.0017775509198953206,0.027997877976039223
662,-0.32727663019647457,-0.30898855442368334,0.34727881706614266,0.5405366047200201,0.0013662805760858378,0.02592760470130127
663,-0.3621479754829131,-0.30509310116637856,0.34773817885801495,0.5408761932519731,0.0016282920708131318,0.025178356161779096
664,-0.3037173361512686,-0.27436692412701186,0.3479765162454533,0.541192423230333,0.0016813854297245742,0.023558161602628826
665,-0.4298699122301872,-0.3909651870818437,0.3484471308573564,0.5418961126534435,0.0017454049794015357,0.02815184873148311
666,-0.453268819155374,-0.31515095758086037,0.3489144565618556,0.5421242803558267,0.0022066620699824784,0.026626940048143328
667,-0.3741243140107956,-0.27379367507938,0.34917862298138097,0.5423264227379798,0.0018905278833573455,0.029408683550558194
668,-0.41350551243849215,-0.32614546469513034,0.3495763922536231,0.5425845263960971,0.001867659448081729,0.029141006327551688
669,-0.3729551539790828,-0.2896738771990968,0.34985697952103106,0.5429075131745701,0.0022635197741350138,0.023719233522851407
670,-0.4459232663655367,-0.33316692294805555,0.350284354620742,0.54314320392512,0.0016766363768317767,0.028369737555189473
671,-0.37463662777730816,-0.2498767943015153,0.3505165584351287,0.543412446445354,0.0019609940324847907,0.02373980518761091
672,-0.5893513375845664,-0.334527110929805,0.351344962501376,0.5436531295038329,0.0029114611698014947,0.036207557736436066
673,-0.433009041921462,-0.4416803115251877,0.35166870306424736,0.544491207568868,0.0020626047048503686,0.030122326957176003
674,-0.34716739824331583,-0.2928666913780844,0.35194648684360647,0.544975422575781,0.0015345150616664586,0.025210730620628827
675,-0.41496006424165033,-0.35747889604208377,0.3523759885936529,0.5452689794667916,0.0019404602399877551,0.02786011138637204
676,-0.3051920185768091,-0.38015962888730953,0.35258603408579603,0.5457876028129601,0.0020248063605648593,0.028099595221127916
677,-0.5624572268167554,-0.3321666904642787,0.3532997565861861,0.546188385698614,0.0023609817599192025,0.028472620482153283
678,-0.31845475983349275,-0.40410871202918835,0.35350044727314467,0.5469057544820307,0.0020461031141270633,0.027600259674741903
679,-0.3579524677170468,-0.25955185192386326,0.3538219606769499,0.5471207126042947,0.0021877249374188785,0.027980159024022625
680,-0.5123469423390635,-0.3224506927792917,0.35437938936694835,0.5475720960243192,0.002376807092981737,0.029220828889834558
681,-0.34371300107686426,-0.3189126051051514,0.354566321056497,0.5480186891209128,0.0019570238712418985,0.023424242256705925
682,-0.6777821992220515,-0.3272793750916483,0.355557130261188,0.5485020553068894,0.003032399296246209,0.02201825650174426
683,-0.39215895171533294,-0.451946465356806,0.3560864674277549,0.5490595385628345,0.002130835668038698,0.03255562208365383
684,-0.35842178834617877,-0.3165744692456267,0.3564721550623572,0.5492165926357373,0.0019942904554595777,0.029738822531063483
685,-0.3644529345601924,-0.3971991345977838,0.35682417995696647,0.5500059672092583,0.0015579691618946457,0.02750762222679142
686,-0.49896242634471843,-0.35389115374463254,0.35724762245027536,0.5503829082195387,0.002074751207670645,0.03370451723207036
687,-0.2847564497416132,-0.29963354387432445,0.35739576992008654,0.5506261489019549,0.0017535489246124382,0.026516450326037406
688,-0.2923476595732453,-0.42315459491479696,0.35752375245677864,0.5509289767832436,0.0018591983452585538,0.030570143178087178
689,-0.5079083744483025,-0.41031718726479116,0.3582483218033377,0.5518473219339989,0.001940650644200609,0.027324517873244303
690,-0.4352890160263651,-0.4339457741564188,0.35864001159810804,0.5522703585206035,0.0023622004390172883,0.028097984596779542
691,-0.34390967725002625,-0.3985195675965554,0.35876017638749347,0.5530099452482181,0.0020020293115242125,0.024562485549995683
692,-0.34928546084742507,-0.31165440334660305,0.3588685763585591,0.5532935620041115,0.0020344163677314835,0.02599912211489163
693,-0.36239040969751735,-0.3108630849459781,0.35923315802268185,0.5534864926992684,0.0018861353326356863,0.03106472391583284
694,-0.3878055718481403,-0.3924442624855914,0.3595090134983214,0.5539428058320536,0.001896517451880021,0.031040916750034196
695,-0.31241807055432347,-0.38836967629469277,0.3596811902034671,0.554271063292037,0.0018376171649526305,0.030944418991499467
696,-0.45907511573539894,-0.3221459809554537,0.36006586467334556,0.5547290451865747,0.002021296155793539,0.02598156134260979
697,-0.3467592327502169,-0.41232529905097876,0.3602189961261604,0.5549048179767301,0.0017185742553411066,0.034471424965416955
698,-0.3373254249607901,-0.3833781220151387,0.3604223219605546,0.5554071261105022,0.0017311823413297938,0.03443344743960659
699,-0.3191147034699553,-0.42154763365945436,0.36052674218999736,0.5558359787590493,0.001999662166688699,0.03462506464754475
700,-0.34762280645597277,-0.34492683388755185,0.3608218661673519,0.5560962992583638,0.001730666762439222,0.02527712694396219
701,-0.5107066059406592,-0.30714248471132044,0.3616653007455796,0.5563246589499435,0.002174340041256877,0.027134630026410703
702,-0.43267985577489887,-0.33264175498152476,0.36189626303803435,0.5566029607739583,0.0022698726124966238,0.02650101892654009
703,-0.43089954393989927,-0.2812656669405395,0.36214295087370885,0.5568476406160915,0.001928017702968296,0.03266291566861167
704,-0.3953723680097412,-0.35667414592680796,0.3624061989472833,0.5573957466216402,0.001731450822671619,0.029731971478707195
705,-0.3026533818809985,-0.4548181693192646,0.3626003575167512,0.5580966254375679,0.001544493502529897,0.03269631593418964
706,-0.42152143916236906,-0.36658986836278257,0.3629376505856974,0.558687533731243,0.0023499408316790715,0.032042864790209034
707,-0.40350914811815564,-0.32227346552055414,0.36328684337876155,0.5589246196067543,0.0022168339273568012,0.029868512445593527
708,-0.44540631599037794,-0.32836343957758163,0.36370897017948184,0.5592960544200843,0.0023365808282365293,0.027739941930382327
709,-0.45464112598218004,-0.28929688389936586,0.3641459559579359,0.5594871047563424,0.0024053087559181246,0.028251774736925615
710,-0.39275005192058693,-0.22811349284893084,0.3645821236950895,0.559635264282138,0.0021879143457744885,0.023081432891343866
711,-0.42095828203251984,-0.5851245938531556,0.36495544580153355,0.561047206524585,0.002164395020212338,0.02972524463254605
712,-0.42450791789073383,-0.29133011886753535,0.36522782608268023,0.5613698703081291,0.001961007917386617,0.027685723338585617
713,-0.4128612336566707,-0.30773965720869695,0.3655047517302156,0.5615998367735368,0.0020757318978765573,0.02543239609038708
714,-0.3715112695262881,-0.3121928926710458,0.365632685864109,0.5619019463349593,0.0021922485726435354,0.03014593352143129
715,-0.43569112012127287,-0.3535553459161981,0.3659889988809891,0.5621385406381209,0.0021502322506242234,0.03046651010379479
716,-0.36611353330080587,-0.31919484405672827,0.36626878096518534,0.5624007646452899,0.0021071927818707204,0.02468006296112786
717,-0.3089036642268086,-0.33291317026195494,0.3664265014308958,0.562721144230709,0.002167834697680937,0.029447096450372176
718,-0.40184336771485984,-0.36512337256806665,0.3669089518891868,0.5632951386692954,0.002095152484240145,0.027825418036632504
719,-0.3431473484366388,-0.3462715134765064,0.36721588368829466,0.5639662455297959,0.0016176837133914793,0.02288449829185711
720,-0.44028041516482525,-0.3499590140266514,0.36764705850476403,0.5645107853835023,0.0021309058904748776,0.024055573451242193
721,-0.3670847150536235,-0.29588083847592556,0.36791683037946876,0.5647729492449812,0.0019020101756492343,0.02515275612500045
722,-0.3315879892895687,-0.3257099557673195,0.368137364729228,0.565149092290505,0.0016313665003507497,0.02465297371723262
723,-0.5394326635679452,-0.3670777734968036,0.3687324761709922,0.565675410135245,0.0021681144625981604,0.030377180822097206
724,-0.33683178935562946,-0.33316644283114244,0.3688228805277398,0.566085899808305,0.0018760180455575212,0.026312836394253972
725,-0.4940519520733865,-0.38124208834036577,0.36948976212948137,0.5664256569727817,0.002058680659345306,0.03024462453751658
726,-0.3894820306491031,-0.3811764004607311,0.36977483479301526,0.5667376675366906,0.0017515008243170148,0.033590199666887255
727,-0.48396952309290225,-0.35547523837339645,0.3703971238036016,0.567194129681649,0.002019150318337715,0.027409563053471652
728,-0.36413023557858776,-0.4139382338019696,0.37055723470604235,0.5674514193478611,0.002218109076567121,0.029224868674933124
729,-0.2386967972793082,-0.3715478079281026,0.3706261309422709,0.5675898321953112,0.0015098446622358321,0.03579000512049389
730,-0.4033460027033039,-0.31905401663322086,0.37083526468419337,0.5679048420928237,0.002489593663677124,0.032282154892738946
731,-0.5474041155935376,-0.30192764781525844,0.3714228210029049,0.5681299416188459,0.0027076429350339605,0.026966963362100284
732,-0.3961873787268833,-0.30428621077439794,0.37185767805890035,0.5685066075288572,0.0018254643627043574,0.03094192564572792
733,-0.5114949186570841,-0.3099209148979171,0.3724620792377032,0.5691750826538405,0.002354436273764454,0.021188694396014784
734,-0.2514624764191292,-0.3406054917593417,0.3725546871023541,0.5693594686213022,0.0017434947086171616,0.02940641817163024
735,-0.35033090401958716,-0.32733632385135036,0.37273984211631767,0.5695890196608062,0.0020194989704625716,0.03314686016280113
736,-0.38811787412282706,-0.33204270699016364,0.3729873906487033,0.5698212885253094,0.001833510877019427,0.02585852053739849
737,-0.3381525186625364,-0.37457850212731064,0.3731710740429639,0.5704276160278356,0.0018605116441088735,0.027371814956742284
738,-0.42261967506481596,-0.3414680547377448,0.3735057904725148,0.5706538187883408,0.002025103599640318,0.029038769484391578
739,-0.2880134458852061,-0.3006713137968284,0.3736373028342767,0.5709782944505154,0.001747172359855852,0.029469005480781914
740,-0.5318022051790305,-0.3996494320684158,0.37409443802297726,0.5715950860319327,0.0021688621440417027,0.024990317227508583
741,-0.37788435408971427,-0.28655082761635026,0.37442983494401794,0.5719338154844762,0.0021136229638899088,0.02573510024710348
742,-0.3416093991147517,-0.3595239466720134,0.37457156908738076,0.5723627562249731,0.0018778848577426681,0.027058556749004023
743,-0.35666392035414474,-0.3982311424575215,0.37477301005575664,0.5728947188052771,0.0022271586991416893,0.02976104847091249
744,-0.3740170336958601,-0.23537208496788317,0.3751573287304029,0.5730548440013986,0.001503922737536124,0.02070672887635645
745,-0.3780037545674301,-0.3339184565828172,0.37537401331440057,0.5734868755061739,0.0018486566269742875,0.028309304475668484
746,-0.44945664424914195,-0.3852829651878498,0.3757362433154523,0.5736448129423889,0.0021720904998506194,0.027849957784109095
747,-0.4063108300135982,-0.39337101666658497,0.37606650728526814,0.5742250822767709,0.0021575548618370365,0.039649276107811236
748,-0.4172093697483184,-0.41994001200507836,0.3764625254582314,0.5750954773496307,0.0023620777403140793,0.030760852962838023
749,-0.37338790284877565,-0.3282862533260422,0.376887339508462,0.5753925301884704,0.002000423142110884,0.02829233086334419
750,-0.35352646175906827,-0.3198170813678731,0.3770625194222664,0.5756223276352147,0.0020392122529984823,0.02740207235864205
751,-0.39231936337696843,-0.3501183793800557,0.3774081785354267,0.5759805721525187,0.001960484044893178,0.027421742404906378
752,-0.5353181019649708,-0.3843189817142956,0.378079858486894,0.5766691104263407,0.003115130102511945,0.027720326869626413
753,-0.4418651329288991,-0.27010546986569295,0.3784064143917132,0.5768038772031796,0.002156897792795911,0.02594228350443211
754,-0.3462468270164918,-0.3268785580795689,0.3786974050153641,0.5770868075826239,0.0023287906259234024,0.03171592954085598
755,-0.29062815461898006,-0.3286153048968279,0.3788391353278081,0.5772779564428153,0.0016198530922826445,0.02711801580694954
756,-0.2928421285117361,-0.3230794922532079,0.3790298181372578,0.5776646279820238,0.002104551946257345,0.03188774390057796
757,-0.360655673465637,-0.3575525277648218,0.37925396002893225,0.5780534003740746,0.0023000349738455,0.026187399850589602
758,-0.38578510027712504,-0.32916461371590866,0.3795438244969898,0.5783099133983653,0.0022816882907555794,0.0302975489958482
759,-0.40682158844835903,-0.38292418570217523,0.3799318150165705,0.5787124513381932,0.0021492913538463305,0.0332278129138832
760,-0.4248208988874766,-0.4391668737644686,0.38033274355864616,0.5790205624086713,0.001989899642459607,0.03829188527396636
761,-0.3925902072448501,-0.2647606983125843,0.3807591311928379,0.5793305863073661,0.0017878538400680417,0.027635535161443677
762,-0.3905514394097939,-0.32488334520423506,0.38108459914846565,0.5798198227357082,0.002163168307098682,0.02770011676837684
763,-0.38314833867483494,-0.30836808205152716,0.381302275702181,0.5801533911824845,0.002088013502228241,0.02653541349634709
764,-0.39720939875096134,-0.37387917529345677,0.381564524461375,0.5803083159150058,0.002407167485568723,0.036472400788023884
765,-0.3268620070601505,-0.3717624286867845,0.38166616178783735,0.5805251636594917,0.0020143260396250323,0.035189844720590654
766,-0.3396562802534281,-0.3711547909625513,0.3819956181162511,0.5808522021264125,0.0025072778452445454,0.03180488094728216
767,-0.47280215351417904,-0.38371574509712253,0.3825409857121745,0.5814082259680474,0.0024675849780376904,0.03172441315659453
768,-0.3224320263271535,-0.2825085733043385,0.3827475647251392,0.5818264636481142,0.0021330649711965694,0.022768273873867876
769,-0.357783818285837,-0.2900890553728008,0.38295296775598886,0.5819845756785434,0.0019729252892241467,0.026970787570654263
770,-0.3586379078392429,-0.5013033264209563,0.38309160599163516,0.5825732829392413,0.0018388727247926433,0.03772904051684535
771,-0.29343272157546835,-0.42079438105342787,0.383240782245046,0.5831484101465677,0.0018307629065757113,0.033056456808353486
772,-0.381511497629883,-0.2893937369952964,0.3835030412276837,0.5833542403345764,0.00203608519262622,0.025023705180336926
773,-0.3673827296566441,-0.3510271377304244,0.3837258155489315,0.5837714638058393,0.001931267664244549,0.028921450453739332
774,-0.40916430229463263,-0.39467465115928907,0.38405141565249906,0.5841373549188229,0.002271448729867088,0.03048165170619016
775,-0.2855814376436767,-0.4420426390031331,0.38419367855463,0.5847699420712493,0.0021474990040488023,0.030930944987383094
776,-0.34777343541199207,-0.35973691674215474,0.38438894408979946,0.5849712512009205,0.0018590517533516148,0.033971260991889636
777,-0.2873662207716684,-0.3553183575311406,0.38452124864432685,0.5853229342093491,0.001870568694989076,0.029950118677815992
778,-0.3178616678550093,-0.350643332213242,0.384685041473779,0.5856140883927005,0.001959173864802288,0.03067644829018796
779,-0.34315850908947676,-0.5126349494896639,0.38502296324500446,0.5866166516032978,0.002323476359233259,0.03425707397234025
780,-0.35997908160062253,-0.4002300868468809,0.38546403085980335,0.5870980106208622,0.002244978311836304,0.03114652060968746
781,-0.4033800658105501,-0.40309320201197457,0.38577205550536736,0.587614173196336,0.0021521970067559875,0.03174321490915042
782,-0.5903658020397925,-0.3771363539721426,0.38644012437329633,0.58794995530073,0.002452953374296513,0.036125820441006685
783,-0.34442816922849023,-0.40702257652457113,0.38660027806201064,0.5883901656195942,0.0021021836554771215,0.027018575886713917
784,-0.3263017002018241,-0.3709019996586278,0.3868717082728171,0.5886767290729791,0.002256278873704267,0.0310600465742915
785,-0.45034779151355353,-0.30408294668891106,0.38728405115041764,0.5888058262765784,0.0024747421543085263,0.025691113201676437
786,-0.4007419417556364,-0.3068425029384979,0.3875984963880634,0.5890397047263403,0.001957895248109057,0.02643164622081715
787,-0.3205917819429226,-0.36913635199178885,0.38787325915210225,0.5891698104059127,0.0018100693181186873,0.030805148407537442
788,-0.24450333395129978,-0.339416350150138,0.3879845026840019,0.5895140660121727,0.0014926748042333683,0.029516221649891504
789,-0.36255752980801803,-0.3494626998524903,0.3882758963897487,0.589775695457447,0.0017216938586388567,0.03209219828186466
790,-0.388065970193932,-0.29209927197971863,0.3886484190953185,0.5901024709023979,0.0020574226689833532,0.024101473461782538
791,-0.30924388760591986,-0.2953458116745067,0.3887471153960248,0.5902387325244338,0.0020078049779560527,0.027268658346736724
792,-0.4200808095900763,-0.3306391999778463,0.3891761336568087,0.5905930683396234,0.0019838246404413496,0.030703864410275315
793,-0.4624367991582866,-0.31074196674580085,0.3896637246049051,0.5912072519919992,0.002131096978314869,0.024483285697908228
794,-0.4476682045939856,-0.30672378201766926,0.39003551443075635,0.5914770435581715,0.00219824964595876,0.0283120093959182
795,-0.2533400975300778,-0.25431525958945805,0.39014415323957763,0.5916764714951831,0.001797309223767709,0.02469398281346641
796,-0.42356659710267286,-0.35031400045584815,0.3905891050093354,0.5920846798592669,0.002165380714781815,0.029445244409344384
797,-0.3609319954325914,-0.2941691045238745,0.39070422715456044,0.5922651751322815,0.002061996389649086,0.030213232927611543
798,-0.3999340933272763,-0.35952964570983004,0.3911901222545107,0.5925374668918314,0.001985376719897829,0.03243300213374365
799,-0.3114577029824729,-0.32683364611455895,0.3912642066105611,0.5927016382707454,0.002165495216862641,0.02901869969214848
800,-0.4042273246447502,-0.41601696483828843,0.3916561566481301,0.5931314513445065,0.0023456528348845276,0.03586073682411999
801,-0.31746745400110604,-0.36450206933736434,0.391842787236368,0.5936986723775372,0.0017776189552781878,0.03178663158486208
802,-0.6529430085476131,-0.26567636990244203,0.39243822312363597,0.5937791945384179,0.003272158337437297,0.029258461977015413
803,-0.29490212107237324,-0.36004434708202254,0.3925744586193317,0.5944475115107731,0.0020541140730463143,0.030886516549756958
804,-0.42759710930556716,-0.3213190602152993,0.39284721315861604,0.5945822917930338,0.002213365386548561,0.028047505248428365
805,-0.3756489626761662,-0.28984632953487127,0.39303372450274865,0.5947494965627267,0.002231103848928563,0.026015330884090013
806,-0.45061789577160666,-0.35303986111165847,0.39332804434972557,0.5949346560541187,0.0022356372272085284,0.03249000990779721
807,-0.3682132967783409,-0.3626441674845547,0.3934818206579376,0.5951662866853716,0.0020265269375763025,0.031878300895860544
808,-0.34086972117756487,-0.3373489053410993,0.39361842032527894,0.5956399879832913,0.0020162802519645092,0.02497143288296485
809,-0.3357359682786841,-0.3293937500277611,0.39379231992425207,0.5958009438971109,0.002102259160800281,0.02759136985095852
810,-0.29776566064346843,-0.304457917342125,0.39390666538468366,0.5961024887514574,0.0019733965241592166,0.025078302839549014
811,-0.37206097712557434,-0.4464590408004576,0.3940705201767167,0.5966851697028639,0.0021022293712859206,0.0265958520290992
812,-0.4917541803542196,-0.34126895133182805,0.39466484500966026,0.597047167378078,0.0027802026806058866,0.03301407014906648
813,-0.392602134294192,-0.271548774153509,0.3949979010817807,0.5972733353280734,0.0022129513041139305,0.025520252832423217
814,-0.33409549299075614,-0.26099313307497457,0.39517472575862195,0.5976721693647592,0.0018100087247282443,0.022841892138137494
815,-0.6729377090027544,-0.3626958383288143,0.3962311324120746,0.5980796116475311,0.003084127167022662,0.036084785034681516
816,-0.6103769973762275,-0.34224483533205735,0.3969835369395928,0.5983383266132671,0.003443592397256265,0.02775546661656879
817,-0.35594156065890087,-0.35788474086898786,0.39711857608640505,0.5985669155630662,0.0023359243825032457,0.0324288691901569
818,-0.3939519067504783,-0.5203645619730226,0.397388319476203,0.5995045704880695,0.002794148924478805,0.027887294358006305
819,-0.3295371659064643,-0.4176382523794344,0.39762685183089536,0.5998100677511898,0.001870170079879029,0.034632251837734426
820,-0.3779928827058045,-0.4295657893976279,0.3980144658654294,0.60007676726557,0.0018612261337664334,0.031009628614115055
821,-0.3734431856107346,-0.37590497956423474,0.39825708188317455,0.6004074246585721,0.0020518343859827885,0.0350615556992526
822,-0.39815462449908845,-0.3204358659569823,0.3986016071583065,0.6005478545732914,0.0018965688232445961,0.03331964763256704
823,-0.41612056946288384,-0.3103439391719464,0.3990257965439245,0.6009132859476937,0.0020926583233287174,0.026976102363997136
824,-0.3844598409395668,-0.30982796292333376,0.3992105031012861,0.6011664492495825,0.0025338933622806345,0.02775969959780042
825,-0.6722101605700166,-0.37705383478767673,0.40020734226236837,0.6015611444681624,0.0029910703988589903,0.027317954213414493
826,-0.3935838014796714,-0.29798885151130394,0.4005621962651207,0.6019276790369782,0.0026232652865701145,0.020811535103846947
827,-0.352951895997969,-0.3805324021465284,0.4006758969202812,0.6023675407236848,0.0020179817400123945,0.026814138302601667
828,-0.31409177764881163,-0.35536720222700785,0.400899654883707,0.6026956628491421,0.002175119278961533,0.029831496476801205
829,-0.31297394273975965,-0.4057895879513406,0.4011472636331929,0.6031112928868998,0.002077509476899561,0.03952403675090405
830,-0.5547644450103378,-0.3468384183045174,0.401858569491952,0.603408743832637,0.0024475010315868216,0.02959125162167772
831,-0.42919511818565087,-0.31374231545632936,0.4021965116580611,0.6037539976987636,0.002571033430429861,0.030275025076359728
832,-0.3387846900770875,-0.38260151501052414,0.4025027403622728,0.604486690508499,0.002128966311164575,0.02570366723974811
833,-0.4238600817643463,-0.5335430354638779,0.4028362282696776,0.6051533411938909,0.002227507771706352,0.03920408108007528
834,-0.3381102669226225,-0.3958389805666633,0.4030595176940207,0.605776737193701,0.0022084870056998376,0.035610509876278736
835,-0.3722338782475364,-0.3196823060056872,0.40333154654852066,0.6060385882095503,0.0023394960644018046,0.02872131115730209
836,-0.701226296908041,-0.2908335385597454,0.40448571266614025,0.6063030523158808,0.003033313020648437,0.023849579974101427
837,-0.43178475691591744,-0.35735295536925055,0.40483294095220507,0.6064854662697557,0.0021473989734954887,0.03082376704975585
838,-0.35186171701055463,-0.41217188142592803,0.4050827489398928,0.6069337039849078,0.0021533028518209403,0.03648484776960984
839,-0.27286640314787797,-0.3026896768176137,0.4052322106153227,0.6070304008940113,0.0018164012794730246,0.025966790002478052
840,-0.4226744869849871,-0.42917654916148235,0.4057142676836634,0.6076384634952708,0.002314840676603268,0.03149705315121415
841,-0.3264823800453916,-0.3542211683585582,0.4058650968688045,0.6081396142375857,0.002032674051618108,0.026959626999954824
842,-0.4808061224388605,-0.36034957351762886,0.4063915737910865,0.6084595539951868,0.0028110199370541765,0.02473838750515687
843,-0.3437816677568659,-0.3785867347087688,0.40661732358991703,0.608943274712634,0.0021089458421892134,0.03028324784881841
844,-0.39200668725420906,-0.3533339396720489,0.4068197076601806,0.6093640704845544,0.002338955665184868,0.02342413237495642
845,-0.42334567485292385,-0.3312714237988131,0.4069720056650843,0.609557141301884,0.0024531732715004206,0.03128486947903475
846,-0.3601101857612196,-0.3215151812015268,0.4070504420089463,0.6098974617809885,0.002382482018334068,0.02811677503633546
847,-0.459300093887412,-0.31929565249481195,0.4074561183302726,0.610264586478568,0.0027185473189082618,0.02970948859425535
848,-0.3226940801874535,-0.34370282223062165,0.40764156952665487,0.6108124107391998,0.0022270344408383733,0.025959547765764805
849,-0.3077517792314537,-0.38973291760233325,0.40779502951296004,0.61116819327708,0.0018619272406731951,0.03394864590589141
850,-0.32208369028487044,-0.2988915583049169,0.40790582824823246,0.6116075540509045,0.0024736988968062246,0.029191293949270905
851,-0.36281386911917024,-0.3188413320274021,0.4082277960381458,0.6119401098818347,0.0023133677173918167,0.027159479410037397
852,-0.34383175199273713,-0.4279205739280568,0.40836219852633304,0.6124369153653578,0.0021696429760467654,0.03313497890834648
853,-0.2980604875942627,-0.2955812528124686,0.40845365688015856,0.6125935435809483,0.0021247063565196836,0.024893109562260835
854,-0.498706036297973,-0.372666255078204,0.4089048952449669,0.6127357706750856,0.0031231494774660515,0.030278488797932646
855,-0.3305098139309302,-0.40797430071279217,0.40915579484637393,0.6131315823268565,0.002427754211663217,0.02850964597244275
856,-0.2967823169601769,-0.47547134896754095,0.4092980350130708,0.6140585736310462,0.001779614348315575,0.028473330170074255
857,-0.3433881480467836,-0.273951300275405,0.40954831790474194,0.614193926920015,0.0018303726135971445,0.02863400763246983
858,-0.536195797942786,-0.32907637929282757,0.4102096102357537,0.6144646047235508,0.0027489605551714626,0.027882669741456603
859,-0.38181098751569664,-0.4193766399371628,0.4104313522869524,0.6146906987661873,0.002497992797501938,0.036275596322365856
860,-0.4069799451894676,-0.35213611786711535,0.410826665004453,0.6152409465797797,0.0023367671819232365,0.024949337229736347
861,-0.335228289554495,-0.34795947419499146,0.4109180314684349,0.6155134038859594,0.002366056339845169,0.03458081228237181
862,-0.30925040696018263,-0.2682857903085445,0.4111247438918593,0.6156849693308399,0.0019190163623992685,0.0265013726680084
863,-0.3733299744272289,-0.31143118427903116,0.41151439978106696,0.6158584549572476,0.0018878074396348268,0.030584878730424262
864,-0.3339629641255842,-0.3084778428167065,0.4118009192877862,0.6160149894764224,0.0022146441032533676,0.029332817109291382
865,-0.3411321409090393,-0.3680670734295745,0.4119190667965891,0.6162960844829666,0.002295349502811771,0.030489683450728684
866,-0.323453222391523,-0.43241655817354774,0.4121199084183409,0.617064093496955,0.0020172912368366072,0.02737451776563801
867,-0.4201739176229162,-0.3685517351615619,0.4123244581049054,0.6176394848015142,0.0029219568885617323,0.02592974267583525
868,-0.29527589768790874,-0.3564569310544661,0.4124639479975923,0.6179884585523429,0.002091401791369078,0.02642376886653745
869,-0.281230102925014,-0.294399103368331,0.4125690716296686,0.6182163485091893,0.0023925813159415277,0.03029877355568174
870,-0.32324943917869686,-0.35688293645288927,0.41277901846883003,0.6183706993283313,0.00206550742061922,0.030312086950522597
871,-0.31954183631692057,-0.4793194533276079,0.41302330030059553,0.6186595231816625,0.0021563506605977987,0.04046925036151372
872,-0.33131990018184143,-0.2853595468658061,0.4131959514372941,0.6189032796028164,0.002381493972064464,0.02700264621261976
873,-0.26188974286008654,-0.27418187598782484,0.4133254727342795,0.6191016436334843,0.0022519031541628214,0.028785388324059375
874,-0.3510600521684968,-0.3125077923928331,0.4135520964570671,0.6193703555716202,0.002299543328159356,0.025967997091865445
875,-0.4105469341902121,-0.42020228921997327,0.4138388511660081,0.6197590243668285,0.0024623807276371325,0.03134027352523832
876,-0.39599526016484193,-0.40355758876307385,0.4141671473094432,0.6200852528976566,0.002514551658109041,0.03965410791456931
877,-0.43620997972348996,-0.376419930281294,0.41458132437287365,0.6207614608001797,0.0021832436950425757,0.026963952470204475
878,-0.5174061517001001,-0.4222203380272028,0.41517909422318666,0.6213323316911504,0.002878986283043677,0.02918202901031431
879,-0.4134344056838365,-0.32196353661699295,0.41541738211221474,0.6214416489225054,0.002396518886741773,0.03433129957385101
880,-0.3957204477667266,-0.2616683916274899,0.41584896211098593,0.6216463897169288,0.00213677385189992,0.025057430742227518
881,-0.5860764919914885,-0.31163888432328246,0.41649319085070186,0.6220688744286645,0.003175944839875169,0.023604904360503415
882,-0.3708845796403696,-0.4437646552957194,0.4166679664485413,0.6226840136753329,0.0022122866589751205,0.040608763665255225
883,-0.35366078623113845,-0.32252991584409,0.41683547858173053,0.622965133480233,0.002571413382533271,0.029628123553892462
884,-0.389062116019369,-0.444758314644713,0.4170485393433196,0.6236567009567135,0.0022403925860754203,0.031133180682555207
885,-0.3702750918254973,-0.29343211996477714,0.41733133020226215,0.6238985234754593,0.0023553365361607464,0.027937770830254526
886,-0.2592080851642821,-0.3527564490544954,0.41744298355664744,0.6241317895430569,0.002015871854714488,0.028094456282450567
887,-0.4287365284790122,-0.3617490552934276,0.4178078593400328,0.6243554721296541,0.003129801460906239,0.029504760465126872
888,-0.42836219737751796,-0.38281927645683306,0.41810284274346876,0.6246048691080277,0.002737639249973161,0.029251715514523925
889,-0.450478929745487,-0.3284941224954672,0.4186048756778122,0.6248508124066592,0.00265061059757269,0.02640182255988791
890,-0.35975849545199196,-0.33092081552067093,0.4187019827212321,0.6250355387119977,0.002482818234234361,0.027632381736131358
891,-0.34041769739870004,-0.3585520619042578,0.4188278612818876,0.6253465586358137,0.002491195101928947,0.030005475675994406
892,-0.3241374265437496,-0.36068472502447035,0.4189625504891805,0.6256686623342989,0.0021210665314799816,0.031987675739462984
893,-0.5817712940843182,-0.36306716252017157,0.4194670080661704,0.6259452935582551,0.003227570799665466,0.03274451413105099
894,-0.3790773472153291,-0.3149246356596118,0.41978463774363645,0.6262155605839277,0.002263642504886162,0.028255554251598546
895,-0.32353064412405547,-0.34423458835389903,0.41993752333963413,0.6265391077924353,0.0023231613816415727,0.02907613309404267
896,-0.5267700955503135,-0.29752855322301486,0.4205105359935237,0.6268131694442404,0.003066147036122574,0.025311239399173922
897,-0.2792085371598785,-0.3809487045290175,0.4205833235163011,0.6270349721675895,0.0023623496845917432,0.030873024858613707
898,-0.2598971982946599,-0.3007903744095205,0.42074421927751776,0.627183939841583,0.0020707476825682428,0.026385723745470803
899,-0.24652301870542612,-0.3167916761344046,0.4208581341493781,0.6275295539419786,0.0023642458794775243,0.02757285186454234
900,-0.5656693219679798,-0.35657487011375677,0.4217191720530447,0.6279325247378217,0.003007981770221637,0.030611821408473423
901,-0.37278992189282917,-0.314040640210253,0.4220087253440528,0.6280189968119877,0.0025644348471089633,0.029227121520354647
902,-0.43266768985432813,-0.3215056780728349,0.4223621684152895,0.6283370883992032,0.0026391999088220164,0.026934542828756645
903,-0.391444104382683,-0.3495555908220303,0.4226853087954718,0.6285189913692668,0.0027120574769240917,0.02833044096967245
904,-0.34228627181045235,-0.32816987052016294,0.42295102118181666,0.6287364949323303,0.0021074070804647936,0.030291397206815368
905,-0.27872319229885123,-0.4027419464840341,0.4230884538521568,0.6290316507833571,0.0020697046038410656,0.029716696699928435
906,-0.3672328261797773,-0.3346321931478393,0.42334850426537657,0.6294453199263494,0.0022877189628934974,0.028004742026508996
907,-0.30417965740182096,-0.4117178264575791,0.42344214125130025,0.6301746530664281,0.002199785330912832,0.028771347482302277
908,-0.41416483187391684,-0.3247788350019446,0.4237138964202751,0.6304612566395261,0.0027338955493744557,0.029917919848023465
909,-0.5287538958138259,-0.2832358076409112,0.4241076089604462,0.6306885976803754,0.002954859556368186,0.027419151383759555
910,-0.3569605780980486,-0.3542564875280819,0.42430592938684386,0.6308950797862838,0.002469610524965392,0.02771818034157274
911,-0.34360107149070995,-0.28479847615170156,0.4245670127738711,0.6311042956217627,0.002633570417744262,0.020975486857575987
912,-0.3911806963281085,-0.2544164497941695,0.4247990400356821,0.6312882538168347,0.0027117825740239844,0.025305525156315064
913,-0.33314943692972143,-0.31451161727593485,0.4250154449540763,0.631413865829873,0.0023798520976836234,0.02700496160468341
914,-0.5496345032846169,-0.44212592655288596,0.42581386249680303,0.6320431353891786,0.0025622657848345274,0.03622200253513956
915,-0.37557346645028017,-0.38075562943118757,0.42608295322337725,0.6324871250128307,0.0022822719103933187,0.02938856007162692
916,-0.3615800266843071,-0.2722817589870595,0.426256685626291,0.6327139565941997,0.002583623299549202,0.02545677537262528
917,-0.42129548693931035,-0.2855706474790479,0.42648973339269936,0.6328502569330662,0.002801261289421701,0.02755865031488771
918,-0.36000568794679644,-0.3014600931611057,0.42666103077400347,0.6332790482820503,0.0019327589388945417,0.022273692318338686
919,-0.351309232715819,-0.27442640002954205,0.42690567513567307,0.6334634135937459,0.0024709380702862094,0.025683057213286925
920,-0.499545269423076,-0.3134465790274512,0.427502571142947,0.6339426261030446,0.0028829290060952504,0.02441719087293338
921,-0.3387746931372422,-0.3378365533235463,0.4277288708938738,0.634219222616046,0.0024086771548626654,0.027059206421884963
922,-0.32132944151409454,-0.359834800487008,0.42784174600496094,0.6344429014571702,0.0021439836846999074,0.03285799888853201
923,-0.28488962539426077,-0.36533710053471985,0.4279745508257941,0.6346655186301017,0.002302085855384554,0.03078888237507385
924,-0.3869923793485343,-0.3153694589810141,0.42819411661516227,0.6348821853622373,0.002576929520901586,0.026918817625804982
925,-0.3050920288718639,-0.32253127666202863,0.428388383852929,0.6351054548331324,0.0023501692309992658,0.02916296838693468
926,-0.3554480430986408,-0.3156042985527888,0.4286308912035972,0.6352838732454392,0.002704480621302952,0.02679839779455298
927,-0.33069547664591914,-0.2985085474175519,0.42882182041981703,0.6354450050731775,0.002743028356984431,0.028591476639827612
928,-0.3989825464888334,-0.29594779563372725,0.42914224356029756,0.6357107108353233,0.00229441577309392,0.026430257137215304
929,-0.4391541059088021,-0.3255917919492098,0.4297014545118874,0.6359179162969114,0.0026407734691136784,0.02728557053304409
930,-0.33974663895397206,-0.3330521053193834,0.4299071085818408,0.6363257691327664,0.0023197640844731045,0.03230637964355284
931,-0.36633913713133254,-0.5118064707507699,0.4302386708505457,0.6376319074052268,0.0025522709435019616,0.028504490791010334
932,-0.4218094004653324,-0.3630288776568967,0.43064259794983617,0.6380321405634755,0.002454925829420336,0.026607178607370188
933,-0.4788266647177723,-0.34038707174470473,0.43129865748743523,0.6382910347123445,0.0026890265604672717,0.030813516098480077
934,-0.4183183574066199,-0.3412088453941203,0.43154514791438797,0.6384565939302124,0.0028330617337449706,0.03035248055329142
935,-0.49198834680778014,-0.2835996213593797,0.43239322559377674,0.638808980709159,0.0023181292552320095,0.023146539685228548
936,-0.33804345198266045,-0.3390377060138885,0.43259764444256193,0.6394879020062869,0.002248204602047259,0.028042500772542483
937,-0.526565101844564,-0.3322198748690251,0.43330030073163817,0.6399084529264765,0.0027614336909667987,0.02315158511401096
938,-0.3478907929587511,-0.31851766633533535,0.4333873161853916,0.6402645346274325,0.002307586026387695,0.02270103601873372
939,-0.4937478340453731,-0.4038970297502158,0.4337945938328779,0.6404509352390985,0.0029168605331419484,0.03927410933570879
940,-0.37940996140104655,-0.2952038711378001,0.4340959413542831,0.6406095294388886,0.0024468764925136086,0.027865850972650163
941,-0.38353905511707365,-0.3353555479860859,0.4344249360948264,0.6408030159747121,0.0027924597426640827,0.02643941909977448
942,-0.2656466828894404,-0.4084868802519633,0.434515288545475,0.6413368869977288,0.0022729118629044856,0.03293164781914337
943,-0.31462948854269135,-0.38962701467646127,0.4346507136279538,0.6420315430453784,0.00237883849771554,0.028834491673866654
944,-0.30693811531136084,-0.28895197317410215,0.4347947769095135,0.6421872897390546,0.0022010575601924607,0.024337676878249913
945,-0.40275424587281605,-0.32807957291171225,0.4350496019538056,0.6424466670661173,0.00296330728394091,0.030888895239228772
946,-0.35392057668783816,-0.37398784594082773,0.4353567769112021,0.6429518667409604,0.002577840818385461,0.03068469225844661
947,-0.44261843765417497,-0.42091773414426437,0.4358211744520294,0.6433563885062437,0.0027652060641879597,0.0328923944090425
948,-0.321757205788473,-0.3102022136481825,0.43605616868719044,0.6437737049483352,0.0022429694539182355,0.02251844070659578
949,-0.3769170201290699,-0.3445226080877361,0.43621986088279646,0.6439703646979549,0.0023300163683076195,0.028242651618582193
950,-0.28176035189573473,-0.27913071535556355,0.43636376548352873,0.644190501466283,0.0022589662375255564,0.02488552274431057
951,-0.4246738647357969,-0.37218539251446553,0.4367542509943841,0.6447222348012098,0.002504697726106293,0.027229635970368465
952,-0.4098572243928917,-0.371548767501325,0.4371047471479587,0.6450178478845092,0.002381698925798145,0.03392959003088763
953,-0.40627674810565517,-0.3691554391157204,0.4375272432116997,0.6451909855722149,0.0022552382244065876,0.02979147675406054
954,-0.3215302467947951,-0.39402275501580863,0.43762977332455927,0.6456982855038603,0.0023662167774932724,0.029885427329391888
955,-0.4121240457161163,-0.33961387332497545,0.43803381949316084,0.6457678550614043,0.002428311428233421,0.02240818379981908
956,-0.3053994582238073,-0.2970442553562102,0.4382117259842092,0.6459427432475165,0.0024572476567914356,0.02833525903111965
957,-0.36551182741401583,-0.3559332820792233,0.438462569057627,0.6461732210860461,0.002336946163041676,0.030361115410056594
958,-0.3317290401521505,-0.31397456879081426,0.4385987470100759,0.6463343260930989,0.0025250310586514683,0.02630222636391114
959,-0.46025836164497613,-0.35375510223812495,0.4389523023688037,0.6465840974052893,0.002600682391375104,0.029710083988031075
960,-0.5007066177496085,-0.2791438703495644,0.43943494141262285,0.646756737521506,0.0028914822355113447,0.026566071786267118
961,-0.3945848992141552,-0.39154987164123534,0.4396547591176233,0.6471948424278439,0.003081467841532644,0.02836820037125577
962,-0.32391361748160014,-0.2908650239636914,0.4399183110321689,0.6476044223887081,0.002123073793400049,0.022515967557844446
963,-0.3913226016776929,-0.38387499174197226,0.44018307736426193,0.6479603014346558,0.0030737817511962843,0.029962051161703526
964,-0.4661130841002537,-0.37492248237149284,0.44059840761389063,0.6482076899658181,0.0030099928487922582,0.030689206523436204
965,-0.32508382699458266,-0.32928850043535896,0.4407079246892963,0.6484981667952165,0.002807563421449643,0.03023965672912959
966,-0.23944389034820476,-0.3032653603476082,0.4408049206287333,0.648682343157999,0.0023943603697698826,0.025240753949842147
967,-0.3841829017972933,-0.334880212677382,0.44099838559434257,0.6491908178112753,0.0024934099918614712,0.0241345858608376
968,-0.2930271441179088,-0.42347570466501805,0.4411367575944295,0.6496937041090562,0.0024069804310724043,0.03151188917262729
969,-0.2948794130790335,-0.34758278521686636,0.44125866488658877,0.6502419207646326,0.0024645389491248218,0.028135748703930655
970,-0.36714531839567977,-0.4090677630250557,0.44144188201210194,0.6506300256508017,0.0024200385119699974,0.03220218066937923
971,-0.4818456515898151,-0.26447171009078035,0.4419069117441177,0.6509513128965652,0.002896793657102242,0.025950783815625163
972,-0.4747424492486648,-0.34764202368116154,0.4423858726063172,0.6512610343822615,0.002531556236312974,0.03314419816039319
973,-0.3490004347762237,-0.33710846001855815,0.4427475498734114,0.6513709365349046,0.0024300631713240085,0.032835671119942164
974,-0.4461264216221973,-0.417067209383457,0.44302156105571766,0.6517442454233472,0.0028759027156612187,0.03093603875361862
975,-0.38214821436123303,-0.35418688667361675,0.4434296993078585,0.6519766448221681,0.0021549952314144265,0.03343557091412498
976,-0.4331165062207437,-0.3594821367940883,0.44399376129962154,0.6522654578160221,0.00260181993185313,0.0336348724248748
977,-0.35936050486467097,-0.3000746484973784,0.4442189393248652,0.6524363728078338,0.002590875419429727,0.027958303449026427
978,-0.3613217469209558,-0.4122842449417431,0.44434816962616425,0.6530470754341497,0.0029350227092116068,0.02760363681280176
979,-0.28337949314516775,-0.34443206648743036,0.444463667175954,0.6534310898759857,0.0024761521255260896,0.027581367861286003
980,-0.43461186703119187,-0.4071238004880868,0.4447706915320843,0.6538662599023547,0.0030412631605952365,0.033579355936425054
981,-0.36052283239926985,-0.32892424740665244,0.445034384428948,0.6540961043012453,0.0024739351830041735,0.03195725357044144
982,-0.397585821020632,-0.3117337151119832,0.44520148816417865,0.6544419404631397,0.00322430348110375,0.03028207458291052
983,-0.4000980748495948,-0.36111358335325544,0.44546342191418126,0.6546064902685739,0.0028430277882690335,0.0345058669935152
984,-0.23490347141846254,-0.3323321023207719,0.4455905016168628,0.6549036305467494,0.002041383680677057,0.026849824203882496
985,-0.38221820286735864,-0.35074132508501726,0.44583552125472903,0.6550997418444577,0.002900239532241339,0.02668179187515204
986,-0.4521109540583707,-0.4056773212289698,0.44620178883786304,0.6554874002722709,0.0026818353248581157,0.03346714936074025
987,-0.4009894479264577,-0.43798811508175334,0.44645738029053217,0.6561909274294007,0.002598484822894077,0.027207982699184317
988,-0.3601903149833934,-0.38949705284263436,0.44672558702698295,0.6565867366659841,0.0029152854066629695,0.0349613198077759
989,-0.28939067221075854,-0.3131597088588873,0.4468734488542548,0.6568080664251845,0.0022315738314329283,0.023550995572853974
990,-0.33119368362381385,-0.3684535836249573,0.4470789418559367,0.6569148602507484,0.002485466030876036,0.03431763148742749
991,-0.4591027804886094,-0.2576276493615378,0.4475968630374298,0.65708822492923,0.0033746630407291644,0.025574327744855834
992,-0.3753584943352183,-0.39728096138271574,0.4479196216316042,0.6572278305704061,0.002657232678990063,0.03539425409562675
993,-0.4668440229563768,-0.2657950609506315,0.4481384591323663,0.657326193088043,0.002868407845027997,0.028758419583664884
994,-0.2916134198390141,-0.4213207972985119,0.4483046398037519,0.6579121076426193,0.0025579772555571626,0.02494857194546091
995,-0.47341008129711215,-0.3548115792734148,0.448754144908903,0.6581370898316566,0.002696382590260395,0.02858547065384507
996,-0.33323584668866035,-0.33224922450675987,0.4488579274264338,0.6583265752511834,0.002640614961062174,0.02449675601829405
997,-0.4073697329782708,-0.3622027413239897,0.4491260348244359,0.658506583675149,0.0030131850570553867,0.033546722879840014
998,-0.3398876229658716,-0.3426051488494329,0.44944304924486994,0.6585992142993959,0.002542746123372758,0.030305889544550796
999,-0.39713689765138255,-0.3327032373047201,0.44976973152849686,0.6588073713255075,0.002739889844774128,0.03347008096752564
1000,-0.3501423777495312,-0.36995294267080364,0.4499875753634922,0.6593742741342697,0.0025190841213811295,0.02518590816651768
1001,-0.35885012342354844,-0.3662056251187748,0.45016595471422727,0.6594964345429685,0.002858444501387105,0.03401255404996144
1002,-0.359521981114103,-0.3323068330468727,0.45038847509348073,0.6599296263982484,0.002855195462812019,0.023248942699301008
1003,-0.4200674749503503,-0.45427331329752685,0.45058604144880327,0.6603439180992905,0.0029544021794723502,0.03467504699920453
1004,-0.47468623000448157,-0.26006364692811407,0.45114718375377394,0.6606124235784558,0.0029429404575422747,0.021274157062012817
1005,-0.4706071515246932,-0.3827473034341879,0.4517028844129191,0.6611441714509709,0.003091476508471847,0.029268746200859272
1006,-0.4361039457561972,-0.31568003022016045,0.4522012134478707,0.6614076324741591,0.0035152001566963,0.02459112665045477
1007,-0.3816598267548114,-0.31513849248142,0.45247566850075055,0.6617843281415247,0.00265729407515883,0.029369400112766425
1008,-0.33275523164471377,-0.3599852935969572,0.45268173570798886,0.662172565196699,0.002759695360861627,0.031070024373880564
1009,-0.3636340375799222,-0.418529701915567,0.4527824094805228,0.6627261473454957,0.0027163112567715236,0.030636609880359825
1010,-0.38038531234256956,-0.3090688816415285,0.45307270024431534,0.6628649559519195,0.0024472213909021456,0.022177776086460342
1011,-0.35307527392677834,-0.40493656466415556,0.45324234967598676,0.663426570326218,0.002852932865727635,0.035170904659882284
1012,-0.399931004614113,-0.37401674881347696,0.45358898622515337,0.6638229023799647,0.0031199131403858247,0.025579809245585245
1013,-0.34560346007608184,-0.43752615570179965,0.45377111096038725,0.6644120892656638,0.0026951839719148514,0.03375112051540238
1014,-0.49143975871427925,-0.26538861791624585,0.4540300661839098,0.6646640048250408,0.003036958124884548,0.02586056584725464
1015,-0.4350556888242528,-0.4369450719643326,0.45438438753987487,0.6655153259497507,0.0032162677700815156,0.027052023813567656
1016,-0.39700836046666976,-0.3339994435572514,0.4547686722994482,0.6659614981731184,0.0027545117248610348,0.02646587879860663
1017,-0.3636104953433787,-0.4062243741004409,0.45493383290209577,0.6662325258534771,0.0029320261595190814,0.03243438129053777
1018,-0.3130605442078262,-0.30990231215713915,0.4549950546214524,0.66646925043111,0.002896004435375301,0.02637363460977792
1019,-0.4185800897775894,-0.3653556232365949,0.4553573000316065,0.6666084237241078,0.002954639023670184,0.02928954445878687
1020,-0.36410819759476604,-0.3395544774737926,0.45551918557975213,0.6668641762535837,0.002639344520079103,0.029740601035000994
1021,-0.2539130598366523,-0.32719674451588376,0.455608545485651,0.6670001469678686,0.0024768096867288083,0.026879676036747818
1022,-0.38833830309455103,-0.4228319810799967,0.45572049046673485,0.6675207294191399,0.0032839141469050833,0.03199561670636
1023,-0.2873533520412783,-0.4672851197106496,0.45583057735865085,0.6679808949958057,0.002487370870520121,0.03444831069630773
1024,-0.39309489343969095,-0.3240264215252913,0.4561776555379563,0.6683481771055949,0.0027298063534319673,0.02400973576013582
1025,-0.3475463680885855,-0.33805112692209616,0.45636794733781544,0.66854944476947,0.0024368926267549626,0.03505932344603817
1026,-0.35243301705474894,-0.3905352584385626,0.45662859274364215,0.66877023343142,0.002492702421101761,0.03380528851983406
1027,-0.5365364084766147,-0.37807643138633773,0.4573113927235429,0.6689707836606469,0.003034101581439258,0.02831304542154102
1028,-0.32839963556501417,-0.358614479656701,0.45755560969704223,0.6690941701248707,0.002513227234589738,0.03277226199942475
1029,-0.5114631724623824,-0.4077309612673183,0.45812697120804297,0.6695705166908084,0.0030382818933601392,0.03422159392812464
1030,-0.3654393190719716,-0.4647402735300024,0.45829017534305827,0.6703633747943774,0.002633019400766009,0.03481652353849273
1031,-0.3585057967281369,-0.38795243574029414,0.45852123330177563,0.6706610037041967,0.0028448369139272576,0.027470413726684347
1032,-0.25983414667764043,-0.29564475511726634,0.4585750068910995,0.6708351979489193,0.0026015915156961966,0.028967061775237852
1033,-0.2734493850543123,-0.4254933576275598,0.4586893323901824,0.6713558060292321,0.00274417726386251,0.02951636041614645
1034,-0.26371028041649686,-0.29742148644458866,0.45882278704464563,0.671569815265301,0.0025648929255016636,0.02715731821157454
1035,-0.37272170014021616,-0.30684113468585156,0.4591940971075286,0.6718917992340647,0.0031580770164368237,0.02406623451778001
1036,-0.4785882298026128,-0.35497860329261827,0.4596266894060772,0.6723630658403029,0.0030324015745562256,0.030681744354425135
1037,-0.33874988195759753,-0.3036800769041214,0.4598696832874786,0.6726701691575643,0.0023548159211747716,0.024654454288602596
1038,-0.3595359624628966,-0.3866540858816544,0.46003058288218956,0.6729204645016744,0.0030203978563926206,0.03287828518713443
1039,-0.28059901442088214,-0.3332903301639257,0.4600909805515927,0.6733734225256135,0.002726772159911026,0.02616261900425196
1040,-0.38707252526872515,-0.29182946302672064,0.4603829563491098,0.6735264149104802,0.0026227269982973013,0.02886363256090045
1041,-0.40197681181466105,-0.3922733663320637,0.46052498492813965,0.6739460542345485,0.0028880475523104065,0.0274522133299362
1042,-0.3823737739910583,-0.38279861260594,0.4608393515630183,0.6740233449423795,0.002803517156426528,0.03433027285331088
1043,-0.448798426002389,-0.40270621832894526,0.4613545865676929,0.6743379793531312,0.0030601902603102685,0.03121976081709526
1044,-0.42097879716307884,-0.3425839015942051,0.46170594302680323,0.674932850883246,0.0030344649103181747,0.030988811463119163
1045,-0.5034192094906351,-0.3424423382344549,0.46220571284284423,0.6750692622590203,0.002870252071506875,0.029141708327159645
1046,-0.3625331721413087,-0.307758594666507,0.46239859843935877,0.6755990650721287,0.0028008527945052116,0.025437129263863226
1047,-0.4003431668360363,-0.28812152943925545,0.4626486785810258,0.6759666879151177,0.002990447978504647,0.02376730717591202
1048,-0.31532842314378173,-0.41260976315421605,0.4627921355562508,0.6764826302528293,0.0027036052557668716,0.027936137807819134
1049,-0.46151351467924157,-0.39763221795243653,0.46322095264369284,0.6769843307496617,0.0029445361880874954,0.02875830738288515
1050,-0.3056527875515101,-0.355783752805066,0.4633153803957888,0.6771279284811812,0.0026750003517889693,0.03498663487044944
1051,-0.36757932182658815,-0.35122899203724384,0.46353157995026856,0.6772376495448075,0.002531335254268592,0.030346497943694997
1052,-0.46222051663152625,-0.326661760691905,0.4639458603270923,0.6776262023353641,0.0027677599829629028,0.02463856824178604
1053,-0.32120251538734523,-0.34090969096577145,0.4641155423486251,0.6777943632283118,0.0028514196183448163,0.026695395868971385
1054,-0.414189310373118,-0.29703332960269846,0.46441059271419266,0.6778649320803576,0.002877175272727449,0.027087364487827056
1055,-0.6025138240423269,-0.3935582493834359,0.4651471450104557,0.678194674366507,0.0034211684486707525,0.03470395259175809
1056,-0.39304315456379074,-0.45169104401768484,0.46559080246610196,0.6790359760256421,0.0028399018859020264,0.029837289266595027
1057,-0.3128023580684884,-0.3727540141702216,0.4657526120796694,0.679363160613325,0.002724455687233874,0.030409749867349182
1058,-0.3872856133331372,-0.36141846156595603,0.4660074141259719,0.6796128753647983,0.0030761523686446937,0.029547593348695823
1059,-0.466702441903363,-0.38916976160928207,0.46649143246801406,0.6799338474168558,0.0026646316130193278,0.03442840085898068
1060,-0.3515750527905495,-0.260920817889403,0.4666235085528141,0.6801258328454107,0.002746463071020232,0.028411948680961797
1061,-0.36752276977787496,-0.30763979324224583,0.4668136015902477,0.6802970157064459,0.0029814473394699777,0.030888119205019736
1062,-0.4958524411820036,-0.3015444113708662,0.4671732761260092,0.6804161457585706,0.0034516466665406825,0.02854258273807153
1063,-0.37718803024393355,-0.3081471405282024,0.4673908713167805,0.6806689877467405,0.002911970586765821,0.02868278289993368
1064,-0.418591541577543,-0.4297698252642187,0.4675453809752166,0.6809995648554946,0.0035485035089572706,0.030660620311617526
1065,-0.4334736948717989,-0.29847644577435445,0.4679600978978932,0.6811520405185862,0.0032453034861057483,0.027921698325579586
1066,-0.43185537088424647,-0.43530663772791683,0.4682645725492248,0.6814119243754101,0.003421035951448682,0.03493578628084144
1067,-0.31937981974977653,-0.3516776292410771,0.4684326116440433,0.6816784920369684,0.0024898255983288194,0.029256149725729475
1068,-0.5047525754798826,-0.37768212381366756,0.4687508054310163,0.6819928299451667,0.0032343843079282804,0.028375781761733873
1069,-0.518993862919006,-0.3280048627242849,0.469326636003528,0.6821600128013423,0.003552837065190788,0.029444258480317897
1070,-0.39782132638496615,-0.3179092824113316,0.46951244778709755,0.6824208558511399,0.002768874180288904,0.030655950222503236
1071,-0.3962488618306452,-0.3433626216414673,0.469758359625969,0.6826574575220709,0.0030756552220411125,0.026502711045706638
1072,-0.34618639573708765,-0.4063376549022536,0.46992236748296273,0.6829804732025713,0.0025024505841872696,0.03314426515252
1073,-0.2998198712002712,-0.36188596226815284,0.47004354841914625,0.6834700780058497,0.0028404551481521524,0.028612179212752154
1074,-0.37748730665763586,-0.3604254238113093,0.4702402746419363,0.6836134377573094,0.0028263781012699976,0.032366439066210125
1075,-0.3030628336438767,-0.27500201914569916,0.4703805136939092,0.6837033029128103,0.002494964258591923,0.029225358998130595
1076,-0.30530122470136734,-0.2767624310749661,0.47051489114501516,0.6839358518227501,0.002727303875439942,0.026491821696478898
1077,-0.3364271911755123,-0.3695156806592613,0.47070253144122653,0.6843417388164748,0.0028497378429684413,0.03001126768009782
1078,-0.28444454392900215,-0.37953499565975707,0.470882297870309,0.6844865992322813,0.0028231646797887114,0.031241015653430435
1079,-0.4644256714033097,-0.36963607889213007,0.4712834303168135,0.6849726371726351,0.0031839118024524276,0.02755091164621541
1080,-0.3569237129139558,-0.32430653252111735,0.47140674472081584,0.6852250887985394,0.002963056727308379,0.0319353966868987
1081,-0.40139726143440224,-0.3043567685313043,0.47181461366231586,0.685443043966432,0.002863615642802459,0.02716699215820336
1082,-0.30252518790932104,-0.3680037706312509,0.4720400382969268,0.6857535139086424,0.0029615923008037273,0.026896045308923065
1083,-0.4455643630204468,-0.3099179843318245,0.47232433182913564,0.6859935341479704,0.0031416460188279354,0.02576193934471089
1084,-0.4112874100719312,-0.35505796499077963,0.47266216222255647,0.6861998657565225,0.0029471150849657525,0.03213380790488685
1085,-0.3102876461890669,-0.41606723832272013,0.4729764304704372,0.6867011140385675,0.0025086941929013916,0.03367488707313147
1086,-0.39561328278451835,-0.3311014555200956,0.4733318499311899,0.6868924579497788,0.002745735919435728,0.02517384833228734
1087,-0.3478698012149801,-0.3694062882357978,0.4734124332973285,0.6871103301884958,0.002943909284681759,0.024087448261935613
1088,-0.2937699187528662,-0.33186803377308627,0.473521192363412,0.687237953888418,0.0029130463797004155,0.03469118671692433
1089,-0.4021021387762027,-0.2990797788774515,0.4738479235139659,0.6873388205844424,0.003311363999407537,0.025559048824159592
1090,-0.2984832546865978,-0.3837400875973306,0.47394191441420364,0.6877213011176821,0.0027067055473918218,0.033323532647286415
1091,-0.27494667851327015,-0.3882550616823431,0.4740503299283138,0.6878871692627326,0.0026060750471622288,0.030576430783378888
1092,-0.47746714268805623,-0.36603832657063323,0.47449337810059694,0.6882546108835514,0.004179918509999836,0.03393755747178972
1093,-0.44311509423417,-0.3277155573168137,0.47485128047359076,0.6884840257311738,0.0034033519431047174,0.029410781541920457
1094,-0.352106789652752,-0.40958826340973237,0.47501573699034355,0.6887897576114905,0.002834885530678046,0.030556605800222344
1095,-0.32017532640155766,-0.38089534738917574,0.47524071503170795,0.6890008776933305,0.0029958410507320878,0.029703140382063103
1096,-0.3739604337322879,-0.31370468102441773,0.4755929826930741,0.6891307712431685,0.003163936902065411,0.025298890641394386
1097,-0.420172004261643,-0.3280469887836452,0.47591602751730366,0.6892347047388898,0.0032296619956612488,0.029019494823403453
1098,-0.2886746967024058,-0.34019811869181343,0.47602317138076267,0.6893993381810751,0.002959590182257425,0.025957745995571015
1099,-0.3376259412858278,-0.30254808313390646,0.47631197265415837,0.6894919650809745,0.003111582438999353,0.03353662942383108
1100,-0.35277542209097934,-0.2631202476128043,0.47648278092154034,0.6895465629348493,0.0031283738766059036,0.029580971946467
1101,-0.45344205621155714,-0.30148924907295793,0.47682671584622793,0.6897507561062507,0.0032481942218445738,0.02597323133355972
1102,-0.4150620572910864,-0.3172289312186911,0.4770315571377307,0.6900569587540357,0.00376722602086259,0.031397146976284394
1103,-0.3400561067193069,-0.3725807637483621,0.4772062000638804,0.6904729010334257,0.002843776245511634,0.027240339039965592
1104,-0.3005811655004527,-0.30163688468659194,0.4773076366914474,0.6905948208323227,0.002842632396192302,0.027574717477360282
1105,-0.26678702470318727,-0.3259934107664556,0.4774432404276079,0.690819552643981,0.002563480076803732,0.0278645353790715
1106,-0.3251714053383868,-0.4249645382153511,0.4776024515116491,0.6910952036554536,0.003017644287698896,0.03566519066378695
1107,-0.29304579337850173,-0.42932813278726484,0.47778390287444333,0.6916987548641325,0.0027897558488806486,0.030872141616014592
1108,-0.5481203316675463,-0.31467775368578665,0.4782860730304993,0.6918878561600169,0.003983777610618996,0.03552194290160122
1109,-0.3117754006424254,-0.3554985114712777,0.47849143923556914,0.6919991040906728,0.002928334529628015,0.03212062703666683
1110,-0.37175835522287703,-0.3893384984662402,0.47872570934532305,0.692385623537965,0.002653997137825346,0.03168724530608776
1111,-0.26637385666918173,-0.2915142589753101,0.4788358818150418,0.6925257349175736,0.003016994322120535,0.029456801434104844
1112,-0.30543543444604787,-0.2735174058637741,0.47897110708151563,0.69262954120573,0.002869955892081221,0.02835966358021614
1113,-0.4263372988972656,-0.3581225497816959,0.4791984214875817,0.6929016380540965,0.0032210402174324194,0.028607678418882346
1114,-0.4076315375633723,-0.36902234898281966,0.47938828186474636,0.6931458301552689,0.0029488288849120027,0.03541249139429311
1115,-0.38206598966532546,-0.26017639135095144,0.4798345485728843,0.6933683652116448,0.0027654120465139985,0.019901255499006492
1116,-0.32964057059947127,-0.3234617863700453,0.48001682687304364,0.6934406543462562,0.0027870767182372634,0.028074892053411227
1117,-0.35155972442073163,-0.32955238395572867,0.4802005447687683,0.6937423081310251,0.0028596724825866865,0.027592306988891386
1118,-0.4633917244398148,-0.26762749424004734,0.48078109759672494,0.6939477468504197,0.0029380720851472143,0.02587098818476828
1119,-0.3929359363987498,-0.3049978881711958,0.48104939599280316,0.6941201412059902,0.0034048680874407293,0.02810391153928152
1120,-0.47338438748923484,-0.3567708297081072,0.48145900944720627,0.6944043409029039,0.0036346612574922263,0.030656197727872272
1121,-0.5574710121148178,-0.32570933487756076,0.4820117664964026,0.6945805521509587,0.003675213368066764,0.029010365402899505
1122,-0.20744179022430717,-0.3352684834155978,0.4820652176925731,0.6948914120514083,0.0026365924571198885,0.02901019187143153
1123,-0.44453609053250365,-0.39147132744173485,0.48254078593844635,0.6954035855558862,0.003016428951161883,0.028495553000595246
1124,-0.40018084296704026,-0.5897731283281397,0.48292967845912194,0.6966989178077764,0.0027918394429668567,0.03618709588828684
1125,-0.3554328665010575,-0.3581334771617669,0.48306620529465577,0.6971648143494699,0.003001748815046342,0.02808242586373617
1126,-0.5011709901170195,-0.3775616373996426,0.4835126097051845,0.6972762448141568,0.0042751124852217545,0.0346627053657135
1127,-0.3286407728437741,-0.34014652864588457,0.48366739569985895,0.6976816171910123,0.0035286125411578178,0.026308546162342572
1128,-0.2828901071933069,-0.26880954625524894,0.4838314371617985,0.6979294236338652,0.003104066893083802,0.023182993080637038
1129,-0.34607607211714997,-0.36365806684738083,0.48396377475252433,0.6981319031350595,0.003782268475629075,0.027723778759469218
1130,-0.251332530598331,-0.3052736047139425,0.48410008201293236,0.6986006427160291,0.0029925986749729278,0.02660689653514707
1131,-0.42468203329628007,-0.33137736642478605,0.4842895488584064,0.6988277934637034,0.0033394986561358954,0.030407701887666522
1132,-0.30510956790241656,-0.3962053847642196,0.48451264569999836,0.6993402798429834,0.0025889667179698405,0.02927653578310004
1133,-0.438328892218714,-0.34194146839431255,0.48484114621963253,0.6999710508384103,0.0034637722495731863,0.020135457204046848
1134,-0.3088891623377347,-0.29708970211671887,0.4849771433530556,0.7000732684024654,0.003125110006015333,0.03294236116717246
1135,-0.3142878433518864,-0.3349011516217629,0.4851638081445605,0.7001894744890655,0.003261969424782993,0.02857089291130394
1136,-0.553353636729736,-0.24135061294492713,0.48583344243093723,0.7002662160301276,0.003802170781072408,0.022798191850840418
1137,-0.2852349533730891,-0.40466278516599186,0.4860478810001264,0.7005958942921464,0.0030043679918880985,0.035120862397779354
1138,-0.24091009660362847,-0.36927169816377703,0.4861707769572571,0.7006911437201208,0.0029784328939281837,0.034458881658630196
1139,-0.3729309627307966,-0.3867666343292755,0.4864027098184219,0.7009625031483505,0.0031599099305656803,0.028604060682115334
1140,-0.4104658098058046,-0.3963025648598464,0.48670037634925717,0.701221720302486,0.003097695029638774,0.030533051238508583
1141,-0.37835279182437787,-0.36729944841596884,0.48707276173377123,0.7016374273977882,0.0027405958549261947,0.027441443449277153
1142,-0.37253720456738687,-0.37895297202702904,0.48723555663616763,0.702023803743407,0.003140054745546951,0.02969580710305701
1143,-0.2916139945275814,-0.37716854006086964,0.4873688621430138,0.7021486114937373,0.0030474892323515733,0.03248813337929889
1144,-0.3570742977757603,-0.28437036479852,0.48757137923038263,0.7022714651865956,0.0034005170627473846,0.024782558353584044
1145,-0.3369638405900726,-0.384918307833718,0.48770317380986755,0.7024617726552455,0.0030764385481022592,0.030173447030361317
1146,-0.2526097088874901,-0.30699331726970636,0.4877831424645515,0.7027274585282939,0.002909686540764459,0.027074574034107887
1147,-0.4983193453256904,-0.3133360966693557,0.4881895907342767,0.7029329223057882,0.0036084343957430982,0.02519984457284365
1148,-0.324064893033502,-0.34879712155613074,0.48835098216141537,0.7031460548717511,0.003032708061222338,0.03202671805882538
1149,-0.3941810488983582,-0.2997441610093349,0.4885715983081889,0.703297968533545,0.0030087362344044873,0.025667078798258865
1150,-0.3277259619272262,-0.26769905838966745,0.48878428709063004,0.7033948800544643,0.002863434084814411,0.028613241397510557
1151,-0.32498183837012384,-0.36742514952055355,0.4888617422521835,0.7035959554197095,0.003162258598318439,0.033709164597015485
1152,-0.4033992143669262,-0.2593093970321696,0.4892439361465425,0.7037192188148893,0.0030265815062736896,0.025102668229116092
1153,-0.3398455396033803,-0.37462559852052985,0.4894083318924551,0.7040444045274955,0.0029121617991814406,0.02853541892289818
1154,-0.3207946370777125,-0.36656994913282565,0.48959929435282784,0.7045720032405927,0.003295651299998668,0.029103097961318082
1155,-0.5059874471286894,-0.4680808883954143,0.49005863410590816,0.7049186979060816,0.0038273735495611126,0.03942794275200946
1156,-0.33099312886437643,-0.3411529200732954,0.4903407169421087,0.7051414743399878,0.0031289057302772753,0.03237551714334438
1157,-0.38103420829632334,-0.27687609856973155,0.49058394646656317,0.7053299652254159,0.0034126067078585885,0.024624718757611616
1158,-0.507463915129088,-0.2995076624404863,0.49115108054050116,0.7055386210924255,0.0032039836041702786,0.026502454858137788
1159,-0.40801209802833344,-0.49528910311334806,0.4913809945190742,0.7058721849074718,0.003340474397825959,0.033212712135345504
1160,-0.3425739770219707,-0.3588545932013622,0.4915614741564258,0.7065177358489182,0.003066658628885906,0.02644904955971775
1161,-0.34134530248197525,-0.34657117145279126,0.49178417867897417,0.7069232457558571,0.002951570016264698,0.030321916625787232
1162,-0.3269232159398243,-0.30003800784027507,0.49198654408039083,0.7071426486182737,0.0029480917336995936,0.030044170356485145
1163,-0.5043676999872502,-0.33017206822410433,0.49225951993426453,0.7073595801998569,0.004046742720427128,0.02518887003976771
1164,-0.4762099325584545,-0.3583536560811963,0.4926255935626408,0.7075935483172441,0.0032090322796555905,0.02803762594136391
1165,-0.2873943363984398,-0.2963692685088429,0.4927673741703554,0.7076673358718638,0.003039033486451153,0.027605660557994332
1166,-0.37216736757914376,-0.26253029322888277,0.49295984297106904,0.7077876871171533,0.0033746149941275647,0.02437207749784914
1167,-0.4328012826029751,-0.3171708321367341,0.4932976561695605,0.7080453318821751,0.003741195802225082,0.023319817305217913
1168,-0.308713933946522,-0.36006705891188273,0.49344073635580565,0.7085348590110049,0.003128517300322206,0.026248783830066787
1169,-0.3080534746502307,-0.3378933526009527,0.4936255521371079,0.7088516864684405,0.0029581212588284615,0.030449638808451474
1170,-0.47945650233539244,-0.3834556930969896,0.4940758082521963,0.7091522786333174,0.003611892161523199,0.02939472591621791
1171,-0.3901873279920709,-0.2733668763091846,0.4943060211726874,0.7092969233456781,0.003730121279301761,0.026308809175313995
1172,-0.45534440041957464,-0.30788560298370793,0.4946160028667151,0.70949449389965,0.0036414719679116817,0.028873413991466215
1173,-0.42946069616454624,-0.3055909880261591,0.49500212006050764,0.709668918306755,0.003463552065508087,0.027445081444837666
1174,-0.42366026290547026,-0.29685044115110076,0.4952745169919537,0.7099234271779015,0.0032024390559669794,0.028314886416026266
1175,-0.35683890743389673,-0.44346534126464493,0.495436978089064,0.7103759481781604,0.0029551698727464403,0.029780955990645668
1176,-0.33267024659597894,-0.36244169852060937,0.49558820631891926,0.7104709442933844,0.0030493762921360874,0.029872743632119687
1177,-0.36106496681477224,-0.32666800115718964,0.49580446091194647,0.7108703479884328,0.0032222014875135465,0.026406204338421484
1178,-0.2837793733857869,-0.3688550932572512,0.4958782938092687,0.7110613917582161,0.0028445502480361194,0.027695550394610614
1179,-0.44334944746067456,-0.32633488817817397,0.4962057320362791,0.7111793168159469,0.003395848246059039,0.02841379267407271
1180,-0.3550334581478679,-0.263698564077892,0.4964318915801562,0.7113197026728353,0.00325005583399913,0.02598803066280181
1181,-0.3153228461661129,-0.29658208947104175,0.49660098856141227,0.7116226919299473,0.003206116981263284,0.02561406915809998
1182,-0.39961913326940646,-0.35064109024584467,0.49672643438288744,0.711722147941787,0.0033208621159679166,0.033819868414568036
1183,-0.32674725294759266,-0.3491989602520187,0.49688314241539383,0.7118865657713079,0.003464276618651231,0.03198995174217101
1184,-0.37264018145585553,-0.3103477183957731,0.4971234789510071,0.7121898219024906,0.0031690830930770765,0.028555926464542122
1185,-0.4183034618663008,-0.2959099860695168,0.49755625604733533,0.712308129967249,0.003450770791333847,0.02742278461398309
1186,-0.26483450649742385,-0.2531158702474382,0.497694422015272,0.7124301267577775,0.002928226220713588,0.022102912175997108
1187,-0.3375334672014113,-0.36043618397188015,0.49785578277478454,0.7130070968632324,0.0032733151776403674,0.0270577103054386
1188,-0.3490706558560836,-0.3728827034299511,0.4980762763393423,0.7131594386148223,0.003248791494184216,0.03277269575326914
1189,-0.32975490570662697,-0.2991691736650052,0.498292927662714,0.7133765027283023,0.0030833445609952013,0.025370055926051984
1190,-0.3062127279677903,-0.36368202830789276,0.49839448121721586,0.7135835742286103,0.003194312277028685,0.03373591713354198
1191,-0.33862552427980036,-0.4351466699738174,0.4985694891442273,0.7137001088097437,0.0034033330157481317,0.03516937576351463
1192,-0.4856977033111807,-0.3589328688275217,0.4990997365946063,0.7138658219467918,0.003621533618651384,0.03479426845880443
1193,-0.324758945464448,-0.2831127782561219,0.49927836835362727,0.7140309394800683,0.0033838114673646787,0.02575256024161785
1194,-0.27619760377032787,-0.35644850941110656,0.49937381405286346,0.714172546379965,0.0031084571242384024,0.03137059645523501
1195,-0.3784316129768291,-0.2993953593892282,0.4996027087693524,0.7143381606537028,0.0032524461317850195,0.024201380558923527
1196,-0.3523832247017459,-0.32793191636243774,0.49977057489158205,0.7145509903869873,0.002924504042106415,0.027732595652516498
1197,-0.43766934678169095,-0.3724401371060561,0.5001575445551588,0.7147304885234236,0.003233041044117906,0.03396654213926615
1198,-0.4592166851615626,-0.4161757723405151,0.5004168853647902,0.7150720541283309,0.003512255306417265,0.033612605047543785
1199,-0.3554728371525512,-0.3490655625844511,0.5006765629602229,0.7153726586749736,0.00323539255409513,0.033041426562728314
1200,-0.4150166178724578,-0.4445688088100826,0.5009687123362024,0.7158638557267667,0.0034609303491669684,0.03727423150370869
1201,-0.419975873169869,-0.45514891751725123,0.5013404567290158,0.7162581762593541,0.0034087427192862844,0.03432133701957547
1202,-0.4245170249710983,-0.2920895682800107,0.5016000355375908,0.716406764207974,0.0036370908251425254,0.02638767599599471
1203,-0.3408817790389107,-0.3544175872413458,0.501749335323616,0.7166973403408696,0.0032666647789800197,0.023699834966313962
1204,-0.358074729633865,-0.2738406448312969,0.5020022592976188,0.7168012111475112,0.0032006814782628264,0.02579306670800719
1205,-0.39038576418971804,-0.3198331317703878,0.5021853420649417,0.7170717961756093,0.004003229826701249,0.030031634736239602
1206,-0.3435829293891148,-0.308058784406416,0.502409441098432,0.7172604752495784,0.0035277487524407384,0.026558605852416418
1207,-0.4000925770582705,-0.28539001806520115,0.5025852435502908,0.7174353648775632,0.0035101530501056404,0.02700337256490844
1208,-0.47197035350447614,-0.31233807689282944,0.5030353917187553,0.7176482039019157,0.0040756124336807425,0.030564173128182603
1209,-0.3645060554575266,-0.2761539159747571,0.5032335602098956,0.7177487329324471,0.003069089682439682,0.02715903133172663
1210,-0.31478919606943306,-0.35951519490827893,0.5034472631604753,0.7180151935672001,0.0032048067290014006,0.02742481879562541
1211,-0.34381773204892924,-0.35885675591696625,0.5035790408475507,0.7182503076682981,0.0031965675724453363,0.02923299370355097
1212,-0.33451860485886337,-0.2822891932235461,0.5036816269683729,0.7183383592827838,0.003672671031921457,0.023509306165182143
1213,-0.30998454784556284,-0.3718652205712425,0.5038691393917444,0.7184894828990522,0.0031066358799399173,0.0306515894497771
1214,-0.3458514525317083,-0.3640135074798809,0.5041177387206833,0.7186847232826068,0.0033421783174557343,0.030841944727166924
1215,-0.4469586788431387,-0.3517930340834922,0.5043975754590964,0.7188297469292071,0.003561992409689708,0.026566332381489685
1216,-0.33315312906418365,-0.33734793486693976,0.5045196690642886,0.7190105075864607,0.0034092172577636403,0.027629946033032374
1217,-0.3241050441182072,-0.38334301698669915,0.5045848182964312,0.7192184052559175,0.0033362826723829808,0.03256740638446079
1218,-0.3815835998938824,-0.310197603916309,0.5047797989726784,0.7196183952976241,0.004021468932156909,0.023985683063343477
1219,-0.39944000846444533,-0.40082631089834925,0.5050976608000457,0.7197876036759421,0.0033271176215198856,0.0373759554340762
1220,-0.4668335686411184,-0.433664552433082,0.505293556343788,0.7200992547007937,0.0045896895948165945,0.03729656418402563
1221,-0.2544914089741763,-0.37802998570944385,0.5054676314445916,0.7203526558696598,0.003157569956672315,0.03579383978349304
1222,-0.35189761984899676,-0.3619117084798927,0.5057000038967632,0.7207090590452414,0.0040089572509882125,0.02794755868642948
1223,-0.39866904902562145,-0.36112557800235,0.5059863666649452,0.7209431381685143,0.0036529655346328803,0.026865657709995126
1224,-0.42788622815714084,-0.3478925866881834,0.5063262714680966,0.7212396116414628,0.0037353347444712974,0.036444474802138714
1225,-0.33574170042381474,-0.29690565529253593,0.5065213872024098,0.7215123652574483,0.0032530333666740555,0.024574287214786293
1226,-0.4640971749058954,-0.2988387718291757,0.506920329114712,0.7217644656167276,0.0037214453072087544,0.02032299003936889
1227,-0.3607447664997021,-0.2630508380944891,0.5070154436222155,0.7218614631344864,0.0031679601595624896,0.023035191014134492
1228,-0.4247185871851532,-0.3987714349221205,0.5073026388852211,0.7220226672358151,0.004276534541586704,0.03141377097214017
1229,-0.4845220317289503,-0.3128451365067871,0.5077307030704941,0.7222643480257339,0.0040367064252736125,0.02552524585823776
1230,-0.4095738503968111,-0.277756754962693,0.5080098280734096,0.7224603393972425,0.0038836656818301003,0.025968837227637844
1231,-0.36658807650494973,-0.30501543369617057,0.5081749042487058,0.7225955291688435,0.0035649634770376993,0.02971444196271018
1232,-0.3456821214409764,-0.37082662212606005,0.5083284990776005,0.7228162166927541,0.003607005909370931,0.03386822693445991
1233,-0.3873970653023211,-0.3314907522675686,0.5084869299010953,0.7229636345227204,0.0037932607246552084,0.028540031967255193
1234,-0.369821883237565,-0.2605460251015926,0.5087535136257095,0.7230843890758404,0.003663493975581019,0.02458572722629709
1235,-0.30118794570513185,-0.3633670979155864,0.5089064372172155,0.7232607415717697,0.0031613342359205184,0.02877006055722591
1236,-0.4001669514751203,-0.40655609039890644,0.509059107043993,0.7235564323671462,0.0036655494553976616,0.029746229558791176
1237,-0.3984468775198748,-0.3583769168093888,0.509212714199429,0.7237676544370849,0.0037141760148989753,0.026621463939663265
1238,-0.35721857695154374,-0.32055307994864257,0.5093850711739367,0.7238494580322165,0.0032857239651547985,0.02870505114879662
1239,-0.4503424630100092,-0.46113478458536783,0.509687633203939,0.7239796520324172,0.003452331584155279,0.040366390686782
1240,-0.29276680271973043,-0.35391283980712895,0.5097912238999034,0.7241641568050408,0.00335042610702915,0.030019822394814346
1241,-0.2812361921240291,-0.3383617578321438,0.5099432344005606,0.7243286890313374,0.0036196807607784694,0.02981010983263704
1242,-0.38491442761202427,-0.4213125935358195,0.5101159961043102,0.7245431877043811,0.003719638928615001,0.0338967400711234
1243,-0.3443625269607646,-0.3800410364405995,0.5102415740575087,0.7247388551734221,0.0034385630651852083,0.02868469296621619
1244,-0.33457391683464743,-0.33179960667174746,0.5103535361699801,0.7249290047672425,0.003699624687889668,0.030103861528510543
1245,-0.37326056599777596,-0.3271140748846469,0.510416716435955,0.7251220675753182,0.0032700204586986526,0.025023239980617396
1246,-0.3144151986101862,-0.35411850329898537,0.5104930504540534,0.7252664589058606,0.003630274184246116,0.034821774018857894
1247,-0.37412016734059417,-0.350483873203734,0.5107362931283334,0.7255959635880568,0.0035742009330889286,0.03307531076806967
1248,-0.40032031431882387,-0.3948033090596764,0.5109244980269756,0.7257614958229506,0.003378277027275359,0.037024146742391705
1249,-0.47113148842465036,-0.3398386975311814,0.5112959812942302,0.7259550854625542,0.0041822674576940415,0.030924560467129908
1250,-0.4006755427234103,-0.4146517858920575,0.511630658804964,0.7260935627651546,0.0035336441636473065,0.03574056650945655
1251,-0.322809632352781,-0.2690171121747029,0.5117960319222604,0.7261842495162905,0.003453653839323688,0.025159963109603924
1252,-0.43003730271373913,-0.3644712101576689,0.512022368286287,0.7263871235848945,0.0035091024145174118,0.03261760737290367
1253,-0.4055018105727259,-0.3243628353383005,0.5122942726426393,0.7265595162777032,0.0036543074830204672,0.031042726138946458
1254,-0.4035502821026754,-0.28874232670119115,0.5124926403159211,0.7266134739136725,0.003310399410506252,0.03369617673108098
1255,-0.44602765072484246,-0.3129337381224312,0.5128704868884416,0.7269313382793954,0.003384593010001192,0.027727286293139808
1256,-0.3264140710132025,-0.37940139919196464,0.5130120104490999,0.7270689843323813,0.0035110514133397637,0.03234151351907024
1257,-0.46320975757907656,-0.3332170477935555,0.5134130540753014,0.7273604218132799,0.003346250954317193,0.035696781123725166
1258,-0.3759937631401742,-0.32134885131576396,0.5137158095895151,0.7276461705482413,0.0033737438885302713,0.03029952112365357
1259,-0.3800855664388531,-0.3616498520455576,0.513943200476169,0.7277705060797186,0.0036389767520875814,0.030014368430802876
1260,-0.41157229265907785,-0.41428001871318226,0.5141793715817717,0.7280311318790851,0.003446996629818336,0.033483077202388585
1261,-0.41113730906968293,-0.3635106681952665,0.5144500207179633,0.7282916155976702,0.003890522004437925,0.03260344373028589
1262,-0.33667362856681055,-0.3805056152657363,0.5146255283638755,0.7285875654362645,0.003103694826838051,0.030840501074337962
1263,-0.528550795758392,-0.3545521238565357,0.5149939776439114,0.7289593707322355,0.003876531845885144,0.029733126970266224
1264,-0.3166760430010724,-0.357655103342979,0.5150925693501195,0.7292081158798379,0.0035315369795697596,0.0311974243593734
1265,-0.3435535210943802,-0.33378595667330074,0.5152976228294045,0.7294808372037486,0.0034497442055115304,0.02887808475587755
1266,-0.4171559697816367,-0.3363962112068602,0.5155514303174523,0.7296218761970212,0.004021491855684316,0.03420333970612776
1267,-0.30897377387014957,-0.25755395300026523,0.5156975186610449,0.7297297026590294,0.003363505663208439,0.02975194222176843
1268,-0.34950712653283966,-0.2762761535700955,0.5158043779198697,0.7297829679566196,0.0035549958761615457,0.024779595685986717
1269,-0.42553366499195977,-0.33711306158339066,0.5160198357039614,0.7300029042898044,0.0038530017696642017,0.028781433586123794
1270,-0.4282967662602989,-0.36419722820240064,0.5163157583720609,0.7303228756987065,0.0036590951658113584,0.026156211630689354
1271,-0.3344509686096103,-0.3898187893890811,0.5164943639876316,0.7305056164948855,0.0032237056963898398,0.03096205414331009
1272,-0.33532679188996234,-0.3416837061793596,0.5167367763508158,0.7306879336222636,0.003148803147556439,0.030575730814463114
1273,-0.3558777505249092,-0.32382703495394743,0.5169749146720515,0.7308800579072532,0.0037229872111641457,0.030921611242616172
1274,-0.4728718533112517,-0.2914250509455354,0.5173317501986889,0.731073446778521,0.004444749755903101,0.024175397280003216
1275,-0.32050554441314205,-0.37261176006305075,0.5175057587164178,0.7312610717916255,0.0034150178367924923,0.02826279378351384
1276,-0.36228001944501487,-0.3407295409268451,0.51774412796319,0.7314311016638367,0.0032548987242364763,0.02818504749542235
1277,-0.2780625012723552,-0.3041158216443585,0.517911307233571,0.7316554932407977,0.0036561225991940966,0.028272237572886334
1278,-0.304541928826019,-0.33062836876070567,0.5180578281034027,0.7318664484530094,0.00360778026691324,0.027443605568424543
1279,-0.3500118520350702,-0.28529271154045005,0.5182604163754723,0.7319968166117903,0.0033170908951980623,0.03049280816162651
1280,-0.346426182944867,-0.31687366374894377,0.5184359146215886,0.7322347854138871,0.003458756082787561,0.028366073018462862
1281,-0.4027453285178351,-0.3553397149044439,0.5186549377976997,0.7325079399952783,0.003157744426925209,0.03254072070300403
1282,-0.32656639841508245,-0.3104296570777934,0.5188524202999651,0.7326328387039523,0.0031675522889352426,0.026884989093827104
1283,-0.3328300287292542,-0.3447130843751331,0.5189359890033823,0.7329109828504143,0.003514754703852355,0.03089004384604728
1284,-0.35907565584018003,-0.310853194989818,0.5191261363499174,0.7332150863085213,0.00334988386085289,0.024254116637673136
1285,-0.4190909639845088,-0.46174783071941744,0.519338990457651,0.7337492677070756,0.00431786786518239,0.03890080947435943
1286,-0.38290807230497204,-0.43327325251944554,0.519504032738667,0.7339816948796986,0.0038082725159883386,0.03760962063850869
1287,-0.44414136761870104,-0.39003637247587614,0.5198600477087685,0.7341389811680441,0.003944730795991721,0.03551095951202662
1288,-0.3374894037408321,-0.3395435191589463,0.519971936652956,0.7344157212912941,0.0033214145884642777,0.025461089968626047
1289,-0.4804989974860978,-0.316612774249456,0.5202486992726574,0.7344998196537376,0.003970774922330854,0.03044356150369792
1290,-0.39363879965211707,-0.35104224797826705,0.5204220398941032,0.7346249111105244,0.0038494932806164067,0.03813113152924561
1291,-0.2886485737294664,-0.23905639979804016,0.5205960949558832,0.7348182046216453,0.003319411896593795,0.022097015200786368
1292,-0.3882924480509919,-0.33833700119629273,0.5207083538823445,0.7350961519237538,0.003828264332751985,0.025183161490237537
1293,-0.32078618282689236,-0.29792557169353695,0.520891078468844,0.7352778683413448,0.0034274865980154366,0.022800967932147746
1294,-0.3179220684575394,-0.3856935163580667,0.5210970704211609,0.7356760412098328,0.0033853950034653355,0.030908107141933584
1295,-0.3871482406616152,-0.3521463598811758,0.5214149823606246,0.7357261677366373,0.0039584607882188925,0.032267788923652785
1296,-0.23409634069075685,-0.3450390158926555,0.5215300046921482,0.7360050835968845,0.003402132948814658,0.02694002892284366
1297,-0.22618918502268076,-0.2595993278743,0.5215987241750369,0.7361641450800116,0.0034113760958946037,0.02638271516747072
1298,-0.3689645639233692,-0.337266815906949,0.5217896571807751,0.7363061117222219,0.0036701334233742978,0.03204013244222264
1299,-0.38915437290005167,-0.41291358352654195,0.5220130693725868,0.7367205896056044,0.003683593728524012,0.02741512719598524
1300,-0.3937206375691714,-0.2862632733700256,0.5221205613983413,0.7369212115618975,0.004099996686879602,0.02869617451962493
1301,-0.3316471658607933,-0.2910132807321897,0.5222652676488829,0.7372705291689503,0.003754662343007359,0.02442198958321939
1302,-0.2935795751879078,-0.2899221827958089,0.5223750370727048,0.7374148422056301,0.0035723364646247997,0.026563633024322773
1303,-0.3299890361496495,-0.2988247528540884,0.5225962487263854,0.7375701020802604,0.0035751492242750062,0.030010703984184626
1304,-0.3555009852489784,-0.2700125944618414,0.5227658702626349,0.7376714150365239,0.0036070629067169614,0.023363408017921975
1305,-0.2906242439617247,-0.3137131461430239,0.5228672830450226,0.7378011321011855,0.003546205164000131,0.03199288705300841
1306,-0.3465501238248912,-0.2789894118458053,0.5230553877346198,0.7379081625849366,0.0035121812357072836,0.031272354854119465
1307,-0.3247413020463753,-0.3226331657231673,0.5231933928041151,0.7380229327830554,0.003918208356043634,0.026395274494951517
1308,-0.2893694485540703,-0.3686444684779025,0.523259903752996,0.7382619723022114,0.003470714705452747,0.028872808072628698
1309,-0.39774451755053597,-0.4287259986647715,0.5235225847518219,0.7384377233734696,0.00390109982378243,0.03237348174888291
1310,-0.2816744195118947,-0.3257382693352044,0.5236254515466205,0.7385464696557267,0.003756085927861246,0.03121091029260535
1311,-0.43761454903927,-0.27977289196728955,0.5238786800161663,0.7386580677285454,0.0038855398073442677,0.023667949432765758
1312,-0.2931191253226518,-0.3085170827416235,0.5240797173930317,0.7389839357272533,0.003464606136272465,0.025786203547006396
1313,-0.3655200549708987,-0.309569051912878,0.5242952513809206,0.739335443391052,0.003789758591718378,0.027901823673205327
1314,-0.30332549357459415,-0.3136323171323961,0.5245026438301805,0.7396857098775209,0.0037181505453110775,0.02198776343200811
1315,-0.38542276534065095,-0.31878416195508213,0.524869314656065,0.739817813240194,0.0033577056726156293,0.030432062957095503
1316,-0.391121146156606,-0.31892807321660144,0.525198000104949,0.7399061515485658,0.004123881324731884,0.03512103592750685
1317,-0.36682194133432566,-0.360499238097891,0.5253447482975445,0.7404384585512594,0.003613843472029979,0.0299553915122623
1318,-0.3482003517515841,-0.26810403631919866,0.5255315592074061,0.7406645941051339,0.003559077576093766,0.024270854437953772
1319,-0.3877532069592382,-0.28076806668906384,0.5257773114598434,0.740878705972151,0.003793525177649861,0.02313333407892617
1320,-0.45863181044739565,-0.34157294682262124,0.5261114870922027,0.74103263930497,0.004228375976041388,0.028031767190961853
1321,-0.49485434139648227,-0.407779312493131,0.526637426840393,0.7412628099625205,0.0038492819356541674,0.038863733631852214
1322,-0.3283092517902834,-0.361112942914464,0.5268463571822731,0.7414195395235743,0.0039395021139089536,0.03242475726153027
1323,-0.3756729566120747,-0.34947633890160446,0.5272268796249562,0.7415829876723795,0.0036492613841242793,0.03535781952079516
1324,-0.3551159354080103,-0.2621086984073995,0.5274094193865049,0.7416430475862213,0.0035664689509426716,0.022327151483033696
1325,-0.38017053722100924,-0.38405489699326173,0.5276707710242486,0.7420223124507451,0.003959371495093627,0.03128146857025883
1326,-0.2901972867268397,-0.2840454544720911,0.5277581450912474,0.7421224876405896,0.003729022481877209,0.026810053521798903
1327,-0.5231330120675595,-0.3176872612400168,0.5282232659565684,0.7422850330445661,0.00414171457988602,0.030047317133644783
1328,-0.367882670542793,-0.38768285358190663,0.528439396160759,0.7425141083688039,0.003596708095217341,0.03297330587208068
1329,-0.28044045357156927,-0.331232128933918,0.528500873904463,0.7427297064347534,0.003965630537493967,0.03186309548076896
1330,-0.34361088595239125,-0.2946219051412302,0.5286521260851289,0.7428458177532685,0.004110799587730714,0.027892526631154442
1331,-0.4246906935064355,-0.31245120298237034,0.5288617682648498,0.7429695517701292,0.004316866278865514,0.030276390234324876
1332,-0.4631521299710407,-0.23704939084393087,0.52902970184174,0.7430943317288937,0.003973488563435032,0.026105717520361546
1333,-0.3964227908082592,-0.3853349007939881,0.5292923732450149,0.7433605796043952,0.004143783275821565,0.03390187815741729
1334,-0.3355526995649766,-0.3158504809074626,0.5294022734476467,0.7434644105203887,0.0037874884748977634,0.02672249971850464
1335,-0.44230766822501605,-0.40324652918909165,0.5297713827761998,0.743866924956496,0.0036169060216029183,0.033081184833470945
1336,-0.32427398739883095,-0.2707409751222321,0.5300493221202431,0.744072318483967,0.0037045524740828267,0.022538708708309648
1337,-0.33538895287377934,-0.28888663670726317,0.530221885701793,0.7441805728389722,0.00337566240148267,0.029674436115273817
1338,-0.3189871373094703,-0.2896727077885358,0.530297568425809,0.7444386787374775,0.003998361639747769,0.026392692172883793
1339,-0.37589340133861926,-0.3002010646966626,0.5305962783172447,0.7446614011658752,0.003704498815665642,0.02882547467270992
1340,-0.402685060954203,-0.3038017945572408,0.5307291741990642,0.7449108570277309,0.004476051491772765,0.030168040496831
1341,-0.3134898567930327,-0.4328278500114815,0.5308673323472033,0.7453079701451331,0.0037578140657181674,0.034543500932915264
1342,-0.36593184384657235,-0.25235339739680235,0.5309790653397842,0.7454913665873518,0.003951695092525046,0.023865371709216095
1343,-0.3708005639944212,-0.3414728826037188,0.5310904240389669,0.7456212130659434,0.004119015861248524,0.02554320625216122
1344,-0.2962383470267103,-0.35308673148162056,0.5312456863042551,0.7457800209121618,0.0033820311208711,0.03085375085345069
1345,-0.346571162441582,-0.4280660225307434,0.5313628233652289,0.7460416159927387,0.0034760467329080233,0.03559841279628287
1346,-0.3890080925550088,-0.2874963757808358,0.5316032475060268,0.7462731055734749,0.003715211978941796,0.022381126315213197
1347,-0.342876059366939,-0.3611832781367184,0.5318323605895969,0.7464177613550294,0.003833939656110466,0.031159666587180314
1348,-0.35739166707534387,-0.29833744028101566,0.5319952193388733,0.7465853484283064,0.00385901347873556,0.030058045468787816
1349,-0.35790868813271076,-0.22757206574909244,0.5322379785516811,0.7466774217725602,0.0037375202372212455,0.025353641424791972
1350,-0.34574502391601164,-0.3108408112157412,0.5323895103005764,0.7469181421394959,0.0035931896967565076,0.024107371260464534
1351,-0.4413664911158717,-0.28553510729207426,0.5328522274719154,0.7470034288199427,0.003879352046245994,0.02467961530443586
1352,-0.28572066684796454,-0.31729828816217165,0.5329617878809918,0.747164884714375,0.0035054040065505454,0.02467433845552703
1353,-0.3002261426323662,-0.3479581974244543,0.5330598062429698,0.7472828168710633,0.0031854403702323533,0.03260468657351366
1354,-0.40605417208669503,-0.4088829381499029,0.5333856567507084,0.7475041718130996,0.0037850731794205126,0.0295803725044647
1355,-0.551300843572609,-0.39306950633197696,0.5339693488133181,0.7478874550624965,0.005071149936652051,0.02710052374465514
1356,-0.4771308388888867,-0.3547687664768895,0.5344963084486349,0.7480592935851913,0.004595267212173341,0.028888595388493254
1357,-0.35477805961974546,-0.31327531454245644,0.5346541459718127,0.7482815216920161,0.00390806587500017,0.024552984216951873
1358,-0.3544054012587099,-0.3325465672020808,0.534927779401138,0.7484543823792293,0.004013579331839835,0.030124760033345483
1359,-0.3212611585067282,-0.3866191529878418,0.5350849172429692,0.7485116212876087,0.0035179574124671468,0.03829119128956452
1360,-0.28689249931335886,-0.3148987215617938,0.5351476059173123,0.7486460259590311,0.003513195606802954,0.029006870980361366
1361,-0.37644225285124977,-0.3749825314314551,0.5354170138694355,0.7490056462796653,0.003979855012123899,0.02638940073314058
1362,-0.33923943421637703,-0.33219857767522126,0.5355864129010085,0.7491689664790764,0.003762445803305677,0.02673271187743923
1363,-0.31655673046637217,-0.3592932559802777,0.5357047928737548,0.7492928601261922,0.003512093822274218,0.034017659521117814
1364,-0.2705301401939538,-0.3013109812363448,0.5358042729737743,0.7494156539812745,0.004271280311235056,0.026453562457624098
1365,-0.3918913617758644,-0.39206803825961883,0.5360159436936762,0.749621886953755,0.00405360739348781,0.02894571830322246
1366,-0.41728346937635025,-0.3799285457251984,0.536378530926497,0.7497303541582752,0.0037330546553764696,0.031979449936805945
1367,-0.2971004407226674,-0.35537667826061453,0.5364482350139385,0.7499071595448126,0.0035166274259966455,0.034522105444105
1368,-0.351106324775202,-0.3104729184488042,0.5366040373028201,0.7500354660609702,0.00374456855311459,0.03248326951120199
1369,-0.326532120057493,-0.30773106563711156,0.5367532371558892,0.7502157026088507,0.0036785912816925713,0.025850064250545434
1370,-0.33013268919032146,-0.26450772713631543,0.536912220408968,0.7503024614929548,0.003997795556188799,0.026959836887923104
1371,-0.3670110007606064,-0.29472072363854973,0.5370889539337357,0.750415390891966,0.004088550946589303,0.027053609651005082
1372,-0.3480431604647996,-0.32115104683144785,0.5371960356307676,0.7505733871393468,0.004145784600853059,0.02955907031644461
1373,-0.31889647405398436,-0.33084047098549707,0.5373688118092309,0.7506155511811867,0.003674338734342347,0.02930209296165706
1374,-0.3316956183823925,-0.38907676199796304,0.5375225273169613,0.7506786040116791,0.0038908180028777366,0.030690220560887646
1375,-0.3485633461222395,-0.3297164090410114,0.5376280861591687,0.7510921431569404,0.0038490625289159023,0.03152840839484632
1376,-0.38076681808323376,-0.362949524911196,0.5378465392856451,0.7512363634815972,0.0035867128412347495,0.03376248096553174
1377,-0.3737655815379619,-0.2478237721756475,0.5381957173869596,0.7512813966283735,0.003696043680324955,0.023534839827341832
1378,-0.3005759414875902,-0.26251177884635374,0.5383079548682534,0.7513461719696383,0.003989481223314007,0.027432369945082618
1379,-0.2924798510263249,-0.40848822788566597,0.5384276392597833,0.7518152134047217,0.003736484639611614,0.02901833880973953
1380,-0.3494617863786068,-0.44578693592676116,0.5386780091081046,0.7521294627717725,0.004250293017592171,0.027822940590798498
1381,-0.36478257634589945,-0.3214348858925221,0.5389062875695179,0.7523556548666844,0.004436013709986917,0.025800034720714234
1382,-0.25971588582925426,-0.3628999720327747,0.538939614811676,0.7525733755223848,0.003446579994205429,0.0342516812919814
1383,-0.6587259819562744,-0.3023188062219195,0.5395556594771199,0.7527412933235068,0.004953557325550887,0.029604868810363064
1384,-0.33001858422508834,-0.2903905262868268,0.5397587439004251,0.7530209074038973,0.0038173045804590607,0.02359144105014751
1385,-0.3111702254484404,-0.4202717821378946,0.5398877180117415,0.7530763663625831,0.003522496228844625,0.036123534125067705
1386,-0.2937554268936365,-0.33576814362979074,0.5399976148208849,0.7533534407817412,0.003538074073310457,0.02510574353187401
1387,-0.4490896610579408,-0.3874047833296029,0.540304915444287,0.7540445859335743,0.004335868824046533,0.029406532117858975
1388,-0.43262732525659475,-0.2875923216225256,0.5404729644335071,0.7541308321962368,0.0043143439838221895,0.027473931649032366
1389,-0.3683045786704896,-0.36178077231715905,0.540655048312291,0.7542679242613631,0.004100857805865565,0.036265154264465874
1390,-0.3076611803034478,-0.2876790277255591,0.5407764709607034,0.7544216814309131,0.003575518701763164,0.023449158521179996
1391,-0.3656911884914462,-0.3033771460483838,0.5408295322476135,0.7545259872089253,0.004247338579991972,0.030314081298556856
1392,-0.4818008736861696,-0.3100946955867841,0.5413134060927925,0.754607138200013,0.0042565116726685,0.02802785672596462
1393,-0.3173189990743691,-0.34710339395252765,0.5414674283300946,0.7547379726808557,0.004067540494102706,0.029307570558709393
1394,-0.42640180324541493,-0.2829655275189939,0.541689088472269,0.7549013400597612,0.004240211213082696,0.03146448622358433
1395,-0.35298164677531624,-0.26073323359453854,0.5419035357767803,0.7549622149102537,0.0037162083317004964,0.023821846312160423
1396,-0.3804200384807915,-0.3876579391887094,0.5421131571318495,0.7552349436970477,0.004074860507249885,0.03182314432982284
1397,-0.40419739831047935,-0.3461520920333937,0.5422542470007122,0.7555953514200102,0.004417088910429947,0.026672192623587682
1398,-0.3762618464056237,-0.26982900919972264,0.5423779512172491,0.7557415628833016,0.0044883393941438955,0.023278946593205924
1399,-0.3999751964199688,-0.3431565225374392,0.5426011109110924,0.7558476702049624,0.0038408759846414423,0.027849787531959894
1400,-0.30246879563130086,-0.2597604765715838,0.5427701978734936,0.7559318932203519,0.00353327412553448,0.028631682597123474
1401,-0.43112464254335725,-0.3503542991451859,0.5430757864588239,0.7562522351812068,0.003948284153056885,0.026804593104004026
1402,-0.40812028024688163,-0.3282602109311575,0.543378957255474,0.7563003847933575,0.004328567978705261,0.03303389456294306
1403,-0.33140810947214144,-0.3241040748336497,0.5435179029941143,0.7563716973614109,0.004011802843860234,0.029597333115784476
1404,-0.33749642673347985,-0.36104799303283175,0.543701583714432,0.7566813277549209,0.004124605454920538,0.02769793677132035
1405,-0.3635221165465503,-0.2933555298891165,0.5439625989496393,0.7569527551267964,0.004502198530886553,0.023987256663834115
1406,-0.30581083546690535,-0.33487457087208683,0.5440454250418922,0.7572074282588327,0.003939460344741153,0.029653900922772952
1407,-0.3435136246066027,-0.45380299981064715,0.5443136975976852,0.7577045781339539,0.004108798533065664,0.03489807232387514
1408,-0.351810308244799,-0.3753482213848079,0.5444446160631081,0.7579463259884764,0.0042199102088418695,0.03225841115447271
1409,-0.46671052029886045,-0.33619008444755394,0.544779037237197,0.7581544126822085,0.004448758183272361,0.0321766711265559
1410,-0.3693254890521075,-0.30763953021713647,0.5448929762462399,0.7584988041427966,0.004200511000604448,0.027663500264368184
1411,-0.33679282996115945,-0.31774690202519423,0.5450228363149484,0.7587608962213124,0.003764624518211535,0.027143423308523783
1412,-0.5843211118848499,-0.398152621890947,0.5454688649739653,0.75910665585768,0.004938947870995154,0.029068757097324413
1413,-0.40625698141511213,-0.30595681498477784,0.5457886228089495,0.7593151535037584,0.004132702061069332,0.02413286095228458
1414,-0.3332857568680837,-0.2940986447288349,0.545962073247433,0.759385193764482,0.004135016838713914,0.026136853102733296
1415,-0.5607553057160014,-0.27539337621898896,0.5464233831102846,0.7594662426181567,0.004959814166837826,0.023018640521905675
1416,-0.39844301859339504,-0.29038965769259545,0.546799819869019,0.7595189680341682,0.0052009398142122045,0.02865404776584941
1417,-0.3016616540222918,-0.41708276024140956,0.5468696453893379,0.760115573842648,0.0040502040805724905,0.024870654965247287
1418,-0.36606037937759983,-0.4037671992328008,0.5470903928203577,0.7603028206439414,0.003893685984409197,0.03547944370031804
1419,-0.4108763852659749,-0.30610824753874355,0.5472784426788234,0.7604203313441714,0.003921801515612885,0.026993271358553655
1420,-0.24824176876855628,-0.30109368882529863,0.5473492003531193,0.7605736768263779,0.00376223347572128,0.02979448359743787
1421,-0.25782717258418214,-0.3146856819436841,0.5474366021722354,0.7605891597944473,0.003485219751276428,0.02744578575434294
1422,-0.3377941575766322,-0.32075394617076497,0.5476438869444019,0.7607956208399126,0.004018321917532448,0.025225400489589465
1423,-0.42276221034105316,-0.27262237602379097,0.548035989575381,0.7610324589206688,0.004112484804748491,0.02449129998942522
1424,-0.303826274425257,-0.28192311746106613,0.5481385620839352,0.7610931132845521,0.0036262716512533745,0.026082461930028566
1425,-0.42368495359976627,-0.31527287417716165,0.5483061435532064,0.7611979458825509,0.003964591894908549,0.025593180877116345
1426,-0.39317962513430016,-0.3071081618901684,0.5485347066038168,0.7612724102921794,0.00442398436519993,0.03164601789305778
1427,-0.3454204864733709,-0.28281761559148333,0.548675863519577,0.761360659397606,0.003931871498787822,0.025247725681704372
1428,-0.34654394094949964,-0.32542856333914927,0.5488692452044727,0.7614306474146886,0.003966556057228077,0.032316565514358
1429,-0.4036859078980218,-0.29137970940893043,0.5491687686261627,0.7616229619434827,0.00435608539617309,0.028289839768950536
1430,-0.36770876093407023,-0.29902540377851466,0.5492325998809637,0.761746879154526,0.0046309887826367,0.024895020716789614
1431,-0.4126158966245458,-0.2966736272512763,0.5495832902935203,0.7618713770690719,0.004278313413575996,0.025270185568630275
1432,-0.32405618160955924,-0.3921358914955855,0.5497543331322652,0.7619361664716149,0.00436543888963904,0.030444394920252582
1433,-0.41345252239549946,-0.3878869384603469,0.5500273434863356,0.7622321280603853,0.004174914684267176,0.029434231291530354
1434,-0.36039208766035924,-0.3673560447537337,0.5502557007583405,0.7623378110788567,0.004130784253167736,0.032912533052492726
1435,-0.406375534652349,-0.44304694290568486,0.5504213358873246,0.7626040215933431,0.004670147836247278,0.037942207858253495
1436,-0.4025046503393704,-0.381875029830566,0.5506235018026876,0.7627261454202933,0.004891588425274068,0.032651356993206634
1437,-0.4152114437994738,-0.30775125425645,0.5508285843379279,0.7627845183606772,0.004517117373750228,0.03224153088373293
1438,-0.3646430550917278,-0.35056549491288963,0.5510115335602515,0.7629646892236449,0.0038366323745789646,0.02875548565147148
1439,-0.3811450962882524,-0.4594202545372586,0.5512295460935664,0.7631540148337469,0.004040435444511322,0.041887554983022504
1440,-0.3276338939189634,-0.2252042981909688,0.5513930796583282,0.7632077515270084,0.0039386618852996465,0.02195410970971591
1441,-0.349797189637187,-0.30611845530849324,0.5515287675965258,0.7633773701539566,0.0044506818518268675,0.03198083694041879
1442,-0.39855306210067265,-0.3770873262450557,0.5517391548351653,0.7635598183563841,0.004257864981815515,0.02970019525405672
1443,-0.36629267774021546,-0.3192099601826503,0.5519962992730296,0.7636532498105086,0.004152441287125157,0.028906219665134444
1444,-0.31218934548131105,-0.2662430212739798,0.5520691672570277,0.7636778032264966,0.004136550591441959,0.02711443343413334
1445,-0.3307602202425182,-0.3306064146270148,0.5522526431960604,0.7638462570283289,0.004107094157538009,0.024928874835139014
1446,-0.3586236175711751,-0.3258627934696626,0.5523690856925491,0.7638704231954673,0.004405325024923196,0.029322890374163153
1447,-0.274606673379287,-0.356408670640623,0.5524958737610604,0.7639912456989194,0.0038534547848148863,0.032188086008517205
1448,-0.26701866383185185,-0.32856918683724357,0.5525697017159553,0.7641087680160273,0.00414027638303821,0.03132471899468649
1449,-0.3692823771569266,-0.32265900913369583,0.5526813894122834,0.7642363582179975,0.0040358566918774095,0.029683809713101583
1450,-0.2914777247760377,-0.30305902807444396,0.5527971538385389,0.7643136056718677,0.003989791115110797,0.029644433502419656
1451,-0.3787280297444819,-0.30347589665825286,0.5530697291162198,0.7643435120927291,0.0040527507369890175,0.02826033648934751
1452,-0.3734098113793557,-0.3581269556253596,0.5532501759430263,0.764596984229351,0.004120611426958306,0.02915571301134892
1453,-0.35326076151620156,-0.3808686262158517,0.5534399202210497,0.7646723459319872,0.0040349026293188825,0.034199895648510316
1454,-0.3697550060836803,-0.346147244943305,0.5535988858977592,0.7649045252324183,0.004092032350053715,0.03414246603358232
1455,-0.49554001337076997,-0.33912379957042105,0.5541077539022976,0.7649876717626514,0.004444422385859939,0.038520619773589754
1456,-0.3679830399050909,-0.3938465357052371,0.5543382405562044,0.7651982069310468,0.0039916793052994105,0.035689644665537076
1457,-0.3540962517726878,-0.29836012491558955,0.5545342233140008,0.7652799794285448,0.004082895652504524,0.026486228578983473
1458,-0.37797375338144973,-0.3666268961156336,0.5547874248451048,0.7655261602172275,0.00431270015864805,0.030746043827963906
1459,-0.25229126311997085,-0.2912951347683717,0.5548178502617639,0.765678651500201,0.004045676550609409,0.027637660546753384
1460,-0.3906055470871945,-0.45164280209944374,0.5549402505503197,0.766202255912672,0.004064480263747333,0.033226120800053896
1461,-0.4236104775961666,-0.3093986920474713,0.5551845971466305,0.7665628084286065,0.004621158572673752,0.030019082145708937
1462,-0.3261877124355932,-0.27886998834771437,0.555236207061298,0.7666299409035774,0.004266498250214844,0.026611069846575297
1463,-0.5448924319408774,-0.3859596819487719,0.555748110451922,0.7669132215626738,0.004770514428524826,0.032665625229178714
1464,-0.2820481076908,-0.3685241408986759,0.5558598151031792,0.7671356477335023,0.003665764122827419,0.028649529095734632
1465,-0.41057512115237393,-0.3018222981364483,0.556122213907003,0.7673516615681438,0.004119431761320868,0.028352466678781704
1466,-0.3781712973515352,-0.3623713853273281,0.5564028566471161,0.7677643094814279,0.004384229225040058,0.028939097761904658
1467,-0.37977970818806434,-0.34084598622283735,0.5565732502915586,0.7678316318244814,0.00398994212819582,0.03345720459759963
1468,-0.35652887005950157,-0.3496982822963657,0.5567115631273137,0.7680017404136531,0.004109203740016322,0.032841858873043785
1469,-0.40201459908521975,-0.31705864235171266,0.5569803219851446,0.7682767843231958,0.004114945052902815,0.025756259978656458
1470,-0.2658637513331143,-0.30756346800370477,0.5570739110007131,0.7684019347667508,0.003916234579375002,0.03140731167274321
1471,-0.32354466718431857,-0.3198897100975003,0.5572262614188898,0.7686507165441742,0.004205198268387257,0.026873545791372123
1472,-0.342347703569807,-0.3309271008929878,0.5573453690909197,0.7688590355991185,0.004506602333582602,0.027394806096064494
1473,-0.4433972692239412,-0.37482872728575306,0.5575389384917315,0.768959562410726,0.004628141267992488,0.03165385080123024
1474,-0.30217664367302993,-0.3464213194095647,0.5576687174035821,0.7691419753538904,0.00411958685932728,0.026525271057749426
1475,-0.36588592666353276,-0.3030770556488827,0.5578206593067623,0.7693521957073584,0.004350479356421892,0.02155577221059812
1476,-0.3330253124662532,-0.3221500734791854,0.5579607723432268,0.7694725849350419,0.004377022884124461,0.034209334765008925
1477,-0.2962594667020389,-0.3208665409682736,0.5580433102020413,0.7695653066681736,0.004199141550987759,0.02953768748998212
1478,-0.45643713496355653,-0.3334877741966744,0.5582217727059785,0.7697833824247081,0.004504311274785467,0.031179540306927978
1479,-0.33798069779822526,-0.3554382068980217,0.5584025156726599,0.7699123234429515,0.004290351972451883,0.030933402765119584
1480,-0.3217569873031118,-0.29663955886372884,0.5585838846438852,0.7700960664427476,0.004600501702051373,0.031419003760260925
1481,-0.38170941000803305,-0.26099033065993676,0.5586840004415914,0.7701212923161594,0.004657599435461855,0.02775624704593459
1482,-0.2983693674016267,-0.31914157740568344,0.5587793733895141,0.7702407375727872,0.003980850609910461,0.02498102325300381
1483,-0.30835454577472415,-0.2755725558511703,0.5588946175270806,0.7703475545126309,0.004086652379036028,0.03065542411148094
1484,-0.3746893678940651,-0.3289145764826167,0.5592481558947497,0.7703585150043933,0.003835812576943104,0.030835366556587772
1485,-0.36837341448242866,-0.3638581405023501,0.5593972880563491,0.7704925768908276,0.004397897070515409,0.03111689967789781
1486,-0.31394814778324154,-0.3105095420556412,0.5594677496895547,0.7705958266500186,0.004002596337401715,0.021676358365585225
1487,-0.29576023065352197,-0.40577604668167,0.5595817805701289,0.7707681275880868,0.004439569969962323,0.038037264500216904
1488,-0.43389783761964507,-0.3058904290502405,0.559980638478331,0.7709123401718334,0.004176097629056652,0.03212985801271735
1489,-0.25861398500368626,-0.46612791833269135,0.5600435362587541,0.7711351151659525,0.0036500410042774327,0.03631730446332766
1490,-0.2701171587175322,-0.43073541600086984,0.5601493310138645,0.7715645437422987,0.0044671376056264625,0.032686656765656366
1491,-0.29275160850956944,-0.30888057100098143,0.5602086624888201,0.7716664375599456,0.0042411029473761585,0.025199000404925415
1492,-0.37851874569652966,-0.2824713838373591,0.5603110061267548,0.7717805591355842,0.00449351449391957,0.02593903549107339
1493,-0.2707703037378708,-0.3002064451699942,0.5604395137324645,0.7718376626499663,0.003983289028877263,0.03205756992298559
1494,-0.45962092669890026,-0.316496056193788,0.5608171901951478,0.772009572902098,0.004767026283563932,0.02814512656683867
1495,-0.4127614783978765,-0.3116601134452041,0.5610908594535862,0.7722192627070085,0.004534015239617564,0.03484539742945395
1496,-0.4713599677232781,-0.37541993678879076,0.5614049697888807,0.7723140498163417,0.004889114467526641,0.03566915144444298
1497,-0.35341751923143666,-0.23278488202349149,0.5616527063513806,0.7723329674586047,0.004307394649212247,0.028236282712034527
1498,-0.40705915310140567,-0.27030984947213393,0.5618903987021197,0.7723763336347444,0.004456201299587148,0.02338500106729544
1499,-0.3956331239028169,-0.36358208187027863,0.5620861876542197,0.7724864275505655,0.004507749368910337,0.03290343778000759
1500,-0.3327917510890147,-0.327291175308865,0.5622928189723849,0.7726349363448202,0.0037973741002993782,0.029945347845071413
1501,-0.30248785069663553,-0.40052999406465417,0.5624353226325485,0.7728913049794592,0.004370576340891043,0.033292866173980314
1502,-0.5688484380036306,-0.3271958854939273,0.563143930073871,0.7729868365732866,0.0045210671824251905,0.03291706569738541
1503,-0.36020645468181467,-0.42432774973598697,0.5633022239052989,0.7736203910720633,0.004036366012193633,0.03191249046647328
1504,-0.3777357968058458,-0.3182480120108568,0.5635230507155318,0.7737228917251117,0.004432910427342351,0.03231953177385331
1505,-0.36294121003214247,-0.33759471888071946,0.563682345725213,0.7738016019645768,0.004397026176080059,0.030003691198813742
1506,-0.7021514014858212,-0.3688779988035354,0.5645192696914105,0.7739835250863117,0.00555730854206463,0.02964666764417256
1507,-0.4531163861021704,-0.3231395163725424,0.5649103360987983,0.7740785024552196,0.00455505012849173,0.02771485858208987
1508,-0.3371565346755398,-0.328475630933268,0.5649992279133373,0.7742276712740854,0.0046292732095236915,0.02609159053150932
1509,-0.3231460309637331,-0.3320405963246629,0.5650439149682561,0.7744360361531467,0.004411499603888989,0.026382266193542996
1510,-0.3010231080697092,-0.28150433114417983,0.56519468578021,0.7747054576002719,0.0038015452630518875,0.02533393795661441
1511,-0.4029884652066748,-0.31927734693586407,0.5654205815752285,0.7748239348015185,0.004676277892418425,0.031774363803421087
1512,-0.290363276284955,-0.3601548354145248,0.5655110238378513,0.77494949150752,0.0038706164083657686,0.030877267867885135
1513,-0.3773485255730601,-0.3424467840049533,0.5657170750973599,0.7749640507864098,0.004556121495540016,0.03179413118950931
1514,-0.299278386200515,-0.35008916685294306,0.5658684081802572,0.7750462453468429,0.004137108314187245,0.030688643231039852
1515,-0.33767833666251085,-0.2981640473643274,0.566046679399251,0.7750937143998253,0.00410754199319487,0.02673860897210006
1516,-0.45113966776390046,-0.3245840795514416,0.5664267181194833,0.7751922417333755,0.004276805826575022,0.030758150708279287
1517,-0.2869631074433965,-0.3451195431920767,0.5664645084161855,0.7754136247084357,0.0038365690262794536,0.030018492904980883
1518,-0.3110528012361147,-0.34397827829792027,0.5665697159609654,0.7755892191155305,0.0046023562139281705,0.02964466806246415
1519,-0.418473083786571,-0.23336355903845318,0.5668765151501548,0.7757780819728209,0.004464994069087131,0.02106022250743554
1520,-0.4020776078976466,-0.3081324803082161,0.5671303023090051,0.7758010521609646,0.0051566284769353835,0.02569774243588867
1521,-0.42844023451410557,-0.3828539628959553,0.5673086086189737,0.7760056996804182,0.004595009725547848,0.030795025862575456
1522,-0.3845647974083524,-0.28694848463203754,0.5674218864545141,0.7761445957036489,0.004159976518079788,0.02242814153289849
1523,-0.3435934897038493,-0.3045663040894021,0.5676624320160163,0.7762469721352175,0.004104274731299475,0.024674816621439253
1524,-0.3507951447178012,-0.48876884568747814,0.5678531953266821,0.7767016852803649,0.004767016495363247,0.032697383391704984
1525,-0.42710858864864903,-0.37262661478619935,0.5681694101773702,0.7767836776235874,0.005582368821122591,0.032210281907200745
1526,-0.43354765341819634,-0.29209037134042526,0.5684976011975299,0.7767989485195089,0.004551254146956951,0.029870265539385387
1527,-0.30224736701549515,-0.31121440532444056,0.5686429702231132,0.7768430627306675,0.004582681111669287,0.027493686031578802
1528,-0.24955709542453908,-0.35769909196816857,0.5687134299714978,0.7770753205924414,0.003826131636926736,0.029330168124498082
1529,-0.3022361424135016,-0.31162964577380464,0.568757690617968,0.7771411396933676,0.00403195389685728,0.02670271747215142
1530,-0.3472673596380042,-0.2901244981688273,0.5690290321975072,0.7772676636981398,0.003956334120401986,0.028211196703012885
1531,-0.38056545332133274,-0.3136844197400071,0.5691623466918673,0.7773782160865579,0.004843758831366852,0.032499099286443574
1532,-0.3285700962440135,-0.3039955166017822,0.5692422199734738,0.7775087558962679,0.0043697297418372975,0.024204945622299613
1533,-0.3497956324057252,-0.38221203427144984,0.5693809798744113,0.7777894965347604,0.0041143122753179275,0.02939823982984271
1534,-0.3399140099406779,-0.34919012277669037,0.569549859980233,0.7778627083063991,0.00458007559381528,0.03310271791665367
1535,-0.4096994154368362,-0.34617228383253906,0.5698486454000737,0.7780563193822568,0.004348941240952615,0.028348541410546164
1536,-0.3015057289397728,-0.36348245283157227,0.569934526188733,0.7783910530187784,0.004119702830578129,0.02642876302587051
1537,-0.2846740121551744,-0.32147814291440757,0.5699847799464037,0.7784053196858375,0.004549023372291862,0.028456597979978435
1538,-0.3807511295768221,-0.362775706149411,0.5701081009413241,0.7787265524162011,0.0047023781207444874,0.030305178688420645
1539,-0.32176313664641204,-0.3046449546689548,0.5701817535267345,0.778806458972015,0.004674050437578623,0.02518241556534715
1540,-0.40467561624886667,-0.2905442934077727,0.5704301015990685,0.7789931370273473,0.004093305957304153,0.025206007640652235
1541,-0.30739625494638806,-0.24069820556214222,0.570484606304171,0.7790528920783999,0.004369333818494648,0.021598369027771472
1542,-0.29756042454796605,-0.3506670695143452,0.5706323109233847,0.7791926276862222,0.004437472542668143,0.030374290878431284
1543,-0.34814991530262523,-0.315537458116539,0.5708241169261576,0.7792144860145995,0.004458632345172449,0.030917887806682712
1544,-0.43015439962034074,-0.3834951687912025,0.5711962120884789,0.7794249405803334,0.004140801749940446,0.027188941368354636
1545,-0.4260253902341989,-0.31166233858158093,0.5714564665717345,0.7795165863201473,0.00447626261188999,0.028930837168251847
1546,-0.4321441582363491,-0.3480834411217494,0.571560227220442,0.779628920367678,0.00469518941954877,0.03453350697386811
1547,-0.5182958070636857,-0.4496235748866889,0.571904491218568,0.7798781335611424,0.004854903933713745,0.03936299608989152
1548,-0.2919305844892673,-0.30532213866399344,0.5719684870636794,0.7798938748903437,0.004214673986608349,0.033279113311634044
1549,-0.31846778928227903,-0.3326292398705112,0.5720823318372203,0.7799795780153901,0.00441345894819901,0.028378202099659036
1550,-0.43391063522883405,-0.36039929723282876,0.5722542256977216,0.7801204042742493,0.005099921916106659,0.031239881760249652
1551,-0.37452799752796445,-0.37460791447189234,0.5724091065426135,0.7803176024899243,0.004208758946112895,0.03598474832471051
1552,-0.38315676810590893,-0.3606631083447784,0.5725914308078012,0.7804606310599527,0.004317989072539205,0.0324132650962077
1553,-0.2888717886335811,-0.3719945412020704,0.5727221601366465,0.7805283063159378,0.004164279730802276,0.03584402347877784
1554,-0.32207364706157343,-0.30666571702296636,0.572942006877371,0.7806877191906281,0.0043233718648614545,0.02690379905180829
1555,-0.3348157264867222,-0.31421224261093617,0.5731244490496125,0.7808572667167294,0.004866027788266574,0.026651572361563965
1556,-0.3781563441108986,-0.31859518411555743,0.5733962300066013,0.7811756568712378,0.004847112524322758,0.027917706638386844
1557,-0.3734687207039072,-0.31124112244291074,0.5736768866675654,0.7813783845164447,0.004651662026081036,0.030338756761091816
1558,-0.380540001037189,-0.3346186733762797,0.5738450171571416,0.7815501729945673,0.004260465090773483,0.030246561831410362
1559,-0.296601765825364,-0.36893540719799706,0.5738770110046264,0.7815284178911335,0.0044464160530473,0.03516072467094269
1560,-0.343981603131395,-0.28363033982939595,0.5740122897785391,0.7816514227066065,0.0040083708462854105,0.026990785530201133
1561,-0.3253320949418005,-0.33764011363924873,0.5741576252692498,0.7818191763951277,0.004046256166912819,0.026545204270800035
1562,-0.3864414643163911,-0.3251460185381822,0.5743493776657065,0.781943967733194,0.004883881871375581,0.0276000560333234
1563,-0.321431300446634,-0.40292535537567337,0.574548995382653,0.7822252585950481,0.004083591569233796,0.031625591057150515
1564,-0.43017731849759056,-0.3109935338890953,0.574846579811941,0.7823571532153728,0.004906491111483054,0.028240422712775753
1565,-0.3836010006028133,-0.3365339451891127,0.5750770889089426,0.7827207651745807,0.004413151610301386,0.02315483670143405
1566,-0.3744261206744078,-0.33083732519104364,0.5753253569665187,0.7829958586375406,0.004523642423746147,0.0314599266325768
1567,-0.3139597072635794,-0.2827661163337418,0.5754415852540423,0.7830975378542497,0.004324060199590822,0.031156400858060235
1568,-0.308553534264199,-0.3596522697777743,0.5754861221265319,0.7831842174071313,0.004212000857251554,0.03161999719738148
1569,-0.29608588704216127,-0.39450263331894225,0.5755570846893553,0.7835950989445152,0.004209877495078461,0.030845221330319153
1570,-0.2764510379306202,-0.3063422116349395,0.5756519933536403,0.7836638122029256,0.004099206652870409,0.028723922908757898
1571,-0.43729711448749314,-0.3357588714152856,0.576044202848946,0.7837319715529749,0.004625866895786312,0.03253195642276355
1572,-0.32132842081539126,-0.28560667807318163,0.5761170891955104,0.783766414747062,0.004603418235705325,0.02555783247760719
1573,-0.39036792238898077,-0.30959318120690477,0.576442021420741,0.7839188624139062,0.004107875633482282,0.028420654772514237
1574,-0.4069978959076388,-0.32015613668171466,0.576579892259588,0.7840258072528244,0.004730711119754345,0.03195880105423903
1575,-0.33307789685254424,-0.3802871142541694,0.5766189059427166,0.7842431683694232,0.004150507471032797,0.029625899142412374
1576,-0.38467874689862847,-0.30163913681687393,0.5768766740615433,0.7843189360111225,0.004492487228854473,0.02870619155030643
1577,-0.34195172159573506,-0.33374134553773077,0.576934991522733,0.7846032738755571,0.004334294948695149,0.026555978993585805
1578,-0.35220257225523727,-0.30307075464723565,0.5770700824231028,0.7846978889065487,0.00430085117600218,0.025114411781528255
1579,-0.2700296016756782,-0.28420156861024093,0.5771103460350383,0.7849782042633378,0.004175794992201314,0.023851312067589815
1580,-0.32347132488834013,-0.37262808364418154,0.5772244384001787,0.785155152676172,0.004462950503457408,0.03312181153261705
1581,-0.31963907018938525,-0.3161584048411971,0.5774358724618217,0.7852377963212839,0.004719938310583615,0.026407590452439907
1582,-0.5158432797278965,-0.31435023466879797,0.5777499931947966,0.7855766850346843,0.005292533415270595,0.02677375136769643
1583,-0.31965320084182985,-0.3866428769527617,0.5778376292012833,0.7858057752268315,0.0044516999525791075,0.03284221102796519
1584,-0.3105383037225854,-0.346147919055849,0.5779623988729102,0.7860461509335703,0.004470212911333856,0.027923162904471013
1585,-0.3361602673289197,-0.36071617996746846,0.5782920111562413,0.786223313969212,0.004724459631607461,0.03253163063833576
1586,-0.42095116732381105,-0.2815250290127574,0.5784767103050285,0.7863778172355504,0.004326299790903491,0.02573858211591965
1587,-0.31239662783313515,-0.28541643769565567,0.5785982453563122,0.7864599493559351,0.004240952185265045,0.030731472648397228
1588,-0.2928200116727504,-0.30508710285060625,0.5786953892689974,0.7865893136508967,0.003900906593372667,0.028462043058255563
1589,-0.3092629951808532,-0.34718730839802225,0.5787351973194386,0.7868672697588542,0.0043426557265844904,0.029271294928178572
1590,-0.3221426073958895,-0.3213240094278126,0.578989292380331,0.7870540355305785,0.003842093685717902,0.030161863562246493
1591,-0.321947093463845,-0.2839377319681207,0.579140141135162,0.7871809067828386,0.004135916782629305,0.02686913805419907
1592,-0.3139844965648116,-0.38897973682779363,0.5791912887348848,0.7872713360287104,0.004391777175244207,0.03097744356395794
1593,-0.37301937506132105,-0.33721060768601746,0.5794260500799405,0.7874836737733669,0.0046232713328239255,0.02906948300183564
1594,-0.4626833235005412,-0.2651403720052182,0.5798627250298872,0.7874846625632567,0.0045011015568762434,0.02458998490642178
1595,-0.34132682447496626,-0.3857658947316756,0.5799920401558637,0.7876514429776141,0.004621529914288819,0.03335342626481321
1596,-0.3296064024198896,-0.3333849257936538,0.5801391618271733,0.7879839267169588,0.004493926002250723,0.026491776135998176
1597,-0.4111231822554457,-0.3937819061200403,0.5804758193295211,0.7881055066143522,0.004658183687398176,0.0315827909146667
1598,-0.4027664288787202,-0.413084527024719,0.580639946592669,0.78824173887419,0.004483038610939035,0.034324408633419755
1599,-0.297819894342931,-0.32494472252268636,0.5807279099447342,0.7883537102145957,0.004507949070131867,0.028069938228642198
1600,-0.255170199174328,-0.322988878355742,0.5808204957494485,0.7884529610079337,0.00434498837443109,0.028287433702277723
1601,-0.4313197014095324,-0.3977098125093342,0.5809190362715348,0.7888543917867491,0.005307977517146135,0.02941959963549867
1602,-0.494076054066608,-0.3273142497220482,0.581158198322427,0.7889078950632239,0.005065585106024861,0.0346226191693064
1603,-0.25283891974439454,-0.2965944823656132,0.5812565392807698,0.7889739279970488,0.0037574412200862845,0.025040359275832126
1604,-0.3771251909829286,-0.2565543267512731,0.5815472894923494,0.7889851827720101,0.004591943515466812,0.02631644708033176
1605,-0.4057258578962298,-0.2802430983746098,0.5818935250650435,0.7890659686129584,0.004634598724512534,0.027353433298767972
1606,-0.449890178787754,-0.46091399729566324,0.5821654078567332,0.7892362809196176,0.00532110446890468,0.042052881925053485
1607,-0.49694227943177893,-0.2977815630232934,0.5826724727749643,0.7893293379878151,0.005284644712544479,0.023575016982459424
1608,-0.29388296863612595,-0.31744508941249433,0.5827297564306196,0.789407338577063,0.003990853253172935,0.029551159630000594
1609,-0.5128323279304947,-0.2837870713533287,0.5832374047610396,0.7895380571394849,0.005049557524435109,0.026590650377366985
1610,-0.3309904373523444,-0.315672405932835,0.5833818968458543,0.789638182388968,0.004575818862447196,0.028185824472819747
1611,-0.3082357737129364,-0.2390555152031286,0.5835329543828612,0.7897321294737846,0.00456660203978104,0.025037164063098694
1612,-0.39119831539243033,-0.2621330732407799,0.5838816537052196,0.7898523363069256,0.004664500624908289,0.028318823713754947
1613,-0.38998705643797177,-0.32303895667362237,0.5841149804909814,0.7900519676998614,0.004634165750946134,0.027723464031370784
1614,-0.49375357658350055,-0.4107233957214917,0.5843847270385416,0.7902950091826715,0.004920638012893769,0.03268588296120217
1615,-0.46165544703323763,-0.2888649617840485,0.5846042040506744,0.7903699973216517,0.005638826628010173,0.02405721093472749
1616,-0.29650960894696865,-0.3444492366344,0.5847475826899726,0.7904590345397567,0.004230138841509638,0.027607599358690532
1617,-0.35179625979995033,-0.3106598519851293,0.5849057030032195,0.7904757168692056,0.004079130117719996,0.02931018930101835
1618,-0.30488676490271205,-0.2684024636592697,0.5850100606272933,0.7905735537004823,0.0045867765157383885,0.02803947120728839
1619,-0.4365612262096955,-0.33909445537941124,0.5853907128164287,0.7906905286988569,0.00453605294370921,0.028378043696851884
1620,-0.3961620522512674,-0.3486020604966037,0.5856789748717721,0.7909930311129489,0.0045787832531544274,0.02804562780021287
1621,-0.4287060911689778,-0.35203638596191195,0.5858190932750639,0.7911965369138437,0.004834831348118105,0.032849493959843434
1622,-0.33553058688211285,-0.2716267282407948,0.5859151228798525,0.7912741881046935,0.004805964303368631,0.02435914207390478
1623,-0.37749475738820265,-0.35654592314688627,0.5860117850811408,0.7913454684139702,0.004878890782217809,0.03150045141297503
1624,-0.39240682366556395,-0.402255951460269,0.5862253870795014,0.791611714746349,0.004573290042088452,0.030734028276153222
1625,-0.3031895877297979,-0.34267755013799794,0.5863026860097823,0.7917879673105117,0.004675316479429501,0.02857050793647277
1626,-0.34744291272253736,-0.3241873985544274,0.5864275146912951,0.7921314766151176,0.004396275915021731,0.022769799904381535
1627,-0.3091777677765652,-0.3411384760816144,0.5864840926477335,0.7922202235695002,0.0043801897967051095,0.02764617087385732
1628,-0.2839396616684024,-0.3217748292427481,0.5865895386104747,0.7922828622257322,0.004394587579481963,0.02755669952840716
1629,-0.4234981346669849,-0.3452260638288892,0.5867346187156716,0.792380539174291,0.005063341659957395,0.031033610795913383
1630,-0.4035039983194533,-0.3688078113541604,0.5869001449385012,0.792619797725006,0.00502364934030175,0.027956933896982138
1631,-0.3572411051766678,-0.2531843931633037,0.5871595638838447,0.7926315770342637,0.004230337422703412,0.023583168383500646
1632,-0.3482678570501784,-0.3712769462112957,0.5872934643272202,0.792660784924085,0.004679290129035758,0.030543889447181612
1633,-0.3759867883531227,-0.39851148514200446,0.5875018263343126,0.7928216105066097,0.004212545578181482,0.0304658186510911
1634,-0.3996857680084276,-0.28569034694748857,0.5878025903473003,0.7928497245395923,0.00423565578325584,0.025200115170766313
1635,-0.4734862544811061,-0.29545945074403,0.5879077968512766,0.7929018313031015,0.005076018408708869,0.027096337724611314
1636,-0.3094047112959117,-0.3058717533188062,0.5880664569890761,0.793086274106318,0.004481278672566082,0.027130211099404847
1637,-0.335483931922214,-0.2677343949001548,0.5882385848747126,0.7930966366360717,0.00458074006352004,0.028813152828252662
1638,-0.3809503480121906,-0.41289003895800735,0.5884849466500102,0.793380746593719,0.004562946487845854,0.03339306801800277
1639,-0.32748514220260366,-0.2751979146056898,0.5885873606595694,0.7934718177380702,0.0042355530645698585,0.02639361498136345
1640,-0.38023414482708595,-0.32740689166330367,0.5887131032535008,0.7937169425451309,0.004831129931049832,0.02962725537247986
1641,-0.45105304227874177,-0.28703835831534186,0.5890061414136546,0.7938079642642033,0.0049372435781296605,0.025147496294149082
1642,-0.3728751234850414,-0.297091602976038,0.5890928318401325,0.7939342551285248,0.00472796412859931,0.02256021530156283
1643,-0.27366381585858457,-0.2926851032905441,0.5892138814111196,0.7939612070059597,0.004471270933566113,0.027284861481822117
1644,-0.32410889516602265,-0.268216529424974,0.5892680863014046,0.7942929381133127,0.004417935754913545,0.02270525965638342
1645,-0.3174171542559889,-0.4046599729255159,0.589379091715214,0.7945808356542707,0.004057705245086743,0.03038661572733274
1646,-0.41337606450951286,-0.38482820138410534,0.5895879676481219,0.7947636821986263,0.004861409249668026,0.026235754872034448
1647,-0.2785662430855643,-0.3977445639253646,0.5896832415295286,0.7949861850470572,0.004492800938762506,0.031123699148883393
1648,-0.33766496208079333,-0.4070971639084632,0.5897930005887475,0.7952385467071582,0.004420022834064746,0.02737600942159018
1649,-0.4716302537063002,-0.38870090059166806,0.5900453452372401,0.7954717254443644,0.00501866365620046,0.03185570613201889
1650,-0.35763273249928074,-0.3496960147328094,0.5902219845766022,0.7956832977652304,0.004181819688944177,0.03301093154598196
1651,-0.3452788314498467,-0.30926076097233635,0.5903159060370942,0.7957656573194787,0.00447600274074114,0.02608471791453678
1652,-0.3948833491706072,-0.2896474135651915,0.5905583975432702,0.7958587324365917,0.004707001413450044,0.022710693310001646
1653,-0.5129411090723931,-0.34806739102105394,0.5908708921435746,0.7960153737950143,0.005305082049927332,0.029809521266523014
1654,-0.31869701338586537,-0.25890841845314116,0.5909413626998441,0.7961068638232189,0.0044913247683475675,0.026218006867210143
1655,-0.3305025670187569,-0.367923720319974,0.5911612346221403,0.7962644427117118,0.004360327375694297,0.027349026993567234
1656,-0.36159860562630064,-0.3261748536710937,0.5913416346000891,0.7963690885303879,0.004953253714976416,0.027278662925394714
1657,-0.3573244563687304,-0.3384938841290513,0.5914854601609593,0.7965953540050312,0.005065737965106116,0.03074584702848527
1658,-0.3075383980237327,-0.29028314474682154,0.5915302282083338,0.7966196567008533,0.0044447204100519,0.02778170815964747
1659,-0.32722506103644305,-0.3305926485212361,0.5916402019540244,0.796715600662248,0.004104240828121393,0.02820381889874316
1660,-0.3065062925862068,-0.39766009621666515,0.5917841420580763,0.7969491675925344,0.004057277917338732,0.027292779523852152
1661,-0.28696905103275605,-0.30475401790825457,0.5918738273064413,0.79701639106155,0.0043634150985615875,0.025399113347950926
1662,-0.31006424714518044,-0.33541365978764714,0.5920582023393972,0.7971459076995253,0.004853360038909075,0.02699664630135852
1663,-0.42234911796321445,-0.3256134225434663,0.5921441274994067,0.7972180433941607,0.0054288347265307665,0.033469616237061926
1664,-0.27773772611397635,-0.3429843031163467,0.5922344246611684,0.7975057378328453,0.004464933177288644,0.030165385322628104
1665,-0.41035197923056854,-0.37508727140256554,0.5924872952011583,0.797701096460464,0.004613720240367188,0.031027898105372997
1666,-0.4102528266981539,-0.2589659513570812,0.592786832760207,0.7978601980340486,0.004425332320416296,0.02214945094082916
1667,-0.3934340463622749,-0.3425164728916111,0.5930046816569011,0.7981012829371323,0.0048572822543574735,0.02979581114151609
1668,-0.2829827579504159,-0.36377808491224234,0.593190785685841,0.7981991772090195,0.0045545434649123424,0.03233415554741041
1669,-0.4180637390982051,-0.3821929465333662,0.5933822567346878,0.7984658190024342,0.00472397546030463,0.03023661463869833
1670,-0.2770339819977237,-0.34635984449311596,0.5934932150630359,0.7987476024810201,0.004093731016724929,0.029866744069231652
1671,-0.3890007574839154,-0.2927599649071207,0.5937612303184838,0.7987974184531831,0.005027033392577353,0.0305313986360624
1672,-0.2928780262720137,-0.37965421313741426,0.5938446345930491,0.7990338249131742,0.004393779120435582,0.029903368977041673
1673,-0.32700386176967894,-0.294326299363856,0.593951544174468,0.7991051869894915,0.004677900279913144,0.02713256283011904
1674,-0.2930398512495473,-0.3366632779899289,0.594025406307613,0.7993553869494704,0.004453766050348171,0.025428018090003845
1675,-0.40080512211094604,-0.33830545319936367,0.594178881089791,0.7994498223258182,0.004550048181700994,0.02638898230694354
1676,-0.29897532715796565,-0.34615503930248964,0.5942283110614411,0.7998565231073212,0.004743125249081375,0.024654585327545362
1677,-0.3601377255705668,-0.36540683717861044,0.5943555637829784,0.8001553348397703,0.00436694680673952,0.031722676039396325
1678,-0.35505168633833106,-0.2827818783955056,0.5946763418015748,0.8002337061456763,0.00452008277145255,0.0252912606445372
1679,-0.36716248461311757,-0.31217048373629935,0.594871864201793,0.8002988759466941,0.004618415559383118,0.028061693452141122
1680,-0.2841905834674517,-0.3057706469407077,0.5949216170311139,0.8003793346133081,0.004974800269572719,0.030848444723127623
1681,-0.40028070512634745,-0.30490044411577877,0.5951274093264441,0.8004034266810621,0.004563721472136496,0.026509347225948908
1682,-0.2982856331052727,-0.26986537734505606,0.5952757217939708,0.8004256312133472,0.004105329953120808,0.024187423130919972
1683,-0.4115867743317297,-0.31745133397011466,0.5955954775553312,0.8004730590292263,0.004839799400923052,0.027246102509531932
1684,-0.371642068135612,-0.373745088143583,0.5958938452386041,0.8007312301519641,0.004407227985556755,0.03506765205865495
1685,-0.33859528298388647,-0.2679027705062617,0.5959828319088204,0.8009205430147668,0.0046659209891331994,0.022984609446767175
1686,-0.31252404920997795,-0.35227987616676215,0.596078017966345,0.8010840077328507,0.004718709121054898,0.02914138040376742
1687,-0.3787866521393245,-0.36978326291504154,0.5963636220723385,0.8011885038710742,0.004117450976057691,0.028420846888508364
1688,-0.33603028313221545,-0.3876111601912839,0.5964901483576943,0.8014029480884014,0.004534569680299284,0.035863367436178586
1689,-0.3570731899133809,-0.4046311143637494,0.5965945765421317,0.8016676438283843,0.004702450338431558,0.03186714899349558
1690,-0.2904892030658485,-0.3412818685554014,0.5967727138210476,0.8018387727036569,0.0044676056731775,0.03662572993128035
1691,-0.2328281383631284,-0.3179245212007695,0.5967926560359287,0.8020859621043032,0.003830075681325253,0.029878439328545957
1692,-0.328073566135934,-0.28373936694125435,0.5968983885597969,0.8021996706201023,0.004901866433567137,0.025056827680549988
1693,-0.33596388541930505,-0.3239295081214124,0.59708540227262,0.8022921994403998,0.004518635875890477,0.026854831960003298
1694,-0.3150583406120794,-0.31973678778112247,0.5971923523582704,0.8023948961431638,0.0045843800128394325,0.026708083904726343
1695,-0.41349381643188793,-0.2903721702421304,0.5973491880615023,0.8024931581414901,0.004380678391863437,0.02454375591631214
1696,-0.35701056148892635,-0.2753335056194752,0.5974622975282491,0.802578543330776,0.00491080430203446,0.026059661529989793
1697,-0.44545193183411436,-0.2938869479257851,0.5976681020181795,0.8026456437035275,0.004848864580728585,0.02885142857899795
1698,-0.3593794918537739,-0.3158024094038604,0.5977438437430495,0.8027724858867694,0.004743079622163373,0.030753641366992594
1699,-0.3742212366362232,-0.33035401050457786,0.597957097641104,0.8031100859213761,0.004757948502819147,0.026686412334966148
1700,-0.4160929773540826,-0.3492031805912234,0.5982634872525804,0.8033652147619025,0.005060094266948128,0.03192950433886291
1701,-0.3713939038608146,-0.24572161267699763,0.5985008970033855,0.8034584219642216,0.004494926889542148,0.024156553631092918
1702,-0.29628387541623774,-0.27373437267355266,0.5985977115575489,0.8035387274589658,0.004263756753514522,0.027179794018496663
1703,-0.30086760833563925,-0.27463714808022316,0.598640600282884,0.8035370172381939,0.004790397456008782,0.022679302336003966
1704,-0.39976654508660114,-0.32131582252054725,0.5987959343357425,0.8035775103140173,0.005340022514716841,0.026814992271864693
1705,-0.2919306217782962,-0.34535747733665734,0.5990535889227848,0.8037507223700261,0.004722624049601074,0.03134582414924603
1706,-0.4269096160945078,-0.38343506322729,0.5993310632693502,0.803921704058403,0.005067759839025986,0.03244412034679157
1707,-0.3640701677918523,-0.40237737571219484,0.599467869644045,0.8042115885746308,0.00435105184329604,0.0342095995200579
1708,-0.32623639453226055,-0.3023930989956416,0.5995141816146253,0.804289686624004,0.0048214231664076715,0.024247033516910654
1709,-0.2828289831680901,-0.2845953149716558,0.5995760025605646,0.8043633702618442,0.004979026899549409,0.032546675777022305
1710,-0.5612385293814687,-0.4002689753694587,0.6000899916334574,0.8045359685640684,0.005806568262045418,0.03517483653945772
1711,-0.3411258600389416,-0.40103815009674204,0.6002897639452457,0.8046476053100201,0.004276075193217671,0.03980948377498104
1712,-0.40948149126755834,-0.27207038271903927,0.6005568916190761,0.8048978025157922,0.004928233405509446,0.02685430129642247
1713,-0.3155205459414832,-0.31654503635983233,0.6006630165782836,0.8050424380970084,0.0045498867157451614,0.025773588691686288
1714,-0.2570262328001764,-0.3056244912532642,0.6006972442709472,0.8051848953968961,0.004520011051692921,0.025858353194226195
1715,-0.32090707592612044,-0.3357639483023976,0.6008100899416838,0.8051848093117088,0.004521566433972496,0.028110987903151512
1716,-0.3600510684249731,-0.2696616181555964,0.6008752160249516,0.8053410466833074,0.00458386788963403,0.02812146532522401
1717,-0.46911451222865186,-0.34939718671645853,0.6010694259277595,0.8053838300320831,0.00513538137606919,0.03243732141578779
1718,-0.39600576881272515,-0.47063489637293465,0.6013719412321648,0.8055912925033702,0.005115833900419432,0.03464710681455268
1719,-0.36619893516736146,-0.2709343016462922,0.6015367044445354,0.805762856489092,0.004642989912876062,0.025419108043730015
1720,-0.35644213677937925,-0.303449871804717,0.6016689352720235,0.8058297656794492,0.004701728639129746,0.027988736239578614
1721,-0.40699864996129886,-0.27937431096733556,0.602045187530358,0.8059268133557856,0.004979971058521935,0.023641553621614724
1722,-0.3395009102071602,-0.2817320317904541,0.602127321599814,0.8059677378863074,0.00520591178609509,0.026825281925638215
1723,-0.3397839931793961,-0.40672830886845834,0.6023265475263824,0.8061446589740368,0.004786091836413377,0.03116134890967858
1724,-0.36612591266564676,-0.3281049454264263,0.602442393091139,0.8063492778214271,0.004956932765950365,0.033275899444276315
1725,-0.3690717304702124,-0.3324830857178469,0.6026027843256808,0.8066009133252912,0.004939973237034594,0.02762095864928166
1726,-0.31071372272683145,-0.41447937174083116,0.6027708842868326,0.8068590064374405,0.00494076475311237,0.03587432697720926
1727,-0.2917953144214432,-0.35127910326927475,0.6029115892146315,0.807125383629963,0.004247069564589428,0.02255111849293175
1728,-0.33330957910716413,-0.3829368236902162,0.6030206324318099,0.8073080003556038,0.004561470350834135,0.032156118782114385
1729,-0.5417266169288713,-0.3064977532185754,0.6036970408273707,0.8075309502290949,0.005521342843911909,0.02655851870414194
1730,-0.35694871904370423,-0.3434658483202909,0.6037986343625266,0.8076304084838105,0.004664470939548029,0.02876164716599575
1731,-0.284621298548547,-0.3399529574162786,0.60387852860236,0.8077415840889774,0.0049494422193240425,0.0354147418982226
1732,-0.3288151475940411,-0.2722369621883166,0.6039578227454727,0.8077957026144684,0.004391944324246856,0.02654870391331427
1733,-0.3548778609919956,-0.3712556950337867,0.6041000650159105,0.8078561001126571,0.00449828365618709,0.033072079535381375
1734,-0.37712251353225607,-0.27515569234905707,0.6043552337952418,0.8079588482993372,0.004806655660561831,0.02162411515153643
1735,-0.34218334166739106,-0.32437609476185447,0.6044553973126444,0.8081054495716179,0.004628693028655646,0.025822625331375366
1736,-0.3875886997146564,-0.28588253141714015,0.6046577892766725,0.8082606516893464,0.004726254557097684,0.027746926028291118
1737,-0.2549693732679508,-0.32698246464967745,0.6047962969117323,0.8084302386023361,0.00441784061233015,0.02745215524790721
1738,-0.32689671273250454,-0.3406179179338768,0.6049202190156032,0.808569397910001,0.004643758234734711,0.02911345277142405
1739,-0.339945205699295,-0.4480074722706349,0.605033478185759,0.8088339168991446,0.004667184496566986,0.03461821693324422
1740,-0.2877694221087835,-0.3544440272754911,0.6051086210524356,0.8090101367645605,0.004491624163470563,0.031644803437095415
1741,-0.3284068193944251,-0.3824926804503521,0.6052049619114226,0.8092785636590347,0.004827730771737934,0.03264904283388631
1742,-0.2984285685045448,-0.39926179619038266,0.6052915783803745,0.8093823316746503,0.00456233747151721,0.03131973054987035
1743,-0.3348012814427135,-0.24473878084219644,0.6054421223583131,0.8095391803141879,0.004887093877533641,0.024167049668047946
1744,-0.3704722073286939,-0.2796191192782613,0.6055961442732056,0.8096473214284644,0.004759866846725194,0.027947616455501735
1745,-0.4504175998941087,-0.2879401457762077,0.6059428471956948,0.8097115632424382,0.004945726924838108,0.024649744483231328
1746,-0.39633815743512446,-0.32378413700533343,0.6061882945050996,0.8097398749159177,0.004584545038214582,0.030191001534090395
1747,-0.43827289385517076,-0.314132970282601,0.606478056138557,0.809965375152648,0.005359216182477216,0.026594153693489764
1748,-0.4873839289023898,-0.3202456712133571,0.6067795935941435,0.810074782890168,0.0044400194104935045,0.030619491611098948
1749,-0.43472238051658,-0.2667123692940439,0.6071528395297632,0.8102323744984018,0.004928029908788302,0.0224130800635313
1750,-0.3403076376471017,-0.29645687025426243,0.6073069515948506,0.8102592371797119,0.0044484707692086616,0.0282558756729463
1751,-0.2752673707663382,-0.4242695370272083,0.6073906372980419,0.8103400186775922,0.00438796832617523,0.03631996229396645
1752,-0.44634289563267526,-0.3236917122209576,0.6077337530898115,0.8103768755263377,0.00513145557687697,0.030939385485266375
1753,-0.34167510293442166,-0.43659670657788824,0.6078017703996371,0.8107015866541709,0.004520746832542818,0.033723149212647116
1754,-0.48698294489568766,-0.25981476434980205,0.6081598282415424,0.8107731294816192,0.005462061074481802,0.025196295886474856
1755,-0.4307971843129999,-0.35628859178187916,0.6083303426546861,0.8109504799374787,0.005019373244285175,0.029124539472034153
1756,-0.3558872820080602,-0.32603414370265604,0.6084905592984513,0.8109840654948525,0.005099124030328321,0.026935183556856767
1757,-0.3497836341786884,-0.28410795540867484,0.6086478780463774,0.8110983612209718,0.005229901555161121,0.028544478785151043
1758,-0.32571659610554804,-0.2708476727654157,0.6087241100921117,0.8111660388568778,0.004362280122512371,0.024062602269137354
1759,-0.3999495694778777,-0.31614916311799574,0.6088892512459969,0.8114189054626433,0.004781801493768707,0.028957176941963945
1760,-0.3441258933945057,-0.3598344969562653,0.6090315613901668,0.8118024446959018,0.004649149388530133,0.028743896168219887
1761,-0.42065889338486046,-0.2864365015733832,0.6093035351296827,0.8117959714361889,0.004836771886748319,0.02668478208084277
1762,-0.3194425564429155,-0.330065570755253,0.6094099546201232,0.811983136025052,0.004285568967559926,0.028228551099694844
1763,-0.31494889235561724,-0.2978281287084733,0.6094768171522621,0.8120401596124546,0.004585766470161527,0.024629289211409448
1764,-0.30952131975980884,-0.319496279890864,0.609579907819859,0.8121501617822754,0.004532874296147278,0.028817647983000978
1765,-0.30524634192025,-0.3729220646631912,0.6096337952247673,0.8122925175839455,0.004310707324223707,0.03141197024049429
1766,-0.30890098639246605,-0.29486755465687065,0.6097857071768737,0.8123822342038326,0.004925967283836475,0.031103998301470537
1767,-0.2894772468060772,-0.35559149636096454,0.6098595623089305,0.8124699130511756,0.004592189858004043,0.029811196892175016
1768,-0.4598877695721883,-0.2907242088169863,0.610011748684582,0.8125368384072016,0.0052855085350397395,0.03170805110394357
1769,-0.31402068321827603,-0.2959488839316338,0.610182901692623,0.8126462830258256,0.004409451698185401,0.030647990362991876
1770,-0.29070625419232193,-0.3491900948558668,0.6102941044430906,0.8129014577775495,0.004531732815306859,0.023931760625465617
1771,-0.4636006108281984,-0.2694690179900259,0.6106557525577379,0.8129248778675325,0.005258922492492944,0.023775578585986633
1772,-0.34332955486068795,-0.25682824296680207,0.610791173941983,0.8129302627943034,0.004614459216085027,0.024467724609544265
1773,-0.44833114755449743,-0.3223658098161192,0.6111630495829072,0.8130390998806706,0.0048283481233049865,0.026569882693426156
1774,-0.3492205883245376,-0.35837481448792385,0.6113152913679121,0.813115865576193,0.005163218293312373,0.03247284135526149
1775,-0.31754640837143366,-0.3028237262163037,0.6113580002375236,0.8131872267219049,0.004743667314204636,0.028092169547219388
1776,-0.31198135699910073,-0.36816320019888643,0.6115077094354592,0.813366888087686,0.004652983456648035,0.03174474777243593
1777,-0.24180650682162308,-0.2589289216513335,0.611542156816198,0.8135199080613074,0.004182269932259204,0.022555849126822788
1778,-0.28268828839950366,-0.33510787121989005,0.6116323932800177,0.8135694287735951,0.004719957397592124,0.026019583997789576
1779,-0.28540359864027004,-0.3288055862247667,0.6117125006660604,0.8136308369033631,0.0046965746509660825,0.02666388854511221
1780,-0.39439743433467256,-0.3321282564640996,0.6118226833753477,0.8136969211693574,0.004859268437844988,0.035936908353817805
1781,-0.3057636079252935,-0.29473952725860736,0.6118974052507564,0.8136907076659267,0.004408843010841878,0.026590206829981165
1782,-0.31571688231417727,-0.27490890191324563,0.6119662523695208,0.8137082839014617,0.004987610128056801,0.024238296570026935
1783,-0.40854229305443496,-0.2827275127863545,0.6123306010627136,0.81378713659912,0.004987452951135813,0.026183158599266697
1784,-0.40034783293131043,-0.3716576139638261,0.6125461940806859,0.8139538381497687,0.0050856881973456135,0.03318627192894284
1785,-0.34635923576882655,-0.32861128122692923,0.6127787476360348,0.8141117973508242,0.004599469130849234,0.025206655110888706
1786,-0.3533575354156596,-0.30164772691102726,0.6129492273615368,0.814154131365547,0.00485011500908691,0.024469319113500972
1787,-0.36408771993870936,-0.3665731436200075,0.6130959326883586,0.8146091171435964,0.004903541950697652,0.028724053826291757
1788,-0.2636225893245281,-0.4157164967038261,0.6132128767913194,0.8146527205082241,0.004487185691542719,0.040264160893595954
1789,-0.32492786039995697,-0.30496791139785595,0.6132687716588844,0.8146919216083599,0.0047880179907207965,0.027197529330783305
1790,-0.3054156017594164,-0.29532064337679154,0.6133035936970465,0.8148950652240223,0.005166721074135522,0.0277181407638549
1791,-0.31466066033352974,-0.2729088172082027,0.6133553804110263,0.8149880453242404,0.004768639687563851,0.022126742973731586
1792,-0.4053343901984902,-0.2924771968211961,0.6134182664782104,0.8150546749189881,0.005139095742517136,0.026946257946363884
1793,-0.47498748086054876,-0.3057355812599265,0.6136636352254604,0.8152382852040843,0.005224819453002659,0.03204079370315389
1794,-0.35687860349401007,-0.32495206176103897,0.6138082805513505,0.8153544625266465,0.004586358184077235,0.03100579013302597
1795,-0.37258793918338645,-0.2944684329964374,0.6139764850430313,0.8154109116318919,0.004684489036004265,0.030089346352623534
1796,-0.4139151760429509,-0.28523565423176767,0.6141067389456537,0.8155109043564275,0.005422020062294125,0.0251013624641257
1797,-0.2762408057244561,-0.2933349096827618,0.6141531792757001,0.8156137233914911,0.004523431712727072,0.024949839175027147
1798,-0.37216275507282126,-0.315651846524092,0.6142573099429011,0.81569271600129,0.004557410421150731,0.027113591343543592
1799,-0.28384203362615557,-0.29764054361165715,0.6142964189013959,0.8158063051872773,0.004413883406915809,0.028344398615233576
1800,-0.3756739331011043,-0.3929702114789458,0.614421165971933,0.8161610912416086,0.004696236315828899,0.02806857680930383
1801,-0.37244159509627217,-0.3512874327907671,0.6146732351260172,0.8161914123836537,0.004926614491681001,0.02882599436297425
1802,-0.4778284713667084,-0.2767969123488214,0.6150380361623909,0.8162531647122535,0.005628880957319146,0.030467563101679543
1803,-0.4081815377582792,-0.3296935741243228,0.6152932484905632,0.8166092883460021,0.005234099021397677,0.025631387522424897
1804,-0.3292373289977892,-0.3261758773021156,0.6154195025880359,0.8166461225610215,0.005025262400645422,0.028712099587450315
1805,-0.354494733584814,-0.4049390592345265,0.6155686421537793,0.8168441521387351,0.005236452551107499,0.0326845060776657
1806,-0.3422647981349254,-0.3268754109349333,0.6156745250515155,0.8168863767331979,0.005266861413126503,0.029925722431073953
1807,-0.3558258970093681,-0.30298330649481353,0.6157983622288624,0.816975443152766,0.005184390311442808,0.029426339872537847
1808,-0.3242133200279999,-0.41989284603576094,0.6158688457528312,0.8170753245771762,0.005077506075720853,0.03618445603005546
1809,-0.30001609759179054,-0.36797382258253825,0.6159835114798657,0.817200904040481,0.00495141971349065,0.030640781516839646
1810,-0.3053850756586182,-0.3382303467374823,0.6160762384150138,0.8172791256494507,0.004687226665264961,0.029238871009048192
1811,-0.31670192324796276,-0.24436152260858193,0.6161943222199512,0.8174377831914355,0.005164880436176353,0.024134657201086693
1812,-0.2840775942591298,-0.2963761901535134,0.6162133553540678,0.8175819923736715,0.004272240779470854,0.027676326922616547
1813,-0.3048328247608503,-0.3031112355844013,0.6162804899919128,0.8176726453679929,0.004848296121111697,0.02326375950864638
1814,-0.3959170358807912,-0.27695531545637514,0.6164715173685545,0.8177486004464877,0.004856952718367293,0.026863830191931396
1815,-0.37963285727138113,-0.31911269315236546,0.6167005995407998,0.8178159785804808,0.004989873394621896,0.027535882276023094
1816,-0.4109122465890525,-0.32875364124449713,0.6169793644105402,0.8178899576939077,0.004937474984891952,0.031813703165579965
1817,-0.44371269442671557,-0.3363591304565494,0.6172349343100103,0.8180885028652766,0.004784601181269894,0.02824628364175407
1818,-0.372259783497148,-0.3230292468951552,0.6173873194247478,0.8183762901829351,0.0053945993800020966,0.028428858120682955
1819,-0.3156360745797921,-0.341289439178163,0.6175147137940049,0.8184319870785464,0.004610022199858306,0.030405819066547105
1820,-0.4734182418694928,-0.2968951452473368,0.6177572605982513,0.8185589898484266,0.005131575495378667,0.024004982743075328
1821,-0.35891863064953217,-0.33474627701409454,0.6178614483780777,0.8189113712416092,0.004865165769132855,0.025731394649835558
1822,-0.34452940965593426,-0.3691594855170629,0.618010553524118,0.8190134328709974,0.004474938868990502,0.03412543402797911
1823,-0.3606623735392065,-0.2615539789157555,0.6181999202247183,0.819086714243048,0.005198127274429774,0.02436052573319147
1824,-0.3224078457725149,-0.3757439224276796,0.6182274174719778,0.8191589465032615,0.004681967827109248,0.035523446155414466
1825,-0.41495743203824104,-0.27044685384438094,0.6184178552819889,0.819224155517633,0.0052120871257804345,0.023013275160236487
1826,-0.3348434201905165,-0.30189627212594683,0.6185006797277909,0.8192715477639936,0.005021121192337109,0.03343723540635177
1827,-0.3822591719716241,-0.29926509620203623,0.6186364653184535,0.8194686053338123,0.005054505782527453,0.02760693075728112
1828,-0.4310746132167589,-0.32094877344267775,0.6188977532635479,0.8195720482918747,0.005173177952509657,0.024908697437107597
1829,-0.3509128413651027,-0.41314687068374994,0.6190753160199182,0.8197042537336757,0.004772823248497808,0.035563343749508224
1830,-0.30745771764291463,-0.3056755157301706,0.6191456716888004,0.8197371413313936,0.005309078539914509,0.028266569802174353
1831,-0.351052395169338,-0.38565822143238526,0.6193887916804686,0.8198582874227017,0.004886504770127863,0.030746282086739102
1832,-0.43351317096690345,-0.33072260929347475,0.6195314544962902,0.8200917578076712,0.005182229128106192,0.02321588339012172
1833,-0.2609488736260587,-0.3168269469147062,0.6195764642338867,0.8201593340841441,0.004541380751734831,0.028749374462856993
1834,-0.31099935735104167,-0.377994490691417,0.6196891049313075,0.8202908817900947,0.004757977544361923,0.03898992535769228
1835,-0.3522439353625723,-0.2620918163950657,0.6197898500266866,0.8203579562859686,0.005186965787804142,0.023675286374785463
1836,-0.38892149179874963,-0.3622116452452781,0.6199473781839961,0.8206147959913281,0.004997415294122072,0.029168680585662063
1837,-0.2950710954592335,-0.31609669240972005,0.6200433411660516,0.8208271639927269,0.004745186702852009,0.030666728461024067
1838,-0.3672615935085484,-0.3051656546196107,0.6201446468432688,0.8208561665595784,0.004593996573501022,0.024196023916382658
1839,-0.39302754399314654,-0.31851951520704447,0.6203463559324375,0.820919023009671,0.004856827404050824,0.03242884077814819
1840,-0.3203400236925924,-0.34127687238044824,0.6204577862002411,0.8210586144334644,0.004931729855413431,0.02945962943409808
1841,-0.30600133358771464,-0.3452352719510974,0.6205643294345075,0.8213384554961219,0.004421755858115742,0.028861687574633234
1842,-0.4360215694614728,-0.3381587589479527,0.6208656638322305,0.8214216449264632,0.004912064304618653,0.031074058427841514
1843,-0.35930152811646077,-0.3006419249098369,0.6210362185534116,0.8216056968117278,0.005564322593993208,0.028154294792412278
1844,-0.3180888003387541,-0.3993555507720745,0.6211431014104145,0.8217598412965567,0.005154750810416718,0.03285856580355066
1845,-0.5053970501382341,-0.2718122624326783,0.6215034391569955,0.8218719101742339,0.00615996011636929,0.023932168417530486
1846,-0.44597295626099037,-0.3435708712622596,0.6218226433005809,0.8220563983466194,0.005049320273581963,0.02847823080574643
1847,-0.5065746246406893,-0.34436646479687283,0.6221612567474809,0.8221578922118254,0.005488045245264674,0.034624929775093634
1848,-0.27514552730232184,-0.292449533946006,0.6222024131138937,0.8222322532894908,0.004950845599904444,0.03223280223026049
1849,-0.3518787414455655,-0.4009840112377303,0.6222713913126459,0.8224583721832389,0.0053251746529936585,0.03417568016864362
1850,-0.3020919173195731,-0.316559284915191,0.6223160215111198,0.8226681717674247,0.004472961302423343,0.027990081885767334
1851,-0.28033462654488084,-0.3401784239289643,0.6223201593246426,0.8227504338614726,0.00459951373622069,0.02924575202584225
1852,-0.3595909997335817,-0.33125579629313134,0.6224706816910194,0.822817934350936,0.004779677623689982,0.028735594165671417
1853,-0.36157045495862394,-0.31310984812179743,0.6226243226820701,0.8228925198044735,0.004775411944107591,0.026946049908016783
1854,-0.38560280393848717,-0.41384312634701076,0.6228476794216946,0.8233159526652116,0.005320445970448202,0.02458534385940262
1855,-0.3588034190198613,-0.3450349549442237,0.6230183693463536,0.8233938278994831,0.004608958099818681,0.03368118051081917
1856,-0.3494828380318082,-0.24548414443434274,0.623139748919013,0.8233832013816833,0.005207462553309536,0.02822071766595374
1857,-0.3912536271742795,-0.27097386133097184,0.6233617922952887,0.8234991047463788,0.004769807520270143,0.025648250697786187
1858,-0.3675156303813004,-0.3509321616587073,0.6235945650188437,0.8236413095639691,0.0053992141735959304,0.030698198788227337
1859,-0.28334516405937,-0.362446321005832,0.6237227851909551,0.8237470946565345,0.0048812928677588645,0.030126786184630282
1860,-0.34464536563745607,-0.4036560992306082,0.6238960769950053,0.8239260158120558,0.004594187203093377,0.03215597723179526
1861,-0.3435076560614613,-0.33197068643142147,0.6240438210746944,0.8241768043464922,0.004485830101227092,0.0269779716265812
1862,-0.3698098489619617,-0.2804563530485751,0.624103828961239,0.8241918725879139,0.004981138122075768,0.027956057782520145
1863,-0.3117074719440404,-0.39753663072928175,0.6242289480558671,0.8244606791990722,0.004268734464342909,0.03240757621250525
1864,-0.37929449854861275,-0.22999194414556662,0.6243694597752253,0.8244515910527263,0.0052152531729592905,0.023889735996609648
1865,-0.515000612504768,-0.3371529714402585,0.6247410454323711,0.8246624852390487,0.005936877858299926,0.025683155066853283
1866,-0.4001509566892839,-0.38564626682215364,0.6251108693773749,0.8250415602145303,0.004761860735106053,0.027965207460421887
1867,-0.30631979452997576,-0.42035934680554826,0.6252387817586873,0.8251412150601662,0.0046663803467221,0.03328242994030923
1868,-0.2787527065480821,-0.33486715695240704,0.6252750943138933,0.8253544882409211,0.004661330657094881,0.034280254911434424
1869,-0.2514231614618039,-0.45247096501956535,0.6253415600694869,0.8257529557336116,0.005022259981335284,0.03458038422948912
1870,-0.29947330564802627,-0.2437040456087086,0.6254588159662127,0.8258071850601801,0.004540364315053168,0.02419216207641097
1871,-0.3340613861057209,-0.3551310310876853,0.6255495143826231,0.8259230994504683,0.00492904978622791,0.03237790571592314
1872,-0.3414184834831844,-0.2669793656797775,0.6256722396873917,0.8259483449846089,0.00527126522817333,0.02270132040019327
1873,-0.37867828794757985,-0.31533037391679225,0.625969410897191,0.8260605308069925,0.004976492112325298,0.027177432349331405
1874,-0.31768703862452347,-0.38176994093587774,0.6260145419637765,0.8261376391300451,0.005318556879546315,0.0401599788461898
1875,-0.36281318626775,-0.30013736513274464,0.6261115082531789,0.8261903275458752,0.0048022512648581836,0.027349280997847752
1876,-0.2744322323946891,-0.32843252476283424,0.6261558628965989,0.8262281853143674,0.004289208034380967,0.031200709749700926
1877,-0.47112935195266287,-0.31984563097966573,0.6263805086008482,0.8263050904495146,0.005459263924381229,0.029646341791494602
1878,-0.44450373884747607,-0.3717286265891705,0.6265371778070912,0.8263198402848795,0.006068014154547153,0.03369990291219187
1879,-0.3590301781057615,-0.3300212208199346,0.6266667564965973,0.8266297551795272,0.0048865182647575625,0.026132222199905592
1880,-0.30000421715464587,-0.30071303028897417,0.626786108355188,0.8266520880755033,0.004407616864154523,0.02759863152174343
1881,-0.36217395946772224,-0.3512959688861771,0.6268938165652653,0.8267997989336858,0.004883203750668494,0.03347648859203975
1882,-0.34943623478088176,-0.33585650292991887,0.6269623540525938,0.8270696002199089,0.004713605117765268,0.026606180444889913
1883,-0.40043410165705856,-0.34211546166499524,0.627178360658222,0.8273770278831412,0.005170511441971137,0.029905948679680834
1884,-0.30562979599881696,-0.3687949041728116,0.6272548675933993,0.8276633732011263,0.004703711855945781,0.026805677672141832
1885,-0.333839325706365,-0.34960781607998165,0.6273620363248809,0.8278121342323786,0.005095885006274614,0.02756716780628807
1886,-0.3601377616146822,-0.29398482169132567,0.6274842531288857,0.8278854774407769,0.005379747219840508,0.028018021509311097
1887,-0.35144499667886236,-0.37933031695354225,0.6275813255033369,0.828181732147413,0.005398588051138968,0.03001962220589055
1888,-0.3083707800553376,-0.28586920348609707,0.6276672405240734,0.8283613354826702,0.004955630200272071,0.023145443778635012
1889,-0.49677175070271207,-0.3721609362385972,0.6280046159479444,0.8284888017168102,0.005242760098425863,0.029722985678255782
1890,-0.37499308860802183,-0.3613954994097939,0.6280992226719732,0.8285212952688911,0.004853060075632883,0.02975719627974595
1891,-0.35197529394737515,-0.3474051838817593,0.6282568159587618,0.8286545705930997,0.00487170629723778,0.027223637871561873
1892,-0.3112403333677839,-0.3374805137982337,0.6284407041000574,0.8287351700850105,0.004865074109981669,0.028762864062359998
1893,-0.29831578355759736,-0.3130839511664233,0.6285284457910532,0.8288418897554789,0.004464600248924254,0.027090679051527854
1894,-0.2810068928156312,-0.3544318903561778,0.6286454764267482,0.8288989235414088,0.004731559004519476,0.0306905572567941
1895,-0.34859341899031593,-0.29668784505761764,0.6287592072008374,0.8288694609022199,0.0046335714776353605,0.028178525179036452
1896,-0.37128460605666236,-0.2812506725033075,0.6290619050011959,0.8289507548593859,0.004639313975066889,0.023726591487569
1897,-0.24777136755944612,-0.3563870142619378,0.6291024926220491,0.8290073667450552,0.004826212433761137,0.029753113585403362
1898,-0.30000007315331484,-0.3525211819274094,0.6291606889847596,0.8291349447621147,0.004971271774047374,0.023602991187389177
1899,-0.44899512280015214,-0.30004824299320226,0.6294168234840516,0.8291921094142536,0.005495029662653643,0.025305969570377736
1900,-0.2752263808826659,-0.29244061906904056,0.6294288668491906,0.8292614940461681,0.005511229978939471,0.03409513510989723
1901,-0.3075888876233541,-0.32397564468183376,0.6294841247446152,0.8293540423171716,0.00490031926019639,0.029847792668694965
1902,-0.3465725917586378,-0.35248229819723254,0.6295579266306331,0.8293440767221328,0.00515343232842909,0.03406511040069068
1903,-0.4201243876178422,-0.3014134622169398,0.629725066433701,0.8294117721585215,0.00552434421573955,0.026374679765976034
1904,-0.3192879899947881,-0.44889702284714633,0.6298226374337093,0.8295854464742856,0.004403315289516815,0.03060721045975867
1905,-0.41249438348082984,-0.29794801391892045,0.630078746366387,0.8296011946895279,0.00463658282905844,0.028053739486619052
1906,-0.5068894790125956,-0.3729948461323248,0.6303928548925675,0.8298540327718802,0.0056671376587728774,0.030322467850897625
1907,-0.34181759193097866,-0.2963536486159774,0.630589655659184,0.8300140188828383,0.004930522040862657,0.02351318979751765
1908,-0.3797547985379792,-0.3694837739327155,0.630709505848508,0.8301864523403256,0.005157331802313844,0.028454331855136582
1909,-0.43158956982594104,-0.2946321327240694,0.6310102223837118,0.8303630719249728,0.005463824997552141,0.02741892092425328
1910,-0.2715954214677104,-0.29729002648104336,0.6310866883877199,0.8304367425075123,0.004685436718511047,0.0284785241617757
1911,-0.36051767906857646,-0.3737213702471764,0.6312618804209109,0.8305841615516486,0.004820899550961177,0.028628851791346457
1912,-0.33154450046483364,-0.3667937384203515,0.6314592205389999,0.8307327170651334,0.004705268806135135,0.030022013633856662
1913,-0.413241476698635,-0.28673605497327603,0.6316957226189838,0.8308216325130233,0.004761416186314285,0.029860718757391755
1914,-0.47689622431980305,-0.22095287320700652,0.6320292660617013,0.8308840904998938,0.005417839369952958,0.021708954147990366
1915,-0.38363315057422964,-0.2673215192371314,0.6321391306062318,0.8310135505713803,0.004658643050145898,0.027763735736528555
1916,-0.5000156186016984,-0.37361281702407334,0.6324591660649755,0.8310719852033916,0.005193480612225237,0.036162955051889344
1917,-0.3440833927055063,-0.3836220316145026,0.6325819873624617,0.8310826644020979,0.0047881903609250055,0.036201943212221914
1918,-0.33659978911661004,-0.3327670278270766,0.6327071970618746,0.8312164652500379,0.005030579752713913,0.030778191740236067
1919,-0.31935996989226717,-0.3833612864258458,0.632780483895601,0.8314718908875351,0.004658347835841209,0.028256888012155555
1920,-0.2984921144558278,-0.29327747124557185,0.6328261122196546,0.8315615763326613,0.0049143400482353,0.033024297702162635
1921,-0.37910955074806457,-0.3410178005219111,0.6329154175013313,0.8316337301481974,0.005219296217848501,0.021746827881456855
1922,-0.3211427325785761,-0.2939737640100762,0.6329793499458641,0.8317778870656617,0.005519011542810671,0.03461406362807595
1923,-0.35743044619903014,-0.34710843321345136,0.6331472597005073,0.8319178059264721,0.005091737139053474,0.02595715842295653
1924,-0.34713948881500006,-0.29416998703679464,0.633188035326618,0.8319855074556683,0.004243669579663824,0.027433864614330058
1925,-0.42152122693806326,-0.31008404902200026,0.6334426906151954,0.832164382988925,0.005327869591541257,0.027754989165924504
1926,-0.28474332967993654,-0.3082592698509133,0.6335475686945546,0.8322100413831695,0.004382007842742412,0.02432592056183981
1927,-0.30554840012145584,-0.29729941496164003,0.6336474714887669,0.8322564623086677,0.004792476729216437,0.030864762757975842
1928,-0.2845751622560414,-0.28609732839528357,0.6336867243764194,0.8323045469174014,0.004692226141025584,0.026721441415521185
1929,-0.3367722631500153,-0.30621695201586685,0.6337565969325002,0.8323304866677225,0.004732289782606353,0.02718594569105339
1930,-0.2783486604007008,-0.33414920285670097,0.6338187595545435,0.8323562009678018,0.0047529880545225485,0.034003221363331726
1931,-0.3537842158013782,-0.3562563787744747,0.6339737780891099,0.832445861307929,0.005151619110779359,0.029421280841022888
1932,-0.3450043200181204,-0.31059931151056097,0.6341860725404578,0.8325437435768378,0.004728420686608747,0.027737555133218857
1933,-0.369140367003512,-0.3855702001130881,0.634323621681659,0.832603219933134,0.005091385642896392,0.03588169881188565
1934,-0.3509667518460432,-0.42577938428792195,0.634426442431248,0.8326273020118876,0.004726012099387109,0.03992943633229502
1935,-0.28926115009062836,-0.30942272496997214,0.634490528718614,0.832583624671681,0.005032893147330614,0.024327958546568676
1936,-0.32790593947133795,-0.36576948204826953,0.634567616761794,0.8328167733183753,0.0049295014861678085,0.029961735620747502
1937,-0.27426012625931023,-0.31713757964244277,0.6347012724672634,0.8328653898562567,0.004552868717654712,0.02991081329688074
1938,-0.3788348246157125,-0.32489455904598824,0.6349122921408913,0.833045345852347,0.005297582793060849,0.024665789456532323
1939,-0.46476442005158725,-0.3343295816057881,0.6351534461945261,0.8331340978955692,0.005270584207864187,0.03011264249660526
1940,-0.2956477443934272,-0.3324334027318773,0.6353060509732652,0.8333773452883386,0.004942045181095267,0.027191833094000886
1941,-0.393327239448828,-0.378864569296666,0.6354397796328662,0.8336495365711625,0.005213011901389061,0.03460245246779468
1942,-0.32642478623761645,-0.38557908540406066,0.6355154324383716,0.8337471285751545,0.005121270589509324,0.029063018414331215
1943,-0.4049413582580414,-0.3183690896309408,0.635630479504019,0.8338330427638859,0.004976513913321535,0.023693746500224173
1944,-0.3049716468123098,-0.3624378173317473,0.6357254456736793,0.8340370504730669,0.004809445871568789,0.02801636503920198
1945,-0.3167503236546067,-0.3594863636209722,0.6358129256519018,0.8341399449892335,0.005238721477187669,0.03225683944914718
1946,-0.3781478405444719,-0.3504372954033695,0.6360346533451672,0.8342052829196053,0.005898484115497078,0.03561552620712695
1947,-0.31962293287018984,-0.40101639140853584,0.6361345217447459,0.8343932028866382,0.004818641386583603,0.035575627983300745
1948,-0.3442747662556096,-0.28573272048853104,0.6362422714452695,0.8344750276709592,0.004674796343601451,0.0314946938784994
1949,-0.28240499186599843,-0.30998817474772605,0.636349300504668,0.8345906743057662,0.00450345072567087,0.028036153741730973
1950,-0.391148130168809,-0.3030829505175481,0.6364739571740514,0.8347107772985722,0.005907980011897168,0.03479620856264348
1951,-0.4216529032453982,-0.38071419633761516,0.6366203907340432,0.8347598602959976,0.005425118465701231,0.0340844268789804
1952,-0.32459007640005816,-0.32634046676464845,0.6367520060149148,0.8348855056690818,0.005232025282543828,0.02913267737142697
1953,-0.3818498399613725,-0.34091022074345334,0.6369427732542117,0.834985711063294,0.005309355609361922,0.029253056423168028
1954,-0.3726723712815322,-0.3405895313969766,0.6371313495017936,0.8352840582413885,0.005181064318126181,0.029595701176833283
1955,-0.3196302533055259,-0.3349688006517158,0.6372782245214677,0.8354242334310644,0.004476703720841448,0.033024786391292076
1956,-0.23966797217288383,-0.36218978217722586,0.6373679710536877,0.8354982760209971,0.004854292008296477,0.028614031791145404
1957,-0.36065908129060426,-0.3453325620161598,0.6376101266004766,0.8356569529850497,0.0051141473306401675,0.029757062808142408
1958,-0.35055062469746906,-0.3640773712979344,0.6376841230712347,0.8357713598340194,0.005416914563966187,0.028509026980482004
1959,-0.3511965351656012,-0.23928418292067344,0.6377821402917498,0.8357779128580325,0.0046296565353780555,0.02448944374028142
1960,-0.3506296776914048,-0.34488153224948176,0.6379288743898792,0.8358644518061736,0.004787091290365404,0.026673074253974735
1961,-0.32561032164296955,-0.29201142881350345,0.6380429934260228,0.8358598268156925,0.0048523405653545315,0.026018906898953115
1962,-0.3551324599480755,-0.3600064076652632,0.6380821949706562,0.8359824299065443,0.005671986502826017,0.03022262514538636
1963,-0.3385339603133923,-0.2482082316476626,0.6381897736063096,0.8361271048262293,0.005125451236311803,0.028658472487158537
1964,-0.2904368336758967,-0.2948340428437651,0.6382526793540434,0.8361119281115469,0.004909384319473374,0.02237085856192383
1965,-0.3617061203244953,-0.3009829944548516,0.6383909969842663,0.8362255403829608,0.004862808672494152,0.02496427058439277
1966,-0.3838989728038224,-0.312207876148746,0.6384879158802956,0.8363053364562325,0.004833034948792595,0.03163922498792105
1967,-0.38567313440879736,-0.3986301305898604,0.6386387832594816,0.8363758504942561,0.00564470853492269,0.030668502128198768
1968,-0.3455742779035099,-0.2958759697934587,0.6388053085125683,0.8363577631200642,0.004848131798077453,0.03211560797875391
1969,-0.44986389642334734,-0.3095832908079844,0.6389345802291259,0.8364314440418433,0.005554532943337083,0.026090634744876717
1970,-0.40266130323901733,-0.3169546145984638,0.6392068977456327,0.8365831253333019,0.0047457877773437246,0.025492876105921946
1971,-0.3136307536117101,-0.33468514078302153,0.6393028544675466,0.8366740581245292,0.004953006963852492,0.030726814126833674
1972,-0.3675154696684892,-0.3161862694732356,0.6395246470295173,0.8369759681931446,0.005086292133344615,0.02819368467920152
1973,-0.4001659271131235,-0.39909646532587767,0.6396963461121543,0.837170138380317,0.004765227009171573,0.03034060918675324
1974,-0.35175062847871597,-0.31099291678018337,0.6397296977526447,0.8373156821599967,0.0055288022703279364,0.024041569210550093
1975,-0.3364007577946719,-0.33703408340207214,0.6397640818948581,0.8373240383611771,0.005152128583011452,0.03185048675405232
1976,-0.42209130344641244,-0.3250656587309041,0.6399547298670681,0.8373565854499595,0.005006040328280039,0.02886242565718303
1977,-0.43367133457180845,-0.36055155786696425,0.6402317375707558,0.8375256966978334,0.005314471198007905,0.03134570753511482
1978,-0.30939515998986167,-0.2677804230229432,0.6403169604958235,0.8375556093472947,0.004909829690952917,0.025033896933256056
1979,-0.36785345490048105,-0.3965940557494912,0.640457376828204,0.8377838885808542,0.0048860694818666705,0.02756555589604615
1980,-0.4023772770403908,-0.25295822617254043,0.640678875994774,0.8378003459182484,0.004860210081618842,0.025784966694642964
1981,-0.3384366570092557,-0.3434777097690455,0.6408063065390731,0.8378426281553257,0.00479859733505269,0.035682590266262026
1982,-0.3566841089218777,-0.2971175297600357,0.6409193421048552,0.8379457373152327,0.004970323077408414,0.02997222223092876
1983,-0.3763516883443167,-0.3247343164683033,0.6409977250813359,0.838073446373613,0.005451462998984933,0.026782775010528878
1984,-0.3368334188185546,-0.3390425041816344,0.6410638836675836,0.8381085188915136,0.005268027601945516,0.029360886883123143
1985,-0.5473393649162509,-0.35083441159288953,0.6415352183145102,0.8381784228714954,0.005944119254289046,0.030057671336118218
1986,-0.3270735752389525,-0.41577921943482,0.6417247029370342,0.8383020913888547,0.0045272940817247575,0.03375058470002721
1987,-0.28696652938565226,-0.3314844544465062,0.6418497798200778,0.8384219847631224,0.004560247165410558,0.028037228653443567
1988,-0.3367918783015009,-0.3043320540265092,0.6419793023340299,0.8384836795433441,0.005137336361155461,0.032040049193232466
1989,-0.3862556552752865,-0.34460526402395514,0.6420865501004505,0.8385252373614656,0.005093579936688297,0.03237864172376015
1990,-0.282124000387729,-0.2840897739328069,0.6422394773979732,0.8386126280871002,0.004219159104626942,0.025458729931632396
1991,-0.3011459909712637,-0.2995364521528405,0.6423066309292892,0.8386310890201553,0.004689930787819963,0.026859081297030712
1992,-0.4638374746006698,-0.3090182167254587,0.6424201919641406,0.8386448275744856,0.005377613153082718,0.03006436366745495
1993,-0.3551028950429722,-0.32574537459553804,0.6425975836210734,0.8387415196645961,0.005237134780452398,0.03091408532044784
1994,-0.3549025401054514,-0.3023489022280877,0.6426584767139292,0.8387899705663493,0.004859949937499083,0.024150515299200457
1995,-0.3631246626288554,-0.34471270949564714,0.6427124247416875,0.8388986359860151,0.004925696377296677,0.031272646679807836
1996,-0.43210728578078406,-0.28554525600156266,0.6428964364701443,0.8390202862956128,0.005619150874171539,0.02579679963672538
1997,-0.2863764229800705,-0.3220397903792253,0.6429559469453165,0.8391059716577693,0.004399760345971488,0.03312055864349718
1998,-0.28691616448030705,-0.36001752651915775,0.6430160384789504,0.8390920620672577,0.004849744039244578,0.03210820242695007
1999,-0.3309899145963299,-0.3386574453052513,0.6431571345910125,0.8391426684491656,0.005264520465996344,0.028998923107680007
2000,-0.30854075545304216,-0.32518723009385236,0.643204396233357,0.839250102557021,0.005166346489047921,0.02570803000567689
2001,-0.31250550061646926,-0.3007678420442968,0.6432720766070108,0.8393075122780564,0.0049687434598434405,0.03305626753721838
2002,-0.3082803414130852,-0.32572163465082604,0.643366603123144,0.8394701503392394,0.005039473912339805,0.02641251193941569
2003,-0.3096969833430996,-0.345992848706995,0.643413708078663,0.8395078310406876,0.004681591188057077,0.026820963579859743
2004,-0.3760598319133514,-0.3217192811607104,0.6436039690004323,0.8395458581041035,0.0049382486435996945,0.028665044315784007
2005,-0.34759277595242327,-0.306933306934825,0.643733496141628,0.839652225259755,0.004736339490034748,0.02749226092240635
2006,-0.33616158027547566,-0.36089788301562864,0.6439090713321596,0.8398902899937408,0.005002231208844295,0.030509956971434708
2007,-0.4376752872272852,-0.33932255394853483,0.6441281401403726,0.8399312133166886,0.005339982756183336,0.02889891936550282
2008,-0.43371717939695814,-0.3776344061698222,0.6443111979740577,0.8401372288677599,0.00531202173898252,0.030050134407697344
2009,-0.3468727749570767,-0.47869372023440593,0.644494345898181,0.8402713825855307,0.00478466528452273,0.03813524267946082
2010,-0.4366709338442023,-0.3979400777359966,0.6447344989630859,0.8405316332190299,0.006039476110375887,0.02965101759011609
2011,-0.3862619793835953,-0.42261156476813677,0.6449101208777277,0.8406362392689124,0.004889690728617193,0.03370637137475699
2012,-0.319058827723106,-0.30342968413884597,0.6450337491010357,0.8405842074725562,0.00475370991507619,0.02819004079734788
2013,-0.49102986870187454,-0.36985981332728746,0.6454284925468613,0.8405552648255727,0.005524113885628509,0.033992702440662124
2014,-0.31648045316777657,-0.29429419445609345,0.6454936367185732,0.8405942285852002,0.005503341840755462,0.03036990098865822
2015,-0.31652893341447363,-0.35548130347165285,0.6455529263673592,0.8406751894040728,0.004749963585899469,0.02949124487343162
2016,-0.3028040479251418,-0.33586565034378735,0.6456926579298712,0.8407442377025052,0.004849902759476373,0.02866054391854918
2017,-0.38319607465840466,-0.25525624046637946,0.6458675633405799,0.8408756642670941,0.004868289227246622,0.020613861130428884
2018,-0.3844520184000854,-0.2931358815434261,0.6460830425229712,0.8409201969381325,0.005570836009282496,0.023595413768832958
2019,-0.3410179562377009,-0.2695608692081083,0.6462218087522836,0.8409210864143465,0.005060208320463727,0.027170921083200333
2020,-0.32149173807708464,-0.31124422536659063,0.6462365766311404,0.8412419774082671,0.0051513676284503755,0.021562082635300885
2021,-0.3219318472739945,-0.2557013352020164,0.6463722430931543,0.8412910100197544,0.004645861120495807,0.02486490636786075
2022,-0.32571619891722126,-0.3613818379126318,0.6465076407808221,0.8414156434193861,0.00491533689402631,0.03193408213923316
2023,-0.3447719936351035,-0.3077880529700332,0.6466002666941311,0.8414410925919884,0.005535883906522406,0.026295683740992677
2024,-0.3183505303895436,-0.28047379384522314,0.6466801551673258,0.8414613389157836,0.0051031518102156595,0.028762855749706516
2025,-0.3312167850012603,-0.3290931545400628,0.6467797873698574,0.841543283461558,0.004935737840609165,0.02965157381333781
2026,-0.3294547121995779,-0.249505969978027,0.6468878299322833,0.8416830023023524,0.005119823388692943,0.02358760475564479
2027,-0.40259682256389123,-0.32952163701922726,0.6471187825168001,0.8416758822917393,0.005399145672223916,0.030175032825045467
2028,-0.5771492674267834,-0.3746184491015727,0.6476560932814127,0.8418526747925211,0.005961665607253392,0.032635752589870365
2029,-0.40441656034306983,-0.31655579795500455,0.6479166590640246,0.8420902665001273,0.004593098576764144,0.029219921776388078
2030,-0.3478294199010838,-0.3414390554918689,0.6480043279047755,0.8421449433957131,0.0055503053689720415,0.029922075905182623
2031,-0.25994053385183497,-0.3584779013472356,0.6480448842430296,0.8422766284279888,0.004955610810666385,0.030468717782805528
2032,-0.4623952289547211,-0.3253872274037358,0.6483357157349808,0.8423346388964411,0.005399315132996114,0.027313153625079325
2033,-0.3137069956392206,-0.336124890747422,0.648463190123565,0.8423315537891547,0.004952953232699202,0.031419439254047575
2034,-0.36874611121922735,-0.3139761548154135,0.6485464965258242,0.8423447522725622,0.005129712519024378,0.026785214126370728
2035,-0.3360265955572572,-0.34022330993034244,0.6486786168911349,0.8425190534294079,0.005306160012151225,0.026421619283976024
2036,-0.37242573217205516,-0.32763506629923334,0.6488210141323084,0.8425590421456689,0.005619209067214678,0.03017747443120573
2037,-0.32128447460951054,-0.3009992351215853,0.648954358321165,0.8426656987202754,0.0046727549362708485,0.03176004636440802
2038,-0.3536057857280453,-0.3405355420260515,0.6491312225774336,0.8427423215172232,0.004805750840867853,0.02820397827565476
2039,-0.29035477209088434,-0.3445986015828166,0.6492052884803875,0.8429299059501082,0.005172990544702226,0.027586154846748565
2040,-0.3678557206232502,-0.2703090535273708,0.6493013903353954,0.8430553305828359,0.004902512746833626,0.0218883331944
2041,-0.3739267304619023,-0.25931742769786204,0.6495056058762775,0.8430451195151208,0.005155536401268362,0.022532832877966483
2042,-0.2972957217478094,-0.2796563662462901,0.6495385687661115,0.8431223456092507,0.005108749570985092,0.026607575716091635
2043,-0.31057083646885725,-0.31691390594683244,0.6496213102125598,0.843195718267117,0.005542465402573136,0.031096192291047313
2044,-0.26811170826017805,-0.3761467058529289,0.6497010717016244,0.8433114105350884,0.004314261934673697,0.03292282696404155
2045,-0.33459618613546654,-0.33756479178958865,0.6498245919545792,0.843418380667902,0.004661313371198292,0.033041106780896
2046,-0.3144863417817895,-0.27640597116444476,0.6499406683978115,0.8435285779359226,0.004333275448803136,0.022539905941134555
2047,-0.48908872608823156,-0.36393672808814376,0.6504002323230296,0.8436888515860019,0.005673178981707735,0.026904290581730536
2048,-0.2871075617916809,-0.2745898170696953,0.6504679284751964,0.8437673424851421,0.0048559892985909035,0.029490458396475253
2049,-0.4103245673016077,-0.2603061272172344,0.650610284325114,0.8438283197630045,0.005403800506577249,0.03034232814461363
2050,-0.3998712752401113,-0.3963421944074639,0.6507694241389067,0.8439832268964449,0.0055868382096157495,0.029110373900663202
2051,-0.41373282714697346,-0.32331502306653365,0.6508648420498679,0.8439895588907057,0.005414912896664567,0.03196716218681118
2052,-0.3441238800212462,-0.2531861252708465,0.6509827293723316,0.8442143944210142,0.00490167716539453,0.02341782387863885
2053,-0.45710770194307293,-0.34355965043001807,0.6512990372765208,0.84436478412659,0.0055428873243308216,0.02921021083101833
2054,-0.30977782672350124,-0.3586205371141448,0.651425793299043,0.8445080968328563,0.00482090337737254,0.029781900982651238
2055,-0.3500968823148692,-0.2963359612066018,0.6515338995719989,0.8446527079237128,0.004926970626088986,0.03089781915420114
2056,-0.310058456664144,-0.392652735689882,0.6515953545868249,0.8448365971702472,0.004840699310677785,0.029124250698804387
2057,-0.3240352500033771,-0.3542911236909772,0.6516364254831635,0.8449928677107611,0.004589587623498657,0.03147044295206586
2058,-0.3222233861485164,-0.3673954705264763,0.6517015529874894,0.8450667118277455,0.005029522832131282,0.030940436510943973
2059,-0.420716658586467,-0.37493003378445866,0.652019147330446,0.8450992063920861,0.005002901048332023,0.03062328992793775
2060,-0.3261204745190514,-0.4236832139475772,0.652108392891659,0.8451864325703659,0.0059486311533638765,0.035677545385007774
2061,-0.3531669905450763,-0.2522242275127722,0.6522982470389256,0.8452379746971835,0.004938027128020136,0.023714862932083636
2062,-0.3449401274570455,-0.320715523015052,0.6524206026443137,0.8453050989274848,0.0051746414365272195,0.02844304875212159
2063,-0.31684982442047055,-0.34746480392784185,0.6524551377217972,0.8453727636802344,0.004513049820817203,0.03050379971192383
2064,-0.28769279186668817,-0.2607949315176583,0.6524810261781332,0.8454381675532914,0.004810101765906537,0.025803167435343465
2065,-0.3410961390762077,-0.371025674714264,0.6526371798226474,0.8455116693902585,0.005117998631990698,0.02532860225135014
2066,-0.37586170808496405,-0.33781709786997693,0.6527276179786521,0.8457121138089606,0.005324295570708676,0.029448048487250616
2067,-0.3712993567894579,-0.3159013947350458,0.6527801508914293,0.8457523760482637,0.005352817426694799,0.02882152851666403
2068,-0.30961544595712504,-0.24945386715018403,0.6528586203142188,0.8458063531130483,0.004792045266543405,0.027475155052183245
2069,-0.2943230336970773,-0.2606644810448762,0.6529506901160195,0.8458381688155543,0.0045694656866207455,0.02244405241656457
2070,-0.3293835058539169,-0.30127235725865603,0.6530622360362934,0.845919999479515,0.004898881989238912,0.02351554638688763
2071,-0.2844263549306888,-0.3373411682031322,0.653176595480121,0.8459452732373018,0.004209623233325679,0.027301700110894472
2072,-0.2926893149605569,-0.3594650650940432,0.6532963096265447,0.8462217217252567,0.0055726265143656506,0.028023796657524382
2073,-0.3197015589370864,-0.3350308857434122,0.653333595273006,0.8462777639838717,0.0044196459267530465,0.027931316516612896
2074,-0.34764730273190936,-0.3073489743041665,0.6534962641639512,0.8464123470289149,0.005015671460861251,0.02328709121614086
2075,-0.32431997958395137,-0.45880858063063296,0.653500588559754,0.8466654658612813,0.005197754708399582,0.0366777948455085
2076,-0.3677244227539035,-0.31060708287202154,0.6535566242762159,0.8467132389945271,0.004522946215957378,0.02849918868036578
2077,-0.318633259362199,-0.3482743668755858,0.6536611350222584,0.8468459741422376,0.004860027457045853,0.03056404133899394
2078,-0.3434560715208511,-0.4301794045123192,0.6537519697676374,0.8469752071780391,0.005002983840801038,0.03340118615803148
2079,-0.3449793127056797,-0.3276833560668351,0.6538670135895622,0.846989116789618,0.005105480022013127,0.032284518461236485
2080,-0.37049298861305485,-0.38408509150461484,0.6541162802641731,0.8470082738648986,0.0055796794636417445,0.02887486834729825
2081,-0.39930620346824014,-0.32417627360832485,0.6543405741884785,0.8471473299774882,0.005013102562709793,0.025791145619426453
2082,-0.37636893053442827,-0.26035020930048935,0.6544577591568226,0.8471798513726946,0.0047844119189569805,0.025281426665142475
2083,-0.2943131383208909,-0.3204969146600632,0.6546001668039433,0.84728877464132,0.004354675952252643,0.029574531200149516
2084,-0.3475511283213783,-0.34354896934962814,0.6547686372087042,0.8474518028849601,0.004428722855118243,0.031205474099277132
2085,-0.3922873726783747,-0.39219862760487945,0.6549211838968636,0.8476453552732252,0.005022127181384076,0.02706347455825854
2086,-0.31848179829107515,-0.31301504758404286,0.6550070903567263,0.8476898043373663,0.004980082876977184,0.025728657393911687
2087,-0.4122825567402208,-0.25514384424426395,0.6553633995476047,0.8478321352241046,0.004536591484247598,0.028056559440846642
2088,-0.28227479175393716,-0.3003296282097202,0.6554358670178261,0.8478611132707883,0.004774301516859148,0.027482629786979587
2089,-0.2333381304592071,-0.33466744984446845,0.655469963639091,0.8478821084571699,0.004658405357595538,0.02909739068886485
2090,-0.3273462624153168,-0.4250493619881365,0.655544515505347,0.848045719847975,0.005060121484633047,0.03649044144879789
2091,-0.46083289164525093,-0.34006760276259596,0.6557766460861105,0.8480085622456589,0.0052197924637529544,0.033006796629675234
2092,-0.3048624656570101,-0.29929341976125573,0.6558684042789881,0.8481036390812474,0.004562156289541204,0.028175137879224908
2093,-0.36655650913466475,-0.30722100676283903,0.6559750650043633,0.8481906399398628,0.0047597169861748135,0.02898567270332823
2094,-0.30188174227550757,-0.3551808362124058,0.6559925673624386,0.848266614562854,0.005175593432786431,0.02824156713915702
2095,-0.34998752629527474,-0.2447396890050219,0.65611279514087,0.8482557624302254,0.005136604555357904,0.025380961052316298
2096,-0.35011804568854243,-0.3381032274920161,0.6562233046612561,0.8483736056686872,0.0051391930612602115,0.032020735075675454
2097,-0.29409192952910573,-0.3754549549799044,0.6562360976913484,0.848579690118504,0.004990870304763071,0.02670365611351142
2098,-0.3435691048731815,-0.32460218328927865,0.6562849688155298,0.8486999220737409,0.005060982748288342,0.028250129912521876
2099,-0.4182567700896503,-0.34621605057955873,0.6564511322268952,0.8488122712441776,0.005167881839157292,0.02835060075883961
2100,-0.381124716574142,-0.3188268449796059,0.6566375387322148,0.8489958672578191,0.005217026189190917,0.025921423667741868
2101,-0.3198314505407488,-0.32723415207018364,0.6567403859938674,0.849026869033408,0.004268336385738555,0.03086648496304143
2102,-0.29076969412710946,-0.30345865759559376,0.656786708752923,0.8491347630643851,0.003956967310175606,0.031332407460486364
2103,-0.2955385118888344,-0.40719919378539793,0.6568904695302952,0.8494246950456295,0.004686401190491811,0.036030994745337414
2104,-0.3759514904399372,-0.333537197217633,0.6569883635792528,0.8495135546735336,0.005442539735106338,0.032183583844843544
2105,-0.3463732545994455,-0.33084765639996294,0.6570836030991543,0.8496164813024624,0.005292586513571904,0.027181716869917195
2106,-0.3221190034517172,-0.3952837447082093,0.6571992341036906,0.8497008654866565,0.005169246620584576,0.03722807856289525
2107,-0.3624174512440198,-0.3067689107329493,0.6573455237522039,0.8498848683863333,0.00546167805132994,0.02825456721708992
2108,-0.4269775233668423,-0.3628618519202646,0.6576333961374998,0.8499213099851194,0.004942646656282343,0.03292149187899855
2109,-0.3099188025459329,-0.36530910007829126,0.6577527296090531,0.8500052010164378,0.00491910719398576,0.026325530542902743
2110,-0.32175916574318253,-0.3335658584316358,0.6578472085408891,0.8500480749151573,0.0048048083789631706,0.025012303992818233
2111,-0.30595140252157615,-0.30447606618071205,0.6579300870415341,0.8501841772334151,0.004683649799446497,0.026659819231881023
2112,-0.423873377321891,-0.2525637059731434,0.6580814547954732,0.8502584565063168,0.00569749158679934,0.024692533960307784
2113,-0.4124340249525785,-0.2764060331462359,0.6581530013768317,0.850390207026108,0.005597948851674885,0.02441972882165573
2114,-0.44510679235438816,-0.3323044134257883,0.6584179760531966,0.8505826289251084,0.005008845359271697,0.026435678653379126
2115,-0.45975043964991774,-0.3433255168430731,0.6588041024698749,0.8507132074446138,0.005199950069614432,0.029677639885768815
2116,-0.3449732719090586,-0.35537798273714205,0.6588888506478768,0.8507954286248455,0.004833991107069702,0.029801055882276585
2117,-0.3584050689703919,-0.3002336254226042,0.6589467086573011,0.8508875891815969,0.004982831748954426,0.02801876750654479
2118,-0.3452345436708775,-0.41767971207106097,0.6590797288977618,0.8509267739184169,0.004884280861371282,0.036527668459481105
2119,-0.3857293477824795,-0.43882374130384877,0.6591727312396526,0.8510484570601905,0.0061232533239938295,0.03490040089425679
2120,-0.38029081171378204,-0.3554452080386135,0.6592527558210624,0.8511141080261196,0.004936715461920493,0.02686049177739032
2121,-0.3796001662767954,-0.38235030061016123,0.6594116525301917,0.8512383769935329,0.004754211714418738,0.02847894348321391
2122,-0.3183628100164131,-0.3459857943624069,0.6594891136771833,0.8511792176713777,0.005118754868393729,0.03315064517175068
2123,-0.27221666425362,-0.30334419227355375,0.659548544803506,0.8512517212079996,0.005050809462062111,0.027326266364170803
2124,-0.3251540418626906,-0.36070354526033266,0.6597217503542079,0.8513202727960051,0.004965140380404239,0.03098464300298061
2125,-0.29080667049987485,-0.3020589791663063,0.6597855876161265,0.8514978858441249,0.0046270005520879535,0.025735744474204875
2126,-0.4779389838668743,-0.30407722221189615,0.6601256038461429,0.851537013708253,0.005077450851451724,0.028437732531061265
2127,-0.37010454089166,-0.37147705684002374,0.6602265247422071,0.8516698453745772,0.005086680026849272,0.03071439039077363
2128,-0.440159868491939,-0.37860958504439723,0.6604196654351722,0.8517768076087314,0.005512895207235731,0.032036224117382536
2129,-0.4475675567547192,-0.2875391395125649,0.6607289175372194,0.8517518316067911,0.005505116790824569,0.026289948183343334
2130,-0.3928401743280713,-0.33181017751478886,0.6608361584894634,0.8517730674940521,0.005399230940074548,0.030839381872887536
2131,-0.35715782520234224,-0.271969797998073,0.6609364307844584,0.8519156033680377,0.005294658955883908,0.02680471926074578
2132,-0.2716749624102546,-0.3009698372713512,0.6610002536060018,0.8519601699289329,0.004828158010492051,0.028148679170099736
2133,-0.37209314470661375,-0.36039210265960625,0.6612338379735814,0.8520596287527971,0.004877718012114197,0.030785253786477233
2134,-0.3531185875025566,-0.3221109356762176,0.661303872233454,0.8520469671321915,0.004828732329208033,0.03261072147289796
2135,-0.25839275133161005,-0.323409662936343,0.6614090256948997,0.8521705642114772,0.005156281083628926,0.030616683159065062
2136,-0.351510859905807,-0.3055873872794843,0.6615910636212124,0.8522307129485,0.005357200156340765,0.029643831693029764
2137,-0.4026239438890308,-0.3893733105700587,0.6617382634521676,0.852451790277241,0.0055687802391903175,0.02898799031300102
2138,-0.35858856849982335,-0.3620493425982463,0.6618283693511803,0.8526183965566434,0.005649270073422786,0.03357538208839976
2139,-0.30324920519754495,-0.2770894342528781,0.6619327130702229,0.852635009907881,0.004512008098114487,0.02360326180353002
2140,-0.389759566781146,-0.30848823682953247,0.6621705994972522,0.8527235332115315,0.005443132188446685,0.02889218015418258
2141,-0.39269697936769604,-0.3341020516070157,0.6623495983762692,0.8527327115104927,0.005497349756166675,0.029026788953025406
2142,-0.4147049828335251,-0.33935373815213304,0.6624718192256355,0.8528000961917908,0.005726141296862375,0.02231463828339884
2143,-0.34205195112554715,-0.3122066977658184,0.6626175449736478,0.8529326492966904,0.004936043747878489,0.03139796267814285
2144,-0.36465820401228805,-0.32211543985478863,0.662745384193713,0.8530922710402754,0.005320344672378554,0.02836844976740111
2145,-0.3194282710345959,-0.32396599113698665,0.6627885068287628,0.8530818064270667,0.005273632459520943,0.03330375390372148
2146,-0.3307128410926881,-0.34490600202544713,0.6629463207359991,0.853120218784538,0.0044963143874835855,0.02804836653507509
2147,-0.289838977568729,-0.3622920333883536,0.6629902506921603,0.853239438304597,0.0045697768266162305,0.03144796067965119
2148,-0.2878266455770058,-0.33360420859137624,0.6630394262750701,0.8532716026147429,0.0045975475883654705,0.033529481979338714
2149,-0.27705690493854107,-0.32866330196498655,0.6630747746497262,0.853440110146149,0.0048696030454602685,0.02786297722248067
2150,-0.3310452174340981,-0.3162901906490707,0.663241706039661,0.8534961606315401,0.004599343122094575,0.027410979978796397
2151,-0.4187965892850898,-0.32337752130550124,0.6634436983693683,0.8535885690047816,0.005803975815942929,0.02371174925088198
2152,-0.3808429740513451,-0.3109596290021749,0.6636307124277179,0.8538354831589566,0.005136787189072879,0.02955917582318566
2153,-0.3431268570534474,-0.32556675785074396,0.6637904243462328,0.8539453164092304,0.005217651714255163,0.0286043905276562
2154,-0.31274936366461087,-0.3314749127682014,0.6638619409301615,0.8539073285987495,0.005082224426539374,0.025576253823916827
2155,-0.34680629573872274,-0.3298066401788402,0.6639425025045121,0.8539724464465617,0.004958655079534029,0.026080763809222564
2156,-0.3852093140784476,-0.280765677001189,0.6641485876131191,0.8539446910194359,0.005374405446860087,0.024908244902360117
2157,-0.3463337256223159,-0.33401891647287457,0.6642253963023653,0.8539348290648663,0.005015117534270837,0.02965872642351038
2158,-0.29647272181448436,-0.29728915699641845,0.6642722273872096,0.8539344763001275,0.005727624016569815,0.02500666347916207
2159,-0.26209834055619713,-0.3435584839152978,0.6643787691176479,0.8539149154053167,0.005026999881557768,0.03249413318453229
2160,-0.37275926656629405,-0.28755970909194883,0.6644277015511608,0.8539494065502379,0.005060235540783962,0.027601389114656545
2161,-0.28955860539275846,-0.36925896712076695,0.6645506160338099,0.8540338228938108,0.004595313255320359,0.031453331628504055
2162,-0.27200279413332795,-0.3636478164659304,0.6646047086132865,0.8541185690400894,0.00497358611938189,0.036018792292276454
2163,-0.27899450339716253,-0.3556074743470995,0.6646697641076467,0.854117890117262,0.0044534845428518145,0.03573685354548155
2164,-0.3495132304664236,-0.36034623107971875,0.6647264392165615,0.8541445540018832,0.005177507052460223,0.03134772127719589
2165,-0.3665530724275,-0.38978752901450026,0.6648826527412351,0.8542590419358864,0.005520151043620624,0.03266664774539719
2166,-0.324360754931142,-0.36205078290733356,0.6649475242365263,0.8544668990434451,0.00491956694638493,0.03131315961306015
2167,-0.3390809632999903,-0.2927847013251221,0.6650445419249515,0.8545966634753911,0.004982186471642753,0.025372054761395
2168,-0.35928016603392116,-0.29508468676286315,0.6651017398286988,0.8546285062623843,0.005377875008387638,0.0236291821837358
2169,-0.2796618167091375,-0.35312587400723944,0.6651425691758888,0.8546708331552,0.004844094661691045,0.0341704485940296
2170,-0.40054995910195507,-0.3407624785386606,0.6652361908259609,0.8547608018454471,0.005592436770687523,0.026970865239125303
2171,-0.3147475948468805,-0.2964865643809798,0.6653748371797134,0.8548723730755479,0.004659045507377691,0.02621018403398575
2172,-0.32018587071888543,-0.3291772751125546,0.6654592828736083,0.8548960542351649,0.004630640988646552,0.0300670042985947
2173,-0.26726562345773347,-0.3266831979639727,0.6654777628308483,0.854951030180022,0.004876720735795514,0.03419675672417278
2174,-0.3360075525614892,-0.33542836648023366,0.6655220297290773,0.8549172483871507,0.005111952314068086,0.03363021494947042
2175,-0.40592857202836524,-0.3296118871826577,0.6657610697783258,0.8550240632972063,0.005059398572382544,0.02562335161431404
2176,-0.3681137580252816,-0.37224897159533715,0.6659088615060371,0.8552547020468845,0.005585906360012335,0.02799698905668782
2177,-0.3180577662498838,-0.40010277538381683,0.6659818856375025,0.855379957802522,0.005054521807589765,0.03463387406502884
2178,-0.357653853838332,-0.272893770169396,0.6661391704027559,0.8554137288227968,0.004948105787447167,0.023650226206067788
2179,-0.3582365131123325,-0.34893786967681467,0.6662400873508326,0.8555457237678179,0.005598840246152245,0.027104648144401017
2180,-0.4712304456888904,-0.34174358031318286,0.666521904979691,0.8555607825624477,0.005342140147369417,0.033872608366670554
2181,-0.3035409485893469,-0.26869002092020217,0.6665537178429053,0.8556219080057434,0.004849885700738035,0.02970291388500722
2182,-0.24912824969911154,-0.26998300707763884,0.6665987314399714,0.8556738599507389,0.0053736036391838,0.024518207185114153
2183,-0.29001095748110073,-0.36200399710525777,0.666661358494831,0.8558007415058749,0.0050770813827966275,0.03294781079453357
2184,-0.3552850374492125,-0.38381429875194656,0.6667821653399679,0.8559817560760931,0.004706426661422477,0.02885006449158704
2185,-0.36799717882145,-0.3089546996666253,0.6668532021865503,0.8560692327012602,0.005310014152400858,0.030211971696303394
2186,-0.276107003875421,-0.2944771274825156,0.6668985209894246,0.8562026204710299,0.005054243003162718,0.02498603816155062
2187,-0.3362611940397009,-0.38057133212939687,0.6670483485465619,0.8563251148231407,0.005062743223303033,0.0273352357702947
2188,-0.37271538764679485,-0.3373937315218589,0.6671307052936221,0.856419066095937,0.005781430727750475,0.03263666095062239
2189,-0.2563791575770459,-0.2782375045203796,0.6672135451403275,0.8564430978972211,0.004537425895634576,0.029146883177317826
2190,-0.2303285958390394,-0.30612001707769354,0.6672707377243853,0.8565388157395231,0.004937937822466514,0.030098266196036113
2191,-0.38468902132417526,-0.3804528849181983,0.6674324790145741,0.8566551051796716,0.005785643930696361,0.02966572854704941
2192,-0.2739964222547446,-0.2641979943996541,0.6674733886981021,0.8567796888188829,0.004871331414237196,0.02431805913205385
2193,-0.29457915164315673,-0.34555305201322833,0.6675392137678695,0.856829762164711,0.005053048791600335,0.030448156268090863
2194,-0.3378107161002636,-0.3512781030802611,0.667614838990209,0.856867400151564,0.005326160849483887,0.03710737308208691
2195,-0.37228499365148543,-0.4120443081190857,0.6676898932960736,0.8568610289391785,0.005278736274759551,0.03949757377345946
2196,-0.366487136263064,-0.39159943414260273,0.6678651749718785,0.8569366016912057,0.005443099552051949,0.03673997103523126
2197,-0.33684332665056466,-0.30208227436447843,0.66793612349549,0.8571267901580364,0.00507785376706759,0.02445914864949882
2198,-0.32798859633102845,-0.2628496327836309,0.668003278208706,0.8571961349617262,0.005444523874040742,0.021061466441438192
2199,-0.3838357963975097,-0.28939967595042887,0.6682108729632779,0.8572462611515893,0.004722674815228163,0.030032229738472777
2200,-0.3513262352891642,-0.28927872222133033,0.6682941739524295,0.8573417477531967,0.0050920619947463445,0.02829897987547826
2201,-0.35864898119488525,-0.35152217546236075,0.6684381803147444,0.857392679313853,0.005283684059659732,0.03516396275867759
2202,-0.3550660609852258,-0.3172961354850945,0.6685405432140413,0.8574813109676208,0.005385121964309933,0.029431992811343597
2203,-0.3717030179983704,-0.26975601716083014,0.6687773131412368,0.8575323506217538,0.00508197066628201,0.022024026338575274
2204,-0.292937890424518,-0.3786016746900324,0.6688590607725967,0.8576203403518883,0.004713766494880834,0.03587571800263657
2205,-0.28780739103275066,-0.3970399782027685,0.6689081995887355,0.8578131699389606,0.005272036447098988,0.03313427601682798
2206,-0.2665147483781834,-0.2736522577367455,0.6689773632201713,0.857962198039301,0.004764069349951925,0.027430272025300684
2207,-0.413635046097983,-0.33432321724871006,0.6691537116165273,0.8580451658602414,0.00559915536341445,0.028451037561028947
2208,-0.47443328232194537,-0.2763830353994278,0.6693626203236358,0.8581331880629395,0.0057717113425697795,0.02211217781892707
2209,-0.3045270582582887,-0.3100340703910204,0.6694560216082904,0.8582731656632142,0.005162134766564924,0.027275575458206972
2210,-0.27110031532446127,-0.35350740740876097,0.6695321166006829,0.858475936055496,0.004798837938373722,0.026443806135645533
2211,-0.3839461119368242,-0.41498298889577345,0.6697807633125654,0.8585255579173611,0.00526368289176839,0.03370666587174949
2212,-0.4051149980856415,-0.3760726685221125,0.6698564466921304,0.8586267900121762,0.005673522579429622,0.03400968845399363
2213,-0.2475722138971556,-0.37634538605621687,0.6699107051129618,0.85870001040547,0.0049914045255817245,0.031072560630451693
2214,-0.3679092978837311,-0.30621409801918426,0.6700333042066207,0.8587382608313027,0.005037580719833957,0.02973683673400222
2215,-0.32999636183178555,-0.3098177438509628,0.6700955036744766,0.8588091032956504,0.005475127369728444,0.029614091765895266
2216,-0.3535493851402489,-0.2934800183749598,0.6701925204947531,0.858836553745892,0.00493232880813752,0.023796413933100058
2217,-0.2737329454639393,-0.33613323067332135,0.6702316525151256,0.8590432622238012,0.00508456411512764,0.02764749653090769
2218,-0.2799231812144772,-0.3557968354316447,0.6702841943303062,0.8591760029146548,0.004906131429305002,0.02987851413079438
2219,-0.2601561597781236,-0.29473979216567814,0.6703434791457804,0.8592902143073008,0.005212119948808008,0.018185545539644583
2220,-0.44082903559284714,-0.3112776071537952,0.6705424217262814,0.8593172182840677,0.005637609499274511,0.027791895688793512
2221,-0.29824093213112096,-0.27117745046735553,0.6705522521353562,0.859371023391659,0.005123386560069461,0.02654619519184172
2222,-0.2988555676832002,-0.30705856163175144,0.6705873820387926,0.8593964423922472,0.004874476279536625,0.02830360984551091
2223,-0.3614724378023957,-0.46235703082488233,0.6707375095364285,0.8595842483894526,0.0047608695613344815,0.03614589093760948
2224,-0.3277002285859478,-0.3139193978965841,0.6707518605499987,0.8597527729058226,0.0052644350783111514,0.027824435794759992
2225,-0.3627443832869874,-0.3031634845045634,0.6708937852508663,0.85978416937048,0.005683288201740253,0.02543529499671346
2226,-0.31170229103173436,-0.3646311071024367,0.6710119387803977,0.8598229645667842,0.005102151275808042,0.0276545522022463
2227,-0.3833470759889474,-0.31195284561553416,0.6710903376797077,0.8598675379802935,0.005154990811520618,0.030920634394792527
2228,-0.3579776881581192,-0.34849490701089414,0.6711904984407638,0.8599494974689276,0.005385896674235176,0.03690429202915527
2229,-0.4257385848219579,-0.32953984410227827,0.67145540998953,0.8600377008998692,0.005705390752331962,0.02767785700257868
2230,-0.39717113054795883,-0.3091962606514197,0.671671180262216,0.8602058052704165,0.0059969120809824205,0.027499563432200134
2231,-0.3284879515658422,-0.38808150064979247,0.6717584157089735,0.8605250278462647,0.004483016580501994,0.029354134689118537
2232,-0.3994133760311048,-0.4037806778955458,0.6719634873667089,0.8607283425504727,0.00480789010339628,0.03497474477069953
2233,-0.33287746941256946,-0.33027302985268453,0.6720909820441618,0.8607943082971292,0.00517608251954327,0.032663251165002134
2234,-0.287678093002346,-0.3171799551296119,0.6722429453342739,0.8607578091067838,0.005307852133122819,0.029215632195639687
2235,-0.2854877971366106,-0.35374531798635145,0.6723771664981703,0.8608116304009986,0.0044465726610517795,0.03292378573590641
2236,-0.30712113728773677,-0.28946888561605444,0.6724425637008512,0.8608395408358023,0.004449758048620635,0.028282449009969603
2237,-0.4039862696920957,-0.30640892583072876,0.6725760141021415,0.8608778471776992,0.0053863032006603515,0.03017050538671878
2238,-0.3537885182334458,-0.3095330724577059,0.6727306138773741,0.8610499134724157,0.004737899554324946,0.027407268165309372
2239,-0.31075344519775305,-0.37344730952622524,0.6728292623498956,0.8610749175100306,0.005038709328159607,0.0275757657367921
2240,-0.29473594635665756,-0.3142758417165716,0.6728728165905896,0.8610227978441745,0.004650193164939972,0.033009431341171375
2241,-0.39400996924019477,-0.395495530740769,0.6731326375474319,0.8610437506143963,0.004636109887049255,0.03431657771493598
2242,-0.29152542303445694,-0.25797205987431526,0.6731961745324623,0.8610576853779888,0.004479085530809815,0.02306232944555263
2243,-0.37608809244362895,-0.2774892817036541,0.673291956608262,0.8611439461281305,0.005324238523520318,0.02456447685168078
2244,-0.3975999801473981,-0.41065326765193344,0.673427875328129,0.8612209541006484,0.005180557417039699,0.0310395921107611
2245,-0.3628773349540966,-0.33610167201950925,0.6736149861019822,0.8614350777528239,0.0051635236865642704,0.024885895546332592
2246,-0.3957748771528236,-0.279064417939117,0.6737962162494586,0.8614854242988672,0.005991916438145884,0.025102003331167338
2247,-0.36891896823143794,-0.32154050689319796,0.6739553204719865,0.8615399651227365,0.005051400270677758,0.027487842274230553
2248,-0.3272977018290452,-0.32768065069620217,0.6740076666465415,0.8615394255080817,0.005075287683620622,0.027898742955815545
2249,-0.2791706477747777,-0.36149440381647757,0.6740406438816235,0.8615425311896794,0.004163851567511687,0.029908803522141175
2250,-0.4597944297420988,-0.28812738841670427,0.6742580908125613,0.8617183543753357,0.00574688895906584,0.028787311835947446
2251,-0.3156984162144527,-0.35676071112263535,0.6742832891910818,0.8616980745058206,0.005156860138374885,0.029187285707954813
2252,-0.2711209217735603,-0.32798463551334645,0.6743200631431107,0.8617414301700668,0.0044870811421047095,0.025912473040726854
2253,-0.29800940453078123,-0.37839941753303136,0.674361239823019,0.8617686858700979,0.005251363934854917,0.02856959705743059
2254,-0.3319643285490527,-0.2629088886769978,0.6744385268917792,0.8618401533950246,0.005304391829802027,0.023525118082596747
2255,-0.4408188271634442,-0.39023545788885294,0.6747965867491674,0.8620143370856302,0.004922988099933471,0.03772307372623846
2256,-0.24977494359972535,-0.24193430619680126,0.6748631751751502,0.8620595307208557,0.0046141688794688876,0.02688363437647091
2257,-0.3822506075023676,-0.32359487976621215,0.6749024569853053,0.8621466303284684,0.005530671548900989,0.030119348161159642
2258,-0.40503215174938023,-0.30225079401363847,0.6750202538006266,0.8621484977648098,0.005974855092088881,0.026874745428731504
2259,-0.30766522557462317,-0.2991693268529988,0.67505700525542,0.8621952465398887,0.004709833060319151,0.02536693127647528
2260,-0.27411103929318736,-0.33997610565425374,0.6750926779922103,0.8621659628509828,0.005076200127290143,0.02851221445097061
2261,-0.41210422829868754,-0.27708860274670133,0.6752378998633795,0.8622472683814635,0.005736921454697702,0.024057951762419927
2262,-0.39000534859420405,-0.37908674210720433,0.6754912461745388,0.862249772036621,0.00540311318878682,0.031690978633158166
2263,-0.3860803837087022,-0.3129004653712232,0.6756013423101734,0.8623212312933194,0.005679064858325975,0.02696671179120462
2264,-0.2997896132753115,-0.345157920721574,0.6756707569462732,0.8623385778241633,0.005185868571385118,0.03407428025126935
2265,-0.4057651228701462,-0.3613301145744982,0.6757327132687136,0.8624180073083412,0.005763268587828404,0.02629434144067035
2266,-0.29228972879135334,-0.28643932981048775,0.6757879235489898,0.8624367640119385,0.0045694848012313855,0.028731482185341446
2267,-0.3659750755075434,-0.3555044746037644,0.6759334715067246,0.8624034808411699,0.00545246971335942,0.030778924859671423
2268,-0.36814963634856485,-0.29749728422192184,0.6760071757107826,0.8624580328873633,0.005481894999395757,0.029679221954020205
2269,-0.32355240141004027,-0.38058530430711307,0.6760823964518563,0.8624848397144453,0.005286789580019496,0.03512321430089703
2270,-0.2784160870491316,-0.38949647283996863,0.6761552785419914,0.8626379995192374,0.004759977709168421,0.028648787374522224
2271,-0.5167552052980062,-0.3115654727252704,0.6766440787360208,0.8626418841104914,0.005905901704968237,0.023852149742757026
2272,-0.3689125162040001,-0.3394819927491061,0.6768128408121692,0.8627475368808406,0.005179014133519398,0.03369348210632744
2273,-0.3420400675949121,-0.3626801117513885,0.6768440530587293,0.8627848573806529,0.005100853351369531,0.030210416496569612
2274,-0.4271254881501828,-0.34967829753328317,0.6771693898396856,0.8628839372078985,0.005243142031538328,0.032243903683858856
2275,-0.2819741978676031,-0.3311732662371622,0.6772018073384518,0.863000795580007,0.005400383902290229,0.029288063413526168
2276,-0.35791807461936587,-0.32335574029496866,0.6772768310201737,0.8630656782546324,0.004912072091790145,0.027600607910464862
2277,-0.44127550479608285,-0.33926449734904063,0.6777428552913399,0.8632067242572605,0.004929395316376573,0.030725037249171288
2278,-0.4529716151498994,-0.4865851831408742,0.6780186837265793,0.8633655492717404,0.0049191527305876455,0.035813687420801286
2279,-0.3051404326189907,-0.2728664497325647,0.6781111197034737,0.8635004354370707,0.004666707101428763,0.023690452165792974
2280,-0.44310526604514944,-0.25158067987840366,0.67830579601489,0.8635307454383642,0.005724375514208803,0.028646543900308737
2281,-0.3742874319329421,-0.2976660578014286,0.6784516582782413,0.863623374242214,0.0047103867364808,0.025134350031251328
2282,-0.3621301640315737,-0.3135886999637288,0.678694799100786,0.8636258064964009,0.005055641791125799,0.03005291176282616
2283,-0.3203161205149892,-0.3283391511239622,0.6787369560118486,0.8636467761799386,0.00513132058380225,0.025611017478209278
2284,-0.3026794384639883,-0.33393185728985314,0.6788232296045388,0.8637934640918982,0.005263781520750728,0.025934057062040605
2285,-0.3448496679191494,-0.38319604299665266,0.6789199261605235,0.8640046249956598,0.00488388392962713,0.030609307404598968
2286,-0.37472694606163964,-0.3256323126635712,0.679082891831049,0.8640982205264304,0.005347066325677942,0.02897676899766046
2287,-0.34283855986092315,-0.3634435382074539,0.679110887840857,0.8641315686463231,0.005147787337600835,0.033228485465855745
2288,-0.3469245282788095,-0.42367011540412675,0.679190376103896,0.8641466313174682,0.004896926847126736,0.031292842269189845
2289,-0.37359448376658977,-0.3291624740605124,0.6793424662646942,0.8641567250548253,0.0049404128433822615,0.0317565012525238
2290,-0.31065033341618775,-0.37517108499993146,0.6794024560052062,0.8643845619967289,0.005408797252779482,0.03068180571852811
2291,-0.34538390734067353,-0.2957413438653018,0.6794642826861198,0.864545987165011,0.005437410632283782,0.02571467785705959
2292,-0.3949706365946763,-0.34010613613308,0.6795962499108166,0.864578154210523,0.005426898858159403,0.027423376209418683
2293,-0.3895424187849684,-0.32020529971038736,0.6798020750134514,0.8645877047207998,0.005283808885302251,0.0316931678909588
2294,-0.3876785449416204,-0.3032057446031514,0.6799321740683887,0.8645857487219505,0.00488167393598247,0.024052273438320313
2295,-0.35309964579321457,-0.3660828033752164,0.6800936447334027,0.8646064138239045,0.005405164668164584,0.029561368047452078
2296,-0.3984329765223043,-0.26566748963793063,0.6801692673420711,0.864583872795646,0.0056031967999760224,0.0250253807634992
2297,-0.3952059507092269,-0.33605332589191356,0.6802985219483585,0.8646894235569149,0.005143537980564207,0.03336976126114169
2298,-0.41693022072379693,-0.29922700576486233,0.6805224671921946,0.8647204380343858,0.0048905242224393675,0.028437265575958215
2299,-0.4120651814148299,-0.36715048470475214,0.6807765612781551,0.8648321425795412,0.005980196516634172,0.03042277285062496
2300,-0.2865958552575653,-0.35948958255646773,0.6808732911791531,0.8650640824488954,0.004503505484581754,0.028804057293370905
2301,-0.3151880118239791,-0.33274640884277,0.6809805792426084,0.865066235713436,0.005231908398738851,0.033912144956366116
2302,-0.35906680861494245,-0.2741372961804552,0.6811106923587491,0.8650728467684561,0.005435634488866858,0.02554435621771704
2303,-0.48392312742890986,-0.3573676754640185,0.6813213235883052,0.8651839466295175,0.005680267058417792,0.036333232392071466
2304,-0.2574288526125733,-0.4064670816673182,0.6813913811488268,0.8652064168688299,0.004381072546395617,0.033575491669208174
2305,-0.4275075315142458,-0.3327645706684489,0.6815990493544013,0.8652413476793891,0.00623093191377895,0.034118321095621865
2306,-0.28136759273506906,-0.24667149401515592,0.681679483513191,0.8652811597259359,0.004469361656986191,0.023169923910384152
2307,-0.36578466730624437,-0.35388186390069176,0.6818387332680182,0.8655262275135308,0.005354076532806009,0.03130729880037099
2308,-0.3067099904008219,-0.35081576195337527,0.6819042823669973,0.8655884444685932,0.005345661695111326,0.028081846141063706
2309,-0.35369446274069793,-0.38990699869968,0.6819694465656945,0.8656336304348584,0.004617311131688983,0.03352819677867291
2310,-0.3564093170020676,-0.3403629268953546,0.6821444697829907,0.8656794235401613,0.005094500677033897,0.03022747056345067
2311,-0.3214219239521368,-0.40995408479404694,0.6822307132717236,0.8657651735762824,0.005409007320971797,0.03334883087662046
2312,-0.36633369270231997,-0.38835182722713896,0.6823332885918912,0.8659626125699416,0.005437903436207407,0.028045216896321095
2313,-0.3188247052043845,-0.3248738413266808,0.6823753065038489,0.8660608490717617,0.005007450921868664,0.02809758189036593
2314,-0.3457491538909126,-0.29087942763951424,0.6824820547088393,0.8662576049528552,0.005306361914957093,0.02034581082902039
2315,-0.3273381816626396,-0.40141640269824674,0.6825546666503819,0.8664846190563306,0.00478027251066208,0.0361656883617645
2316,-0.3653547377994205,-0.3982015362146635,0.682640454311632,0.8665388058926349,0.005786905062771692,0.035345591234071355
2317,-0.3196028316792607,-0.34484259963398045,0.6826848691901197,0.8666109756302267,0.005424384296570744,0.03225763485904185
2318,-0.4245438262065233,-0.28384352053089057,0.682770839870499,0.8666493926135858,0.0056866852027910525,0.024856543526239828
2319,-0.30169618754444605,-0.29559064618337855,0.6828344297543986,0.8666578097459222,0.005072540523313026,0.03351835629587713
2320,-0.4233686553498878,-0.3085798005730718,0.6829402843025214,0.8666823789237627,0.00646454688038113,0.026331073298772455
2321,-0.36066663428579177,-0.4716891657610351,0.6830940757244313,0.8669083765276764,0.004928739809830271,0.034901349740775134
2322,-0.3594003019063208,-0.269209870214686,0.6833381655511717,0.866890511025355,0.004870208961075394,0.02618951935508618
2323,-0.34125429391493695,-0.31391759217614496,0.6833746617920584,0.8669455313562766,0.006149748792038944,0.0304261086545615
2324,-0.367686032453322,-0.30759153766370523,0.6834017928507231,0.8669691951299001,0.0064384504131710305,0.030755467249471934
2325,-0.31883193706694746,-0.3715704672748708,0.6835392174404087,0.8670331464382923,0.004857166226883418,0.03208785029029228
2326,-0.2946632239125661,-0.3495219937817301,0.6835864865743149,0.8670368630362494,0.004701309713802146,0.030964624591895605
2327,-0.3337236751947503,-0.25298416472976776,0.6837112069309728,0.8670238797308818,0.004694676040578683,0.021329676550082995
2328,-0.39201499516621674,-0.30977181528341674,0.683805191534258,0.8670744309855625,0.004808421053412707,0.026566193646262667
2329,-0.35868648216285004,-0.3043187495845265,0.6839673655632938,0.86719729819095,0.0050447306974777915,0.024207175621011625
2330,-0.282375029777316,-0.37024208990189933,0.6840220471933246,0.8671868393007021,0.005222504844564697,0.030162626395706604
2331,-0.37273714114923867,-0.3676383232507155,0.6841596110468915,0.8673648230873978,0.004949315894353858,0.029615301928929465
2332,-0.3483557743165485,-0.41498116777827054,0.6842748969002993,0.8676016170031762,0.004841430964543244,0.029002320873106665
2333,-0.31407546461927055,-0.3762316508972366,0.6843015118382103,0.8676846605449817,0.005732834542888841,0.033116833448324244
2334,-0.3151652247155781,-0.3843770281855029,0.6843756343041362,0.8676698326386122,0.0054365605910024345,0.0327877592362459
2335,-0.3436644794372438,-0.35682274554498633,0.6844462044473029,0.867770642448307,0.005131749188813862,0.03203204828136726
2336,-0.4063214987102845,-0.32022430193846446,0.6845893922866279,0.8679032145568509,0.0054811492115402795,0.029708273672807026
2337,-0.33573035899090486,-0.2765929804364015,0.6847127140170952,0.8679816089030037,0.005205641170382714,0.021496348377350954
2338,-0.3454510559913459,-0.32526095244581815,0.6848528650831672,0.8681343309042105,0.004830723451485961,0.025643494857867228
2339,-0.2858684587662435,-0.3050065384414126,0.6849709665551877,0.8681725797116544,0.0046249393761017095,0.02538873613335737
2340,-0.42226468758232183,-0.23884136715363666,0.6851681251702845,0.8681579597261774,0.005765369823640517,0.022544943813349105
2341,-0.4471460331570414,-0.33236523873322676,0.6854037105671528,0.8681621785124476,0.005119471378447796,0.03622066582048056
2342,-0.35546652212137597,-0.3200264909779756,0.6854312156278899,0.8681093951078224,0.005282076766322543,0.027425751364309726
2343,-0.31459025524246814,-0.34823393372723854,0.6854921718227245,0.8682477400609566,0.005210500265505182,0.029901854110874437
2344,-0.28875678400086907,-0.2971758973960883,0.6855510710774069,0.8682759936772758,0.004939683716328204,0.02637600586088405
2345,-0.3464946146292624,-0.44720079910954624,0.6856639232583779,0.868259544779692,0.004470644893855962,0.03279629809056185
2346,-0.37847761951501174,-0.3010331586162209,0.6857896836228986,0.8683290012703943,0.005389644179859416,0.029065649345252083
2347,-0.3299426142879004,-0.35457186691659076,0.6858820777057245,0.8684647874164062,0.004882070774111035,0.026113482363082297
2348,-0.37497262583278224,-0.37597246122577166,0.6859968074436601,0.8685317799005289,0.004950339923469302,0.03193545914251218
2349,-0.30638944994333006,-0.2912982394999227,0.686062048964499,0.8686124071180505,0.0051709106654828155,0.030028747725924183
2350,-0.38993691083158183,-0.35511574732984713,0.6862224065656702,0.8687668278272292,0.004640297155418199,0.033367571157519586
2351,-0.45245624536743695,-0.376181787321455,0.686440275970397,0.8688806444081537,0.005894238762310445,0.034518920200717985
2352,-0.36077582275842046,-0.31390671236295203,0.6864696861565865,0.8689597572673544,0.004980513858416614,0.022924584346884654
2353,-0.359615732576515,-0.26579593471009216,0.6865775376177451,0.8690295095520388,0.004896205184598188,0.0236603324300492
2354,-0.3360787836578192,-0.33439282812110294,0.6866310649329708,0.8691254850885799,0.005108926329287294,0.02645909829905706
2355,-0.37544659690311005,-0.2538322556102684,0.6866795304875756,0.8691837527071328,0.005043458027460007,0.02487301295866688
2356,-0.36236099674499883,-0.2859823145428692,0.6867815570407311,0.8692220536935936,0.0052240623538383196,0.02443685663827058
2357,-0.3947046756143172,-0.25460257519448803,0.6869955934231661,0.8692446877738826,0.00449755139634612,0.026359209061131306
2358,-0.25620410099623875,-0.37624160629294967,0.6870163856468715,0.8692402686986083,0.005098361910955809,0.03213439362885024
2359,-0.37267912610718235,-0.32967843461087704,0.6872212368918618,0.8693060651916015,0.005203939448409887,0.02542472834227285
2360,-0.2977534284415103,-0.27854178567745763,0.6873021508376275,0.8693287043561811,0.004468667647652486,0.024939284880634193
2361,-0.3598569602215308,-0.312324911785519,0.6874800069442408,0.8694001343534118,0.005736412027923807,0.029480005705914247
2362,-0.40175492382110545,-0.40839203694044895,0.6876747809606173,0.8694030830817744,0.00538980880515608,0.03469827716441436
2363,-0.35160764591163607,-0.305874771594777,0.6878033998316376,0.8695493251457515,0.005164209325129032,0.024774123417531664
2364,-0.3423633798274591,-0.3129030626446312,0.6879264012187587,0.8696939045603161,0.004919675824323373,0.02771189357885728
2365,-0.39268414927524253,-0.423406595576087,0.6880722721751057,0.8697531910695885,0.005651111792186516,0.034777811197654426
2366,-0.3662487607370237,-0.3070493206717651,0.6882394757085732,0.869776167054152,0.0050228313093975815,0.02800850849268186
2367,-0.288124855875497,-0.3181456817714926,0.6882625838420149,0.8697886905802906,0.0051359345116118345,0.027943472321070292
2368,-0.39625283982984133,-0.33509840121772366,0.6884528306610278,0.8698063845043933,0.005307573133496556,0.030377202811764283
2369,-0.3086907574588416,-0.28750463252476943,0.6885131934236366,0.8698868801802764,0.0053480289769339065,0.024995046182400053
2370,-0.385047095147902,-0.34990312283658315,0.6884926830216398,0.8701061086893092,0.005089330454953602,0.026706034834453427
2371,-0.4292073104773744,-0.3397661224498202,0.6886780853819274,0.8701655429437376,0.004652601098710291,0.03569446527098201
2372,-0.33927773828729846,-0.3756925277669522,0.6887483399467843,0.8702516534072402,0.005090040170457607,0.024971671771875068
2373,-0.30623322640292305,-0.31303836219407155,0.6888046693299499,0.8702513702202577,0.004929208462019158,0.031196091855481032
2374,-0.41121183246805915,-0.3454855874473827,0.6889188303519181,0.8703191998155988,0.005989472137154655,0.030604514479698964
2375,-0.3147901050639221,-0.3738502224184813,0.6890070507335478,0.8704940511950158,0.005529015618316877,0.03362644801457866
2376,-0.31486099256424555,-0.3576338819899893,0.6891287839008954,0.8705057835332894,0.004958300548295313,0.031813276254262
2377,-0.3273023143789095,-0.23831590934270383,0.6892440456370156,0.8704300875635859,0.005118820395033773,0.02596369577740995
2378,-0.29484681222778725,-0.34707601941743077,0.6893052115028081,0.8704848177578676,0.0047175392192978114,0.02547808822849049
2379,-0.29573436532609815,-0.3302959060223573,0.6893683426663157,0.8705546681498646,0.004817543177234121,0.030546315628733098
2380,-0.3857499214491867,-0.2624097016725022,0.6895205333832432,0.8705658120197726,0.00505160876364223,0.025662919494029945
2381,-0.3790138010644737,-0.34294356396651177,0.6896469829818601,0.8706292037798712,0.004816367709826753,0.029627568304066862
2382,-0.4278194137413482,-0.2958195277635405,0.6898445895111678,0.8706561171277996,0.004992914861435243,0.03167788366774115
2383,-0.5118728275316559,-0.27580547898013374,0.6901109234036117,0.8707069755426435,0.005548883895952351,0.023064741313195008
2384,-0.4706390981500576,-0.44747597002589656,0.690434492369863,0.8708263492393427,0.005561096824996163,0.031877687852989195
2385,-0.549573400745525,-0.3255432725819131,0.6909117075382912,0.8708084936029608,0.006066990390355768,0.031219138972598388
2386,-0.35721875752200877,-0.38501500197017263,0.6910369012279303,0.8709158702109729,0.005225430968644771,0.029661432481637176
2387,-0.34116564540056343,-0.3574059619938018,0.691213083690856,0.8708719722178653,0.0048600201528838085,0.029230356623853954
2388,-0.329395948680291,-0.38134073715499195,0.6913806007866169,0.8710114217322551,0.005329612378177135,0.0337580409163944
2389,-0.30539171418729244,-0.36062988741955526,0.6914915953344051,0.871082069358127,0.00473669389843966,0.033160033120454194
2390,-0.36361202691277694,-0.29274569112275683,0.6915665394068151,0.8710929254375217,0.00529121923223961,0.03329060518155287
2391,-0.3860548477961608,-0.4004307180739773,0.6917112602633758,0.8712901269491605,0.005242099250986586,0.030288509090995366
2392,-0.4623487081204187,-0.3111656525938617,0.6919612553248319,0.8714341893848007,0.005331346701827696,0.02437045754270451
2393,-0.2893094269973602,-0.3575176360511184,0.6919908694927606,0.8717075295241998,0.004749017610612647,0.03504433001626919
2394,-0.29987423208792013,-0.26757499098323556,0.6920052182870419,0.8716855327489786,0.005111248306428435,0.024669655734564595
2395,-0.2749339818799241,-0.2752083330529282,0.6920971604585544,0.8717408777676205,0.005292603947226165,0.028485187472360264
2396,-0.34356433045647167,-0.4453800251340238,0.6921953286181091,0.8718483101552978,0.004807111195730308,0.036473261698207644
2397,-0.32799526253953276,-0.3607842944414567,0.6922354850951404,0.8719669158918624,0.005069918539886144,0.031082279129400436
2398,-0.3996162888133434,-0.3917492350895485,0.6923293946749774,0.8720315896994624,0.005537661642132491,0.03563630603305177
2399,-0.3551514758112616,-0.3414191992368329,0.6924321164745356,0.8720642219984082,0.005232396551261641,0.033609314709299794
2400,-0.34832320903118297,-0.3063641608294413,0.6924480179018755,0.8720793137973529,0.005256175314269967,0.027271092893566117
2401,-0.4314385323005563,-0.33849012570952897,0.6926389415997681,0.8721576690309495,0.005696921093235075,0.027236737758679536
2402,-0.44590380846381383,-0.2509798238464714,0.6928373894645973,0.8722200887298588,0.0056332534117215696,0.028415725451671984
2403,-0.40104444688641444,-0.2632427684006809,0.6929054518878057,0.8722197723115016,0.005550839176979794,0.02522308425497015
2404,-0.33546797377469023,-0.2978937367488899,0.6930549062770099,0.8722754249758502,0.004771415388159981,0.03004072647618795
2405,-0.2567240885065435,-0.31315127904479134,0.6931508301880636,0.8723653813918838,0.004873813545061269,0.024069163083333272
2406,-0.3474525998952065,-0.3442877906669595,0.6933219671993583,0.8724506550336747,0.005171211281736577,0.030975423877182325
2407,-0.3941706183360842,-0.2936453106789731,0.6934842065864032,0.8725457394746753,0.005248183659667098,0.022754006945348324
2408,-0.2858026296132508,-0.2893793178342359,0.6935171572734218,0.8726137422228739,0.005498381231419907,0.02421632636751101
2409,-0.32661757933806823,-0.3322154531357644,0.693591243978688,0.8726423230434013,0.005104100028168774,0.027219787290001705
2410,-0.3388998203317359,-0.32505325258669804,0.6937757616234991,0.8727617362391462,0.004861201537213015,0.02610519931717032
2411,-0.32675087403893166,-0.32878009121730717,0.6939144538939189,0.8727887298744378,0.004751984698866146,0.03129304095730184
2412,-0.45330410552964906,-0.2850280689748776,0.6942408959481,0.8729405105653579,0.005541001565460403,0.022245353380116635
2413,-0.37403786636945613,-0.3426143296890725,0.6943024169617467,0.8730201323350145,0.00555869164099365,0.025149730262034774
2414,-0.31904609240604054,-0.3233691806710368,0.6944145153356115,0.8730779187941111,0.005948971829194807,0.026658453806840492
2415,-0.270549961799209,-0.35699846091910503,0.6944808554684357,0.8731752687148842,0.004446019606708121,0.031165541277750435
2416,-0.31107669249637254,-0.35551869266805447,0.6946420200763165,0.8732276279033613,0.005255180138207301,0.03157361741245178
2417,-0.35312058758855747,-0.32212873151069427,0.694744163998544,0.8733207342779096,0.005228909613811871,0.027541857877479155
2418,-0.2872902018571663,-0.36531420276296434,0.6948241845985963,0.8734465384401566,0.004987769724211054,0.028355157302756014
2419,-0.3499969139797503,-0.35930376202804826,0.6948893709131359,0.8734835011622936,0.005397608069740516,0.03804950291546595
2420,-0.36761231808324146,-0.48261723823631264,0.6950273482954673,0.8736563636589907,0.004935120346945949,0.03451055258561783
2421,-0.29771292176258857,-0.36737767441525704,0.6951098208100004,0.873828249412655,0.00494921213426135,0.030602840154739987
2422,-0.5870764525634311,-0.4234350162585745,0.6954197566693668,0.8739502803999539,0.006195458670048507,0.03618319502985395
2423,-0.47066412055508067,-0.3075363894846792,0.695548098276399,0.8739358941143999,0.005855276742311469,0.03040210570829877
2424,-0.3375948194426303,-0.30533124297607295,0.6956127219006494,0.8740332130890384,0.00534425716489165,0.028193101063170994
2425,-0.3240426441287463,-0.3402654097453442,0.6957281359677083,0.8741745516747879,0.005429044231998825,0.03225509039461636
2426,-0.3532816030085147,-0.26229227027735796,0.6958197683401649,0.8741757786651079,0.004824796938963599,0.02379452524236586
2427,-0.32684440846174656,-0.3624171109572072,0.6960001468714253,0.874193923276226,0.005822699287739576,0.03267503198166446
2428,-0.3027981846937407,-0.32855056421301143,0.6960154929823259,0.874110215378783,0.005659437342907485,0.02750933064314247
2429,-0.315917019570636,-0.3524382385919633,0.6961002654756263,0.8742068313040161,0.004762281871987634,0.023898966069033398
2430,-0.3230459344045115,-0.4512430264444789,0.6961479689737167,0.8743353638783204,0.004870075285368528,0.0332438252706604
2431,-0.279712454343409,-0.25131596684170776,0.6961671872218567,0.8744063754064684,0.004793712306918506,0.027880810948154054
2432,-0.4299153037940515,-0.3827081384585015,0.6963967645224365,0.8745061256298566,0.004988755652937503,0.025863315589737954
2433,-0.39325482401570583,-0.26324514429216067,0.6965616524615639,0.8745227902587175,0.005349104681233786,0.02280390764947767
2434,-0.36802751141567197,-0.34093508464556804,0.6966380750771615,0.8746003222214959,0.005181697329559216,0.02699947994758301
2435,-0.40718086496601585,-0.4619881413390639,0.6968374599904061,0.8746673577080138,0.005929057179251341,0.035043797432520916
2436,-0.3517766922187377,-0.29001712594288814,0.6968874255217966,0.8747041770657088,0.005198342184249732,0.02769338053658221
2437,-0.3108311841557439,-0.3518573775901699,0.6969109709647182,0.8747054448097678,0.0052418910575806376,0.02995739281954759
2438,-0.36280084116444977,-0.38278716055051415,0.697080974704965,0.8748765331888477,0.005468962137936542,0.03063922016871765
2439,-0.3306505929902645,-0.28287948529021817,0.6971656028704414,0.8749420343991101,0.004894019709613811,0.026791414963203707
2440,-0.3084548644209115,-0.41377638939031275,0.6972025890796718,0.8750241643803638,0.004978957595225256,0.038621398031748314
2441,-0.29180146584937416,-0.30118899133330285,0.697303269152502,0.8750521838794603,0.005354972743898063,0.031060835075166954
2442,-0.31274599340598686,-0.3893228531683599,0.6973484265604788,0.8752457288907864,0.006035473773451125,0.03510489297538085
2443,-0.3436586844203377,-0.4158422772891682,0.6975012883554548,0.875393550780618,0.004876495368024293,0.03538077921540415
2444,-0.3377574147349385,-0.3748032559991902,0.6975931638266798,0.8754296598106469,0.0053373820981470034,0.03101857977522635
2445,-0.5425361697848193,-0.33039023269996975,0.6981474726842865,0.8755730330210474,0.006053168068449758,0.030049106517134983
2446,-0.3239903155172641,-0.28478345627610063,0.6982283918870511,0.8757393190798091,0.004919484698607275,0.02597662971191834
2447,-0.378419055295544,-0.31747494994290604,0.6983052815550802,0.8758623147627334,0.004752499148716728,0.025184681034175618
2448,-0.38671165105779337,-0.3065796327107509,0.6984678671642569,0.8759323965510021,0.005406387219272166,0.02496107097758089
2449,-0.39035669603377227,-0.3295340041420204,0.6986660554229471,0.8758865370777379,0.005309046718231369,0.0321655460373242
2450,-0.3940554672948665,-0.34517547971079415,0.6989158477790308,0.8759027354758233,0.005207120862027647,0.03181760178304952
2451,-0.3400484741682345,-0.26803632728310367,0.6990045538975791,0.875964062992011,0.005169851145593899,0.026850096108410486
2452,-0.3280326436866103,-0.3443568704443766,0.6990724804922896,0.8760070552007913,0.004958254986588956,0.028882094209210632
2453,-0.3671433509642841,-0.3211753423173955,0.6992119951728893,0.876171507452475,0.004669940409878921,0.03216932340767951
2454,-0.3847724186099985,-0.4090103060040127,0.6994334267731772,0.8763270134855472,0.005008977614915478,0.03114817243040049
2455,-0.2635829676165977,-0.34901402018302813,0.6994506599179916,0.8763831229493934,0.005114846813029006,0.026508580913305445
2456,-0.28162757486324325,-0.34428874953599187,0.6994906818537105,0.8763648074363843,0.00459390537508554,0.03216613010595304
2457,-0.36056765437773086,-0.293348819746332,0.6996814137502473,0.8763787310028035,0.00490672415730919,0.0273242959765413
2458,-0.37504827870370516,-0.2580619095058017,0.6998765298441393,0.8764270994130198,0.005176085576472827,0.02089215513929425
2459,-0.3227382757942345,-0.2771167479151443,0.7000033260844427,0.8765290660887461,0.005703618195699584,0.025736432642638248
2460,-0.3237663451676965,-0.37248760535785946,0.7000085002728726,0.8766627892801291,0.005475354741670417,0.027324156045792018
2461,-0.3596939903411928,-0.3222043883585258,0.7000816024107149,0.8767675951385399,0.005012288737379047,0.02811167522726844
2462,-0.47773062205345507,-0.3276942903590775,0.700387245455649,0.8768936673903509,0.005048599425001689,0.020669479147766484
2463,-0.44769391700705286,-0.39239002112558613,0.7006465703391613,0.8769132759731588,0.006387107776232818,0.039912316613749596
2464,-0.3695698326314581,-0.3478293580738127,0.7007757867103952,0.8769500254401716,0.0055812249007069804,0.027595302963001736
2465,-0.33690676601599145,-0.38369522830321984,0.7008141992260868,0.8770265202780274,0.005185414813711004,0.0317926559638317
2466,-0.4703645802725747,-0.31676207684960694,0.7011035083618613,0.8770924999059343,0.0060745056751124625,0.026064636838960528
2467,-0.48606114928489613,-0.3502735080797168,0.7013615573288354,0.8771007163238965,0.0050797787045331055,0.03433613416806675
2468,-0.26287008645644305,-0.3088815739531164,0.7013765233432936,0.8771075015791869,0.004827438887302823,0.029813884589362776
2469,-0.3158677384047221,-0.4264459524517135,0.7014513626626895,0.8771627500929404,0.00554099922858594,0.03356708388181621
2470,-0.41913664200398676,-0.2986302582767924,0.7016341527267086,0.8773037390445133,0.005633961147860876,0.026102360127833145
2471,-0.29351895613084655,-0.3085114100115439,0.7016649309789516,0.877348187792316,0.005255775789737669,0.03028200113964345
2472,-0.3337944228547164,-0.27551009730073794,0.7017458837642799,0.8773802778308457,0.00525010510557231,0.022748652430738783
2473,-0.3378515945659965,-0.34675928910914133,0.7017834456741673,0.8774559273316734,0.005035041525713154,0.03497736620277219
2474,-0.38874280543294143,-0.26915250520849565,0.7019740654558001,0.8774785719529438,0.005815969912659782,0.026673357567059058
2475,-0.362015138084829,-0.2895315696919608,0.7020669140982297,0.8774746414720275,0.004878761367668124,0.027857888837291202
2476,-0.34975819790335955,-0.33127042232922904,0.7021599392839607,0.8775092409778248,0.005168854694132512,0.029113346026379404
2477,-0.33025326625243145,-0.4088081485724564,0.7021934948061092,0.8775845291665969,0.0047744705241404214,0.0331990524429441
2478,-0.3350434331106025,-0.2705874783663927,0.7023122175064827,0.8776539065175252,0.005269241803508019,0.02421336749577842
2479,-0.3241314598229119,-0.4089341959629205,0.7023729084330091,0.8778301064174558,0.004935732979683418,0.033207347885828645
2480,-0.30797009941466735,-0.3383722025282166,0.7024180562070744,0.8778563583758131,0.005195224848890222,0.030161309944321747
2481,-0.37128928195691907,-0.368758319061695,0.7025279573261715,0.8778211339074246,0.00517818543086938,0.029620633127468717
2482,-0.3171994172069219,-0.3482598883772436,0.7026000602333478,0.8778640573744356,0.005657213419829043,0.027599788871817202
2483,-0.2804432049322123,-0.3809657265193862,0.7026499316509967,0.8779124684279566,0.005058447326592431,0.03055661557444937
2484,-0.2548388278871853,-0.34020861077158854,0.7026711454194512,0.8779008666285472,0.004993142342793556,0.03198444270646733
2485,-0.45526566442822386,-0.2685089856378586,0.7028284001155869,0.8779304046536949,0.005242535123012661,0.024934781513441976
2486,-0.4202931198690816,-0.3077417117484239,0.7030474562226133,0.8780655854388941,0.005514919844585131,0.026829684305448607
2487,-0.3280249197993205,-0.3841776850145413,0.7030952186030828,0.8780589996893959,0.005032661127330902,0.0319106934963848
2488,-0.30231611479411613,-0.3851269525217147,0.7031252352311578,0.8781074092888064,0.004584503553062753,0.034124382349390164
2489,-0.38183051778992,-0.30804124741637523,0.7032615491269615,0.8781986298951003,0.004797012215986876,0.028860493342801777
2490,-0.34906230867890836,-0.3002685924259347,0.7033374415552864,0.8781413022352249,0.0046280424573605025,0.028567380580616315
2491,-0.41794406703565085,-0.3905866171682686,0.7035350424844485,0.8782367216375814,0.006689726217724885,0.03263573691518297
2492,-0.30552730303907744,-0.29944947806726907,0.7036090009880676,0.8782324213925977,0.004802146976261208,0.029622285236306625
2493,-0.2981612901462833,-0.2712622305486027,0.7036483974612675,0.8782701348685451,0.0045144535121743245,0.020740597329155605
2494,-0.38801208849107255,-0.3741013463550214,0.703784340339194,0.8783494430514325,0.005251805890031303,0.029138806700591654
2495,-0.3257224448242911,-0.28912661745836693,0.7039098679242813,0.8783984653756216,0.0045049879230208015,0.02581570713804067
2496,-0.33747858948455167,-0.3895846871267061,0.703947272040571,0.8784751296703903,0.004535458838676714,0.032640771501723044
2497,-0.36566890885914044,-0.3045560632930512,0.7039918815854123,0.8784877605238066,0.00579299549106738,0.028651260591949803
2498,-0.30742596460900284,-0.35398618187330927,0.704104898396676,0.8786174786140873,0.004940927903003311,0.034685613545397016
2499,-0.3260765516647499,-0.2438816096629912,0.7041667698891849,0.8785837502855998,0.004805379392225585,0.025678623918488526
2500,-0.2943240141167349,-0.2814163784504759,0.7042269108117725,0.8786168089034516,0.004941131082315335,0.025350284174444473
2501,-0.32220740273898796,-0.2555352993435468,0.7043383183482854,0.8787336145748195,0.004795979474866126,0.0238779216349127
2502,-0.35083582157129556,-0.2278717402836507,0.7043721764535296,0.8786934620989636,0.0051365410395828185,0.02564400437376578
2503,-0.3511777571734197,-0.35404633585996526,0.7045156512356326,0.8787183819827875,0.0051514640578963055,0.036206967184313786
2504,-0.3557639136388765,-0.3831832906969947,0.7045909570210163,0.8787955287782321,0.005739819625850798,0.03446840723476966
2505,-0.28585151945610415,-0.3996546809937086,0.7047002374626152,0.8788314155096525,0.0052634878373193465,0.0343866060760616
2506,-0.3560032953666328,-0.355169754204365,0.7047740104284143,0.8789058831461127,0.005588930764000599,0.029507473068054416
2507,-0.4595573481485923,-0.33554845457943566,0.7048698641828232,0.8790239522329775,0.005875119484091267,0.026783899143123208
2508,-0.4109761035567498,-0.3133069132466044,0.7050170285752616,0.8790534748948043,0.005724241432628892,0.019923687214229387
2509,-0.29666371885448256,-0.3403728042557161,0.7050657240606962,0.8790709151406029,0.005556620375872689,0.028231221030182788
2510,-0.26117768775671885,-0.30393123554572427,0.7050998260173579,0.8791341959211243,0.004743515872691071,0.024933158061126774
2511,-0.3523430492549675,-0.31903507044955903,0.7051094831156153,0.8791591161384574,0.00541653968950039,0.027575047507841163
2512,-0.3499972129043708,-0.37583798010499714,0.7052236291713792,0.8792638652009013,0.005061692106917628,0.03552329942202751
2513,-0.3636907422625059,-0.3847223131992496,0.7053828256853167,0.8795730051991574,0.004961841341744439,0.02799246917683711
2514,-0.29951605460801545,-0.2683810182665367,0.7055132649432619,0.879732223713067,0.005287384220046296,0.024867313451794642
2515,-0.41538561926630474,-0.29808498492573865,0.7055792624464423,0.8798458628311018,0.005728063924093555,0.024665069096490636
2516,-0.39876768544500313,-0.4495474301505347,0.7056405704723812,0.8800801156273729,0.005430756737864356,0.02802243057909418
2517,-0.4388304257389332,-0.3770715816213382,0.7057750365364435,0.8801193281420092,0.005582726640299448,0.033272996590477444
2518,-0.37575801595103575,-0.3606193584659819,0.7058202912349538,0.8802194061428278,0.00542690151691255,0.032315092160792806
2519,-0.299716429453388,-0.41538063838592937,0.705909311400325,0.8802913799866499,0.004851770682228934,0.03126005642350696
2520,-0.429939715084643,-0.2504130462831298,0.7061773748238889,0.8803702163413673,0.005735904608932682,0.022597864837884597
2521,-0.37263642093497945,-0.3144364066146832,0.7062415730870937,0.8803541180005281,0.005636517119391228,0.02774816583363768
2522,-0.37370078447889776,-0.3383176053195488,0.7063165090782927,0.8803456539354216,0.00561901284821774,0.03172744828665397
2523,-0.3081310986640977,-0.33753153036620853,0.7063659590591197,0.8804819782591446,0.004971621342071959,0.029174232313649382
2524,-0.2993609584498481,-0.3039877474273029,0.7064318564127605,0.8805368775561764,0.0049907572986962094,0.02659774938789445
2525,-0.28200692344108974,-0.29596605740115545,0.706503654122018,0.8805802937503787,0.005775936860762082,0.02671614657781989
2526,-0.30977458580198053,-0.29602082160698984,0.7065782920909817,0.880600347772458,0.005632500097208883,0.024839919143627872
2527,-0.3406804349755345,-0.31133287398760806,0.7066468221441461,0.8806785949913054,0.004849865073338465,0.027563071765295308
2528,-0.3542328787440812,-0.3075004830525124,0.7067293627011877,0.8807307727142023,0.005068287717997173,0.03297125828251598
2529,-0.3662866386027066,-0.35280748752540086,0.7068597129554769,0.8807862772134375,0.005376477399316238,0.03137205691831497
2530,-0.36081075834343634,-0.26682132837633327,0.7069224225024248,0.8809246219271921,0.0053587277828272524,0.02421518251679999
2531,-0.26252350410912956,-0.2528470286132762,0.7069397014024609,0.8809262175889964,0.004278723860207984,0.0270622878191955
2532,-0.3212190463399219,-0.3151265135547247,0.707087914376113,0.8808879544426116,0.005188950114201884,0.027609713839303253
2533,-0.33548092303617666,-0.35085322177930367,0.707117555389923,0.8809468198136547,0.005362446878071444,0.028578703830956762
2534,-0.3245807854693007,-0.29547565608022336,0.7071770600406206,0.8810982712757527,0.0050488814270326305,0.024188001890538564
2535,-0.3165729026100752,-0.3878515545201371,0.7072280743778488,0.8812842092402806,0.004696779484972866,0.032601254314261134
2536,-0.37564796919634974,-0.3458754941239782,0.7073027829383627,0.8812978145816692,0.0054693382138062355,0.028424621054229434
2537,-0.2520683472091989,-0.32932049367444466,0.7073502951660375,0.8813822787486364,0.004991594178012679,0.02654685143707706
2538,-0.3021718626664892,-0.3040901441263301,0.707406601123168,0.8813586730722971,0.004881717156023884,0.0314076408764154
2539,-0.32797679691564313,-0.3132636064382461,0.7074604464941089,0.8813974547749807,0.005309646006338328,0.026899513167270288
2540,-0.41541054907935926,-0.24405955039308377,0.7076300406244534,0.8814552620716806,0.0055132373435633165,0.02180644044813972
2541,-0.25169053569867156,-0.3308433538083914,0.7076750964194813,0.881500378436125,0.004941193435590449,0.029280832506163135
2542,-0.3651364098660632,-0.2527000707602598,0.7077603134605244,0.8815345514461751,0.005363510232539904,0.025305465819797344
2543,-0.3706559914472595,-0.28093089644011277,0.7078119006799489,0.8815756129198714,0.004631251388784312,0.027611796529789574
2544,-0.31030759954305187,-0.28266519827194886,0.7079031727559709,0.8816055453591872,0.004567539500594741,0.028300960150345986
2545,-0.28802951918789105,-0.37071443276369925,0.7080107156202367,0.8816977684068036,0.00503547059421776,0.034884293286204814
2546,-0.2558584832901044,-0.38379628259038634,0.7080197698201485,0.8817878668689119,0.005102029840582034,0.03383545383905947
2547,-0.3790121863426989,-0.40037650755467824,0.7081666144143124,0.8820013849647981,0.0052901232093697575,0.033239196262325216
2548,-0.2843281392981384,-0.31388668108575096,0.7081860579350031,0.8819958620425175,0.00483678876527846,0.028543811082831633
2549,-0.5110730489647309,-0.3457399398108706,0.7085575769792425,0.8821235580063072,0.006244273793114367,0.025099153577800647
2550,-0.3471900699135655,-0.28852906021577623,0.7086571135383305,0.882131253506693,0.005038880725759034,0.029359607969658905
2551,-0.4279125411494084,-0.5141199359109137,0.7088142460625564,0.8824703589137239,0.005955527109869446,0.0377358235420468
2552,-0.28720155001115244,-0.3456234892474621,0.7088491712363778,0.8825565330465988,0.004841016304646694,0.028852285445290723
2553,-0.32913161317786427,-0.42135943215140054,0.7088956754318166,0.8826110139429079,0.0047667060944838885,0.03507787046963373
2554,-0.3457027160272159,-0.40344482474381355,0.7090157035206048,0.8828347360437102,0.005428990057406971,0.02754456046866084
2555,-0.36524234328360233,-0.35391855071662653,0.7091464867101263,0.8828371214210613,0.00539221661393984,0.03443940439417824
2556,-0.33495928191107965,-0.29706857505205336,0.7092404203724713,0.8828982478581653,0.004793205922285595,0.029587491212679208
2557,-0.34126350849444975,-0.44177314351185976,0.7093444633909728,0.8830757754319117,0.005216914731142588,0.038129395204013566
2558,-0.33648207915082445,-0.3555928859819189,0.7093920758364104,0.8832084855872253,0.0050980515601610306,0.02934763487055386
2559,-0.2929131069499721,-0.4340854677628022,0.7094033427709684,0.8833190872364097,0.005210198175580956,0.04055569699095133
2560,-0.31079013196255983,-0.30248111390655125,0.7094552625555067,0.8832792385865107,0.005348139100672167,0.026521719051667007
2561,-0.27850782223032067,-0.33914072610115936,0.7095034377105114,0.8832934813211833,0.005094518858482179,0.03127654099620754
2562,-0.29818376797486473,-0.3739394177587471,0.7095272749801597,0.8834197406305924,0.004995746770589456,0.03323895862811679
2563,-0.36291943852960595,-0.404707544070664,0.7096075716047818,0.8834255222874503,0.005571768562701952,0.031243274273390718
2564,-0.40230300591101603,-0.3498033984369692,0.7098065943519892,0.8835256212036386,0.005336939480132663,0.031626647251366866
2565,-0.34188405170573993,-0.302674195959538,0.7098541472401022,0.8836641488110776,0.005485818259506599,0.025498742258966832
2566,-0.43629569093553744,-0.33608853388743476,0.7100885443139979,0.8836566762394901,0.004829840767394331,0.03150006477904158
2567,-0.3597829928884019,-0.2591317894987225,0.7101921504877584,0.8837392014227361,0.005355831979959518,0.02493029810601505
2568,-0.3904038214845898,-0.2899706854430542,0.7102163321337566,0.8836895740460955,0.00534985081360307,0.02989477812616726
2569,-0.4251922156856674,-0.344642773548813,0.7103997184199491,0.8837922098406793,0.005249238944208757,0.029499637364784375
2570,-0.2748621899329663,-0.3034691959093134,0.7103933875094569,0.8838375956479586,0.005181776377524057,0.02541974774122056
2571,-0.39404823809161854,-0.3421349049504546,0.7105655939143819,0.8838725508858412,0.005132411784358861,0.027975289375696703
2572,-0.32202137169794004,-0.3650456196551466,0.7106522948252137,0.8839426360653676,0.004953064230719752,0.033324994325992195
2573,-0.3827632843354048,-0.3022432108963648,0.7106967412930799,0.8839295072777629,0.005715299993160213,0.027200875103068626
2574,-0.3388147898413352,-0.34690651363798675,0.7108126313377071,0.8840212986151399,0.004775751712324141,0.027488692747499998
2575,-0.398052289446367,-0.28144517636356964,0.7109565663078994,0.8840819836351642,0.004988184857358137,0.027262758617409517
2576,-0.3265026716521885,-0.3370595836337229,0.7110144414925216,0.8841356206802097,0.005611174539811213,0.028262285871540786
2577,-0.3882073744562353,-0.2965935639111233,0.7111741781289425,0.8841705108793275,0.005432904134435064,0.028575306263875513
2578,-0.3916621369230471,-0.24456620602066084,0.7113199546789877,0.8841551093547512,0.005529478069488251,0.022431627885056486
2579,-0.2786648139308881,-0.33637924742734543,0.7113553369530448,0.8841245544586244,0.004741863291626951,0.032618836317309156
2580,-0.3531799139886581,-0.33802878421352395,0.7114508886295355,0.8841647689951314,0.004821339208770526,0.03345270573538152
2581,-0.37883101105225214,-0.3084049121028359,0.7115712097406776,0.8841865923048463,0.005266386611763908,0.03363344093491795
2582,-0.36967900904384254,-0.37482156644586356,0.7116723763978042,0.884342512658003,0.005467797320742731,0.03087442867620676
2583,-0.3975718447954189,-0.35039694888290446,0.7117912600466525,0.8843851797024948,0.005619829073358187,0.0290948227828437
2584,-0.3115809105762316,-0.44943998861083345,0.7118261435569551,0.8845701818868565,0.004418304457386891,0.03306153664995803
2585,-0.35481918191973477,-0.31944088267155396,0.7119545084845994,0.8846620486258877,0.005469329165626885,0.02648563817368262
2586,-0.29629860016321,-0.32365341172561496,0.7120216351806351,0.8846258442988965,0.0052406716137693606,0.027194098175893137
2587,-0.4392727462670465,-0.2960464771439432,0.7122394394585573,0.8846911922326797,0.005228149307413581,0.02998071674169079
2588,-0.34753883507595057,-0.3125398832282268,0.7123302477687913,0.8846377092041329,0.005354872645567154,0.029271123122043573
2589,-0.46208191032551715,-0.37373226288913625,0.7125580192114217,0.8846694309359698,0.006097169323018525,0.0330797890795443
2590,-0.4334578750787698,-0.403587288663037,0.7128308285330701,0.8848414251736112,0.005120832879113664,0.03224217866339244
2591,-0.32138646256386016,-0.33498405288724653,0.7129026835137298,0.884989405316886,0.005021585774683508,0.028942700198418946
2592,-0.3018253738601342,-0.3340205322234273,0.7129628131684209,0.8850689642329972,0.004477011773584252,0.029950369043334618
2593,-0.3220789097698075,-0.394295347888464,0.7130095886793647,0.8851187213209316,0.00571279839942043,0.03546685458219262
2594,-0.2980010343057048,-0.37064222643581785,0.7131081822398159,0.8852184462509518,0.004936237610016735,0.03098098238776738
2595,-0.27279610899104456,-0.3821465758634923,0.7131746582431068,0.8854123167168924,0.004463663272458207,0.024381522367084678
2596,-0.34826562684909873,-0.3079797389062901,0.7132416619558865,0.8854307088245148,0.005240719421357853,0.03167539393465034
2597,-0.3392568692008108,-0.3630018211940191,0.7133301258462529,0.8854452497192987,0.005082579645562418,0.03587819775090515
2598,-0.3720922112273051,-0.3837025636885506,0.7134205412224728,0.8856587499619506,0.005705212236332492,0.029913880633691752
2599,-0.33050810018873644,-0.3677490622787298,0.7134226293226074,0.8857428814759862,0.004853548053388345,0.029900230237018027
2600,-0.3665867421593514,-0.3281501442306585,0.7134905236623565,0.885733370575971,0.0050905083386417055,0.031847120470605374
2601,-0.32768647269742673,-0.3805021025483463,0.7135549353340652,0.8857600549457234,0.005165401566583502,0.030475567036612625
2602,-0.32127960681675455,-0.3925830774062826,0.7136121434357813,0.8858174227950064,0.0049342468193823265,0.03539675931268527
2603,-0.36166000536404946,-0.33598065838271396,0.7137529629696601,0.8858460169500056,0.004990268717245656,0.02975088487735548
2604,-0.3074520317054592,-0.27834134728303855,0.7137967637445116,0.8857737813794154,0.005361363850420778,0.025713057868595783
2605,-0.3727569869454969,-0.36225518019644143,0.7138419582569779,0.885836650231056,0.005018260636758134,0.03555734458650176
2606,-0.3984447582966868,-0.30899567805034794,0.7139408317197402,0.8858504188786489,0.005030879987889248,0.02827644994035953
2607,-0.33573345407844446,-0.355158509524509,0.7139489543537361,0.8858933139589751,0.005249927275610753,0.030672977707515595
2608,-0.29678859219925824,-0.3976532254728912,0.7139780457142728,0.8859384292184358,0.00483282283443423,0.0286010471928183
2609,-0.38094239986271444,-0.29829053853314125,0.714097295865564,0.8859915182874036,0.005553367308910213,0.029386566159659382
2610,-0.33575069688595965,-0.3723992448231051,0.7141524107712092,0.8859591485808759,0.005653836957340926,0.03144174220991933
2611,-0.36648438653814286,-0.3480176611369837,0.7142915101916544,0.8859714398810103,0.005039332570324958,0.03227352446105504
2612,-0.30615946437501795,-0.2962334065189511,0.7143977898197712,0.8860302368971509,0.004795973498585177,0.0278816951433124
2613,-0.3796871091864602,-0.2617394819930514,0.7145063079319476,0.8861226826935756,0.005047442445220702,0.022088254987780286
2614,-0.393529076775121,-0.34918431609202877,0.714597832518109,0.8862058269170993,0.006077941372600694,0.03229316700337341
2615,-0.2752410695113242,-0.3480645541787862,0.7146648689175106,0.8862281449958602,0.004844558144982629,0.030412005226462216
2616,-0.27607739544717325,-0.3123296357598337,0.7146844259936694,0.886365856544503,0.005152633906098083,0.023625568562087113
2617,-0.31242441231688817,-0.37118385835786305,0.7147589847589753,0.8864919015652485,0.004770327303261889,0.028958615928063414
2618,-0.38003740012044135,-0.3345381492012459,0.7148859789016496,0.8865051363931158,0.005409915505109098,0.032009136618436324
2619,-0.3457278174878801,-0.30706593696214973,0.7149345291686855,0.8865158076512186,0.004534443771856067,0.02988385876508539
2620,-0.40635069890660463,-0.3170733876542252,0.7152203567400338,0.8866080019121618,0.005602664066937363,0.024930175881052535
2621,-0.4893600859722117,-0.28848922108805647,0.7155808749424593,0.886662651579517,0.005542294958191613,0.027499192765224497
2622,-0.3592744421713795,-0.3400124313915686,0.7157521245350918,0.8867960937906362,0.005627665157463096,0.02811316491108879
2623,-0.37707622430733817,-0.34204614124335503,0.7159313455767199,0.8867070094033768,0.0049138833220513075,0.030263988539907673
2624,-0.32252214267594487,-0.38176398016260343,0.7159363072096646,0.8868471159469689,0.005493097990968296,0.03180751358264119
2625,-0.37920048397469136,-0.3236662661932351,0.7160801746387129,0.8868985183186935,0.005126348835922407,0.03283881110568194
2626,-0.34928171923660134,-0.35404247177551257,0.7161926686719663,0.8869779471521841,0.004561432553357942,0.029852508734314217
2627,-0.44333317783006104,-0.33261829042346286,0.7163779255139614,0.8870779106791468,0.005313342601318966,0.029303070553221323
2628,-0.3495729158086527,-0.32932250030656546,0.7165035303947151,0.8871794602369565,0.005018211648250473,0.02496322833478172
2629,-0.448302850820504,-0.2870923961346503,0.716686848496936,0.8874009704924117,0.006523126278316032,0.02702485495223355
2630,-0.4672551867273953,-0.383067337520864,0.7169153235255473,0.8875463827844604,0.006724076760009101,0.030371994710375487
2631,-0.5004446609404346,-0.402525884580795,0.7173025447733201,0.8877445925100075,0.005709329661442994,0.03566153065609234
2632,-0.2816130310766795,-0.31574583268454776,0.7173310940907897,0.887799844926709,0.005253268323591635,0.02825551024631981
2633,-0.33685322638063514,-0.32496838590941646,0.7173403016051477,0.8878199095868441,0.0055110169093376795,0.03459373235594852
2634,-0.2887668577027466,-0.3287890133004169,0.7173529359843707,0.8877804358786945,0.004917716075578878,0.030410665712073806
2635,-0.4404945936125247,-0.3346982684062679,0.7175686443380703,0.8878048014590282,0.00558060630403185,0.03165451022226223
2636,-0.32583561731203275,-0.39050749506410914,0.7176067608138939,0.8878119004775321,0.004735704109125139,0.03346067424295155
2637,-0.33063637431141707,-0.38080074425679755,0.7176640262980345,0.8878862934404482,0.004552332451948669,0.03052963505159675
2638,-0.35355249166520836,-0.35257750168015106,0.7177605876548003,0.8879301426518612,0.005428735208358794,0.02792948829860956
2639,-0.36932002172283024,-0.2592755840108325,0.7178763342935962,0.8880413731212025,0.004957518599847009,0.02740616439829869
2640,-0.366898907861559,-0.2713178624313583,0.7179659502243199,0.8880871096492909,0.005289669396692666,0.02853082236314401
2641,-0.4480167145880025,-0.35575087983683346,0.7180478512176466,0.8880324429749558,0.0053619520709148666,0.036002887983420856
2642,-0.3448065503678718,-0.3172364943007492,0.7181726982956188,0.8880500059303192,0.004914415339529292,0.027124432478597957
2643,-0.3327105145795525,-0.36473017936583424,0.7182908279131187,0.8881551718663585,0.005018275419515035,0.026571068239367755
2644,-0.366066243380483,-0.3790261741567233,0.7184133159253944,0.8883057616822897,0.005177126000838276,0.029495140560718135
2645,-0.44693026161003285,-0.3717288012375584,0.7186503813493709,0.8882608748104922,0.00522189704085298,0.0342168641038128
2646,-0.29766228083684904,-0.39048980284985557,0.7187179911937466,0.8883839252073052,0.004479273680624962,0.03339806764752783
2647,-0.35475782861005706,-0.3207803164426598,0.7188300916879443,0.8883983528928862,0.0051265213094704686,0.02475384971356061
2648,-0.2826768795590494,-0.38542708624945454,0.7188383419856971,0.8884912871244675,0.004858215486496134,0.029361724867065682
2649,-0.32814710336783903,-0.34640430947310685,0.7188706500192379,0.8885924322980775,0.004951579617963489,0.03284069223180258
2650,-0.3080575729596861,-0.25334936815349174,0.7188950997273906,0.8887468628632126,0.004737601151631,0.02151017380718697
2651,-0.33330494048103193,-0.31087206291218195,0.7190126603540616,0.8887423838655185,0.00536279824504571,0.030139346900390867
2652,-0.3421908209697353,-0.31540194526850757,0.7191337514079729,0.8886929417000934,0.005209005567273111,0.032174507592122065
2653,-0.44815004387613466,-0.3046656464379469,0.7192855713434853,0.8888163865535814,0.005744000423396141,0.02732989524907184
2654,-0.2532484326410606,-0.3264557576576103,0.7193282019417531,0.8889396684248076,0.004811216259778385,0.027728232170096238
2655,-0.35420652379546314,-0.33190096578248507,0.7194583186105973,0.8890103359533951,0.0047899806596882815,0.028473727185840677
2656,-0.3856629508277229,-0.36287328851204464,0.7195524272432552,0.8891651041620909,0.004345849870825331,0.02994190422903986
2657,-0.21851767702098884,-0.3772467064869261,0.7195712114238926,0.8891879774589304,0.004240942355653783,0.03110818168014385
2658,-0.3273666507457907,-0.3651970384762051,0.7196629329618046,0.8892941743448324,0.004706030120083001,0.03457210638405903
2659,-0.34108135241353443,-0.29089244168857087,0.7197043958751624,0.8893038364672713,0.005325337321390116,0.026506529504957573
2660,-0.3169953659950673,-0.34345709226203497,0.7198026102572948,0.8892928135467509,0.004536360449041288,0.030944720484434852
2661,-0.31169524401197657,-0.32912951850982713,0.7198022704713685,0.8893227025706494,0.0054993458759374485,0.028258213362657585
2662,-0.33815283782910105,-0.2958236624538159,0.7198976518046499,0.8894510808796108,0.00519811672424184,0.02426242339804543
2663,-0.33991039599914025,-0.3240657595037427,0.7199327234981118,0.889506555409945,0.004939504009422028,0.027645745224514063
2664,-0.37112807337769593,-0.3808216519787649,0.7200333281285758,0.8895049542328856,0.005161070511721097,0.030848312389996742
2665,-0.3939292656222888,-0.41557824989585335,0.7202107363272032,0.8896136223870591,0.005251924141878428,0.029689836260022844
2666,-0.44271848065512337,-0.32461432623277625,0.7203509102602885,0.8896917932478652,0.005701915225589783,0.02844075211793918
2667,-0.32026745025786235,-0.29355239860733384,0.7203603155625363,0.8901033536834709,0.005207199619156617,0.021427375254351747
2668,-0.39381174085417875,-0.28766330668466444,0.7204298403196577,0.8900933154681022,0.005417282696723578,0.033124078371131856
2669,-0.32649558657712396,-0.3418481045191589,0.7205977235599318,0.8901424807185693,0.00467967120920006,0.030316635352961117
2670,-0.2666791851431778,-0.2925681130549602,0.7206382591845846,0.8901513966502309,0.004874117822604108,0.02679680451952058
2671,-0.4759777464442513,-0.2908881103807173,0.720895698985858,0.8901339235914918,0.005926523539180342,0.02648102070393052
2672,-0.34878011784087753,-0.3415929823899719,0.7210324559971419,0.8901116496269648,0.005060534681654025,0.03219445668626061
2673,-0.4184787043631959,-0.35162671934261225,0.7211686190196468,0.8902268574258247,0.005032338061677576,0.031221777521427102
2674,-0.30011684237490194,-0.35564627979379615,0.721276197249786,0.8903003143669816,0.004764672227326609,0.0287290778758039
2675,-0.3416322176990564,-0.26987179437074277,0.7213601927540687,0.8903392166377465,0.005251820218786856,0.032617577540907466
2676,-0.3729150112869843,-0.32324115651689045,0.7214134241942523,0.8903071418088397,0.005132508304602019,0.03233296898579746
2677,-0.3184802178834621,-0.3160229618816744,0.7215181280844006,0.8903391940943075,0.005436486888036315,0.025651993807452946
2678,-0.3148963241241032,-0.27390800351792577,0.7215448524992119,0.8903604322480135,0.00551381251833541,0.023126618712055395
2679,-0.2821697521351508,-0.24960504735556713,0.7215588028327186,0.8904243583996748,0.004944749016257953,0.025056474955118188
2680,-0.3501948961496147,-0.36015507164614935,0.7216811905238205,0.8904581081084455,0.005223925772534053,0.031152443910915324
2681,-0.3899800545307736,-0.32626171600998743,0.7218023650100885,0.8904807803894945,0.00487689767958302,0.03228758243695003
2682,-0.3341791973224996,-0.37439372783499014,0.7219118218964217,0.8905334729672411,0.005483109663535231,0.032368403550728966
2683,-0.4138828341630001,-0.33680994911476453,0.7221178811144809,0.8904540939276057,0.005497480786689334,0.03339990096742012
2684,-0.3797616824911114,-0.25332900117290863,0.7223346358600758,0.890533846808686,0.005175796899989798,0.023811008279687317
2685,-0.425882308952126,-0.4244915179083121,0.722374267222125,0.8905563254655825,0.005079454185297491,0.03708544630509572
2686,-0.2576708228082418,-0.2826807550899662,0.7223684306822982,0.890551320218462,0.005128342314694599,0.025270239528203037
2687,-0.4009909178433256,-0.32651539269648006,0.7225840627084497,0.8905720562266711,0.005030550670453027,0.026807154252672393
2688,-0.3446637019255763,-0.34358297959922846,0.7226725274454423,0.8905608432403036,0.005304637744668519,0.027881867895358254
2689,-0.3238022356224138,-0.26214748767293394,0.7227719081299364,0.8905986305644035,0.005010585419872095,0.026620109533491403
2690,-0.33339312683152583,-0.3659195924696984,0.7227978326328905,0.8906387692422092,0.005370365180183457,0.03019008859214107
2691,-0.3561076018883531,-0.3096760928078476,0.7228690696983324,0.8906689901301995,0.005074574239889274,0.0282367167973777
2692,-0.32389673518376344,-0.4004437677754496,0.7229443857815795,0.8907942952302419,0.005236881418862573,0.03870697954728506
2693,-0.28277936688237315,-0.3763568706419197,0.7229882821847432,0.8908482587966607,0.005524211283747342,0.03188127848462822
2694,-0.3878545069224137,-0.32831448279146147,0.7230625712711615,0.8907975853318051,0.004998551367329842,0.026779132309627564
2695,-0.3834955116881739,-0.3285361279120223,0.7232179116226919,0.8909027290810035,0.0057554250147558664,0.030049816211086686
2696,-0.45429582489266146,-0.3372405356714027,0.7234403025526298,0.8907953085512517,0.005820200582787307,0.029670899892907183
2697,-0.35750734155298186,-0.3624779269109151,0.7235168831443162,0.8908321163678111,0.005306040851102071,0.030148978048150796
2698,-0.33811460279335925,-0.30112884447695215,0.7236162295877,0.8907924239856925,0.005275381410540703,0.027774815844620163
2699,-0.23405067660775564,-0.28976810336581865,0.723645213933225,0.8907901615373853,0.005371695233001233,0.02715559756648967
2700,-0.3005608940327469,-0.31546095008234626,0.7237379807802631,0.8908997802080533,0.005505014193007878,0.030431579311791374
2701,-0.31941962838351806,-0.29431976440881435,0.72377836271066,0.8909324010264257,0.005387716804123414,0.028328947125709866
2702,-0.2785253861885794,-0.29011967488172274,0.7238062418666324,0.8910676638692818,0.005218870902724793,0.02433854224491365
2703,-0.2971606334630414,-0.31122022363631596,0.7238691039504791,0.8911832205000111,0.00520444787914049,0.02376106626793191
2704,-0.42292549905715593,-0.346571252786761,0.7240352566205377,0.891199626026385,0.004810001622266687,0.028283597834474185
2705,-0.2768278720007008,-0.33350798685424654,0.7240607441867225,0.8912596714978377,0.004723468826021255,0.03098707749951861
2706,-0.4815191471994043,-0.2706947858764621,0.7242418459337462,0.8914071488921089,0.0052554561767230844,0.023129758114409975
2707,-0.38599157200084433,-0.3569023681746972,0.7243531333674493,0.8914394858825129,0.0056266489147261305,0.03272756282591847
2708,-0.3300007840030178,-0.34026785498044404,0.724456208012877,0.8914425359539556,0.00515153017338695,0.0322873759532439
2709,-0.4049712231635584,-0.30933101798539275,0.7245414907162954,0.8915032681628297,0.005178433012558593,0.024369879185856546
2710,-0.3145870277192116,-0.35647138069480383,0.7245913933200436,0.8915012404417332,0.005284620729523745,0.03513678323710556
2711,-0.2707450739750119,-0.25612682301559314,0.7246366735130633,0.8915170146623121,0.004955351124084976,0.027462542158371323
2712,-0.36338873406585237,-0.34338753288741564,0.72470321260204,0.8916820142635526,0.005384333319450503,0.02859729648568906
2713,-0.333019526581224,-0.38401274098643057,0.7248414608900886,0.8917362324243734,0.005091393926619353,0.030874464365630024
2714,-0.276463295567659,-0.3687060544507934,0.7248798746635573,0.8918249686902852,0.005123144725648905,0.031607752043420215
2715,-0.3159781081341396,-0.3021966553752272,0.7249555954242317,0.8917888980030838,0.004854946944943705,0.030664519541658053
2716,-0.3159999411157917,-0.35734433302185536,0.7250387897545786,0.8918862082008131,0.005718382196241019,0.03433598961703746
2717,-0.3723007196401421,-0.2972666789555188,0.725076591273133,0.8919388728308703,0.00511774077875367,0.024970512317941684
2718,-0.4466587148022558,-0.3475017093533208,0.7253070286677792,0.8919436857632231,0.005214135708019809,0.030853756385007966
2719,-0.31696638244879755,-0.3453696952423483,0.725360820667284,0.8919743942013657,0.0050391961015184075,0.03005636068571049
2720,-0.3477181302249464,-0.39680357191394305,0.7254745770922996,0.8920927853294933,0.004963445429217833,0.026844348107189855
2721,-0.4212410573222633,-0.37568999614586734,0.7257324156482176,0.8921010436060268,0.005014331939845944,0.026776499344650713
2722,-0.2928378739308777,-0.3135032576239461,0.7257881741403338,0.8920403555953134,0.004944729403282017,0.031119952947643012
2723,-0.3449767074074136,-0.3946395630613006,0.7258147061374779,0.8920137444651594,0.005340389135236296,0.03106396816588143
2724,-0.30806775077911597,-0.3903672811094207,0.7259309408792363,0.8919443510152599,0.004664138171914043,0.033737775756938045
2725,-0.3383129385939594,-0.3618738086151619,0.7259891926061751,0.892001338934988,0.005579175692788739,0.03110045399356863
2726,-0.30370545327779935,-0.3556929246372097,0.7260214095508621,0.8920143326799223,0.00532454409406682,0.02768082335698299
2727,-0.33653078203576586,-0.34473139230596256,0.7261475626087958,0.8919899269772771,0.005138094317612552,0.03386271750531024
2728,-0.33843008563127397,-0.3503272164414157,0.7262354021179485,0.8920480495487206,0.0054528661048313535,0.027467660110317118
2729,-0.2649049797501483,-0.32786065310498336,0.7263234576995026,0.892229939428039,0.00482484372963204,0.02237922610169927
2730,-0.4512441922179944,-0.2841144728550654,0.7264936156623616,0.892262880664547,0.0058708666671302605,0.02833721144452849
2731,-0.340249650780078,-0.3443430882739226,0.7265961691529422,0.8924077769087794,0.004760659261466641,0.028027348136981146
2732,-0.335491544550438,-0.28866778263250725,0.7266582760090402,0.8925263459593221,0.005155301448456554,0.02672410916179439
2733,-0.2884229694094953,-0.38429223996327805,0.7267070398818448,0.8925659994892595,0.00470621483965119,0.031811312020420535
2734,-0.3410942473454154,-0.28748614722472365,0.7268035244406745,0.8926262805385871,0.005133654600266663,0.0249167061858576
2735,-0.42547264040668903,-0.35248849364125473,0.7270097994977227,0.892701823836827,0.004816620457019339,0.02744592055771618
2736,-0.4055101719326885,-0.3109712615787589,0.727087098132679,0.8927180466397018,0.00586277353340051,0.030037207959334764
2737,-0.36904244261501545,-0.3395191845139226,0.7271913453200071,0.8927425912953884,0.005196055700941291,0.029421280942125816
2738,-0.3646616648758557,-0.35111265743587045,0.7273508509175419,0.8927853360698004,0.005966475116890789,0.030718083330653234
2739,-0.28298457690046547,-0.35005853924644553,0.72738896317302,0.8928106339335893,0.0051406009920008915,0.02999537987712771
2740,-0.36835729491826125,-0.357097063809676,0.7274855183910951,0.8928545167516561,0.005163127296471494,0.034572405073078426
2741,-0.29991361573067193,-0.3121801704637084,0.7275352493895793,0.8928799269398341,0.005246804763434001,0.02906261073523167
2742,-0.3248797558324881,-0.35626333038816244,0.7276229110414657,0.8929401682121171,0.005153989017073543,0.03486720663746439
2743,-0.36925422442305095,-0.3638022498557649,0.7277263932223538,0.8929270928692767,0.005096321636322778,0.02573139116356413
2744,-0.3910448872646811,-0.3236588112097308,0.7278116772023948,0.8929451304740471,0.00490941141983504,0.027441920658875667
2745,-0.40195459626443447,-0.3328714945764975,0.7279156374921282,0.8929775052450732,0.005993562061236941,0.02864640457068962
2746,-0.35243572705163134,-0.3722103293176074,0.7279511336585321,0.893086701148659,0.004887652657154162,0.03154110538729553
2747,-0.3764504597291572,-0.31460709248465446,0.7280191254677433,0.8930551110930587,0.005356999276596146,0.023396646328710788
2748,-0.29226026167560815,-0.37654650438426945,0.7280301417278044,0.8930322089144963,0.0053811926718290385,0.03189277094110158
2749,-0.3867475465380246,-0.2860176032534156,0.7281575874912701,0.8931197894237964,0.005171336743527713,0.02528609192110636
2750,-0.38589235132893074,-0.31655189172719206,0.7283114669388617,0.8930852905276184,0.005403389577993343,0.028364039728407706
2751,-0.295840570706163,-0.4099077670122961,0.7283976434744626,0.8933376685140247,0.00498238586806341,0.030321954627034155
2752,-0.3938425142492021,-0.25462245832234065,0.7285453278376457,0.8934236012502624,0.005073006016437661,0.022334080893835716
2753,-0.36048556731640385,-0.35969648834410284,0.7286453136191046,0.8934243717174046,0.005322577511484631,0.032545243967489625
2754,-0.40698730381833875,-0.2346075085544923,0.7287576904788583,0.893415710043842,0.005363835752958757,0.023566482189971844
2755,-0.2858514956763069,-0.3472406583380701,0.7288201640160996,0.8935329156002305,0.004462157722519719,0.029310468578702533
2756,-0.2968695406025127,-0.31412950842559234,0.7289184660802664,0.8935923302626464,0.004607163061349508,0.027641512130411452
2757,-0.4978011367975826,-0.293910486034722,0.7290600024760039,0.8935680984120733,0.005597534527793572,0.025948858212716273
2758,-0.33337489233373396,-0.33487934209870546,0.7291217188301057,0.8936351100973459,0.004674076268168216,0.03139634914908988
2759,-0.4193349509901697,-0.3531027955994352,0.7293756201979817,0.8937681130332308,0.005490306468730408,0.02915556344875278
2760,-0.3023081687591592,-0.34264819311976785,0.7294228477609976,0.8937916673169957,0.004751119264746277,0.029333717487072794
2761,-0.3331835729732296,-0.3327524719550536,0.729480562142611,0.8937488528733802,0.005067555466971848,0.03080806852785593
2762,-0.3719564963861744,-0.4102039823421905,0.7296319415837226,0.8939286592271443,0.0054094755309256354,0.037883522034458654
2763,-0.4082255539741732,-0.38360314812677737,0.7299006964396081,0.8939960665801725,0.0052009022742054625,0.03301033141900045
2764,-0.3192231786916746,-0.25479205042861447,0.7299621611194471,0.8940403731466132,0.005508540546591359,0.024375069719077713
2765,-0.2802507743965748,-0.2993106046553956,0.7299904008891042,0.8941023727516154,0.004854908763522055,0.029379319441777827
2766,-0.25434966180292956,-0.3692581807297654,0.7300214826748037,0.8941294143355585,0.004906985323326877,0.030547021390987625
2767,-0.3799602656704261,-0.28460628370401003,0.7300660174547421,0.8941892110833554,0.005671743953144205,0.02390757514556799
2768,-0.43452646951062185,-0.28752132684636705,0.7302057408164089,0.8942242492141871,0.005041604005874024,0.025284489871838442
2769,-0.30429934468702985,-0.28713059035150446,0.7302690221006359,0.8942455758433647,0.004785332526628866,0.030763406485465074
2770,-0.35321838026413527,-0.3694866180730478,0.7303993071877349,0.8943492560207335,0.004887818032616771,0.02930246528303107
2771,-0.30232447003394997,-0.31798894703825303,0.7304201325549894,0.8943284027913384,0.0044177812401016816,0.02425322744710363
2772,-0.347173168153342,-0.2737264835475346,0.7304355517777722,0.8943348014944108,0.005233804282094047,0.02216987623100618
2773,-0.3294934990131434,-0.29670748822521653,0.7305010145363345,0.8943819176981996,0.005334810680398596,0.026579109708663107
2774,-0.3748969740962654,-0.3689206708829394,0.7305487081061575,0.8943819315987139,0.005565070089163906,0.02824343028137186
2775,-0.4226107760179786,-0.4662270957917329,0.7307304044606597,0.8944493568606401,0.004796182959822168,0.036596433895327504
2776,-0.25592727514810365,-0.37366246836048644,0.730732642322058,0.8944393412737481,0.005007687032152478,0.03457578088784607
2777,-0.3232768894561466,-0.2797768874712036,0.7307919037695456,0.8943820924937803,0.004929952310970889,0.02592179270841076
2778,-0.3077679474845134,-0.37122420430482034,0.7309236522642814,0.8944488073918463,0.005049273078328156,0.03230344159251521
2779,-0.362330538353632,-0.31733905270150353,0.7310699074746948,0.8945111392853442,0.0047390114620505545,0.0265918544718222
2780,-0.39066468735113397,-0.35042084713475175,0.7311419036384782,0.8946159127103582,0.005128156913297629,0.03213725782872742
2781,-0.3838469212293408,-0.2913425624048405,0.73127671944613,0.8946481452999749,0.005242188385623013,0.026280000896593048
2782,-0.39852879801569696,-0.36109230164917006,0.7314898334108415,0.8947266403431837,0.004686579280964722,0.030354844853390368
2783,-0.2883496045490862,-0.37051870531014597,0.7315261618840588,0.8947586185210522,0.004880821629690521,0.029516170021706905
2784,-0.2915725430098038,-0.37362972218581847,0.7315207189842132,0.8947942738842659,0.005580365044904463,0.0305729008209773
2785,-0.3074883720675285,-0.3203309635554363,0.7315701911984881,0.8948376306042286,0.005297288707871937,0.02731817844971339
2786,-0.341216658710449,-0.3238736473834484,0.7316542891321441,0.8948722305312603,0.004632403471092519,0.03006517492450552
2787,-0.35015508285246977,-0.25509680420232145,0.7318299173249198,0.8948733061064733,0.005071073987307512,0.02206018650935251
2788,-0.26728194970757496,-0.3661438687839587,0.731854728563874,0.8948935992896823,0.004578585808964672,0.03307250966757739
2789,-0.35141018176026545,-0.317502900512419,0.7319588541181413,0.8948797670710344,0.005048183082312169,0.028198939417513502
2790,-0.28401306454386444,-0.3151951498708999,0.7319580826124529,0.8948709331468182,0.005134709442164098,0.03085663935054269
2791,-0.25716688222250933,-0.31200008612988495,0.7320065860559779,0.8948434406015109,0.0044998718488887595,0.03698125160655996
2792,-0.2979645715442717,-0.32987059905015065,0.7320452970998655,0.8948666700946172,0.005331184485837761,0.030181509187782535
2793,-0.34624853026866426,-0.3532327468863481,0.7321033028397207,0.8948127267206176,0.005082144981812128,0.03125465587418759
2794,-0.3030744899733986,-0.4574877638149463,0.7321483086271643,0.894881428554258,0.004708787613005853,0.03361578073383114
2795,-0.3644923801019069,-0.2961080381121291,0.7322732255244438,0.8949237445232813,0.005431765270419688,0.02248533972827752
2796,-0.395147438969598,-0.36177573694798837,0.7323889136763923,0.8950055881252186,0.0050990257054373,0.02992860181547482
2797,-0.3270121795499448,-0.3643259813253228,0.7324516194340406,0.8950856925494525,0.00472635452774036,0.03499466975798353
2798,-0.33040108433492094,-0.39299962631857027,0.732597674896686,0.8951718765257154,0.00505867538127631,0.03420217712970935
2799,-0.3000122112971596,-0.29864595576515784,0.7326320012586252,0.8951596151003101,0.005283086244338762,0.025851396564428596
2800,-0.36022820264079836,-0.23258930792271504,0.7327342925799297,0.8951157251736986,0.005174881047879502,0.024500279325685458
2801,-0.38048589892401136,-0.357202584595598,0.7328500662184423,0.8951747857002599,0.005128350452018982,0.02891520233212259
2802,-0.3276282476886863,-0.32681244684911764,0.7328935952126641,0.8952315827032845,0.004885627214582347,0.025079793234565943
2803,-0.3561862219320799,-0.29967363760432136,0.7330126911450093,0.8952800822543311,0.005088584600336695,0.02791296701322366
2804,-0.35685836941076876,-0.3546751774035216,0.7330743316600035,0.8953794398791366,0.005713869598504494,0.028324933566781906
2805,-0.3174446297259312,-0.34758083475155127,0.7330684509063808,0.8953765380904071,0.004659520420037601,0.03405261899126188
2806,-0.35195988097243514,-0.36374249232825595,0.7332004402408605,0.8954617177776535,0.004922668514090016,0.028894814882618938
2807,-0.38036185919504634,-0.3822726054748689,0.7332295932229638,0.895443121525741,0.004629086698046769,0.03198274284626647
2808,-0.3902964014561261,-0.2706153526728026,0.7334136705537389,0.8955019531230708,0.0054255118146689044,0.02567645382502379
2809,-0.3634108771870116,-0.3633818296751819,0.7335286604142962,0.8955176894862374,0.005026863503172906,0.031119716206696443
2810,-0.35908434910708503,-0.32502446755213066,0.7336638986951652,0.895546157167341,0.004825658436205681,0.024870041449871497
2811,-0.35421819475153865,-0.4149374519291376,0.7337051325769098,0.8955477892141392,0.005086053457552837,0.03678163336106599
2812,-0.3472855702049382,-0.3559273924541483,0.7338277858006073,0.8956797327549998,0.005423490880298649,0.029766583098716555
2813,-0.3422771356277741,-0.43162670267729586,0.7338474284607883,0.8958046227181862,0.005064460973266591,0.035960696518203314
2814,-0.33094837518852815,-0.3296764394411888,0.7339286966701073,0.8957601233082368,0.00494577834692493,0.030183254333393923
2815,-0.3110658564905238,-0.3485857508543825,0.7340118254707618,0.8957606803254379,0.004839571769545029,0.028525606533482732
2816,-0.40191735475953067,-0.2894622511759394,0.7341696533280856,0.8957424137849865,0.0054971402943857885,0.02820823664517784
2817,-0.40106170886691084,-0.40803001199399175,0.7343205898831933,0.8957948628250865,0.005266792897651312,0.035054734600155416
2818,-0.4032364888104794,-0.2944337299262422,0.7346336244011712,0.8958123429719977,0.005325551994462549,0.026905658827926785
2819,-0.35692386651834374,-0.40255532944170636,0.7347647375835319,0.8958999449354691,0.004859726854962641,0.03690133075828533
2820,-0.3572317235167584,-0.40749779217401766,0.7348611396872662,0.8958630370551124,0.0052870469914212915,0.033897280214952356
2821,-0.28690715456538207,-0.3515747371905579,0.7349084364109723,0.8959088830343623,0.004662054000805608,0.02658153200425734
2822,-0.3631456914473346,-0.30896016970564233,0.7349943913934531,0.8959327041811712,0.005624989773763567,0.03112232568634289
2823,-0.39875722982888057,-0.334654621750572,0.7351725394340196,0.8959214633267103,0.0052508443103326695,0.030052815062108284
2824,-0.3016425184134191,-0.3441974108576446,0.7353052222797185,0.8959415918767005,0.004929633275376744,0.029067308643850757
2825,-0.3224367706682992,-0.3774864103943932,0.7353435612992095,0.8959654232832653,0.004598384749759173,0.03252199010721618
2826,-0.4491995583934999,-0.3199558538517836,0.7355204053898381,0.8959338061583263,0.005470854536510501,0.0324246814372035
2827,-0.2989694710065241,-0.2888080232861401,0.7355550981907907,0.8959064937886303,0.005201451516855813,0.026428374618078093
2828,-0.27960654932557044,-0.3994506700346447,0.7355751670804584,0.895955887232904,0.004944078304073384,0.0324388978091106
2829,-0.3760963763314432,-0.26051886262413493,0.7357086306050592,0.8959373354943264,0.004832694720067288,0.021697851471848415
2830,-0.48539987223534614,-0.43749923425099213,0.7360847385158574,0.8959733581479374,0.005526884628280707,0.0345260189208132
2831,-0.31873822553530673,-0.364485928965751,0.7361973441155537,0.8960270926631467,0.004744162049647491,0.03536022174877406
2832,-0.38418396307310215,-0.3299830261696184,0.7363168051683265,0.8960665844676637,0.00556040826962159,0.030095263555646123
2833,-0.29671704909713426,-0.2744230293547243,0.7364515052039821,0.8960905056998384,0.004953621414541582,0.024529136339267236
2834,-0.4159520723849439,-0.3185069655579366,0.7365592055537483,0.896114165515873,0.00542761103662473,0.030674389427821518
2835,-0.3719734859005214,-0.2717308746366534,0.7367755816384357,0.8960973209825726,0.0050090644343167325,0.02386963132658455
2836,-0.2722691053605922,-0.3041476954225039,0.7368883648872734,0.8961350968695783,0.005520098367519333,0.02926448499006166
2837,-0.43947533643652537,-0.397532391513343,0.7370655240024114,0.8961482484199002,0.005716656854883503,0.03209412076388151
2838,-0.2962526351838523,-0.3920165263324855,0.7370855012477553,0.8962738584075729,0.0047844267457003535,0.03865443844302732
2839,-0.4186024890349141,-0.4307592469943115,0.7372651311880615,0.8962961398714008,0.005399016776089555,0.037808199256342954
2840,-0.309521202592314,-0.30774031078857833,0.7373399887776801,0.8963039119577974,0.005137339041808456,0.02877776587569703
2841,-0.5113899252057914,-0.40452650571674326,0.7375096974660341,0.8964088172838516,0.007045867520681873,0.031780680057210804
2842,-0.30979375008772103,-0.4113661625795631,0.7375358969335757,0.8964572201911654,0.005298340757769607,0.03158307016418578
2843,-0.3301850120087695,-0.3598408606892042,0.737605621261752,0.8964972156647172,0.005199885377070733,0.03230150957391759
2844,-0.36869246658666227,-0.29261779675077604,0.7377422651499167,0.8965047319107631,0.005088829555737183,0.03188348507950255
2845,-0.37560504677077,-0.28211097942157665,0.7378091914855688,0.8965182912048282,0.0047780618571798585,0.023879099346623738
2846,-0.31086645396242135,-0.28190199423111856,0.7378521886234451,0.8965147367863857,0.004695912066965448,0.02919157837518976
2847,-0.35900033455269287,-0.3719621446542146,0.7378813134529769,0.8965887032352923,0.005419653684107739,0.027646938719156678
2848,-0.4223149175295551,-0.29511708848314777,0.7380231353939545,0.8965003925749357,0.005226301246324635,0.03002023887101577
2849,-0.4537097467250716,-0.2952531131523058,0.7382818221318916,0.8964525816306114,0.005754864678503173,0.024961627020176187
2850,-0.2536908043780396,-0.43879926812867187,0.738359484366153,0.8965930635991033,0.005026696062508545,0.028748299444845755
2851,-0.3254123586895559,-0.2603740352811205,0.7384247200063352,0.8965673445095597,0.005174044392181246,0.024933997863495306
2852,-0.3936329990962103,-0.2621784818906443,0.738416012739813,0.8966723915784953,0.005336874199085166,0.023022457283557934
2853,-0.3293356173852019,-0.39205020442657607,0.7385254377364188,0.8966944402870045,0.005532520363887112,0.03187767530224616
2854,-0.34289881181252496,-0.3150067535826804,0.7385897167506931,0.8966891452195775,0.005363198717685439,0.030073857237620058
2855,-0.3550439816701704,-0.3727559821537665,0.7387396685714573,0.8968862242818384,0.0050762366707872535,0.029054344821801206
2856,-0.30713742217311596,-0.31239513800253216,0.7387813451683326,0.8969313728924148,0.005229704443895735,0.02633896444028754
2857,-0.3405392809281342,-0.40558226164482253,0.7388387887354614,0.8968949650727217,0.005507590580424117,0.04036921889596169
2858,-0.34478288791704925,-0.4520965627782526,0.7388785951519502,0.8969406375427021,0.0052828535308877414,0.038362480943950936
2859,-0.29213317301281766,-0.27265568981489013,0.7389412990611006,0.8970854626153385,0.005022316968293441,0.021037486816200286
2860,-0.46130150103784295,-0.3887089488797252,0.7392472284058401,0.8971955946732569,0.005859412912057538,0.037334009813522036
2861,-0.24759562523028972,-0.3247335238169288,0.7392940041556112,0.8972555982269244,0.004664838510600892,0.031282242833575793
2862,-0.3448753636404485,-0.35366273803787796,0.7393265268700372,0.8972696111673301,0.0058782339044929,0.03342252379971015
2863,-0.4139597611770458,-0.27286539059703296,0.7395431157696573,0.8972396157116919,0.005296948995285124,0.025851077219207978
2864,-0.3619080548134753,-0.30412435659434994,0.7396153572144176,0.8972636288863605,0.0051636753988739065,0.028320597669814526
2865,-0.3267326651794889,-0.3155924421308626,0.7397929183262699,0.8972876676946656,0.004500215937686468,0.030840558709283667
2866,-0.3381363861735196,-0.40861229474493005,0.7398208244479156,0.8972999420594592,0.0051421106005142304,0.03653358125208952
2867,-0.34261429001540683,-0.4302710968542193,0.7399335898758925,0.8973766376775026,0.0051267688320991295,0.03763448738465175
2868,-0.3450813726819523,-0.29479202698191415,0.7399485070202028,0.8973930842050227,0.005978047936261229,0.03160707871049056
2869,-0.24956972500288696,-0.33449214181330467,0.7399777763913797,0.8974250684321925,0.0051875200969488085,0.032312782370160206
2870,-0.37177489403090624,-0.4025802578258435,0.7401393024486345,0.8973581544233107,0.005149141923788996,0.029299817138187422
2871,-0.27955992226978293,-0.31496666606104495,0.7401446209698069,0.8974004225024038,0.005054614142185615,0.026717648098329647
2872,-0.37815372549765464,-0.3251054655775964,0.7402296765885621,0.8974221331670315,0.005182789485325931,0.028184617730459178
2873,-0.3516132793317215,-0.30810568066358995,0.7402441438090881,0.8973896851392913,0.005062820446632703,0.030237623645686048
2874,-0.38388122536260233,-0.42044990635280144,0.7403292433118932,0.8973647043573169,0.005371310107523092,0.03524194280608365
2875,-0.25853641081518186,-0.3875469008842447,0.7403632828346638,0.8973505468276648,0.004689165885357428,0.03451282373959441
2876,-0.2983374242438893,-0.3039852423940123,0.7404039808057243,0.8973859310707407,0.004957960771896112,0.02855938698993304
2877,-0.33698629097247523,-0.36598388729435427,0.7404269179337026,0.8976222399512434,0.005801227678072744,0.02823206219744908
2878,-0.32365011290365037,-0.3071552410568488,0.7405291591258294,0.8975712802945387,0.004717616987414037,0.02980851792503782
2879,-0.27966881644112385,-0.3927879318010901,0.7405579621573464,0.8976398066729373,0.004848971073304078,0.033431877531436206
2880,-0.3427043601549975,-0.24029631471131438,0.7406711765903817,0.8976192197446734,0.005118719788437725,0.023568223920400654
2881,-0.4122340411534941,-0.346208198263898,0.7407014868021945,0.8977170398945251,0.006025104643344402,0.025076580521040278
2882,-0.35716791958523947,-0.2822316551745789,0.7408492512353518,0.8976873521454226,0.004777673031861015,0.03017162128238274
2883,-0.369963721255626,-0.31344024286364525,0.7409473710883786,0.8976778219371939,0.004875522192981831,0.027894316434051835
2884,-0.33597585456495827,-0.4102398853606908,0.7410343636276918,0.8977803294870647,0.00451547926858011,0.03430184783594887
2885,-0.2756825282118957,-0.2672041561635717,0.741123537254342,0.8977680551494587,0.0053551004523583814,0.027206400733667622
2886,-0.2983119110481731,-0.32322101091943617,0.7412184084848241,0.8978381591063146,0.005140084144756356,0.025115016329760785
2887,-0.3887083476136869,-0.37193930259448077,0.7413803179177193,0.8978612993250911,0.004705585372212971,0.03251742709456714
2888,-0.2823329590840388,-0.30886452076882803,0.7414351703668138,0.8978606326498021,0.005064419822359655,0.027198654808089574
2889,-0.358174592389802,-0.3723706549588198,0.7415153892675052,0.8978510763848179,0.005517353689302367,0.032919769864755866
2890,-0.35175007489872534,-0.2979722163861283,0.7415738762419071,0.8978772676721578,0.004744252552274792,0.02329183245135758
2891,-0.27585682979021175,-0.36137502871466665,0.7415866630699068,0.8978649057787882,0.004635572629701116,0.03378703971736079
2892,-0.4160905815085944,-0.31364202094799054,0.7416531622003473,0.8978551438601318,0.005775778258879089,0.028476015004782133
2893,-0.3084715265562819,-0.2840689882950628,0.7417422058471789,0.897833215931085,0.00547334320200116,0.03028854036922701
2894,-0.33738980083530673,-0.43625702860435384,0.7418477039908623,0.8979006533835685,0.005315208659757675,0.03394854295552412
2895,-0.3735212103517823,-0.3349793487143087,0.7419361517199021,0.8978813852453751,0.00492948847676785,0.029625643574686066
2896,-0.27605283012989024,-0.3665384608398705,0.7419940442821084,0.8979480305926417,0.004691633291747802,0.03437685300297717
2897,-0.3037361846629566,-0.2993977981360418,0.7421060744383853,0.8979453232838741,0.004654299581557443,0.027025386248492118
2898,-0.3056774919724035,-0.3944982738484684,0.7422024519017517,0.8981109138593119,0.004978937727828745,0.028149438108837174
2899,-0.31245139798433474,-0.3393158650934802,0.742233838975097,0.8980487746337411,0.0048246706081738365,0.029750658742424625
2900,-0.30561416127644453,-0.31480562369428855,0.7422704692191382,0.8981008479015606,0.004573084512078933,0.030959159999660073
2901,-0.3330261697735889,-0.31566680943504993,0.742292206025059,0.8980749100754515,0.005495215952388859,0.0324672976620141
2902,-0.3561001434369297,-0.4728865404038913,0.7424040232320425,0.8983127835793646,0.005022769175924712,0.03517760761880597
2903,-0.4507677200097022,-0.42471207013498397,0.7424738155371229,0.89832009608883,0.006123319838127434,0.03328393895344354
2904,-0.3175047792600643,-0.3412608257707276,0.7425651742150181,0.8983525506318853,0.005160611031632284,0.03269576098644449
2905,-0.24254979138588167,-0.3482254143508479,0.7425511603715085,0.8984071810904994,0.005011987171463128,0.029831499662563276
2906,-0.30657973741266037,-0.2967810671649583,0.7426450956104571,0.8984159255675851,0.004889457629157924,0.030133526982829333
2907,-0.35712944053233914,-0.3377239056673547,0.7427335424189825,0.8984229197787454,0.004679279604534421,0.028072494410706677
2908,-0.2890819459955302,-0.3719745870025647,0.7427710091601585,0.8984171153856167,0.005122734121636186,0.03604835277821722
2909,-0.3826851137853005,-0.31215408219064544,0.7428452623366637,0.8983034382756365,0.005338462255229949,0.032409659038106116
2910,-0.42159695563013055,-0.3285088746325553,0.7429846042875493,0.8982862455306483,0.005290716321986146,0.030626580344437215
2911,-0.35926370521434037,-0.36942792335467606,0.7430992620667938,0.8983293610881651,0.0046022845982360075,0.029807040311120067
2912,-0.36018372676723986,-0.3520713967782656,0.7432478327296065,0.8984844217169945,0.004844314974832591,0.024890843016261988
2913,-0.2767695724289027,-0.39018553574726134,0.7432699652586794,0.898533355948914,0.0049246245541250105,0.028696623639118297
2914,-0.3472556200243523,-0.30001832246291654,0.7433834833312214,0.8985238611224158,0.00525347038392494,0.02932408513410709
2915,-0.3319363782884195,-0.2892978357421028,0.7433478231891193,0.8985391002825239,0.005054614697091073,0.02317039024163868
2916,-0.33497522294811566,-0.39753366694013686,0.7434223695408175,0.8986380341848436,0.004414570927711237,0.0305914639800139
2917,-0.3266261767144348,-0.3034346448594981,0.7434635700330555,0.8986508929170463,0.005159260489545637,0.02361164949610553
2918,-0.351281028881551,-0.3535332008276977,0.7435276195875958,0.8986509306537439,0.00562107075604551,0.02865335681126426
2919,-0.32598479998817653,-0.4462171487703513,0.7435863893884233,0.8986978430878629,0.0046592457759814946,0.03394495730393821
2920,-0.2890744501060977,-0.2950685531358971,0.743662007984884,0.8986874067425492,0.005169041332472119,0.0289386192131174
2921,-0.24765687622434263,-0.3608690192614166,0.7436891437477576,0.8987721668656473,0.0051964957721728445,0.025999976403840386
2922,-0.35859414028578973,-0.37999630086073827,0.7437174385406581,0.898838256689608,0.005309736106505968,0.03080891304432751
2923,-0.3033251339698184,-0.33840808267654326,0.743784952655493,0.8988879472947313,0.005103854113835226,0.027816674447653924
2924,-0.3032251965323949,-0.279144791047239,0.7438561446197072,0.8988507404403401,0.004630254639919373,0.02618594332412652
2925,-0.42314059416173416,-0.32578948773769856,0.7439541302360008,0.8988538340963261,0.005353709582156486,0.02785663229439249
2926,-0.3006541137260434,-0.3607234788366976,0.7439760321746329,0.8988591192828065,0.005382302090662716,0.03289278589277354
2927,-0.2964822967507962,-0.31078379080789476,0.7440265419325378,0.8988174099780043,0.00527189221316606,0.026007733869535195
2928,-0.411645943831469,-0.3017754522033189,0.7441146036271228,0.8989145595766006,0.005304727038653785,0.02483220211922123
2929,-0.41395697440952917,-0.26375619761966507,0.7443154038405867,0.89901072386735,0.005477678280801828,0.026572166830014718
2930,-0.3434863655948906,-0.3525481338603481,0.7444344067793505,0.8990323343597925,0.005220915573042375,0.03364423730656671
2931,-0.350363504540902,-0.31454002684522814,0.7445039864730778,0.8990554382158338,0.005362394531131621,0.03428422036974495
2932,-0.347406503552844,-0.4057793176410857,0.7445235555300533,0.8991093099441323,0.005087637120356398,0.031837079595796215
2933,-0.33032302520923157,-0.3818609542650951,0.7446182173443259,0.8991444933717511,0.00459188254151516,0.031770514716685655
2934,-0.3085021002585889,-0.35519919997821137,0.7446697537773477,0.8991092173414226,0.005233092629376318,0.03171496791614303
2935,-0.29157134847995475,-0.32113411451749974,0.7447074815346498,0.899110688990537,0.004793668868722474,0.03054669655516512
2936,-0.27845515315802766,-0.3599736667454707,0.7447460421723306,0.8990741244352135,0.004739578556442615,0.031101542641449566
2937,-0.31620616866060947,-0.24119433451568886,0.7447986420777906,0.8990692204826475,0.004323198618165268,0.02544808565848969
2938,-0.3641573144959894,-0.37471581297931356,0.7448102625958796,0.8991137921470127,0.0058038131805832616,0.025762026135741353
2939,-0.28810363193060595,-0.292935655039706,0.744899746094629,0.899117469488903,0.0046764716568435845,0.029113870895520994
2940,-0.40865164640697393,-0.4129132594729678,0.7449979706921084,0.8991959545232419,0.005310890350064111,0.03277204096593721
2941,-0.38428915364381283,-0.3663759184534516,0.7450498459900894,0.8992259903242176,0.005103451852338204,0.03528100820015541
2942,-0.30558791784984696,-0.27288209072322467,0.7450770885632669,0.8991682476349389,0.00504755343219453,0.027858623828039913
2943,-0.30035640743474756,-0.37226421954469285,0.7451712273778437,0.8993364704952083,0.005058192412153601,0.034776719139390344
2944,-0.24740345949067624,-0.26201216077960954,0.7452015829318271,0.8993825567210652,0.004560783195406899,0.022218158483551215
2945,-0.3080395807786936,-0.3664862689075684,0.7452720800736807,0.8993796416845558,0.004809658214292981,0.024047569226671738
2946,-0.3473158375563387,-0.307337909528909,0.745373830875815,0.8993354512105045,0.005226817575978844,0.02693358885440786
2947,-0.3443689286563746,-0.30912923335268044,0.7454443160189794,0.8994824488975014,0.004941710867960526,0.02639866937755529
2948,-0.4110493164957007,-0.37239623654189175,0.7455903425943432,0.8995384833722604,0.005440705048132141,0.031031445111676496
2949,-0.46485689023749405,-0.4788039833111801,0.7457579045028343,0.8996995381729969,0.0054187799216099805,0.03532600649604332
2950,-0.3625666966522222,-0.3541938188994478,0.7458128633412623,0.8997240581619883,0.0049629932442983166,0.03188963086333909
2951,-0.31820645321749375,-0.35272904939309635,0.7458787268053081,0.8996986739628827,0.004865212295733836,0.03487296362826722
2952,-0.36570160433586385,-0.33141672154760043,0.7460457971682377,0.8996201442945069,0.005210124545104418,0.025940395643232802
2953,-0.4714456067886362,-0.39152075504427386,0.7463404582413753,0.8995515168010145,0.005830302423404564,0.030427626298310053
2954,-0.3634721326787676,-0.2835912080515626,0.7464018926774794,0.8995683302283096,0.004699492225291563,0.028556512779080605
2955,-0.33316839939707493,-0.27863195222181136,0.7464725959655796,0.8995525861449566,0.004678661199675503,0.029517689705807447
2956,-0.3200188850351957,-0.3510578706036711,0.7465047543880683,0.8996167635238816,0.005292915851010901,0.03138785624301142
2957,-0.3680455802307803,-0.31170337833495704,0.7466371485935062,0.8996307214782935,0.0058343629591139845,0.026094229392476076
2958,-0.24997282440144386,-0.319292685785275,0.7466940920407263,0.8997308922686337,0.004918993695408096,0.024367340671759122
2959,-0.3297232467516616,-0.22518266939438464,0.7467578050978035,0.8996592679165969,0.004601424552207348,0.024243948526159097
2960,-0.3526801142707097,-0.30610890844111693,0.7468255710208476,0.8996462891910454,0.004528844388281028,0.024883228414018174
2961,-0.3487034929969736,-0.385840700704897,0.7469334942759102,0.8996604967975156,0.005134997489135037,0.03015964921281064
2962,-0.31594511927634644,-0.3597380128211203,0.7470262032943614,0.8995747922641629,0.004893460804358442,0.03085094227006352
2963,-0.35681301685444866,-0.3859991360055473,0.7471602905867247,0.8998053602544814,0.004771730033328153,0.028716862402953566
2964,-0.25021825814331644,-0.2864596490691719,0.7472296090793747,0.8998239030660609,0.004357291959009346,0.02834732255136374
2965,-0.3986664126928056,-0.33665221119425914,0.7474203017013551,0.8997669268117132,0.004894631236498412,0.0290153945805075
2966,-0.3527421040186141,-0.3076934831570492,0.7474584723049202,0.8997011611845992,0.0060009682682576285,0.029145899385677604
2967,-0.29786266965926295,-0.2888101655327637,0.7475466418134619,0.8996223921100717,0.004662145222377035,0.02519566878302813
2968,-0.3525874380522607,-0.2648426878350716,0.7475738090442862,0.8995500452081496,0.005122254227133154,0.023767222031583244
2969,-0.30735937781736716,-0.2818028499862557,0.7475956322857479,0.8995584191589931,0.005123514167728963,0.02571477980038326
2970,-0.328616352395907,-0.35141422934395045,0.7476023251636731,0.8995862853463921,0.004801789832584277,0.028125625568789066
2971,-0.32671794726624886,-0.28735710822914146,0.7477520928207048,0.8995363369539853,0.00519062255069284,0.021477542010422516
2972,-0.3333097793896952,-0.3540146985370746,0.747789128881001,0.899562399195285,0.005136980360507516,0.03497609616760216
2973,-0.3152189042328578,-0.34313634406877136,0.7479643195789734,0.8996271558129048,0.004435620471086374,0.02750542802307211
2974,-0.3578806834942301,-0.3002922597644788,0.747982557936515,0.899566533601147,0.0049646939890192815,0.030910724444544582
2975,-0.31966614734594123,-0.24076575371738237,0.7480875126026171,0.8995504705467657,0.0050316203118473,0.02112465788124483
2976,-0.3539706578992966,-0.40760331074398853,0.748154207643263,0.8996931808302607,0.005283278901866711,0.029271563814789545
2977,-0.378962928708586,-0.3598318195367401,0.7482381402498728,0.8996965815271859,0.004562552612005463,0.034106249091322094
2978,-0.45279275722664325,-0.4501965420444707,0.748433718056209,0.8998907411106832,0.005459280792039727,0.03206542067906681
2979,-0.26460095834441005,-0.3705248436246549,0.7484411415953368,0.8999431647503782,0.0045916069765220184,0.035048737943351824
2980,-0.3635163310249863,-0.28425871495258886,0.7485008437498566,0.8998937604893703,0.005714416143018212,0.02701476331822897
2981,-0.32108980604663995,-0.3377999269840587,0.7485263398105809,0.8999050282907669,0.005053651879095602,0.029272966933810447
2982,-0.3271883618594439,-0.40340821882351924,0.7485872606840893,0.8999867873855566,0.00503929631474286,0.032694770427333916
2983,-0.34191365501875454,-0.34043438799562054,0.7487122771763939,0.9000473265177442,0.004942304068572799,0.023426017425524522
2984,-0.39097559521136416,-0.2878999738613128,0.748867329251477,0.9000413980422491,0.005003562393859571,0.026103990045969187
2985,-0.39566944680477606,-0.36866429511888826,0.7490140266681156,0.9000089782423774,0.0047234237000510545,0.029769690857354213
2986,-0.2874082675724323,-0.3758790680727581,0.7490516324526778,0.9000826159098656,0.004864128914427361,0.024816236709586634
2987,-0.32670804588862223,-0.44033763335131515,0.7491336448154979,0.9000908484102915,0.0048982177122341465,0.03312987013428644
2988,-0.34295911958043473,-0.28590812626184303,0.7492128310277566,0.9001285335953761,0.006048570742122942,0.026421803171755912
2989,-0.30609741094851733,-0.4062543440112201,0.7492925971551807,0.9001512313666253,0.0046137706138340865,0.0356016021148879
2990,-0.30174853859505646,-0.32705387123366814,0.7493496539994177,0.9001366054803316,0.005174117638539319,0.027578877050140695
2991,-0.33407541298214516,-0.3081467024586948,0.7494576927247016,0.9001244056831892,0.004347275219340707,0.02556635446899267
2992,-0.3054112356989842,-0.3145833741936058,0.7494663723426299,0.9000479770894303,0.005029249735930203,0.028944322430073867
2993,-0.37724504083954935,-0.3286897818371907,0.7494979000020557,0.9001771953553281,0.004870572004916968,0.029218830041614605
2994,-0.3577238356265793,-0.2995143130201568,0.74956827184199,0.9001780808156997,0.005545342768515812,0.026422965172260872
2995,-0.31127943992623375,-0.32275742354557896,0.7497309432548618,0.9001799393125476,0.005087867210787145,0.025976982941563517
2996,-0.3884734403757015,-0.2794811078858305,0.7498745643635341,0.9002516326125063,0.005429091779851177,0.02251204536680127
2997,-0.30403985927623184,-0.4316530528461319,0.7499018598553886,0.9003694235495769,0.005166292096723604,0.03151323252867254
2998,-0.3677679581533437,-0.3132933366679149,0.750015922261224,0.9004538464447464,0.005082214591187059,0.02990005388960792
2999,-0.3356359919488158,-0.3461726032800795,0.7501319832315639,0.9006775482701368,0.005120139763934894,0.02714391342956909
