iter,down_reward,up_reward,down_cos,up_cos,down_mse,up_mse
0,-0.38409395592666185,-0.239881271629912,-0.007643660963210506,-0.007350295193749799,0.010373120154792565,0.01309871843078606
1,-0.16861484364008567,-0.2524519318069469,-0.007248891030117672,-0.00597973224617216,0.006521800077010957,0.013709123701501135
2,-0.37611515809528806,-0.22180381947488303,-0.006231594964437354,-0.00465145294592377,0.011549816706413016,0.013568369586327466
3,-0.2855689883979079,-0.23034146108895048,-0.005368639199341398,-0.003156343215303586,0.008682635927711476,0.01112669560468928
4,-0.16269119903527685,-0.2645743403354544,-0.005062154731162886,-0.00175336867421068,0.003294456056689652,0.014316469618856449
5,-0.24653617857448257,-0.4285068128393517,-0.0044165238142602975,0.0006897470811868961,0.006866762456161392,0.018453867530041156
6,-0.20303701010650718,-0.15953029253658316,-0.0037926518411942767,0.001411333690447835,0.004458880470930221,0.009102460280902936
7,-0.1521452826607529,-0.30779592303703807,-0.0034828690292330222,0.0031944840865972485,0.0032072628962951967,0.016448015562752535
8,-0.14135953948656355,-0.15651488967773872,-0.00320586483124984,0.004165231139705584,0.003550169718259756,0.010365450128895299
9,-0.2647078820509208,-0.4970560536395411,-0.002661365756363093,0.008022514811331198,0.008781449091129847,0.023396053542734878
10,-0.2199795372641836,-0.29337916583783585,-0.002053648664191358,0.009556916598369903,0.0060462343591851766,0.013878313856175611
11,-0.19047028716892225,-0.16275322868520714,-0.0017117840785862046,0.010242918073730706,0.004081120773423637,0.00992888263285764
12,-0.19225139230115013,-0.2373630959561976,-0.001276860435339328,0.011773129411475899,0.0034121536231294116,0.01265418738647929
13,-0.1851005396893226,-0.3398000896357783,-0.0008828313045259953,0.013873778547170588,0.004528864111868471,0.015807024133347343
14,-0.23754615295707776,-0.24564522870812983,-0.00023292990109696147,0.014651638655148019,0.007352155666482585,0.01081617641276326
15,-0.21538597030948115,-0.3337330044354866,0.00037739246099372767,0.016911466869543413,0.005470143476984612,0.015873723292880844
16,-0.21810623707880303,-0.22305924487179551,0.0007599076443586296,0.017957697540417872,0.0037665701295135417,0.01215806387345323
17,-0.24907228234270207,-0.19372965330574743,0.0013977190642776903,0.019022555076686234,0.006852528655744701,0.010593321001044287
18,-0.39150283605741226,-0.20488033029959485,0.0026652099875818097,0.02040633239154888,0.010758115270912838,0.010424432586665892
19,-0.1698612378175424,-0.21770029961612794,0.0030207320327028542,0.021629555987410152,0.003457235957444111,0.014385836557571873
20,-0.16251330735818387,-0.22159584956436384,0.003424396577504212,0.022447750532581738,0.0037861484161787187,0.011896569372022997
21,-0.199549719518384,-0.258295791570984,0.0038295404395800444,0.023970159683294284,0.004141793229197879,0.012462501357542082
22,-0.2768151873535263,-0.19531734561924707,0.004700331504016916,0.02476278247613474,0.006439338347799403,0.010803369538239951
23,-0.20424935182072987,-0.19828838571505003,0.005182659824331589,0.0259536965866,0.005929258614813238,0.010334919473079535
24,-0.24471246633841254,-0.2865411407714139,0.005689954378556172,0.02776260716418111,0.007312198901858358,0.015515783069384035
25,-0.21632152540707456,-0.18947607881426531,0.006265400180602326,0.028716469579212756,0.003735950945903126,0.011320189896687722
26,-0.49860298640152345,-0.21783331472222875,0.008085127635580738,0.02970194162823291,0.016274096159828083,0.010327134827342972
27,-0.20808544114877095,-0.326002501093737,0.008575264528343897,0.032131471611437125,0.006325215655529503,0.015888103037838785
28,-0.1988233340473991,-0.19182234171980198,0.009121754440951136,0.03275161858628319,0.004647260742205085,0.010674970533729412
29,-0.19541299485596061,-0.18853251693379136,0.009609005843695482,0.03387927254085689,0.004499763773180188,0.011656238828240979
30,-0.19207932367175243,-0.27694023118289185,0.010142547176520337,0.035670537793329404,0.0052411904524316405,0.016206362305974296
31,-0.267194829687204,-0.20225839952818098,0.010958214619203696,0.03683075854121625,0.007033950659449243,0.012145645283006169
32,-0.2859513139581614,-0.25915414583639007,0.011828263301261294,0.03873062195559653,0.010114600003992474,0.01204138801330827
33,-0.16016184581560686,-0.28770226993077885,0.012256236266414668,0.0406120082481289,0.003799328297826061,0.013134339341497627
34,-0.14473124596725592,-0.2705561286568859,0.012478379353873081,0.04247336987959819,0.0028319337096879694,0.016839845571826464
35,-0.19299224570685686,-0.13620066226421676,0.012906447991900835,0.04299074275776943,0.004969738261685141,0.009030416272463383
36,-0.24734221000569634,-0.21282721574473537,0.013661498114499961,0.04419303086460535,0.007655699633463301,0.014047960287376135
37,-0.18964086595130322,-0.3746267931556936,0.014188406587325082,0.046725117455974095,0.004135670830783906,0.015246907937897283
38,-0.18375137774433903,-0.18744107907416271,0.014608801999907498,0.04736914310762045,0.004277209880996624,0.011066040463855942
39,-0.14739290312781583,-0.3609146202537198,0.01485414157244694,0.049878162711323414,0.0026816532419827537,0.01828942212139455
40,-0.2131575502528278,-0.15932745412717333,0.015357306615538156,0.050611176205698605,0.005362920095693144,0.00884107668169509
41,-0.22603622870831688,-0.19690759353339965,0.015882645320672517,0.05160598836757032,0.005938339742815575,0.011609583397051442
42,-0.26931495142207296,-0.2362613061774104,0.016577912529108146,0.05266265832000942,0.007785911152792671,0.012085959984415822
43,-0.21788309734793143,-0.16012058680864863,0.017044137953247128,0.05338967574786952,0.0047185367145260015,0.010015429890876342
44,-0.20965114453567185,-0.1900297303386101,0.017472877186860164,0.054230358840827865,0.005927769982623854,0.010508367283449943
45,-0.25466836975876267,-0.262776226261203,0.018194818828194473,0.05574590399221885,0.008014343243825831,0.013340978814646033
46,-0.21056079154489732,-0.19719635117146908,0.018795255548202647,0.0565574964748364,0.0063884820861848535,0.010310385397156915
47,-0.23314441760618732,-0.27135717931705344,0.019370049633547787,0.05800807072841677,0.005924835198573733,0.011547405018367159
48,-0.27628478397954587,-0.19149027968207755,0.02020106288381439,0.0589042954759357,0.011075419505337749,0.010948056898463798
49,-0.22460759301354893,-0.2740284810608174,0.020709172805901562,0.060903092180736085,0.005719299252719215,0.013631084396222251
50,-0.283909362358365,-0.22649462276815313,0.021659253236041807,0.06208073240807107,0.010512220271333406,0.011211569290031668
51,-0.2640470999207929,-0.1478447993773438,0.022230110070981142,0.06254863917248156,0.006095303232155661,0.010932387586759284
52,-0.24545412440733136,-0.2447512891281852,0.022879262561073505,0.06416851534244777,0.00756327661051611,0.014240076184721402
53,-0.226446620343356,-0.1570260924387702,0.023484580281496834,0.06485051723024661,0.005176909936395001,0.010037607203328136
54,-0.2145127794959131,-0.282187443139992,0.02402984642947963,0.0663004898972109,0.004623237732969106,0.016125834327943234
55,-0.2143557426986787,-0.15454333394475384,0.024642322686450748,0.06683938255167357,0.005285488307916401,0.007814309640119968
56,-0.22340732963034715,-0.3063450585586851,0.0251843333622549,0.06891749979329458,0.005631709378238627,0.014033805573992671
57,-0.2212700787610322,-0.16641850703300973,0.025520315289922692,0.06967402062571416,0.0053001387101507735,0.009163149732918869
58,-0.2477680016409103,-0.23792496403136199,0.026305520237220652,0.07070532436022599,0.006069731620225448,0.01225408446066902
59,-0.16758275198232847,-0.19091839587473197,0.026695684022578603,0.07144673643856593,0.0020279186240889694,0.010969544903309363
60,-0.2741175062158337,-0.249621717866933,0.027398649708800685,0.07284661633169685,0.007997738226814833,0.013883932845406148
61,-0.18315087274427796,-0.18045545282745085,0.02779148425268268,0.07390419373762891,0.00401113437999149,0.010718218682899839
62,-0.23449082149698747,-0.25165559425209993,0.028442147245779134,0.07513587827707333,0.008493715924636044,0.011947269481008488
63,-0.24850471066540705,-0.16396490697541977,0.029106304249115193,0.07599623624921412,0.007189413989030288,0.010995450307467585
64,-0.1684532190364985,-0.2402990937570621,0.029368172184586795,0.07736550206078928,0.0036709136647031285,0.013107021179191233
65,-0.2969953772350892,-0.24389348219101198,0.030274155607874224,0.0784728702565375,0.007234931059849733,0.011221734216454882
66,-0.218663027871691,-0.20063183824207345,0.030872050688034565,0.07942984540173867,0.005324022338395163,0.010394694447813236
67,-0.2210119290672184,-0.24582855526156946,0.031388159830052866,0.08074582425059433,0.005026572060560603,0.012390888843382375
68,-0.2375091747545364,-0.25376261995641314,0.032037698262945065,0.08172231105052837,0.007074738116299505,0.010988866855581186
69,-0.329680440899551,-0.156099771169726,0.03317528044937833,0.08242403311085385,0.012148800956060841,0.008768771508447813
70,-0.2074775564795077,-0.19229294866962593,0.03371056905168679,0.08329203529001289,0.004865990583704204,0.009875440488696614
71,-0.1737610958838785,-0.16397947390825246,0.03402299157607723,0.08414172214841877,0.004918671011092817,0.010339445913348531
72,-0.19116168443091539,-0.19019942588929556,0.034422705411871174,0.08467831378474192,0.004181752260830138,0.01101765450590949
73,-0.17218063318936105,-0.1541852291329212,0.034825369466435135,0.08543521394810019,0.0030760802556098338,0.00833679735302204
74,-0.39095297958070624,-0.1358115187881319,0.03623929245923695,0.08588095683091801,0.011168999862578528,0.009317687651452163
75,-0.18711565080026635,-0.17919009516845086,0.03658033258217794,0.08691897293048828,0.003595945664843744,0.01020935050103581
76,-0.3187067003910573,-0.2540919773624108,0.03751319461084697,0.08831967128709281,0.00628721087043576,0.013156729727079033
77,-0.3093199393014035,-0.17568480621041727,0.03828258916588678,0.0889382297498214,0.0043483150242256815,0.010477399420133659
78,-0.1915388005992336,-0.21855367297461992,0.03873757252370925,0.0902924145445189,0.004831960790376171,0.011681687680419375
79,-0.23390974980735552,-0.13259940575344972,0.03937574075683198,0.09083036686610496,0.005985561812605269,0.009590310880638024
80,-0.24165740698618296,-0.2304046605109005,0.039928635203855395,0.09180169571519338,0.00516750581596285,0.011314195935494464
81,-0.21403081070408622,-0.2720531171028474,0.0404226061600418,0.09348404353495345,0.005098228939080888,0.012260802211060117
82,-0.42381812859630597,-0.16618701275426412,0.041814885688116366,0.09452663213926168,0.01122254102966272,0.010021941093117354
83,-0.17323090714122547,-0.2478073274546668,0.04224224941160944,0.0955459449152517,0.004231874413288785,0.012283614404896021
84,-0.19278451616924852,-0.26422765803239506,0.04263685517444659,0.09682678412837813,0.003958567595643797,0.01392923045646653
85,-0.34304356202400516,-0.24121913837654607,0.0435023309268152,0.09815049120825282,0.01015732360268452,0.014894176644309292
86,-0.19559655365213768,-0.18235413812327003,0.04389506280343812,0.098942096851574,0.004627670480794794,0.01201463905266505
87,-0.320093831974038,-0.26359317376570324,0.044809411839945544,0.10042517082114454,0.00626031499580888,0.013413138905717076
88,-0.2104951512073078,-0.16004478896753443,0.04535039724983135,0.1012157402830871,0.005606051915755536,0.009138481728153874
89,-0.18025557877683365,-0.17791067807025948,0.045836317974483974,0.10191338750165342,0.004684751711298221,0.01128924415669957
90,-0.22025903823841322,-0.17619567132749217,0.046441016938448945,0.10255828862931819,0.004388619888832294,0.012117984350658076
91,-0.1838563041822992,-0.19317669769157567,0.04679857645048129,0.10343387406312099,0.003668977959907833,0.011924726587284301
92,-0.1987197012581908,-0.2563179999101235,0.04734874592123597,0.10457472534571664,0.004529504504350381,0.011317472906712856
93,-0.24016997680960292,-0.1799822589795648,0.04788852594555964,0.10518429578076299,0.005123921433926479,0.01220273823282429
94,-0.231804092521123,-0.2034312345443076,0.04848253204267655,0.10626376862493958,0.003925780658173826,0.010989495671397608
95,-0.24345820843185317,-0.18850645705092683,0.049059454425920204,0.10711451468485159,0.00583780961709803,0.009487588586435407
96,-0.2274804026339456,-0.24383283906693162,0.049701645014933855,0.10855459229470842,0.006685838279386205,0.013412777689522183
97,-0.3424859373418815,-0.16713801090599198,0.050852386849853944,0.10917345309968365,0.00979021613745458,0.00964619039321302
98,-0.19907903410145208,-0.15339898768065746,0.05129723955767766,0.10981070459580984,0.006325503540031004,0.009528395475723985
99,-0.23806149371582586,-0.2741141932818373,0.05177874106779858,0.11109500441935964,0.006402472083959969,0.01634472266330625
100,-0.1679419979520617,-0.1828288961431238,0.05204458805835649,0.1119734826958513,0.0038214314463739392,0.010916185747168019
101,-0.17914744047810202,-0.1970789121303682,0.05247033407090247,0.11266384024718411,0.004078160573175636,0.011369630430695634
102,-0.21322834211706035,-0.2012621619663925,0.05295919670955861,0.11345499639155578,0.006098223015152563,0.01262770749377053
103,-0.22223597262293268,-0.19348912356326184,0.053350882215947096,0.11408359433937582,0.004617635950580123,0.011548720908541756
104,-0.2530390709797595,-0.176735721858705,0.05414289770712519,0.11464819828387916,0.0060007727317208685,0.010137582454535433
105,-0.16223402763809855,-0.2304917467745737,0.054606240616571516,0.11571193938494918,0.0034459877308101045,0.011481958226786129
106,-0.18798598617144444,-0.15604201081750424,0.055029197444727666,0.11630909919478111,0.005638708604072863,0.010827683761968417
107,-0.28141510219684757,-0.18643155089800587,0.05603216826601573,0.11737034776932835,0.005786057463018353,0.012097259777050435
108,-0.22480595670639,-0.2016396014542175,0.05652738174833243,0.11838197352825355,0.005664030255622638,0.012431801737927902
109,-0.193446702573604,-0.17848159584872894,0.056972681707487496,0.1192247755326708,0.0043076129577721166,0.010573132703159788
110,-0.1747782430136668,-0.17362693038544097,0.05740408315702395,0.12005099141387253,0.003736509790644959,0.010267599714716118
111,-0.20806751949126878,-0.1480474627671309,0.05789501216799713,0.12071668706733256,0.0055137605802668245,0.00983042369735545
112,-0.1830361331786642,-0.2112846612756915,0.05827082134921747,0.12163118605293646,0.003885268003526453,0.011490672870585838
113,-0.21007127780649235,-0.23623160879241023,0.058855363899638725,0.12299618956864466,0.0069076423990776245,0.013920778686619764
114,-0.2504900500652307,-0.20509565235540247,0.059661685210768,0.12357736362693555,0.007169685909177553,0.010169386732354142
115,-0.3409373882764611,-0.25908081151423334,0.06079610134185398,0.12506319057916546,0.010699626677777333,0.013313789381713539
116,-0.1439446726493343,-0.15027708415641267,0.061103659457193704,0.12560773887980434,0.0033539276708913907,0.00972179846341814
117,-0.17287034354973776,-0.15754119420879656,0.06138697321679853,0.12619371044718808,0.004347229131171471,0.010317612368326045
118,-0.16953224805882583,-0.16437629460977138,0.06184065261703858,0.1268449633891385,0.0055223137199256695,0.009342000789885351
119,-0.1897711683623719,-0.2160393069638329,0.062195439183772315,0.12770694306050562,0.0051283096890208405,0.011173226985696996
120,-0.22011074754940935,-0.21076546938800683,0.06286638931156706,0.12837446855742912,0.006746609462990184,0.012575914778694988
121,-0.2851155261858911,-0.2387206223481549,0.0637298844103525,0.12961808114887383,0.005598524156407793,0.013609493585779274
122,-0.20843548185184158,-0.20750432722776832,0.06416129178839318,0.13034659034363133,0.006036280536823241,0.013243287232248668
123,-0.17647810044720352,-0.19498163448318687,0.06444934323020686,0.13129773985577248,0.0039910538670966215,0.012147852651136064
124,-0.1914370953749465,-0.29038628481080603,0.06490680444073568,0.13287043322638303,0.005396298910143104,0.014736100277505281
125,-0.2771996280787168,-0.207531687808993,0.06563903926586755,0.13413859415934729,0.008648690077538882,0.011037923602150135
126,-0.22633033469762665,-0.1675240858339713,0.06619645007388889,0.13506874154946913,0.00798748216384099,0.010590720162185357
127,-0.2678589002691913,-0.14607683260947754,0.0667392310687591,0.1355810495600262,0.005754065206118772,0.012036802660580213
128,-0.22136771980129716,-0.19546250039120233,0.06716907724762525,0.1363924374246755,0.002989741256268966,0.010070218070311006
129,-0.20025466033303393,-0.26124590313274,0.06770685577966977,0.13752861101105956,0.0027179772683227194,0.01486251742275324
130,-0.21317256930116957,-0.14968290715644567,0.0679773319277627,0.137995389588783,0.004229346179189914,0.01070523606216611
131,-0.2849409271297531,-0.20277780955998734,0.06879338487110659,0.13898041902958397,0.004691502398456386,0.013209556458645648
132,-0.1771418028225438,-0.24503951355863116,0.06916795321163548,0.14031060823523972,0.0032626897022276454,0.014528893892645861
133,-0.22263061555858274,-0.18575694548508867,0.06969473872426821,0.1410323704287147,0.004654947773509999,0.010651508086402006
134,-0.23246891909972928,-0.16949193480141309,0.07021209984927973,0.14158600336861352,0.0036255780097820415,0.01124476710988505
135,-0.1580982608944173,-0.19555409339368837,0.07061731075648985,0.14240632542541878,0.0036578894226130393,0.013470271171725164
136,-0.20398324191462144,-0.16837891720837259,0.07099053079481496,0.14316602350371305,0.00453073639238943,0.009765054942573966
137,-0.21801964142494906,-0.18513651342179213,0.07166094496599494,0.14368824075243025,0.004434253395226986,0.009776684542229925
138,-0.31696019680136367,-0.17966654934768567,0.07248992081100282,0.14452908350142402,0.009420117444684954,0.00983094767946141
139,-0.2147536533884268,-0.2088290338034912,0.07279905109194243,0.14522455320672736,0.0056477028148537835,0.013708828413596271
140,-0.18801330111703835,-0.18591344119372114,0.07327159996876353,0.14612115595786465,0.005127574638229274,0.012335587233242998
141,-0.3464872018797673,-0.1550812280762894,0.07428961355663977,0.14680587078661414,0.01163455706157204,0.009311303802026412
142,-0.15595986003075837,-0.14188522868692913,0.0745030741283173,0.1473232771571238,0.002527195449595115,0.010983565147099103
143,-0.1857339656565992,-0.15913104566968683,0.07476051827135465,0.14792222972875438,0.0035721294649005094,0.00991501560408354
144,-0.22372049759079143,-0.1990651217016885,0.0753410615143325,0.14864756485589908,0.004157393303472634,0.012025509134762063
145,-0.20547657686051132,-0.23573670811895875,0.07567950807158716,0.1499627362955562,0.00474361557649911,0.012509675942705939
146,-0.1536858497851285,-0.1975570315667838,0.07600200580349178,0.1509728566228796,0.004837657368160953,0.010041704646556291
147,-0.2273866040704236,-0.12321727860880088,0.07653049049849718,0.15136322467534177,0.004291445892378178,0.009605306315315441
148,-0.18584348025728778,-0.2404524294205398,0.07701382757828826,0.15256897308994227,0.0039813472326129355,0.011653529135546375
149,-0.24686824349304443,-0.1883437682764423,0.07765642548741808,0.15305709739919246,0.005568004535615791,0.009463268655480006
150,-0.27298065916340597,-0.17606987356542408,0.07849043722132429,0.15358616710725106,0.007728520669748481,0.010056275593749971
151,-0.24987227069895573,-0.2423274172572588,0.07918287517104143,0.15478562944157107,0.0059569479002985455,0.012525949549469822
152,-0.19306566867870703,-0.16327333826860937,0.07964694551181707,0.1553776237610521,0.004016716590170377,0.010517578639369418
153,-0.18506816847596652,-0.1540463073476082,0.08008555023953345,0.15610949738146812,0.0027636695519338357,0.010206863082726404
154,-0.22132678219815727,-0.22332507444478017,0.08047441340449281,0.15715676809463036,0.007122168820355702,0.01479501345884152
155,-0.14100879808462582,-0.14793951520975754,0.0807352645485828,0.15772523537457311,0.0040811498915052395,0.008283545115650015
156,-0.2071114189204944,-0.23524263379367522,0.0811796753638694,0.1590060027959892,0.006805245207035614,0.0151387395165239
157,-0.27493809332770114,-0.2039886698877779,0.08191792059697213,0.15972787182138734,0.005680399066210881,0.012470198817978551
158,-0.2524966693771639,-0.20110365895124618,0.0826362672198436,0.16070412870418083,0.00415550943391306,0.01222634237522868
159,-0.1819626865067844,-0.26919431302623886,0.08308742937687126,0.16197773969884624,0.0036863592876606645,0.015349162023742223
160,-0.16432717070729547,-0.14780181089192082,0.08336316919531642,0.16238578222026787,0.004609985825037104,0.009341089339230134
161,-0.2017186176496341,-0.21772046975431214,0.08379607702525038,0.16365505235643377,0.00570066781977605,0.011142089157666513
162,-0.2710077437127088,-0.23676946111444994,0.08432412525408366,0.16486236166712798,0.009358518767472207,0.01453619896793442
163,-0.3547395729308299,-0.17899772514925355,0.08537010593306998,0.165578370308088,0.011546463601152317,0.012395714300521336
164,-0.1571829249519282,-0.18343315710158187,0.08574342532774401,0.16628208824489363,0.004804260122395762,0.010079206662300715
165,-0.23386336275930436,-0.22167384413668145,0.08631695383970678,0.1673930049609498,0.005607353263201875,0.01316907881041461
166,-0.20027026013494686,-0.19244003976135216,0.08662274054943458,0.168369318242999,0.0034190121760766003,0.012381356358806049
167,-0.12114283995347343,-0.17682372951799089,0.08678269509943551,0.1690001074359114,0.002728763837570944,0.011247540046949361
168,-0.17916682176754897,-0.1470197740416736,0.08706983903743368,0.16942485130589713,0.0034722602435760396,0.010365871322351299
169,-0.2134953946220474,-0.19262655720692534,0.08758551560618077,0.17037576944112431,0.003980245491843036,0.012556950042361108
170,-0.18682733807426516,-0.1959561994109485,0.08807930317764823,0.17135147274765453,0.004039478925051398,0.011909684569958494
171,-0.23233004280777067,-0.22375902727242516,0.08860921312774556,0.17187928219133042,0.0030452589147151893,0.013452919509561463
172,-0.19659569779574773,-0.15257406412270028,0.08899972355649134,0.17227808841877884,0.004928285402815071,0.011527597361953919
173,-0.15730090541943997,-0.15574334725996236,0.08931762512810557,0.17303456671068118,0.0035289262572752687,0.010704364438202394
174,-0.19531258557257378,-0.20080463424879794,0.0897661252360893,0.17403145974631026,0.004181165501427231,0.012522496589350583
175,-0.16289456948114064,-0.16475181304148706,0.09013162420318467,0.17467186745679797,0.0045242737656153355,0.012782656330042582
176,-0.14576855098161415,-0.2071544399897009,0.09043557167745635,0.175534864248437,0.003056746567407378,0.01343596108254681
177,-0.21335597028203163,-0.1613808725324608,0.09093349077492777,0.17612326869901912,0.004091165570680364,0.010883547036627911
178,-0.20318341045012958,-0.1698102409599986,0.09135380729869529,0.17676354626218274,0.004007529380458105,0.01346079643523917
179,-0.2115964927105201,-0.12166546018456964,0.09187671197540208,0.1771867674625543,0.00555202398951932,0.009597476018869401
180,-0.2028122180091849,-0.18721528084662892,0.09229829491792664,0.17820661879454835,0.005117943598510099,0.011670569811866134
181,-0.2057274784192314,-0.19154828683548686,0.09270314864560457,0.17927652910487196,0.004117853336710217,0.012889430172305484
182,-0.22574588626061584,-0.22061910777597707,0.09329419495613286,0.18051903619409765,0.007471803463554136,0.012691401730111879
183,-0.21462981942117176,-0.1734707028748338,0.09377217152660203,0.1811961478068217,0.00580428398235653,0.010498069419748004
184,-0.156558956914522,-0.2820444694985492,0.09415750371296748,0.18282247734377294,0.004067140575342951,0.015155654872259167
185,-0.15817328958224214,-0.1863676158485702,0.09439862871995393,0.18349695147101117,0.004266230647225775,0.011414440781688644
186,-0.2696518079578628,-0.1704893335447641,0.09506030451906645,0.18403857379570834,0.005882020953304698,0.011334714274407538
187,-0.17206170103613538,-0.20104381698259677,0.09527846099712312,0.18488331543468398,0.0032562957422452386,0.0126743937085807
188,-0.2510208865499243,-0.2717086223224949,0.09559164004193195,0.18619860174151473,0.0072997799065463685,0.016485592167647934
189,-0.1836486931636095,-0.16165011205677982,0.0959725679658802,0.1869927572504184,0.004405250062004321,0.01234974142625751
190,-0.20166134663356658,-0.17052938992707567,0.09634338721999643,0.18765631180214373,0.005927420301695363,0.010734760032804564
191,-0.299630818977278,-0.20825114422535404,0.09722673346760526,0.1887686035701795,0.008293926505523585,0.011457726749997545
192,-0.1574410350090877,-0.17576676221838608,0.09762399912096978,0.18943747475796396,0.0034305494273821047,0.011762778371166594
193,-0.25786877777886363,-0.16448188002609873,0.09826280054038916,0.19001867765245442,0.005487901967195542,0.011829882591060242
194,-0.23563039365033128,-0.17955743510369943,0.0989043265653259,0.19059607275821094,0.005506455144618998,0.010836719724288651
195,-0.21874070078179808,-0.19506353083688777,0.09932114559847267,0.1912587631510881,0.005648906539921744,0.010518061169564987
196,-0.2677233493549044,-0.15886230529595013,0.09985213675390767,0.19188863022770528,0.007234748228374017,0.011674725255121159
197,-0.24018300821261465,-0.16668145823387573,0.1002556356114666,0.1926680464908799,0.008851768840611878,0.011535953743780039
198,-0.21537156139551247,-0.18684474889024785,0.10079020420697454,0.1932426778656555,0.006351437425265089,0.015463135076793533
199,-0.31301887810993345,-0.18221729440856493,0.10174746818709492,0.19419711312828958,0.0057266732448185784,0.01210399981400159
200,-0.19222654523157084,-0.2249545951151687,0.10221145880216492,0.19504270647484775,0.006377680247118775,0.011541778820613484
201,-0.17721840373535463,-0.19844982815813192,0.10259231355567706,0.19569895178448027,0.004323195928407861,0.013011996389948674
202,-0.15959368408064317,-0.15091264593050277,0.10291039443207325,0.1961174069241486,0.0039640535179223104,0.011320647037718602
203,-0.17700358007512362,-0.13784306472696736,0.10324024602354488,0.1965411135821166,0.003312157085470887,0.010395273057332049
204,-0.19382681173107377,-0.2000451375099778,0.10363180819647604,0.1971470810951627,0.0038387996454301108,0.012918482028724757
205,-0.19582349820558909,-0.14129909265956708,0.10401496483692746,0.19786186164644917,0.0035012289938355324,0.010007132633117184
206,-0.3324782192584239,-0.2008789175378946,0.10497102477118937,0.19872507142935908,0.008274786750445347,0.014368517565227647
207,-0.13890943089662047,-0.21423332246068097,0.10520444181608078,0.19984600415653805,0.002870759224046985,0.014230997887407792
208,-0.1966825446014735,-0.16826143954913805,0.10565593555366533,0.20045781904291898,0.0037439610338026817,0.01144894386276497
209,-0.18476796916899915,-0.20838307318621607,0.10602985741684047,0.20150283795664867,0.00552243540421386,0.01162565343391147
210,-0.20781311309721706,-0.1646331199095972,0.10665590107278955,0.2018955822619486,0.005099997663180412,0.010885415199636444
211,-0.17391170616428156,-0.19068998689893119,0.10690431204583492,0.20268697129508167,0.0041266429612578665,0.012518779857542515
212,-0.1981435397068055,-0.25928153129642056,0.10742861408940318,0.2042020108056069,0.004189252692218527,0.01908598543080515
213,-0.15430399656526023,-0.1464114566857704,0.1077865110896988,0.2046734475157611,0.003443585549376815,0.010343571025551918
214,-0.2714390353858505,-0.16898450055782133,0.10845280295082652,0.2052911875130204,0.00818215547288064,0.013338845732140758
215,-0.21423723644641962,-0.17746116479716978,0.10892369850688922,0.2059374098931935,0.0032991899212892204,0.0128334020379593
216,-0.2660841927634384,-0.19320233274561158,0.1096933575727106,0.20655226387723377,0.0062825337627782215,0.011740400248683117
217,-0.19366416428865454,-0.1433232796887955,0.11008688107800467,0.20690950605753386,0.0033634678423813667,0.010268597245044727
218,-0.22810063581207224,-0.1661858275315366,0.11075263775999478,0.2076933800468866,0.004165995062075669,0.012162043809839209
219,-0.17258371059634584,-0.16489244109687173,0.11112998442018886,0.20818396770344458,0.004463180879029104,0.010279469766895751
220,-0.46434374399792416,-0.16733112771176814,0.11272496687789745,0.20858296442028823,0.012546681302113387,0.010344105500309633
221,-0.15257030078800984,-0.12973214743516587,0.11300421736747583,0.20891781826079692,0.0043454562137991756,0.00822652926195752
222,-0.14080333958728794,-0.15675110018470984,0.11323483772819284,0.2093944979224203,0.002608677232433571,0.009851820586086432
223,-0.20922246773637188,-0.16504093795080318,0.11374793301598535,0.20989615131995323,0.004217083587435359,0.011954604593066017
224,-0.21089871073348387,-0.15373661657113127,0.11422960410582764,0.2103604923795959,0.005067312088974342,0.010599000199508825
225,-0.13152856730950307,-0.15535572164325825,0.11443307608250386,0.21107851106262912,0.002942814509603312,0.01267510610358524
226,-0.1916751060137387,-0.19522478745537297,0.11476582120145801,0.21218554835558825,0.0062401457169597285,0.011795666708829427
227,-0.19116878365814535,-0.17079867403300034,0.1151158419081402,0.2129893894717484,0.003609130207897434,0.011526892659666207
228,-0.18096429365763259,-0.16764515494303897,0.11545085950851075,0.2135753586037657,0.002773680652382582,0.01165685059575315
229,-0.2261645524135826,-0.16573749598890355,0.11606540988382823,0.2140968048190899,0.007681421755580669,0.011538891469412449
230,-0.16447133733426042,-0.19125979730481196,0.11626225269395128,0.21502595381410966,0.0038474694301453886,0.014711064663711344
231,-0.214121515998391,-0.1813567657197466,0.11670576777531096,0.21573513443621312,0.004249441610088079,0.012152483067109449
232,-0.13917442084596862,-0.14782850179326473,0.1168248743134978,0.2161604262893142,0.002027054335211829,0.011505269376055855
233,-0.27449792391458405,-0.17729900466622925,0.11771104072120807,0.2168181836306385,0.003534272268758691,0.012086600349801064
234,-0.2202546189077416,-0.2497472872232343,0.11821482597311511,0.2178425005338735,0.00397119019628024,0.013892566670173308
235,-0.3830380919986965,-0.19205405756085409,0.11934348214040173,0.21850889867509274,0.011131683166540804,0.013669228818395933
236,-0.18167283807431658,-0.16250848084106298,0.11971411483853935,0.2188812737242764,0.00454401114640663,0.011193572120542021
237,-0.17731654358529184,-0.30964322114374565,0.12006348457475109,0.22073755183244495,0.0036666678942808527,0.0127147236774437
238,-0.16389865073553664,-0.12908174996739655,0.12033958525717957,0.22120493486846493,0.00429481792649934,0.011379085674913155
239,-0.24812707170697623,-0.16063864477036946,0.12103945667073694,0.22174354976886815,0.00481832814127912,0.0135809172895671
240,-0.19667994362811317,-0.19578047637080948,0.12151858379465807,0.22272732787499772,0.0025498467067446625,0.012940482372503554
241,-0.15243070954620186,-0.17851743431781222,0.12178726885671874,0.2233124890227636,0.0026764712662187243,0.011027701598366723
242,-0.3232262335011346,-0.19158530856199446,0.12260318395617587,0.22390330233311428,0.00876009356529349,0.013477053185772482
243,-0.14356635611017318,-0.19941656741548217,0.12286730251740251,0.22434046241087194,0.0032704337441520894,0.011738097448546167
244,-0.1614872289307705,-0.20252097549904072,0.12316188689460232,0.22515956959923716,0.004154089974136407,0.012189633617304782
245,-0.13779134431985493,-0.20044804341617525,0.1234734299797529,0.22603562321384094,0.0034082508848823144,0.013180463809367687
246,-0.19470832897789814,-0.14676642213770885,0.12378400840525972,0.22662896680123956,0.0050059879180930425,0.011892831181677345
247,-0.16213616472112954,-0.21636142723230972,0.12404444035807737,0.22748860754971992,0.0042575683928733335,0.011566680830163722
248,-0.15876764480816002,-0.19223824130718445,0.12436643531275193,0.22814400100655374,0.0023796377624281714,0.014441641978074347
249,-0.19838113814129268,-0.19328276290290558,0.12476498596808995,0.2284845595878517,0.0038816834771968852,0.011043704132958318
250,-0.15235756928853986,-0.14551121229411232,0.12505028137498803,0.22887530121523947,0.003392450790530584,0.011890415757487326
251,-0.26670499056330804,-0.1729978919652762,0.12566909052865252,0.22944275847345832,0.0027966338315437256,0.010519565454264908
252,-0.22184378816080713,-0.23662920719743724,0.12618889531710215,0.2305163189572378,0.005240727888719522,0.014948325429248234
253,-0.1574114623376362,-0.21327726982399417,0.12638876411347819,0.23172040627313684,0.0032814095190774927,0.012088253187688079
254,-0.16873955004417912,-0.18068862927275578,0.126743182352082,0.2321529806661779,0.006052608314054118,0.010218982708200116
255,-0.21557271975070857,-0.17349813064750214,0.1273732951412692,0.23270292411655277,0.0052460173349636215,0.013170929584682628
256,-0.1721893378772684,-0.17663737212964886,0.12778597255230564,0.23318941254863718,0.0037471600553708895,0.012676358364819614
257,-0.20892836006592636,-0.1408902529784827,0.12819841188172038,0.23371486203317107,0.0040858385864538955,0.013151616482971832
258,-0.16859725187882268,-0.1679102723940332,0.12851285958377717,0.2342447316417066,0.0031963390264963245,0.01156118360292091
259,-0.1980064005052641,-0.13718480660519144,0.12892049832726676,0.23478576195058196,0.003169801803420104,0.013292851671454848
260,-0.14912212807695327,-0.2125634958625721,0.12915441872177455,0.23570531498195632,0.002641106389480389,0.01507666697742464
261,-0.22386356298739354,-0.13644834892410235,0.12954671896759704,0.2362498209142307,0.004594985367251782,0.011541834591179193
262,-0.14717564383206072,-0.16857233504891478,0.129783787397897,0.23668027126428445,0.003850320770997476,0.012737561457700306
263,-0.21613731211803888,-0.15098917778809218,0.13029186531565212,0.23723400505314046,0.005344040593427614,0.011340441334614308
264,-0.2477287584456055,-0.17096450933059906,0.13083867465049182,0.2378097489813926,0.007156831582901752,0.013702926303314381
265,-0.2130199209686642,-0.19183055001047644,0.131143422834577,0.2383552143202736,0.005321299328001909,0.015132586044779383
266,-0.14137102595128884,-0.1502556180652723,0.13134429830394928,0.23901879697113482,0.0026031541859127534,0.01303040576729518
267,-0.2397866166934874,-0.15150584973265657,0.13194522258227895,0.23945294880058435,0.006262580171626044,0.01249221319296289
268,-0.1778474973788277,-0.16240821957498872,0.13226872762029426,0.23983363021764095,0.004938406734589885,0.011981958934163015
269,-0.22198357589661766,-0.19967765211963176,0.1325184574803686,0.2405130228273499,0.0049080375614119695,0.012492478747292781
270,-0.18735596277543157,-0.14600849673101107,0.1329912223800445,0.2410470682858576,0.004316680934637962,0.011618002149093606
271,-0.14282762103442864,-0.16672597140564643,0.13321753363933206,0.2414774232015833,0.0030474183721020615,0.00989039143478318
272,-0.34960754417061585,-0.1768060034185536,0.13438908665168633,0.24204357647096297,0.009389311065791224,0.012175668204363747
273,-0.19526505487991572,-0.17378450769110126,0.1348449352325225,0.24232922028768114,0.0035786280966262894,0.012904036389700613
274,-0.16427882225442592,-0.1589691093780827,0.135239738782971,0.2427973135594209,0.0033945381784912126,0.011192633541127107
275,-0.18612020729241358,-0.17903991109446216,0.13562656835648962,0.2436285075612706,0.005284371673926757,0.014344972111103107
276,-0.16566565127457478,-0.2778914540782016,0.1359767870309076,0.24501157401555057,0.0040370596921953964,0.015038332028770925
277,-0.16078307028504246,-0.16669273808649424,0.1363193012705047,0.24552472001063297,0.004026594743853311,0.014235031198257203
278,-0.1798957543450188,-0.15388758118291063,0.136717175556199,0.2459040564628933,0.005843502021431939,0.0142178179700756
279,-0.1436700074848513,-0.1730921337727654,0.13694409844328082,0.2468770572418329,0.0021797153945436448,0.014353199228465376
280,-0.16713673131594914,-0.16060820528411782,0.1372253594819963,0.24769938548972378,0.0034520495939687483,0.013730925544105621
281,-0.1608226117561799,-0.1470143744110229,0.1374692335492883,0.24808484582561227,0.003201512043988463,0.01199029841402361
282,-0.22596639332336674,-0.19890889541705553,0.13787530658197109,0.2487566603153468,0.00633188961519034,0.014515610956946439
283,-0.2028399835862359,-0.2640731474159085,0.13838263876508786,0.24962023540663197,0.004001043153190987,0.013896825025185964
284,-0.25727761193738635,-0.1892494084065351,0.13901864906929798,0.2502142739872886,0.007554444667338057,0.014263690269198331
285,-0.16083500764631153,-0.13931721997350302,0.13937912571730063,0.2507043709780892,0.0031760023303518494,0.012496630618761386
286,-0.18727413821745498,-0.2302224246223424,0.13978147757859036,0.2517839846759408,0.0031094112298194684,0.012565807021904322
287,-0.19123715642439487,-0.1612620808026377,0.14004142940287326,0.2521157847806966,0.004626035575855478,0.012759642987870417
288,-0.1845224474328767,-0.1537368699742541,0.14035116615233048,0.2530573883465738,0.005903644743660652,0.013087253950240857
289,-0.18046035930559676,-0.13786552119545933,0.14068996672641548,0.2534668439571128,0.004095610746420507,0.010359892726549455
290,-0.14056886355267953,-0.19939865765669543,0.14092212357204903,0.25411673889631026,0.003893662336503892,0.014083199768091255
291,-0.16542403850668091,-0.16347073248777785,0.14123669750132517,0.25483219533039375,0.004419537519557534,0.01305558186210474
292,-0.21411225109947013,-0.17318501671051895,0.14159965426369742,0.2558199819286603,0.00461495490380533,0.013370004572537415
293,-0.21424408730798591,-0.17464759773263155,0.14197418436721607,0.2565016487877396,0.0053851465955945576,0.012081508262061998
294,-0.14594573908911307,-0.22674217376452008,0.1422041156437858,0.25718486362883025,0.0024392209386011644,0.013712797237804003
295,-0.13643477451853062,-0.18153917297215777,0.14241897006447077,0.2577389400532883,0.0032804971164599947,0.012519439409889581
296,-0.18339005062625977,-0.1461952064032087,0.14276581551897902,0.25814367718689657,0.00473087322478485,0.0109154709090843
297,-0.18034764441466236,-0.14657071644259417,0.1430942932062701,0.2584379231687394,0.004379219088613479,0.014431269056370469
298,-0.17165869048642787,-0.17931669025380886,0.1434457239884648,0.25910689053168173,0.00632916902634974,0.013131202493628468
299,-0.18320157327319958,-0.18458854366288358,0.14383432052666037,0.2595984709005239,0.0032058636631393488,0.012307899408790042
300,-0.21149007656622512,-0.18806052600434997,0.14447198199352695,0.2603929677109273,0.005071912386710753,0.015254229881596816
301,-0.15398660058401345,-0.21557844895242045,0.14478302561562617,0.2611066268989583,0.003585378587972415,0.016835769125642518
302,-0.19253447774838395,-0.13998989124859332,0.14510058588613325,0.26169839561366426,0.0026530195510046407,0.012402403674544604
303,-0.20227137902949374,-0.20983350770471712,0.14545438051382556,0.262475460925115,0.004053388567501616,0.014594486638016515
304,-0.23542731914145085,-0.22043878087517135,0.14598789638453674,0.2634976579823467,0.005246458527444162,0.01659769708287678
305,-0.1930586952547136,-0.19152483075092158,0.146302457635229,0.26440930517895267,0.004508467334788055,0.014454749939395568
306,-0.17525485605372762,-0.18043725166308647,0.14647467186092167,0.2650286231443988,0.0043263338039418965,0.01779897257307225
307,-0.18862772926246613,-0.18318671138873557,0.1467524448459886,0.2657675347420218,0.004812888013912887,0.013540506415838592
308,-0.23718373502276743,-0.17462199915644214,0.1471540037167291,0.2662379217903969,0.007971203181535082,0.012149426137857541
309,-0.2403956053434223,-0.14255354047667093,0.14751785415276722,0.26662628198208654,0.005910871331997075,0.012336094474844505
310,-0.21371923864143574,-0.19232851663530945,0.14802211470698548,0.26700128619682256,0.005888470323306948,0.013248402887243044
311,-0.15878779218177833,-0.15730673557923577,0.14835959951538077,0.2675933464936934,0.002884797539304106,0.011340557575924047
312,-0.22659982871000506,-0.20914945006801675,0.1486951306317183,0.26838107271594036,0.004397287663899327,0.014711901907437586
313,-0.19692185904880516,-0.12723369563398637,0.14920670988200951,0.2687165157106157,0.005379633247456607,0.012516052801069075
314,-0.2966350872088561,-0.20268426176800985,0.1499803541349641,0.2692638156719636,0.006593323469029756,0.0164658238893133
315,-0.25765443056493287,-0.15117594654802893,0.1504841672289576,0.2696685114946866,0.005469691630544375,0.013859120932545013
316,-0.17253777437250045,-0.20431377614759139,0.1508629800743327,0.2703328229370747,0.0033109951642619874,0.016623849108333127
317,-0.16794950105378623,-0.1686957993429552,0.15118416397040502,0.2706276341889897,0.0038588569708068116,0.011743722934443323
318,-0.18532891514263997,-0.1983197745940017,0.151534047098258,0.2712670221424475,0.004293940994176772,0.011385811797759365
319,-0.20611425218836507,-0.16554091830999496,0.1519271104094939,0.2720424681079789,0.004651627136189634,0.01267818068519174
320,-0.13865139134299698,-0.19968099794490055,0.15206919924157344,0.2725594839954445,0.0033130308536446357,0.015932945915572108
321,-0.16251523411273874,-0.20786869580997205,0.15235204250210765,0.27321024745045824,0.0028450800491031806,0.015284214038747187
322,-0.17775107621032435,-0.21028751945096508,0.15270193938302665,0.27375142163659844,0.005425301049610936,0.014195962947997095
323,-0.15476366558220997,-0.14227992748201881,0.15290015715804298,0.2741143229347694,0.0034425966915733164,0.012612843286095061
324,-0.23011262514292963,-0.16680275460403635,0.15324585752657163,0.2746100329438148,0.006545888551158744,0.013731560449057085
325,-0.1602255517061996,-0.17117100200819996,0.15351121263869993,0.2749370052750839,0.005994459272425385,0.012380503497976434
326,-0.19993053479450254,-0.1376941991580502,0.1537944703221242,0.275182409539739,0.0033669385996069673,0.011580303862064377
327,-0.15766222354002446,-0.17417641683357646,0.15402909649398966,0.2755517020923938,0.0023156934791280963,0.014571911146352002
328,-0.17988885889330983,-0.17219257938930269,0.15448459527113392,0.2761297385285904,0.0032960214909806976,0.016343150938755366
329,-0.16581006208902402,-0.14652864475174707,0.1547780772502405,0.27644410816369086,0.005907000192186679,0.01224263075895145
330,-0.242637713662846,-0.1820195330513129,0.15517576153204057,0.27686869651466633,0.004395425279385063,0.013955545577134966
331,-0.2558925127826219,-0.14271850379895226,0.15576371258389746,0.2772652868730146,0.005511481185488216,0.013645989960346473
332,-0.2232727313321747,-0.1923960005187388,0.15619013824316494,0.27825227223317417,0.006099156981048128,0.016270965288054853
333,-0.27693670912327706,-0.22415932256056476,0.15711071355934733,0.2790991413221451,0.005711517414403836,0.013638494190653003
334,-0.1549707332452411,-0.19184678844963582,0.15735080422092992,0.27987250550810305,0.0029976768411981362,0.015216557949645632
335,-0.16986963627536833,-0.16887182882468746,0.15760946656928057,0.2801958397406815,0.0054752533061278265,0.014436511511156776
336,-0.2503610436059303,-0.1531551474249506,0.15808871825593065,0.2807070094035439,0.005719218316723432,0.013907075052942027
337,-0.1587013492560572,-0.14844134957762242,0.15830517734426303,0.2811127116934273,0.0037016937480536275,0.014020400751502352
338,-0.1540047590350444,-0.1901743575301754,0.15851798579880752,0.28195208683472456,0.0035474529705618986,0.014247599163902624
339,-0.2714834666190865,-0.17959649082846701,0.15920006061499864,0.28239229826694134,0.007505765602896811,0.013878630668045275
340,-0.22382343805415938,-0.15759839056291883,0.15973769894932482,0.2828066294009893,0.004587572043970005,0.013379403047636244
341,-0.14996038573051526,-0.16586531317079733,0.16003863340148775,0.2832033776690064,0.004475212918457547,0.01734064205578781
342,-0.21429779013577702,-0.1569696577147738,0.16049192610618102,0.28356993213932014,0.004341001612153936,0.014683111120399968
343,-0.19370413672050063,-0.14665724813993394,0.1607666198869258,0.28397747454022004,0.003957704455025555,0.01573566059452703
344,-0.17606993288323236,-0.34436706241539017,0.16097558337783124,0.2854754840373311,0.0037606538900772845,0.015874891608735398
345,-0.18593885491874948,-0.1605942325055749,0.16118313299232423,0.28601062309195346,0.0035207175992671936,0.017461927489258185
346,-0.14462040324770467,-0.20072184742668953,0.16138563506715917,0.28705190832086924,0.0025233793470570936,0.01606672607744781
347,-0.1730112557257963,-0.20495475751652062,0.16176982639490248,0.28800688476436587,0.0034047587090559107,0.0143125853826219
348,-0.23115024193486983,-0.16171666109977792,0.1622199367107629,0.2884231540166622,0.005084468738264925,0.013973118997833475
349,-0.1890163897621001,-0.14673812610524123,0.16258562447848268,0.288836314015875,0.002751765056583603,0.013413616644569597
350,-0.29700857338387565,-0.2090420245378792,0.16346881120318582,0.28960595409669126,0.003992528258074895,0.014479687594287475
351,-0.18480422208046793,-0.15622444569427932,0.16379313070206497,0.2899541410291971,0.0030493427946844225,0.013891554666752431
352,-0.23579436504426934,-0.21939898587182452,0.1642567667112444,0.2907391823400055,0.005445826964785528,0.014402822074805349
353,-0.2088695672885048,-0.15421237335600854,0.16469062583316407,0.2910700674392815,0.00418587350807525,0.014801296567294614
354,-0.228711940400648,-0.18872667612388683,0.16519953334208728,0.2916724078172773,0.004940349145037334,0.017200091923342178
355,-0.1807899327623201,-0.14551391066692515,0.16537455960891176,0.292013002960903,0.0021332874569989337,0.013776494261325028
356,-0.2145692680110762,-0.22506980534367377,0.16587294298080385,0.2930586932406596,0.00509195419732619,0.015296290761932303
357,-0.17600845739407925,-0.1642804260646415,0.16616071039907915,0.29338588906529095,0.003637447876988927,0.013860840101793314
358,-0.15555817306388603,-0.16081993071113967,0.16641052823347283,0.29389534574052895,0.0038105026128813758,0.015130628474847575
359,-0.15052821055481405,-0.15473411562211842,0.16662641204076684,0.29427817047346955,0.002563476187230006,0.013233502957608851
360,-0.168050869469771,-0.13439786427868486,0.16684471680346247,0.2945535156289589,0.003860169852876197,0.013154657296570057
361,-0.18348521736643142,-0.15977065274332636,0.16724055658629802,0.29501718775109403,0.004440952684365017,0.014887020844121522
362,-0.14411910036735157,-0.25549073432424846,0.1675257890622296,0.296009758961476,0.002106681935414827,0.01496067655328435
363,-0.25283585641904044,-0.2458026121791308,0.16811649757921998,0.29697501155735695,0.0071554889026109805,0.012919867688815775
364,-0.2465218119086469,-0.1938634485881843,0.16874744931026425,0.29743818977646436,0.0075694661425260564,0.013454445422928327
365,-0.22996141430107245,-0.19011353092607958,0.1692362432410561,0.2979405032718818,0.0048299191060162325,0.012966742616281664
366,-0.17133686534530781,-0.20704089192528036,0.16965104855598023,0.2989291564706748,0.004132377865773486,0.01868615946783467
367,-0.1657088512300635,-0.17451247643453707,0.16995371332813355,0.29944008603721106,0.00488673107908387,0.01740281593943748
368,-0.19474806761481012,-0.15022752619021462,0.17038236238688562,0.2998637672251035,0.004675917709972564,0.014955716545191374
369,-0.17530597709133822,-0.11421488587249075,0.17073928360424684,0.30012001021731044,0.002695908888247207,0.013259459813861202
370,-0.30567359864234833,-0.18698359378952237,0.1714889655182505,0.3007215537751941,0.008875490041914536,0.016446638171329284
371,-0.2132735633750902,-0.17657983757484846,0.17182109800602124,0.30132350360224996,0.004940950042037748,0.015748305046576476
372,-0.14676804547204086,-0.1566106952018327,0.1720273522417622,0.302005062279763,0.0029693478301508424,0.013363288618638471
373,-0.16225784366398818,-0.2122326084653323,0.17224151308267424,0.302449622394311,0.004164234495742532,0.01877082678729503
374,-0.20759395327993618,-0.13736282049398557,0.1727159443913337,0.3028292205252391,0.0042704436717627995,0.014444323156176697
375,-0.18757895028251492,-0.1387699337690298,0.17305519725320154,0.30328278228068345,0.004884425055029471,0.0140311491814344
376,-0.21186432264674437,-0.20966595055138482,0.17343323393349447,0.30407531180004377,0.0030944508993903893,0.019369881803240993
377,-0.22473514147961884,-0.20460822513523988,0.1737767809087454,0.30454673530500737,0.003520171759421984,0.01652557561637601
378,-0.15571708182343072,-0.2320888409280405,0.1739725794559119,0.30532174397439127,0.003247090972636309,0.016468847141461514
379,-0.21686448638151432,-0.1536769788749746,0.17456901844581424,0.3058400947279766,0.002355523015694293,0.013075064698478087
380,-0.1799217753411158,-0.19432961909686866,0.17489180964339165,0.30655117225466405,0.004653853903337784,0.014963000691497494
381,-0.1770435248249953,-0.1705611746137803,0.1751822238742836,0.3070850630222887,0.0042158704286964525,0.016197810971910104
382,-0.17437640070426866,-0.227587524578223,0.17547138851663546,0.3079407583514723,0.0031986875645585865,0.020216470136962393
383,-0.16347084864634248,-0.21531678151615607,0.1757937609297847,0.30834937600998424,0.003447584040563392,0.017085494257322264
384,-0.16763908114451442,-0.12820756140062606,0.17604125104217275,0.30879244410868045,0.0034787492171374883,0.012187769270274118
385,-0.1575633828858334,-0.13989149596229353,0.17632815683333278,0.30917490302611383,0.003128173919666891,0.01476373048355021
386,-0.17362106664911192,-0.1901641059825523,0.17660312665461475,0.30967168875757856,0.003177143368401278,0.01730378730620343
387,-0.17908219494365268,-0.20693135342964464,0.17693000530167483,0.31046644832765413,0.004534826368726203,0.01633616234657246
388,-0.1723342969433899,-0.13907398065224194,0.17715155334745117,0.3108738595291392,0.003768675345025,0.014472670084990823
389,-0.20966930132298525,-0.22741680021596755,0.1776043841655024,0.31163516941844605,0.005168500454311415,0.016477196120915735
390,-0.1445900428583783,-0.1397234074743493,0.17783723129512177,0.3121440949068446,0.0029243679179631575,0.015640027097190947
391,-0.16298380664030485,-0.17854363918851573,0.17820220677655094,0.31260205342880254,0.003626352754067792,0.015789669165005852
392,-0.192701855657516,-0.16233406210480197,0.17861919714420724,0.3130082710062903,0.0045223921734103825,0.01593062131546885
393,-0.16559458026977272,-0.22131030068429655,0.17898679548273277,0.3138725157904705,0.00423295265909055,0.013569402767383441
394,-0.19405842553971644,-0.15150832798945185,0.17944461055291203,0.31434801701359055,0.004776945449493151,0.016068376361550372
395,-0.167311445275621,-0.19272487756492876,0.17957114083321615,0.3151461314876254,0.002841251773606411,0.01842663090549785
396,-0.20506759672496508,-0.19765279084888085,0.18008815835127684,0.3156392032897992,0.0021380524342905294,0.01699001953003207
397,-0.15863166180647162,-0.15894014090554037,0.1803133865119557,0.31596503948165566,0.004606472064901904,0.016240493979175673
398,-0.18207437672010116,-0.17964148661529078,0.18065601725606178,0.3163633860920569,0.0037170641903194698,0.01882636889152343
399,-0.19084819731327524,-0.17840399821405464,0.1809127476765644,0.3169052540333717,0.0031796343006942015,0.01552987276012865
400,-0.24048091470856828,-0.1615943344638632,0.18149257671965444,0.31749022095625706,0.005757432699087679,0.016421383111773526
401,-0.14702580648956617,-0.17175115515697595,0.18164993361579365,0.3179191409616515,0.0037400347194616952,0.017154054464559577
402,-0.21170693122906614,-0.14002173291526915,0.18197149997159576,0.3182841689069357,0.003682204177726682,0.014982586064822365
403,-0.15542098429265205,-0.17853132916771186,0.182177427333606,0.318631893790497,0.0031642019955500787,0.015493962068811307
404,-0.16750270332464176,-0.18506135664566653,0.182463524726343,0.3194897401430385,0.0032835648212993776,0.017950985493038488
405,-0.17298521304078848,-0.18785242201455338,0.1826733377918279,0.32027530895718226,0.00393463938592335,0.01858556973681905
406,-0.19470853311152653,-0.18926422664911707,0.18300032570301078,0.32090335617561,0.004195780464597092,0.016381863146203206
407,-0.16908551301397212,-0.20814745125497036,0.18336807664996913,0.32142252483650835,0.0038819558800004023,0.014047211408130257
408,-0.1734509196560209,-0.17395380018612056,0.1836528598653527,0.32186795609640473,0.0028746792186932282,0.014764663770663603
409,-0.204278627869008,-0.1994978265159408,0.18409633061184907,0.32258886464428416,0.00440419166614044,0.017704425992033018
410,-0.1936462374494708,-0.15271729966622485,0.18455263322730098,0.32300409633344734,0.003525906900900825,0.014977664702442578
411,-0.1804566671442335,-0.205238067290551,0.18491422078447178,0.3238190671590404,0.004628864134743184,0.01916175421264106
412,-0.1787363253014369,-0.22799048571589253,0.18515997338935555,0.3244337387883595,0.004791897386990219,0.016034275713168764
413,-0.15800442363172218,-0.14802245124484795,0.18530360223260614,0.32469821259129455,0.003427943070432416,0.016380142956840264
414,-0.20751201734094343,-0.18638142900583812,0.1857337165798727,0.3251731790218606,0.005007017123254381,0.01826679148099992
415,-0.18692305852360716,-0.17456601877980388,0.18608916762762107,0.32587918042499436,0.002999663967071474,0.020058305021941968
416,-0.1495822538295816,-0.2720644222109375,0.18637388290320592,0.32689532989638526,0.003864191005254079,0.01600048681011336
417,-0.1913323181416522,-0.1658797063546512,0.1866001134309235,0.32722911208314087,0.0045880519705435874,0.01722654431981016
418,-0.19201200671754629,-0.2290357621656371,0.18705523807260035,0.32806231902720895,0.003914369034836093,0.015439194520957822
419,-0.19032985324580562,-0.2089914043121556,0.18741180387764658,0.3286704726998275,0.004324343241847169,0.018727472662543078
420,-0.181412059255335,-0.22245329608294898,0.1876846855734236,0.32944563718757025,0.0036281306176361807,0.019010033416233838
421,-0.19323350423169366,-0.19832733876064482,0.18790393695161567,0.330044785290797,0.0043873813026979475,0.014931126908710728
422,-0.2326268037810363,-0.13384061982430234,0.18844146462881098,0.3304306525819509,0.005511707662684171,0.016004041175664743
423,-0.16102140253924355,-0.12972530151769213,0.18870760564195654,0.33089775039659963,0.0032060032521214203,0.015282415765887453
424,-0.1939851073759271,-0.16416190623240431,0.18903664219340302,0.33135771549806897,0.004161696214231024,0.01521962553198663
425,-0.23301622124388258,-0.16865457769462153,0.18957307962094647,0.33193461410643355,0.005193179237488211,0.01413780054593482
426,-0.21620121799589817,-0.1462669534045353,0.19002440028385903,0.3322215148837974,0.005848565634106299,0.016197945758312206
427,-0.22064506259204864,-0.17821276033542877,0.19047534011297512,0.33263848909421256,0.0033290213848954555,0.016056933739703343
428,-0.18304944956305838,-0.13183819425878088,0.19070702185665847,0.33289970821606535,0.0030798335221744054,0.014126495149817939
429,-0.1763453220873271,-0.16974981017793295,0.1909758860138154,0.3337331079437856,0.004011086687171223,0.017163901595573128
430,-0.20463092743935618,-0.19788722943046594,0.1913854134307472,0.33443435717418724,0.006171921057864016,0.021323074442872042
431,-0.16747232186962924,-0.13652962088267467,0.19158365994204707,0.3347244255419787,0.0034756969925107454,0.013332646819954452
432,-0.21330818846721766,-0.16199800926867133,0.19204629814155974,0.3350927254155597,0.004984762764736199,0.01718466453457438
433,-0.18299409630548782,-0.17260353524185776,0.19240654274688457,0.3354645481563939,0.003387574050123266,0.019233327773894613
434,-0.15109584425321243,-0.16920256870602846,0.19270007839158404,0.3361170354855119,0.0031349647335038888,0.01578944103622347
435,-0.18984372482400141,-0.17339914323498118,0.1930022496739539,0.33647236923351714,0.005988680901075481,0.018480350240221658
436,-0.18431247916780966,-0.20316085541234377,0.19328455675927228,0.3370940393290564,0.003970603465145799,0.01469850445515019
437,-0.16895007653049107,-0.31767784557417417,0.19344198083285305,0.3390857501619712,0.0044519378289542815,0.02553841699733666
438,-0.1582505031115914,-0.14253708723495015,0.19370480745227545,0.3394711828648631,0.0035276579281474274,0.01622690529320581
439,-0.2298227291457727,-0.149697972060323,0.1941387307955259,0.33980137420683887,0.005901772418798806,0.016840204111427996
440,-0.16626504295051142,-0.1665587106406471,0.1943837909766524,0.3400938663932801,0.003918141909183543,0.01807175249825475
441,-0.2251713832585128,-0.30604652498801715,0.19485488619228994,0.34138930260502537,0.005928211701057885,0.016019335113967935
442,-0.17840941562489945,-0.17323424736868534,0.19519256436355417,0.3419392699398181,0.001885212902894368,0.01661167491573051
443,-0.17449662406062982,-0.19931777130519238,0.1955399713662233,0.34242298444648317,0.00286864129051865,0.018879724817771972
444,-0.19555852575258764,-0.13612160745139587,0.19589709038013667,0.34283158890381554,0.0047392232560647726,0.015797011764838564
445,-0.17805241947833383,-0.23016580222651137,0.19627371626421727,0.34406838336418993,0.0015968241142675101,0.020446512597938924
446,-0.1515048233841963,-0.1503719481927264,0.1964673245696145,0.3443861360510685,0.002873367498315235,0.016042133513304073
447,-0.16148557920938683,-0.12681569558209171,0.1966678933687713,0.3446062047835385,0.002892447488353346,0.01676380676231301
448,-0.1830588496375654,-0.1952325914620338,0.19713062802941517,0.3451269468656959,0.004103541833477129,0.01894756635384642
449,-0.1911357465429307,-0.15912322337823878,0.19731498234691427,0.34543088747142553,0.004942409945329687,0.017913691718975496
450,-0.1860488763073351,-0.20323739099696733,0.19767987056382874,0.3461610161580069,0.003254382047844975,0.017642388766743358
451,-0.1874491833074462,-0.19099359917529699,0.19804001739606664,0.3465738274842568,0.003729066663384793,0.01582392727779591
452,-0.16208021395872,-0.13142492665462588,0.19815626599795522,0.3468516312135923,0.00350477839100503,0.015132558921844227
453,-0.1611268599720111,-0.15696206218724018,0.19834892402326523,0.3472980360680711,0.003533648231411296,0.018857026242850267
454,-0.14942905675854912,-0.15213686519849254,0.19856246502842256,0.3476727423797157,0.0031810245025606903,0.016281050325381474
455,-0.15293748781638647,-0.13392338603651174,0.19875218249695928,0.34797455896864854,0.004243626470804629,0.020547881481310763
456,-0.21602506657938908,-0.1916996453078039,0.19935655219751502,0.3486446739475775,0.003664704301068047,0.01913319007858525
457,-0.1880413001286741,-0.16493820017306263,0.19964271986029075,0.3490320836755683,0.004649857755853293,0.018241199637912053
458,-0.1735440257261362,-0.20784840133267787,0.19985236743807167,0.3498137816218552,0.0043623128905707,0.01941240426510071
459,-0.14497610105227385,-0.2569204273420359,0.20004773846198637,0.3504388212920591,0.003771170188601044,0.019880436294566328
460,-0.23581609696208133,-0.23147000377153926,0.20030574118451935,0.3510096377947951,0.005130208842711423,0.019111124595659557
461,-0.2014243540294438,-0.16501475052717715,0.2005032365780855,0.3514210554219372,0.004006080400488635,0.016482179710149727
462,-0.1628360607165414,-0.20161260625510408,0.2007056112284999,0.3522750288903718,0.0041918078052514745,0.016908658082143587
463,-0.17161232868758441,-0.19962264153623796,0.20092181875023504,0.35279428733511764,0.0048908685879071245,0.019463696658810092
464,-0.11869483582443262,-0.15368382641722367,0.20108251023870727,0.35320580934574564,0.002127701573471398,0.016546819227249827
465,-0.19628324065170316,-0.19812703752738953,0.20139426400007368,0.35383715672796556,0.004048140464929076,0.01646240486604971
466,-0.17678182404849105,-0.1404299485450684,0.20178103077200102,0.3540970928802828,0.004614248967846836,0.016707222055402985
467,-0.22404555052578173,-0.16633850082074178,0.20216242635942105,0.3543171727537838,0.00508169344125349,0.0171727841382728
468,-0.16950064136930382,-0.15558064158335877,0.20247614781112636,0.35476046205207207,0.002915298492664224,0.016758710604568787
469,-0.22202516227079397,-0.16303352646438238,0.20299016015297153,0.3553015960064358,0.00550802436686749,0.02036315701786817
470,-0.161178507392855,-0.1419755750548214,0.20318485300943326,0.35556454383884684,0.003471398375714732,0.01779613491889972
471,-0.19169301486932946,-0.3092742716191244,0.20338298583751455,0.35661075776315293,0.0035552307817329986,0.017359757634149264
472,-0.14353013729769043,-0.17331904805618464,0.20350452571118463,0.35694490755331426,0.0028851460916761644,0.020501864641782015
473,-0.239780841280854,-0.141888156892225,0.20396127429730138,0.3572459672174267,0.0035124509294945775,0.015058961896450907
474,-0.12879823336789797,-0.2988119265451568,0.20415065807792002,0.3582784073502453,0.0028155144690836143,0.01785364782745511
475,-0.21358361706492793,-0.22278268565286224,0.20452779932480034,0.3588753003949222,0.0032428458064482453,0.016408044177074123
476,-0.16254018731595501,-0.1857005374513119,0.2048304215815574,0.3593319844289336,0.004019291611194587,0.019276505118732936
477,-0.19668139015940284,-0.18905841080983055,0.205161251510262,0.35993325249806424,0.0047719293941345725,0.02009756538013836
478,-0.23671087742373662,-0.14161576240285542,0.20553591686619785,0.360261124105716,0.0051594116146423084,0.019029740661725043
479,-0.2663371925815462,-0.18355750612214286,0.20625640285817542,0.36075037223348555,0.004634916064783574,0.016527072619455224
480,-0.1643714584079434,-0.19183222738603342,0.2065467546841049,0.3612289863953425,0.004320582374655275,0.017148262943444587
481,-0.14377937168499716,-0.1853707164538938,0.20675957334519365,0.3614645364485212,0.003677538816002484,0.01786828171801004
482,-0.195501603583828,-0.17947176981429933,0.20711757662069236,0.3620368797765983,0.003448990845106383,0.017772140623063665
483,-0.19205503189356588,-0.14214322610344662,0.20734631252041696,0.362360300547933,0.005242211919920246,0.01742387199891664
484,-0.23113374763771594,-0.18041738551836842,0.20779645006700836,0.3632295518039028,0.004440487445764459,0.01990369495778193
485,-0.21351643932425884,-0.14508670417334998,0.20816631516139866,0.3636898663441917,0.004731071547072955,0.01622995372905099
486,-0.17433605878190525,-0.15650295083106716,0.20835435423101145,0.3640171489942308,0.0037114191913216283,0.01566377389607792
487,-0.20796878741301855,-0.21890464897599987,0.208794313089025,0.3646657378480208,0.003577898689670703,0.022055722941880677
488,-0.21888470937583424,-0.12660506817036127,0.20920993801083443,0.36489809494318104,0.0034764244844061156,0.015922012851781117
489,-0.17974303053878532,-0.1705262589002826,0.2093549647357928,0.3652074394208647,0.0049373651858039685,0.017912718949326934
490,-0.23002624333251212,-0.12722383430154485,0.20975684876589762,0.36557857302010877,0.004622360526634068,0.019519487517525646
491,-0.26737369144466905,-0.18184775392075236,0.21032866984054518,0.3660728989708405,0.00901864430255314,0.01716001531554664
492,-0.1646859114218391,-0.1758095117625083,0.2106411204710889,0.3665212580740761,0.003642074005947544,0.01822541779305179
493,-0.23956664303637276,-0.1938597956418946,0.21113709129235222,0.3673062927368869,0.007458080473337231,0.020854214877877843
494,-0.2597210320743594,-0.20926893057339488,0.21184212536999456,0.36805295646570885,0.0067532506318626956,0.017695347656879377
495,-0.17846908929094046,-0.2203449214933807,0.21203990863793618,0.36844144419623376,0.0036831862814859784,0.021430786030491374
496,-0.154134880787334,-0.13064135190973356,0.21230981976305568,0.36875039222376504,0.003946929119397851,0.0150116386753482
497,-0.19594267687043276,-0.18946837404560496,0.2126572022504115,0.36907193655719994,0.003919460265417913,0.0209110892698558
498,-0.24863406518735073,-0.19283258274163062,0.21312634885331844,0.369666949758591,0.0035717321449759798,0.01706190266145821
499,-0.1774645556281824,-0.15243189065815688,0.21347345563103287,0.3700049292551834,0.003355905025791786,0.017904720508570206
500,-0.15060870770824417,-0.2804882893157412,0.21376900537269639,0.3711281689806398,0.0038491834640849735,0.018699814142520654
501,-0.19351552660209353,-0.1443265487445666,0.2140950742573407,0.37139641295537973,0.004003461731994982,0.01750631594458125
502,-0.15914885390705935,-0.18300342475899503,0.21428831820702965,0.3716702703233597,0.003221061098162297,0.019176687502863582
503,-0.21180112005758556,-0.16090584861370463,0.21461273846096893,0.3720942738949851,0.00377798909983337,0.018234804791200973
504,-0.1170199391723527,-0.12031890074039618,0.2147410375504077,0.37242503760681955,0.0025226036500130586,0.019430988421326623
505,-0.19180264541615377,-0.12400004946582047,0.21519816855012214,0.37263661407991855,0.005029610740709818,0.019158291857174214
506,-0.1444354059135165,-0.1609645896532649,0.21533208894407638,0.37312968975465366,0.002260159193317157,0.018664839665311836
507,-0.16149554179171527,-0.1581791068044131,0.21558258703816577,0.37355786260821533,0.004857785274471509,0.022024043250021497
508,-0.21531136317957542,-0.1489620455327983,0.2160732433666002,0.37394361463802794,0.0027246250965977585,0.017226549454616966
509,-0.17059196850930144,-0.19146611519227763,0.2164798138231076,0.37445154442995376,0.005350542152667834,0.01799505046150836
510,-0.209260104674069,-0.17796571742325124,0.2168901895576095,0.3752062395502975,0.0032466505633164952,0.02044479636370243
511,-0.15958043553751225,-0.2138448117395547,0.21728529529143853,0.3760001672855742,0.00303470324751472,0.022034396192349273
512,-0.19075769529635925,-0.17476541449166239,0.21764077770227983,0.3765570979785246,0.0058675182335341984,0.018937191153070868
513,-0.17769479488162382,-0.18687784163894433,0.2179965027256782,0.3770304073094165,0.0037647931746046218,0.01881531350235826
514,-0.19102978311385727,-0.16533315038026217,0.21840636561900253,0.3775952249343788,0.0035142535819221343,0.01908392722687612
515,-0.2834787569592859,-0.18951872710376877,0.2191680175353943,0.37790963246244524,0.004714193064033724,0.01935292144494668
516,-0.16226907211787955,-0.16062614373013878,0.21940261044616396,0.3784502893824653,0.004854465007396953,0.020259443207701122
517,-0.1733164114591317,-0.2153073990404235,0.21965645409843124,0.37899073637710395,0.0032877995622183115,0.018347990401352994
518,-0.22743198564779393,-0.15284191577666037,0.22010541906302086,0.37966333718546663,0.004690874853679311,0.022583170741643763
519,-0.1601387013922633,-0.21578954504413106,0.2202792785872374,0.3802393440759701,0.003072497292203334,0.019894734143846057
520,-0.164925445050828,-0.16221293356337624,0.2205143462954249,0.3805550121345906,0.00277449344267936,0.019053829388227885
521,-0.16137007900308353,-0.17045553840643657,0.22072908043516415,0.380930506682259,0.003242460079081548,0.020303889027552712
522,-0.1636223894378624,-0.19268441905832281,0.2210039002468519,0.38165512188712164,0.0024776656264255893,0.020998108853293472
523,-0.1416142106919408,-0.14064987900223105,0.2212817637394718,0.3820226960288061,0.002926181159759699,0.02110653981614933
524,-0.10462227037261541,-0.16818101542014896,0.22140409938415712,0.38244274824613134,0.003069495708721452,0.019148052193685997
525,-0.18919529314727865,-0.16172829472559658,0.2216262585399628,0.38282046474739817,0.004128084247424388,0.01870833391061668
526,-0.13659676470852145,-0.1999403864465487,0.2218746817082951,0.3833568724382071,0.0029764470683890016,0.01785236249324996
527,-0.1627485176421011,-0.18683633753313325,0.22208809769785998,0.3839770401742885,0.0044493345456269,0.01856043805793431
528,-0.23315095925349394,-0.15469081940865448,0.222677073686255,0.3843300723314396,0.0030230517833154053,0.018781655254373107
529,-0.21557806576350397,-0.17251828742625483,0.2230481256781829,0.3846406075038806,0.005884413314970186,0.020051945089570162
530,-0.14821545225393776,-0.2139472410650787,0.22327300697049487,0.3850533824415904,0.0028318769849318454,0.020978714673326036
531,-0.2099082700527846,-0.22237131678818883,0.2236350391556753,0.3858447660384173,0.005440282268127379,0.02322258428580131
532,-0.1401782298073137,-0.1776957782242946,0.2238103331533121,0.38612800894141713,0.0021112179308352347,0.02117616534533793
533,-0.19986949608226084,-0.17023010846362596,0.2241986554551261,0.38644752102732366,0.005403476812646683,0.02114845504972542
534,-0.23406544158769058,-0.18709828659619718,0.22470476607426823,0.3869720225480915,0.004416821776759874,0.01898194608323755
535,-0.20695210211202594,-0.16246465067738744,0.2249682441287068,0.38735282192545195,0.004252786912557267,0.02100223438104236
536,-0.1834376597527843,-0.169760424430982,0.2254349171644812,0.38781771893531347,0.003389626352032409,0.01755762167409029
537,-0.14382314454608597,-0.15170929368803315,0.22561417331647501,0.38812914517581254,0.003548993937472043,0.02062747882696895
538,-0.15777881666960358,-0.11950860387337696,0.2258485452313038,0.3883994479020286,0.004084733077276911,0.021033208949498502
539,-0.2095100949713655,-0.1673073623651443,0.22636295659346767,0.38873469186807963,0.004234067673919364,0.02140607147921996
540,-0.1945527127988165,-0.1232123982294135,0.2265828367912813,0.38900574981613256,0.004231873520401957,0.0221195216132506
541,-0.13099572664542847,-0.11102390655665863,0.22673385286720166,0.3892453367524671,0.0030991681890948034,0.01417046540738007
542,-0.22080511759810825,-0.1792347401300219,0.22715328595183978,0.3895592892842361,0.005039610846098485,0.019682928266769772
543,-0.21966536032958664,-0.2009113117178548,0.22747339551454326,0.39002247658109124,0.00423616253050643,0.022048658708851823
544,-0.2429316067521562,-0.19700360867687003,0.2280244759846703,0.39045645843763666,0.005475055337844344,0.02514224195892173
545,-0.19559857496373206,-0.19397319398719906,0.22842554455926448,0.3910012848779406,0.00595239834905876,0.02035009885301004
546,-0.17952332089452536,-0.19729812260489799,0.22872201282006735,0.3914636710589294,0.0028507373105880174,0.019603210468185108
547,-0.12848653272762248,-0.1709542335427965,0.228926427595049,0.3919805890152187,0.003260120996810139,0.01846635625756268
548,-0.163739761800489,-0.1613818597312262,0.22917276540835055,0.39234977839186636,0.004950948956901872,0.01860080003389244
549,-0.2395143979570727,-0.14892687659401924,0.22961357240174082,0.3929642619085799,0.004282171714774363,0.02135866852711636
550,-0.17578701318198775,-0.16516942226445297,0.2299026750186193,0.39321712994449104,0.006055935324940202,0.02064443952573956
551,-0.2560690063188713,-0.14926888418362666,0.2306209664892043,0.3936690463487267,0.006928097779621507,0.01845235855770111
552,-0.14575646345867846,-0.1435959008170428,0.23085057645944207,0.3939022521685105,0.00342829514284395,0.019922980887141964
553,-0.13669876774367343,-0.1546765089864725,0.2311061474148364,0.3942377137735194,0.001922273962728122,0.021094964070852762
554,-0.2794268472865761,-0.14529971639178135,0.2316979290192608,0.3945733688257665,0.003927832263522328,0.020161303218604265
555,-0.16549576950301412,-0.15062092289510054,0.2318596511318875,0.39483963180786247,0.0032869940798493195,0.01984969238213297
556,-0.1464879098533624,-0.15058115303911934,0.23213873704370322,0.3951484977030825,0.003951900456376602,0.02130245910680085
557,-0.16282938535627636,-0.1712292560710862,0.23241734269606504,0.3955010980520322,0.0036913155975185283,0.021629350866654344
558,-0.20000766506651296,-0.1395150093777466,0.2328452468156952,0.39573951885852093,0.0038744961157606843,0.02013071189250018
559,-0.2028950527330129,-0.13202299513182164,0.23320497082611422,0.39608383967200655,0.004524145412576286,0.019176813927318976
560,-0.15976553509009034,-0.27368399198513627,0.23344748670424117,0.3969281325101119,0.0026788966181943027,0.01913762731372778
561,-0.15237363051853464,-0.21288973582311077,0.23366314471042918,0.39728858915155624,0.0031589040892370033,0.024073571033258485
562,-0.19849090049094048,-0.1706539461278852,0.23409724986158892,0.39745710920634003,0.003304509841124633,0.021142630182062874
563,-0.22185665558605724,-0.19982591536113908,0.23441152718949354,0.39793632649432853,0.0045548486021289945,0.02350362077397576
564,-0.12816406963338783,-0.19058362451843527,0.23460062533497808,0.39819837561017435,0.0036036440195302342,0.024066423596628594
565,-0.19000424707355892,-0.16696015752302526,0.23494802388379485,0.3984919610566825,0.004906737421758485,0.02346181479916526
566,-0.1628163769588004,-0.18248422525528396,0.23519282132612204,0.39881233682367945,0.003866703792091294,0.024141660683358507
567,-0.1404667970019848,-0.15446257488450266,0.23539048838596396,0.39911589106887374,0.003303394979466234,0.024025771502190322
568,-0.16080315104413614,-0.12984023422719101,0.23557410289000638,0.39940725066860866,0.004290519368048456,0.023118345613147188
569,-0.13678881013026112,-0.19159173765808044,0.23578183885632245,0.3999122584981294,0.004306292960187964,0.024291020409298036
570,-0.18559782509140865,-0.14178812439105576,0.23613007423502366,0.4002714198925695,0.0035739550944051597,0.021030609956311553
571,-0.15722859231565683,-0.16373895295938548,0.23633788451663915,0.4006928746848813,0.003795539140797279,0.022539764784901547
572,-0.16020252995311737,-0.2437395483277683,0.23656442498842262,0.4013483555319023,0.0036602614392357642,0.0248932344471446
573,-0.1359869349192589,-0.16864957468573444,0.23671627755502866,0.40161910399200873,0.0027569049035505574,0.02619217392693878
574,-0.18970460483309007,-0.16377172733813383,0.2371008933961777,0.4018764707521761,0.004832573160588975,0.020244445955777766
575,-0.17007880507638362,-0.2142197306930122,0.23733493051981644,0.4025421363527234,0.0029121531655069677,0.01884446410351503
576,-0.2102297371925536,-0.16103434411026185,0.23770041289702035,0.4027734274791023,0.005911116278888062,0.0219102938810181
577,-0.14972940804742302,-0.16411288074275893,0.23796465680937642,0.40318980911119384,0.003653302992759609,0.023661066593738622
578,-0.14447540583858587,-0.1513511592038787,0.23819465461451544,0.40337805699834317,0.0036653449053606238,0.022071924940568532
579,-0.15071796649157054,-0.15145967704635926,0.2383733045465169,0.403667830718384,0.0029667157479916504,0.02449751730009432
580,-0.15152506499557747,-0.15442869253453892,0.23854698901985988,0.40399879981740977,0.004333771421076078,0.020967673951365052
581,-0.18946609311704374,-0.14150810380726223,0.23891316736224116,0.4042911806437677,0.004766913124320006,0.022619964783385304
582,-0.17690458190158626,-0.2561761380917746,0.23917897192867282,0.4051753037997002,0.005684208122162808,0.0203525598405309
583,-0.15671179614022546,-0.1639674149103149,0.23944650542263754,0.4056418297545308,0.0036987564864534987,0.022733444320224876
584,-0.1335231351997786,-0.12954361557002822,0.23966125870935662,0.4059332646126687,0.004235488557304378,0.01893922820918386
585,-0.18304838011787075,-0.19229544691552494,0.2399845800308018,0.4064449620038324,0.004043462702197523,0.01918017907694227
586,-0.17617022930184162,-0.18777823030888768,0.2402430138690063,0.4071091341771373,0.004300201531509195,0.02642577963739519
587,-0.20889418729215262,-0.1918911566027337,0.24067117315403175,0.40772561840288835,0.003562846119976403,0.02330846519984007
588,-0.146274774130347,-0.218539978272346,0.24088136991537867,0.40819970456023713,0.0038440448532676553,0.02433676988001097
589,-0.16225408782986386,-0.1334951262606454,0.24107943434241028,0.40852827833922967,0.0034198213376888833,0.024496681837726037
590,-0.2148094412014049,-0.1672476540678095,0.24139597119669573,0.40896558696540963,0.004269937513470773,0.02238730621831477
591,-0.1758298109682894,-0.2291146402999452,0.24172856029704928,0.4094278464341226,0.005191993781665745,0.028171347354383734
592,-0.2860603133520441,-0.16056853882138905,0.2424626889210138,0.4098210228857411,0.005292145689662279,0.019973916333623883
593,-0.18402709145727256,-0.18815959346139957,0.2427574673936641,0.41008035020399275,0.003568738282233831,0.021435702345723607
594,-0.2279479800956344,-0.12706029779238462,0.2431942047495902,0.4103283854514084,0.004920357738016176,0.017717248767481944
595,-0.19227232977244235,-0.19497814783398265,0.24351237414877536,0.4109430415401359,0.003935588237837823,0.023753879590779448
596,-0.14874449339236176,-0.23478758546202377,0.24365541840403268,0.411535801632783,0.0032053777951252995,0.024542020814977254
597,-0.17897217828657247,-0.14978011392334536,0.24396909683690243,0.41185823967673013,0.002758673009141935,0.019143760683503416
598,-0.16501375133552285,-0.1936309217364834,0.2441397099675171,0.41232987556417855,0.003503384644718787,0.026158900224951986
599,-0.1644107762539515,-0.1860168602458636,0.24434607783084203,0.4127044408245992,0.0031364771469666822,0.02052929480069466
600,-0.135231073917922,-0.2444544512113668,0.24449851106324325,0.41349209299137135,0.0045156398702294355,0.023199239602738574
601,-0.22191243462305876,-0.18257546739766525,0.24496932901345886,0.4139522015230538,0.0032933563811094165,0.024784347899023274
602,-0.17217231293708254,-0.23226794577188428,0.24520776352242735,0.41471556465244835,0.004075229776592589,0.023874856732699443
603,-0.14975579879057474,-0.17036504613312203,0.24547354012546838,0.41497852835100896,0.0043474333289036104,0.023981788423041318
604,-0.16897599022180343,-0.15998814866898675,0.2457525026282034,0.4154098884635001,0.003909676924946007,0.02307280552013708
605,-0.22394955856002724,-0.20833365821029695,0.24606671726265358,0.4159474021778986,0.0036601881059365737,0.0260866827750211
606,-0.16760475107549286,-0.17349988042378894,0.2463124062719078,0.41626743081108897,0.005245799887130221,0.02313596599894287
607,-0.19700552269926022,-0.15681831247062147,0.24650832211578771,0.4164972238863796,0.005798470000431515,0.021950614103378053
608,-0.19928714465587408,-0.2156761642931289,0.2468749159272179,0.41705301895394314,0.004485598332892269,0.027760905660223992
609,-0.17437093619243663,-0.15985816287577992,0.2471264218747172,0.4173333866436376,0.00438646037473316,0.022701283397699983
610,-0.24885720801762853,-0.21863484024006158,0.24767295599172454,0.4177026060366114,0.005195447170026354,0.022951711160560554
611,-0.1854737974388039,-0.1624626464663207,0.24800797377886832,0.4179400243334384,0.004839489152082806,0.02159082610147887
612,-0.16588162918108623,-0.1539681668660964,0.2482651836524164,0.41838289979714244,0.0030646022128502635,0.022987238125571373
613,-0.16821646111744504,-0.1651049707021064,0.24846147398975904,0.41878926237166475,0.004865907759143806,0.02508190484025062
614,-0.23395845802952187,-0.15053034414871072,0.2489421539006069,0.4191659104744628,0.004697225571730762,0.02115883730355269
615,-0.20949623437812062,-0.1784075335266722,0.24949561199635656,0.4195555860543713,0.005920853084758626,0.022870134298679033
616,-0.19401829409947108,-0.13584577400132636,0.24971611966946128,0.4197840821597498,0.0036367145456578007,0.019805213501241533
617,-0.17343216980653084,-0.1487425424464073,0.24994952355447977,0.42008940709601017,0.005137348899371345,0.02095026872388302
618,-0.2272213152994867,-0.17315168382570087,0.25033018042298233,0.42041490168007045,0.0048060708963428185,0.026089002900119396
619,-0.1368641096759541,-0.15573711470630736,0.2505882221923959,0.4208814671882382,0.00274629333133795,0.02084028601665217
620,-0.15329885665923718,-0.19630575620594093,0.25082758655692083,0.42141331051879205,0.0024102437886921665,0.022974969429993136
621,-0.16905120043299457,-0.1589494791900619,0.25106264201101725,0.42184358671058053,0.004649284943772507,0.023348648860271798
622,-0.1977721402449576,-0.12778747665071377,0.2512426619385319,0.4220764206205358,0.005573586479156065,0.022841073192843297
623,-0.15503140441724927,-0.18495197106999733,0.2514452322063102,0.4225017765871922,0.004697360002490617,0.023192509623372354
624,-0.14479387305849564,-0.1712718065304098,0.2516469558280841,0.4228127997012706,0.005501263265925636,0.01792692332500273
625,-0.15920589550796688,-0.22404216450138112,0.2518613429209109,0.42346844015411256,0.002610483828239063,0.02956087384952546
626,-0.13844575447728819,-0.15443280360725817,0.2520497170864233,0.4237835496235079,0.002942333100860255,0.020897282471356485
627,-0.18552430180975274,-0.1413868341639671,0.2523786994442474,0.4240244293713719,0.0036245151227600404,0.021596625371240654
628,-0.22560322091833368,-0.1862600648974321,0.25263844427466786,0.42428972266394116,0.004216741759805349,0.03002867857631223
629,-0.24368341933340873,-0.21873746776315345,0.25292793562102417,0.4248011014929319,0.007907768002056826,0.024769454177489533
630,-0.18261434870884974,-0.1924307581047398,0.2532163482503423,0.4250854598834448,0.0023989998531562576,0.02451451531699045
631,-0.18270373145736551,-0.18095651135857393,0.25341609931595177,0.42558661010267296,0.003216808808805469,0.022221496692656644
632,-0.16687618628391046,-0.24610052949905373,0.2536326563870289,0.42629608839870686,0.004588330956062395,0.027926268328934807
633,-0.15904347817170977,-0.13666742214904085,0.2538597890061509,0.42648684664244846,0.0027609774049754724,0.019781382443027136
634,-0.2563336202467511,-0.1620624660241058,0.2545027442120304,0.4267351019137352,0.003756032503518581,0.02006164004269559
635,-0.1874464186239353,-0.13816972185845633,0.2548233538627167,0.42700354517959466,0.004414628638209368,0.02228334033573908
636,-0.1722829149078307,-0.1653124899325921,0.25506113105083206,0.427479441400493,0.004006200369400001,0.026875377429314645
637,-0.17018160871312057,-0.15054956240293255,0.255214876615824,0.4279799228814493,0.004181373672423098,0.020231077864150977
638,-0.1813918030173112,-0.17166224842952288,0.2555415663019213,0.42846091132464964,0.0036872798077818335,0.02129563632245871
639,-0.1816805587411291,-0.14009188620162238,0.2557819680871933,0.4288502245422686,0.003959722206872506,0.02512192920605044
640,-0.2187007752365123,-0.1679499251125127,0.25631176227996405,0.42923790039866583,0.004624762492579848,0.02752648310798732
641,-0.2054732148069382,-0.16719319879953912,0.2566256944713828,0.42955420206174555,0.004763891222162061,0.02362310744168515
642,-0.1703557046892891,-0.21079583882433175,0.25684522743676874,0.4300627462871109,0.004110980841297076,0.023528216574028635
643,-0.18316892650519678,-0.23267211777715496,0.2571344203987341,0.4307020023841156,0.004796712139531593,0.025515140699125898
644,-0.21638674233662344,-0.19641354462246732,0.2575678830111675,0.4310701700172118,0.003914548677717742,0.02172530755410726
645,-0.23670700663191752,-0.2062124837702363,0.2581456263828945,0.4314607273898587,0.00376457092575707,0.020910422983997846
646,-0.13708380590594385,-0.14947115493784774,0.2583578508383101,0.43183295715565684,0.0029468005930827087,0.02217478971621878
647,-0.28435485073057754,-0.18321284746540045,0.2591804754459207,0.43215274717760355,0.004021011202650957,0.021537531494190826
648,-0.17460052019329553,-0.1592735793395347,0.2595206213528874,0.43250917630057767,0.0035529090547783827,0.02608525870822342
649,-0.1366272382144945,-0.1781338602812751,0.25962400181640166,0.43286753392348176,0.0035445546103217303,0.026122113781416212
650,-0.17367913535067311,-0.18357663607042451,0.25988796073074294,0.43305645520914277,0.004284600235649943,0.025360333798590262
651,-0.14910380653751182,-0.14849966613661428,0.2600798941681319,0.43341566801927633,0.004222902150679552,0.023689066689550158
652,-0.17342553597662652,-0.148399321405612,0.2603312674055741,0.43395742010110583,0.0043160885628003905,0.02253072248651972
653,-0.14841264814014657,-0.2033750275840738,0.26053752168372635,0.43434486175039827,0.0036227158146583237,0.026098282452624445
654,-0.18691236093752608,-0.1817654072032776,0.26078662978546685,0.4349887177616951,0.004970201297847363,0.025123442886852417
655,-0.15782910358883132,-0.13308754174653104,0.2610552905331625,0.4351589985628842,0.0036070438262608634,0.018343659306574188
656,-0.14540661661793747,-0.1897572570225385,0.2612406032995855,0.43549505813471207,0.004339981311818139,0.023385759641724426
657,-0.21719630972794984,-0.21534694697325382,0.2615663514518796,0.43583930534336224,0.005429217044849783,0.02806056564982126
658,-0.1767731963008868,-0.20789810584948873,0.26182814229884593,0.4361801125239582,0.003869580300451837,0.024914975240219368
659,-0.23979192584959064,-0.17888140255291723,0.2622694437165428,0.43653185702451763,0.0067913436872511146,0.02299837789880443
660,-0.12891206163949567,-0.2674427141128934,0.2624767979982375,0.4374519806842175,0.003077586317804708,0.026764671088542347
661,-0.19419005065866862,-0.18231863747289112,0.26275176553403573,0.4377873218744779,0.004806593038613893,0.02248324234017389
662,-0.15635924469956322,-0.11308245040575123,0.2630241626728768,0.4380130472904648,0.004360685709706253,0.0219339551725433
663,-0.1996609174893548,-0.19899557075987967,0.26351770440132627,0.43839928239153064,0.0030836982334441375,0.027790521668513663
664,-0.24527841266496603,-0.16337217248438207,0.2639725206016194,0.43861053915817066,0.004539813830442339,0.027473112052429798
665,-0.17722709326826125,-0.17002803055939245,0.26428050161788874,0.43904285488063743,0.004035625389590711,0.024935032039268876
666,-0.24044931280711562,-0.17043805641840418,0.26480200154390876,0.4393710705382495,0.0039051616440756885,0.025595372366379026
667,-0.22790693255681738,-0.1259207287571244,0.26508591363747536,0.43966127309313,0.004854395057272466,0.020289044297442403
668,-0.2189009817072075,-0.1980722848246662,0.26547075990713787,0.44014998179900855,0.00419874142427408,0.025980952922070335
669,-0.1473131905060994,-0.1459101928272042,0.26564451031161834,0.4404719548178124,0.004910940917674615,0.025169991355476134
670,-0.190826734362261,-0.15052209092765267,0.26580892910768594,0.4407132854742687,0.004476551305572547,0.022640732476719373
671,-0.1597372870460651,-0.1939597441003302,0.2659558380019065,0.44106852951167985,0.004210679751928375,0.030587365333398224
672,-0.23127615788789302,-0.15780036706352782,0.2664836025651115,0.4413921992936373,0.005007525798316063,0.021716248513010357
673,-0.2228019056660838,-0.14406846362696749,0.2669299362071624,0.44172172669369264,0.0030824104130117466,0.022923304107415537
674,-0.2456482904766334,-0.15699510607342285,0.2674148782779154,0.44208826835568027,0.0029536870800560564,0.023218255786157684
675,-0.15768745780174748,-0.17822894876998055,0.2675584276510191,0.44244821316955335,0.003317032262166841,0.02651207962684331
676,-0.1312900207431795,-0.19897883384587225,0.2676925661189148,0.4428012878921072,0.0044061235905020575,0.022584947024904076
677,-0.23758178472605743,-0.22854053058680132,0.2683460796753011,0.44337039517930893,0.0050115596016670734,0.023335435995516473
678,-0.16425180521035693,-0.24398022939928024,0.2686373330077891,0.4441909279978353,0.003985790136185569,0.021380102528710497
679,-0.23601575499736385,-0.17068800031717765,0.2689921701978783,0.4444879645703377,0.006212776972522003,0.022802770875987206
680,-0.13435869069938092,-0.1308780757443633,0.2691879226102292,0.44475981074082394,0.0032846397728528566,0.023491186806713752
681,-0.22558143373265738,-0.16276475100934704,0.26958095896650486,0.4450492946928401,0.004661253240231665,0.02522078129646627
682,-0.2805563847059906,-0.19171953880847184,0.2703913911445868,0.4453953935249906,0.006626986902552954,0.024634449739582363
683,-0.1885545179129344,-0.15245023449618486,0.270643480127641,0.44563256425197195,0.0042237090959660615,0.02888038055864605
684,-0.13283400980283291,-0.14933411741866906,0.2707738479443693,0.4459502817895432,0.0029355698445224475,0.02649763573152837
685,-0.16233033547403078,-0.20550921192382074,0.27101619005069244,0.44632232391781124,0.002933964819509404,0.024177330424716377
686,-0.1596299874452811,-0.17988418842957105,0.27125664413735445,0.44667507424328357,0.002975815627155689,0.027723704014315776
687,-0.16834352342647002,-0.1321734387661459,0.27136019378468795,0.4468911668806997,0.0035972880864260175,0.024467728581738336
688,-0.17724003895232573,-0.1520236309360213,0.271518547151643,0.4471309715228666,0.003584237671993656,0.025812727946761316
689,-0.1469444759518886,-0.15321909204383483,0.2716567930333099,0.4473458384566216,0.0038158534747862283,0.024033818869597913
690,-0.18114587493834985,-0.15979118493081668,0.27199555518146656,0.4476583986047189,0.005226804050857288,0.02370273882764733
691,-0.1278566757702173,-0.15585108209375995,0.2721255257875162,0.4480501496925367,0.003222943316731633,0.025959837545629298
692,-0.17418783237976715,-0.1829675612595388,0.27239022133342217,0.44840079039981845,0.004826224351289986,0.0227319778021196
693,-0.18550610162255493,-0.18216092123872835,0.2726950462820421,0.4486322631970174,0.00416478828288147,0.027176565301043742
694,-0.15708758651598168,-0.16147448141451456,0.27286989303827797,0.4491335492748827,0.003437914750521272,0.0207356116616219
695,-0.16833413617724402,-0.1650807981423394,0.27311086104522875,0.4499233870442785,0.00390759871431171,0.02304762625597969
696,-0.17792386333082677,-0.21524877426610403,0.27338672450371704,0.45069359449301166,0.00622663130818146,0.029557569966613104
697,-0.18824289160883326,-0.13770827896571097,0.27355545182781493,0.45091377441369007,0.003718900689978624,0.028729733446966107
698,-0.16289721172927332,-0.16860636448293523,0.27382051112317424,0.4512713657035965,0.0039030555255234528,0.02358915706924426
699,-0.22494016437636818,-0.20367791644782243,0.27426925327631646,0.4516484448290867,0.005705844527591482,0.025272824562198128
700,-0.16107239678875834,-0.15435423864065162,0.2744790242631106,0.4519135237315997,0.0029905181301257185,0.023947944568381358
701,-0.12815211649672187,-0.16620534288147465,0.2745919642651967,0.45222111062676135,0.0035425926682307375,0.026621738501126438
702,-0.20106625115439875,-0.22188111201881433,0.2748745692058654,0.4526179052898492,0.004544658556373576,0.02832872010384822
703,-0.2027445908141238,-0.15856965651159538,0.27519157379606507,0.45288051753626724,0.00476619301443566,0.02379674385190293
704,-0.24791150831343503,-0.16888580812256784,0.27556228855532117,0.4531961856347867,0.006120712112364298,0.025958623079351366
705,-0.22369927760881775,-0.147130320731691,0.27607062123684667,0.45359141019701155,0.005986982358108714,0.027028926963626992
706,-0.1475966609810622,-0.1894928318363589,0.27618446808680325,0.4539956361998114,0.0031805115209145585,0.02727503409075803
707,-0.14600808470061966,-0.18191049470764506,0.2763429951703078,0.454396331366879,0.003979441163877222,0.02530769565829961
708,-0.2126853758130939,-0.18458335107239082,0.2767427032992278,0.45464619442016624,0.003965674718278784,0.026889449738835842
709,-0.1229937862964762,-0.20984263890449315,0.276932769257044,0.45522221631309945,0.0035495290439532643,0.0247614376624061
710,-0.17310012616095868,-0.12937056155533114,0.27716216546520545,0.45549265138854544,0.0035576406362659,0.024596673707061444
711,-0.18968166264427572,-0.1354147779088198,0.2774252914657,0.45565914054315476,0.00425632157177561,0.024917292394556066
712,-0.19889425329426894,-0.1438692262947129,0.27770984579385016,0.4559577562401019,0.0029187724787003958,0.021697646112581365
713,-0.15044800732597752,-0.1535369841332565,0.2778621737757104,0.4562971007912414,0.004147769452244271,0.026733753988152097
714,-0.14627157448499828,-0.27557234916977263,0.27805709278023666,0.45675866132399445,0.0035928996946248876,0.030067549862304078
715,-0.1972453939304541,-0.2007968546878708,0.2784875420678317,0.4572277758257445,0.004589067255347257,0.02546020620221699
716,-0.1491153292659643,-0.16361716340525131,0.2786265371886114,0.45746121390339073,0.003229198365672766,0.024202656997182187
717,-0.2199867811958671,-0.1492442095021653,0.2787975594141828,0.45758480638418203,0.004068415555589156,0.0253141440733459
718,-0.13007084443209552,-0.1241485037561808,0.27890443245097984,0.45777599536849345,0.002448681784007768,0.02484714513901538
719,-0.14764525619137447,-0.19281032974680085,0.2791607431103541,0.4582139284723282,0.003182185256609578,0.02918268025586145
720,-0.2252505848346111,-0.19881812714227742,0.2796419589022317,0.4587257585801115,0.0027248891049184826,0.02290162287493348
721,-0.2221299763595726,-0.2226069029398201,0.27988845059383444,0.45921506106198207,0.0041620931330976765,0.029319063413767485
722,-0.18556382298325497,-0.12672356072713287,0.28008047373497597,0.45941576229778813,0.003371200062585927,0.024882433309838026
723,-0.3044876806406769,-0.1713238252974098,0.28072898269523877,0.45977245715206266,0.004743111785417234,0.02649810436024186
724,-0.21393320238017846,-0.18639201408136194,0.2809526270201097,0.4601102077241597,0.00657476135216403,0.024746452712259472
725,-0.19870846422470886,-0.1486880101013305,0.2811416836371227,0.46039662397941145,0.004987911289295555,0.022992960769600203
726,-0.17130408065658714,-0.1344872630145113,0.2814020067297349,0.4606305758181463,0.003396556460001196,0.02459977946304302
727,-0.13943255558509227,-0.26414670634348075,0.2816108271299214,0.4614921123555666,0.003737943620380875,0.029849552545083664
728,-0.23392486293365922,-0.17277017196795863,0.28201731373854166,0.4618454734999775,0.004685601894193114,0.02361747835763951
729,-0.14923050726085854,-0.21536741127916498,0.28213284942031125,0.46227222396642964,0.0044042889260861055,0.024190741145669086
730,-0.18100569988298496,-0.1689998188176748,0.2824696411594536,0.46255116276740693,0.00442083077950559,0.02607248887193105
731,-0.2223957238995439,-0.15237560137260153,0.28292181737722705,0.46277533878310806,0.0023426779652846595,0.023700356836812066
732,-0.1507473550179558,-0.20551670740300895,0.2830728904655886,0.4632328408877513,0.004298844934608106,0.02178667002273686
733,-0.2215547617149791,-0.16290615240298026,0.283464063504941,0.46354102533558106,0.004083910117247851,0.02276206641092476
734,-0.17395614207350837,-0.15682209467313687,0.2837059872654362,0.46372835905963716,0.00580793168126401,0.02995967876757253
735,-0.22517054472272752,-0.1791198358383187,0.2839492602434505,0.4639801158752979,0.005020860592678017,0.028163496902003517
736,-0.2966929008186681,-0.19076331635487628,0.28471727295620414,0.464301076540191,0.003671644147188339,0.026342967947055408
737,-0.1628508394615568,-0.193400677815966,0.28493748919880313,0.46445923254717375,0.0033978228853185845,0.025232008534565475
738,-0.21989975960414243,-0.19584589067740296,0.2853983932044066,0.46471428860777086,0.005269826224206004,0.03065563477110986
739,-0.16775791714861613,-0.1606033155668384,0.2856047236411317,0.4649095881551143,0.0041342931863735215,0.02286571632430227
740,-0.15931856822124163,-0.2814805959112112,0.28580176602035,0.46569763816457754,0.004393331625645161,0.02609788450253331
741,-0.15337438655492366,-0.15214672594406187,0.2859577891317243,0.46605845323683404,0.0036801695759421187,0.027588089009034675
742,-0.13729986240375963,-0.13548069760606257,0.2861575685682054,0.466372892124035,0.0032362861008924004,0.024217083655170998
743,-0.23414618848329055,-0.16898629342547272,0.28648678919624415,0.4666037113260218,0.007586475075883944,0.025228935266773264
744,-0.23385404061304998,-0.21227755395538633,0.2868635718552332,0.4671959882234088,0.0035132569826144687,0.024353962625317888
745,-0.17925901268441974,-0.1951050581458639,0.2871932493716154,0.4675521809824616,0.0027561872135460977,0.02678950044736193
746,-0.14462521594261285,-0.16266793741009553,0.28741421197648787,0.4679716731872847,0.003488967069011076,0.026644777570918033
747,-0.14450852086658347,-0.19427707068714908,0.28760068534132144,0.46831924932063934,0.0037265980504952926,0.025532249907942253
748,-0.17329867265293547,-0.1885023784984186,0.2878070321030023,0.4688595023166275,0.004894730699866395,0.028546182797266152
749,-0.13943629676750338,-0.19326216698727716,0.2879752874072145,0.4693616544503311,0.002760842925746775,0.02275743637822238
750,-0.1542789429404409,-0.18667096720515358,0.2881836844522784,0.4697005487929531,0.002394361636435399,0.033383529567927915
751,-0.16653705511431946,-0.1725916972044795,0.2884862536709493,0.46990175351413355,0.004096135281163384,0.02787396433752535
752,-0.1765995126135358,-0.1615585729737921,0.28869762569025,0.4701747102179818,0.002814062225144453,0.029325816415984803
753,-0.15143377668638974,-0.1357735744499353,0.2888985602992437,0.470485310445567,0.0030109814304082197,0.02843793164361878
754,-0.20010369653537083,-0.1811908582778143,0.28909231727546925,0.47082949010883207,0.006086548043339797,0.028349969993276804
755,-0.18135936221681162,-0.1577967846438654,0.2893600651050856,0.471192532488892,0.004780064444748952,0.021143345881578665
756,-0.14269377971683617,-0.15777319274685023,0.2896036573447849,0.4713645647371731,0.003409905624911641,0.02510445411214156
757,-0.13929318426740814,-0.14927259204435472,0.28975191404367534,0.47159356534653796,0.0024684461610563514,0.0257432008936309
758,-0.17042895759599216,-0.17887057845743737,0.2900102564392582,0.47192717306803195,0.003712611030046906,0.0268402897587181
759,-0.12901847133007488,-0.16790406397839308,0.29017572709592987,0.47230592134972693,0.0027075357159028575,0.026631258463989813
760,-0.20056223387882235,-0.19009490720574507,0.29051826244573214,0.4725738528680863,0.003135244395429665,0.02653383293449801
761,-0.16503754731280648,-0.19798677780521795,0.2907622837133438,0.47293573918626186,0.004819471252846026,0.03406539444576531
762,-0.20280533492084202,-0.15231152652424707,0.29096007668926216,0.4732644843611474,0.004316985385339587,0.02720166412630146
763,-0.12234372111323964,-0.1501340116082911,0.2911116115064451,0.4735849116646684,0.0035636108702874693,0.03160355023278543
764,-0.17018216805574213,-0.17798133327407364,0.291353948706853,0.4738249947784294,0.004661290089995979,0.029112842417453294
765,-0.15059362440259091,-0.15250517772272126,0.2915382214796351,0.47408794204808125,0.0026219979736684207,0.026025851933713876
766,-0.2016287820559388,-0.22980039943928043,0.29194256410756697,0.4745460958592003,0.004785721516689093,0.030935150567547545
767,-0.18632163357844855,-0.1746775464451502,0.2921144113878428,0.47483939489777294,0.004110369014941579,0.0271204121549061
768,-0.1622574006679036,-0.21085445654804913,0.2923681310841002,0.47511790920821817,0.004291747767646985,0.02941109510572754
769,-0.18635466468523906,-0.17254427918230117,0.29267312905249604,0.47567112835451986,0.005669251496736421,0.02714183833312506
770,-0.1772235328152445,-0.179598615851475,0.29292718553113517,0.475885773640291,0.002853696853870487,0.02617123407101794
771,-0.1578251726360862,-0.17887142303705122,0.2931220115150786,0.4760614404776295,0.0038715307872797563,0.026099965261118106
772,-0.16484332546014596,-0.20617860812400335,0.29330438321400204,0.4764721331148571,0.002768367324931176,0.026327900555960574
773,-0.21689254259576474,-0.15234841411330524,0.29373440767952796,0.47673735990686006,0.003752557401004429,0.023457192482748187
774,-0.14525860130074705,-0.19379464874215702,0.29395273280155604,0.4770863702518391,0.0040104225975168125,0.029211204324232052
775,-0.179009430123704,-0.15702657763177502,0.294237262255427,0.47720703989895147,0.005211500198980776,0.031769464288828306
776,-0.1558097075476151,-0.16731794131032965,0.2944403402761403,0.47741966478800313,0.004050246676792937,0.032199043481309794
777,-0.25182086464593967,-0.18759336599949403,0.29494933859947986,0.47787001696144005,0.00368218983789374,0.02792741190095061
778,-0.18662032702918302,-0.19421302655282996,0.29527249391118887,0.4781608040058537,0.002572065020397179,0.03028487085854623
779,-0.1607057548172022,-0.15416851164016585,0.2954247937332933,0.4785188092558385,0.004076613138329289,0.027276477570608318
780,-0.17346592637819305,-0.19965743637563008,0.29568338779570497,0.47920888581103555,0.004118050586597698,0.028278062818115235
781,-0.1828914619195408,-0.13219887179271492,0.29594899956157217,0.47942992024008474,0.00516257878022331,0.03075754666575179
782,-0.16435490824443955,-0.1740116102273354,0.2962742790581046,0.47986627856117736,0.006823541325007663,0.03365472908942647
783,-0.14777884504625588,-0.19600955118573812,0.2964808906035757,0.480267318981379,0.0030843569497310745,0.02536061721726639
784,-0.1778470597834725,-0.16655795231926254,0.29683440550424656,0.4805382191340086,0.002826032387224599,0.029964595045032353
785,-0.20490149984488523,-0.13848633680367362,0.2971654695520998,0.4807631144179266,0.004254373083440331,0.024325218447403547
786,-0.15624253318712336,-0.23186516326508366,0.29735864266936834,0.48135938000931183,0.00384926364045974,0.030054844670336044
787,-0.17622471702323628,-0.16221473642873177,0.2976406737450946,0.48167266160831607,0.006897887746499517,0.029098922399559544
788,-0.16463327543203923,-0.16808525252643206,0.2979248510881181,0.48194158256860603,0.003364682546453753,0.029024409782421195
789,-0.17026976944338432,-0.1788007464076404,0.2981501809427813,0.48221379481749904,0.00290126593059845,0.030094357254367807
790,-0.19294024679360994,-0.18107589013811984,0.2984422333276168,0.4824947542883314,0.005233285589497687,0.028150785185827747
791,-0.1993834695242158,-0.16946064901549648,0.29865282948106153,0.4827546950021305,0.004485088221392302,0.028999191676293286
792,-0.1283375248876967,-0.23664460511439395,0.2987632437865035,0.48331379623209564,0.0037891378737700534,0.02771781846359033
793,-0.3211423578258372,-0.17418240441243035,0.2997217136620126,0.4836365525418536,0.00983502226328054,0.03368445243613502
794,-0.14179254047603607,-0.1795714577240088,0.2998416810686999,0.4839441496891422,0.0035067852316681596,0.02554265703120448
795,-0.14920143825653545,-0.21238211554823094,0.3001223312386276,0.4843414363225529,0.0029295880521539295,0.028585037929804127
796,-0.19156026642015941,-0.20476268595752306,0.3002965257629769,0.48449265839633315,0.004703131141638127,0.02981114382389221
797,-0.1899059598808832,-0.1530515324104952,0.3005806666099003,0.484659810428323,0.003250816742362743,0.029414912863190836
798,-0.16533849349166352,-0.1873310591054199,0.3007397798766702,0.4851592081230741,0.003162065696137916,0.02217450012270357
799,-0.3040016458679237,-0.17096987486164547,0.3014581588082025,0.48547193391942944,0.005135027522425578,0.025430904093422448
800,-0.196372358436003,-0.16568769759150062,0.30179904630619553,0.4859645107928976,0.005901747828477138,0.026767802709990293
801,-0.18916154823955156,-0.18937922508984564,0.3020642606723623,0.4862334990909115,0.003134321881984617,0.02840071418590678
802,-0.12818776279736627,-0.1572291794664709,0.3023485181781122,0.4864689681230268,0.002808709264912527,0.02467682668032316
803,-0.16662864670681152,-0.16683562688159986,0.3025738471428173,0.4867195503389485,0.006475118372273735,0.029315442732539762
804,-0.1570493139299951,-0.13452383599705395,0.3028433773375802,0.4869527116387277,0.0045721177841352,0.026010296770505092
805,-0.13349588999707546,-0.13042217672786177,0.30307394906975077,0.48710195454470095,0.003673880215867171,0.02405036789788229
806,-0.1438756302142747,-0.19494821679009094,0.30321603090845356,0.48749423472056563,0.002996857772098669,0.024718190416339523
807,-0.18301851414302867,-0.15952066499789327,0.3033689907024589,0.4878761950061474,0.005930107063276451,0.026009888608980805
808,-0.17965226017457522,-0.18727426658761562,0.30366466106252693,0.4880789536360461,0.003218253546550197,0.028880806464544658
809,-0.16555024042706656,-0.17018498189781422,0.3038079117627311,0.48826338432800087,0.003879067575746725,0.024945063024617863
810,-0.16280089480827215,-0.194764080269858,0.30392800499879347,0.4885584247599488,0.0057428151836334705,0.0276932427714194
811,-0.15822986257367672,-0.1503561432067882,0.30408775327891796,0.4887732970197895,0.0051863790374939945,0.02691618382399806
812,-0.14240474646013462,-0.16427559177617462,0.30425541666988504,0.48893815999522156,0.003974890250341809,0.03349658111439714
813,-0.23041173553880118,-0.17139487987056912,0.3046765044214954,0.4892085752686454,0.0038128101779320413,0.027892428738654943
814,-0.19875194434664867,-0.18049908347156257,0.30492896113601725,0.489588334398379,0.0037687919900270543,0.02763690395236339
815,-0.20848533049800397,-0.21777143267505045,0.30529089962479605,0.49007777003605885,0.004135274264587085,0.030291340522145136
816,-0.11574086223557573,-0.1830078381882449,0.3053909579275197,0.4903397128363106,0.0026201653196623056,0.03260174619133048
817,-0.12368563017973537,-0.1377074229193443,0.30552363681232814,0.4905189260885361,0.003578794562338903,0.02568049725143746
818,-0.21362041893899175,-0.14500756666360343,0.3058118906102173,0.4907581824891175,0.004837322985048142,0.029071951710521626
819,-0.17582576399790303,-0.19004334929380615,0.3061029374076966,0.4915031155822365,0.005630486351354799,0.03396534413259951
820,-0.26994171198519956,-0.14979778975757885,0.3067144578367509,0.49170009031766304,0.003616905874180264,0.028474171228982992
821,-0.1892734600312519,-0.16244638758023092,0.30691608612984844,0.49198732270625734,0.003915447856013983,0.028378094965265804
822,-0.15126420766080803,-0.18497081168439652,0.30721221692261014,0.4921905062928826,0.0038351540067124417,0.02871780725593101
823,-0.1735780277210571,-0.1831404776659713,0.307510373263716,0.4924612620685275,0.0050980015214059805,0.03038495544463594
824,-0.1515852383392172,-0.19544263056378589,0.3076762981293344,0.49270266494376985,0.0032617345547661866,0.030055438498512468
825,-0.1792355917614695,-0.1758228156085455,0.30796098437299607,0.4929015497984108,0.00378126803300598,0.026902996364912734
826,-0.2729124986302216,-0.14651061273562516,0.3086016013436677,0.493126588866686,0.005736821673786917,0.0307007109174565
827,-0.15455608586002062,-0.1501904486353945,0.30873744376010764,0.49333932530428765,0.00380058479989964,0.027415035119646828
828,-0.13066664810522546,-0.1844247195436286,0.30891209639515604,0.4936365492167503,0.00408986300268436,0.027142885764254845
829,-0.16588546963991363,-0.17450998379064817,0.3092403775906631,0.49392649674636036,0.0031655941783407045,0.026360313467721212
830,-0.14582207518887175,-0.18063856819602084,0.30942106567175803,0.494352149312793,0.003936168991991423,0.02892686149749477
831,-0.16552437996785804,-0.20348811825716467,0.3097363183327242,0.4946375523840495,0.003439452517442792,0.02831259718399248
832,-0.16502942421036626,-0.18964337034735296,0.30986821509165896,0.4949388285600941,0.0033145415566564287,0.026074862936191278
833,-0.2041758979701898,-0.13589381602257813,0.31020490028590747,0.4951258765039805,0.004685200602383852,0.02600366853367494
834,-0.15944687355314346,-0.1599583836260844,0.3104379954762565,0.4953025391255994,0.003912582400085705,0.035250870482798916
835,-0.13472091383388293,-0.21640487639008263,0.3105876640355093,0.49553857084727654,0.002772044067165316,0.03238602092541262
836,-0.1652591793666276,-0.17240318178777744,0.31082107550493177,0.49582714328625577,0.0038460788612252003,0.024338946862942704
837,-0.1573524852291647,-0.18603366695668933,0.3110186452369622,0.4962356748886799,0.005222308743932934,0.02722033841457083
838,-0.23447607373231846,-0.17674557525073872,0.3113683286730983,0.4965256730366212,0.0031526662270140345,0.026789546083851448
839,-0.169886889604722,-0.2377288404072559,0.3116125613909192,0.49717225023367906,0.003829683080083351,0.02721580597017878
840,-0.15975950027028346,-0.13161496322572086,0.31177484186065085,0.49737011606823156,0.003994299610564956,0.023384733990840924
841,-0.18530710963025362,-0.18110371419524995,0.31193885011058453,0.4975352583456883,0.004892002469033741,0.03075389092895274
842,-0.12132027159655001,-0.21189694072129275,0.3120472792125878,0.49786984611888585,0.0037484799964528663,0.03251029877618665
843,-0.14978677154709566,-0.1500496924347466,0.3122242325737863,0.4980964357023766,0.0036820872165349685,0.031247788331270163
844,-0.13674798579196704,-0.15913242804445082,0.3123581070816057,0.4983345115101916,0.00364436277285398,0.02311220466017763
845,-0.17662603856557368,-0.157229087743065,0.3125272822905442,0.49858388466815556,0.0048378271559068944,0.02930142138869262
846,-0.18342658503766957,-0.16240420903032945,0.31271048512642763,0.49881132194334776,0.0043241611973481465,0.028847726483206295
847,-0.1964394137846515,-0.1467810933433915,0.3130248357079331,0.4990897636401457,0.003145181795183515,0.027893431698145583
848,-0.16581097213238058,-0.16577167045089589,0.3132951364385723,0.49925299102750625,0.005443330052810245,0.029335716938142638
849,-0.1405942328953754,-0.1509370900858704,0.31345399539378294,0.4994408978170166,0.003428300983298987,0.026407046129885474
850,-0.15256527583160026,-0.20153017146611094,0.3136393792423554,0.4998468269563805,0.0040701992121535795,0.02659781672106675
851,-0.1624025248252627,-0.16299800746448964,0.3137774459746178,0.500141729585249,0.004910209098800265,0.026987980478921966
852,-0.17266060900271368,-0.18163732107229388,0.3139827675007826,0.5003516997098714,0.005424570947847383,0.025746316748365892
853,-0.1806482471129935,-0.1373292132537758,0.3141407499461058,0.5005115970512534,0.005860343545770681,0.02852174837436257
854,-0.1775554391862151,-0.1975494314560803,0.3144275079257744,0.5007553710422944,0.00364104643391193,0.030597940733487115
855,-0.2186523153672589,-0.18854641913006737,0.3150380591789997,0.5012107945057755,0.0030233301583527205,0.031389545301052965
856,-0.11793581067153501,-0.17932182981214548,0.3151850011140728,0.5014060613257533,0.003424449709995149,0.029586204167454676
857,-0.18388506159961027,-0.1854783840843078,0.31547416782328325,0.5017216151183403,0.0031431161507342494,0.02515775103051923
858,-0.1366765033975964,-0.19372311563170957,0.315566852461023,0.5019523572259293,0.003256024579461858,0.029938770807685085
859,-0.17134956776693652,-0.1744403624143848,0.315668304527167,0.5021601628994727,0.004603399483768436,0.028242385610509645
860,-0.14570314008736815,-0.1989620505405681,0.31583091865084834,0.5025996294931797,0.002811133962553102,0.026088196052971652
861,-0.17488489761190296,-0.19987076960729228,0.31605250379312205,0.5030191341399153,0.0039635155344254136,0.03209785021789533
862,-0.18298881335898617,-0.16906484964500085,0.3163002831583327,0.5031940814445368,0.0048844922353261455,0.03171522175478166
863,-0.12964931632928436,-0.1972145192462815,0.31642306191105224,0.503693122159473,0.004026616961466468,0.03080147649344403
864,-0.19221650732798137,-0.17169883292132546,0.31672925334232044,0.5042486978473204,0.0031973446918358655,0.028434287945697436
865,-0.1624562451538173,-0.13732011819192844,0.3168779680479488,0.5043676263374354,0.003980655169747498,0.025481321713962717
866,-0.1660681605858162,-0.15241830393188235,0.3170201048086306,0.50453607320044,0.0029731393595891988,0.0314089753453633
867,-0.14451960284593954,-0.21115856505077038,0.31724433165465177,0.5052880063525701,0.0026183369788081905,0.02781861800071761
868,-0.11370448255583718,-0.16583982294328659,0.31735402095597914,0.5057162122149046,0.002830870709178199,0.030296346392404354
869,-0.19096257535090672,-0.17205547934246312,0.31763731246887106,0.5059673249766812,0.0033289496854228707,0.025792044821141683
870,-0.20055173317662264,-0.17153857745875914,0.3179621736177691,0.506383112506982,0.004563956778571724,0.02793289653272112
871,-0.13115376891341293,-0.20051479441174053,0.3180707887962094,0.5067241073257608,0.003186080267531733,0.03587040408143421
872,-0.18847874807799572,-0.18602033325377135,0.31828700168539287,0.506953769391092,0.006498076897144942,0.027124800458793695
873,-0.21336618417371234,-0.15628830901733154,0.31865060379475035,0.507074285605883,0.0029797330241462705,0.025394195269932265
874,-0.13805579255901432,-0.14872074542478164,0.318792640168138,0.507257790335774,0.004626147536210615,0.02471742828442486
875,-0.15751656690381827,-0.13964373968102814,0.318980966059779,0.5075022036403029,0.002796390179952326,0.024274184191869823
876,-0.22072968493046935,-0.22102442496526442,0.31938481977339095,0.5079536496427638,0.003732196509515768,0.031548087115753555
877,-0.1533777766770517,-0.21138146610191755,0.3196371801980971,0.5084702070696222,0.0040443614049427475,0.031165192032760112
878,-0.13181178717266667,-0.12473954674550447,0.3197808370309481,0.5086216591035422,0.0040696557714912235,0.027210781368487466
879,-0.21473641891940895,-0.24440841177856523,0.32022495694547665,0.5090733285109581,0.00555480988484791,0.034364970759702636
880,-0.19373862395610958,-0.17434301642445257,0.3204752238122847,0.5092173986597144,0.005645082603347256,0.032855690371138495
881,-0.18157249310089496,-0.1532850307779928,0.32069120512832155,0.509366864795038,0.004831670502530634,0.02684972577704197
882,-0.13130635877221744,-0.19621793042459137,0.32087039774577175,0.5098018866714528,0.003751014557104892,0.025493073923271686
883,-0.12982185963676557,-0.15582259707918353,0.3209685513777609,0.5100412854129269,0.003974833466037145,0.032500960660709004
884,-0.1411125383650069,-0.19250704741637295,0.32108323704226,0.5103489275392008,0.003464109076029481,0.02801162134470607
885,-0.14871616475855085,-0.14629442338965998,0.3212893620483289,0.5105690602037507,0.00386065571376252,0.025521640396902207
886,-0.18036482894422368,-0.18906646992234943,0.32160298623844596,0.5108516284404122,0.004850491370345053,0.02456219362667218
887,-0.19715095073047045,-0.1918020725801933,0.32193132374701955,0.511213580261638,0.006200624971236485,0.030710153706487373
888,-0.15875748314301608,-0.19587153712803237,0.3221575398653744,0.5115884335020127,0.003677494917566739,0.02766128761850331
889,-0.18174429796540048,-0.1531835719241373,0.32237769485429224,0.5119058622550344,0.003314157730528853,0.027829333254227002
890,-0.14324844092549058,-0.19698908223029743,0.3225052265859171,0.5122862173534316,0.003544218759556191,0.030947957934855056
891,-0.16585389565950617,-0.1640910773481487,0.32270031416050826,0.5127399893966699,0.004379296617720576,0.03113261353562776
892,-0.18470809146474856,-0.18198303349775266,0.3229837638159752,0.5130683476617827,0.004600735116025787,0.029292798046126438
893,-0.2145874153391365,-0.202854327409925,0.3231377997549481,0.5135819199039339,0.005874055658968007,0.0292594350521869
894,-0.2080165869769895,-0.20039853460045068,0.32340598174956037,0.5139962524432903,0.004964446622627478,0.026214350006766852
895,-0.15763762958630276,-0.23021513874390864,0.3235478748664752,0.5144496916876404,0.004596511360187389,0.026547481332936985
896,-0.1534798030368105,-0.1447022256236571,0.3237281284865657,0.5146740426275538,0.003400112361578217,0.02403726883469663
897,-0.15015275017044233,-0.174482098400445,0.32390424832179593,0.5148447616246994,0.004806419671130629,0.031848241712726655
898,-0.14420291845131597,-0.17398610183212976,0.324136324629082,0.5150348845033113,0.002171904354408584,0.02737609112380099
899,-0.17094744603972395,-0.1661538997774713,0.3244168560011055,0.5153212711870472,0.003421299388550757,0.02751346484737978
900,-0.18107056425157397,-0.1579395516150433,0.32463750716637313,0.5156211880519262,0.003561787049644589,0.025247911658727435
901,-0.16630188004082128,-0.1714905487873139,0.32481668294538113,0.5160144171587188,0.003560231966068538,0.023737658305360603
902,-0.12263643814546846,-0.17446287630078602,0.3250438739204544,0.5163426764119087,0.0040577989765380315,0.032710530039627046
903,-0.15875900186760342,-0.22659612403951002,0.3252273592653161,0.5169299152761341,0.005179871422317727,0.02644259271079844
904,-0.18803823334142986,-0.18349992042570307,0.32546560915088646,0.5170976659003143,0.0034612946789885496,0.029067730702468302
905,-0.12001469481400195,-0.14081447099616565,0.3256002532007545,0.5174681170019862,0.0043037790362233435,0.029293777894620787
906,-0.1534947756815201,-0.19121776778640628,0.32583007061295544,0.5177228926731305,0.0030944121492380208,0.029800955184179828
907,-0.1643350554347347,-0.11896668069943976,0.32596218822857637,0.517926036465192,0.004203928906750817,0.028295872058056042
908,-0.13387337369061242,-0.20918732018041458,0.32610827233506307,0.5185263450979521,0.0034520542137673107,0.024672828314962647
909,-0.19663478374549076,-0.17690801886159732,0.3263512278926128,0.5187306972022551,0.004896540030368637,0.024750149393357648
910,-0.2949206902412303,-0.1670506850561324,0.327270122905454,0.5188795910766634,0.0027015182807651867,0.0253557362087681
911,-0.1398287737987833,-0.13536764216512934,0.3273805398154931,0.5190873878962728,0.003861480608521496,0.02398983295651131
912,-0.1686616607823055,-0.14659069689306248,0.327692743957288,0.5193082635173831,0.0034675729233174073,0.02664624479875035
913,-0.19610337626993787,-0.18259363659282235,0.3280723672821777,0.519443376561648,0.00489152970688725,0.03414970968916146
914,-0.14371880613206053,-0.18233396452348347,0.32827494017971526,0.519709204406932,0.00410949160206679,0.028613266958324172
915,-0.16358979252458525,-0.16212808161380154,0.32848223775126006,0.5199942490759711,0.00392781558237783,0.027112444154744095
916,-0.1813108225315442,-0.1555894859912562,0.3287388625685788,0.5202065205445351,0.0033767126131840136,0.03093583838092998
917,-0.15971401124272677,-0.1340238974519817,0.32894630179236994,0.5203232344371482,0.004145247091791083,0.026725329463904948
918,-0.1474899473991222,-0.1746954291942994,0.3291110195369894,0.5206684258538157,0.003414890307108991,0.025106590713138012
919,-0.18123938960394065,-0.15011238035693444,0.329332884775149,0.5209093535016357,0.003883817642496393,0.02933902318290582
920,-0.1720415612136042,-0.2210034358289767,0.3295289081364427,0.5211654130652446,0.00432759821114152,0.033908452214810224
921,-0.1466323988536689,-0.1542455227174829,0.3296515324743044,0.5213199618957763,0.0036863892145051233,0.0299467270380708
922,-0.15101576779777492,-0.1626228556122313,0.32986980829235485,0.5214243511433402,0.003770935616514854,0.024266750676881412
923,-0.1736295676512803,-0.15140517973354803,0.33023710151507524,0.5216745848504521,0.004619252008318199,0.025060592468970615
924,-0.1981313235820236,-0.15719453719983079,0.3305041526452436,0.52198075831658,0.005741046823652237,0.02853326221806079
925,-0.18442358483355664,-0.22270165748804585,0.330870089516012,0.5223143940372836,0.0031898519525508946,0.02870132898641154
926,-0.1485453075922631,-0.1480995653559633,0.33118263844739115,0.5225563485487706,0.004340916034826521,0.027671018260356083
927,-0.1966375821589797,-0.19042265187948956,0.3315060585832584,0.5227746254187098,0.0042053673675162655,0.029006854398830495
928,-0.20603700949018292,-0.1752927742161638,0.3317876983163084,0.523054252556177,0.003502641309669491,0.02858261555305794
929,-0.15948572097022493,-0.26158093350231104,0.33203746901636133,0.5235447896104131,0.0027286212184163923,0.03352223165604428
930,-0.1724831987371165,-0.2566637450997171,0.3322082831122342,0.5241147254473313,0.005291316423668685,0.0322645119428878
931,-0.23149491514510373,-0.17034175597328402,0.33255220713558176,0.5244506111992162,0.004391052735180113,0.024660713348566274
932,-0.17645752818358953,-0.1599362413663967,0.3327912917525252,0.5247164119513278,0.0035110674633655587,0.02802934633642377
933,-0.14117368933470312,-0.16607462042420207,0.33293819824878323,0.5251762847226109,0.0040365198611224595,0.025666400444464815
934,-0.2625740300785454,-0.14860194301679622,0.3334629343084925,0.5254562062499875,0.004781016977310605,0.026261894276653843
935,-0.15549196044942776,-0.21245009441979362,0.33363204759247145,0.5259066733405734,0.003572810958977795,0.027799283230187165
936,-0.14610230264327112,-0.21201792954213683,0.33380118629480765,0.5262578510908718,0.0047993069190579675,0.02745090759424109
937,-0.1657546298657119,-0.1470782364539697,0.33392579632474806,0.526583641620893,0.0037243966768153373,0.026410364200714836
938,-0.19314649751652468,-0.1992009872318823,0.33427043593129574,0.5266953126227394,0.0029485497834481752,0.0304339895639675
939,-0.18877923387316592,-0.14288996666688905,0.3345815356033932,0.5268284536592507,0.005535107157209178,0.024997540400481987
940,-0.16580215806806958,-0.17956832005394133,0.3347950854756604,0.5269231135384175,0.003956911003680367,0.030888212097410148
941,-0.1963315680201121,-0.19147036343816434,0.3351225670299719,0.5271597850571023,0.003575470798290205,0.028460304189268898
942,-0.19161525961279724,-0.16235894157019173,0.3352862115603142,0.5273490047503333,0.0052956352992986405,0.030828003523831755
943,-0.18080486069269971,-0.2166175364461437,0.33542375537262104,0.5277176620770527,0.005424560354229139,0.027886902134484064
944,-0.16880296694069574,-0.15859852644710692,0.33559133047555956,0.5278199966397475,0.005369607471171171,0.027717691708147463
945,-0.15597171192311834,-0.18976584452925085,0.3357777404416184,0.5281521615691638,0.0037961354614168695,0.029937226763640884
946,-0.21080121456510523,-0.17942368168595563,0.3361606359230868,0.5283232689084802,0.004077457408576301,0.02536056892092452
947,-0.16858348688376668,-0.1791413464965354,0.3364129221495788,0.5286743684102091,0.004610045297688337,0.024758901453333163
948,-0.17314980759354073,-0.15333177416229646,0.336674020354901,0.5289277189072875,0.003122404277818953,0.028717234401781543
949,-0.1962967718920962,-0.15492377200143365,0.3369106406143856,0.5292602856001181,0.005936513713595919,0.03398853260310169
950,-0.1826462868585358,-0.12915817652544653,0.33708990507421704,0.5294750065389042,0.005477199460375234,0.026652110062627264
951,-0.16532530151461958,-0.13715160237490895,0.33729241871369803,0.5296001151507168,0.004471424475559029,0.029154199404971968
952,-0.1837803415176529,-0.15695747165332738,0.3375606187506088,0.5298411549758264,0.0037091403338145013,0.028978665122938205
953,-0.1371492466859416,-0.22630584319736338,0.3377004446783434,0.5301205367390239,0.004037848185389206,0.03003699512212207
954,-0.1724916722873541,-0.18384590900261308,0.337873118354708,0.5303886357210198,0.00398009810292983,0.02844125875548848
955,-0.1629921641324695,-0.1800998952762169,0.33800888913951116,0.5305313632581122,0.002931442940283243,0.032003419536217735
956,-0.1698122424625854,-0.1510091365181494,0.3381567171729989,0.5307363986821649,0.004199243655844409,0.02886278384062703
957,-0.17635512421447785,-0.17354740158223825,0.33847972881460664,0.5309093808669006,0.003477064100719497,0.027781971986553487
958,-0.19153773163909182,-0.18511463660161928,0.3387182942040833,0.5311799759677749,0.004821755647851727,0.027590208362039577
959,-0.16574479202942125,-0.16723135397229766,0.3388216061519049,0.5314201725456819,0.004060882434696974,0.028392528469701993
960,-0.1821681680237641,-0.22498630820110282,0.33903721042356566,0.5318705554986263,0.0032108701647074896,0.03054279634114905
961,-0.17468341615894517,-0.20536066612386913,0.3392127084934391,0.5322680916251469,0.004928806563551288,0.0326889117576352
962,-0.16162402903261386,-0.1864207839090002,0.3393591276724591,0.5324641480848789,0.0037754339757347715,0.02713058851605417
963,-0.16732577287738334,-0.22631089902825777,0.33970727419473024,0.5327984015237214,0.004350066664581052,0.030106038383581044
964,-0.14342651476460833,-0.1629685720238774,0.339902004728008,0.532960235833866,0.004374934900242186,0.02860872069915479
965,-0.17015232638081712,-0.17334144429623827,0.3400602628979593,0.5332279635232539,0.005412533147438002,0.029346139903806804
966,-0.14490575905229294,-0.140394420621637,0.3401695729961641,0.5333227531846475,0.0030689717662225995,0.028879468673361483
967,-0.13474551168453747,-0.13980886912720847,0.3403097217922802,0.5334927077567201,0.0037721410094729503,0.030754549279958195
968,-0.15979969191613597,-0.15330361359663192,0.3404756512910839,0.5336856733771218,0.004573942609569574,0.029726626811134884
969,-0.14488635518676915,-0.13898711773231315,0.34061323373043356,0.5338125661158691,0.0030250646167667822,0.03207437895365798
970,-0.16696598288240025,-0.1752779178448203,0.34084840888706064,0.5341237564204451,0.0035865860464274224,0.029647196855559034
971,-0.14803294283670548,-0.17617460605948077,0.34097181296869183,0.5343864419156606,0.004120088108190538,0.03250554211751619
972,-0.15109339335045138,-0.19168450548642235,0.34110274963150616,0.5345098623425617,0.006370989005524154,0.03158179634857531
973,-0.14176781378029654,-0.15209033177928455,0.3413171852413938,0.5347612335136094,0.004564432506467466,0.031155553012612684
974,-0.17457993527560944,-0.17892098736491274,0.34158248907981553,0.5349912661875489,0.004523400094431868,0.0274689101179318
975,-0.13883046326538845,-0.18992948191305364,0.34177822821387477,0.5351086781942987,0.0030473247067428185,0.03081128233847856
976,-0.19701410839276706,-0.14470780828640395,0.3421190695199129,0.5352639688343952,0.0032870367719228123,0.03142697793049399
977,-0.1521549890059854,-0.19553014711454209,0.34232093450668327,0.5355106825596464,0.003292571394136588,0.028617401275948834
978,-0.1312320697082139,-0.12913563751166113,0.3424394854732749,0.5356244361634342,0.0039061193776633234,0.028649506519560133
979,-0.14379125163384252,-0.18592118211768233,0.34260353508425717,0.5358778954412693,0.004674505229036498,0.02916651277797616
980,-0.1808382466491034,-0.18533470379025319,0.3427149470394712,0.5361189372780892,0.004677784546848939,0.03229045793282557
981,-0.18181714737228166,-0.14000022944766646,0.34301155504502895,0.5362548035770532,0.00329458097337829,0.02992323698463483
982,-0.1551579899717143,-0.1687986524184693,0.3431286659498684,0.5363597214943733,0.0045337203325606845,0.033277971104360225
983,-0.1824424086150789,-0.14257423211508616,0.3433726752752135,0.5365349809342911,0.00509176734262702,0.025930381579135776
984,-0.1687252938383582,-0.15758910319107222,0.3436484451950435,0.53665347274219,0.0038869402966077494,0.026184491148389215
985,-0.13924125088022254,-0.17093620724602243,0.34383864592571645,0.5369168453983771,0.0035331556612473412,0.032568023363268736
986,-0.14197236112164574,-0.2282658916728946,0.3440325710819733,0.5373561637223941,0.0030243793911538313,0.028581017147870657
987,-0.1512974505434842,-0.19639146011066086,0.34426347273055485,0.5377744164563107,0.002768006771257581,0.026528205931340035
988,-0.1303296726292118,-0.15217067383473806,0.344433033414432,0.5379495717761101,0.0032573402555760625,0.025137378820040874
989,-0.18694590321430116,-0.20856181671273555,0.3445356028461659,0.5382916350707655,0.0037958722097672995,0.029787396069759678
990,-0.1988576279417914,-0.2317723911964951,0.34484130844789723,0.5384821822418332,0.004451048224108371,0.03556029875105672
991,-0.16136348949313156,-0.1689566214003872,0.3450233609084209,0.5386762408872391,0.004041912993002604,0.03115656484320609
992,-0.18382508358433813,-0.14607104473201965,0.3451997469984245,0.5387917909257386,0.004775662202925338,0.028419424675311455
993,-0.17866346763137153,-0.1874373949947985,0.3454479977170187,0.5389998859317877,0.005736749698873913,0.027006247031118036
994,-0.15698622828002026,-0.1975334161512784,0.34566914203328303,0.5394657566327924,0.002855691476722967,0.028050267191545415
995,-0.2809236158579262,-0.12887550449140633,0.3463724836277036,0.5396158562291826,0.0040931881685191225,0.029531265519207067
996,-0.21041875770641588,-0.16910976651062132,0.346655306586552,0.5398074504060317,0.004393810043232504,0.025635604604240244
997,-0.14651845966906032,-0.1603308474762159,0.3467912013426555,0.5400606121475523,0.005025060652371102,0.030125244942148098
998,-0.21124585972809323,-0.20797284648322079,0.3470757564098454,0.5403698853598669,0.0031481815865295453,0.02904346561532135
999,-0.14578126812017797,-0.1840483067718882,0.347232004813409,0.5407389606381839,0.0036725257939994875,0.03575092505453092
1000,-0.1129582959511871,-0.18368395055084158,0.347335982480401,0.5410087959383312,0.004663686747088586,0.02837802248394864
1001,-0.14279744894937912,-0.15657020779020273,0.34751627957863057,0.541172914782614,0.005203772067565025,0.030725147864815314
1002,-0.15443694775228986,-0.17388447316671624,0.3476489043231276,0.5416355907143404,0.004583461433994984,0.030249957451864515
1003,-0.1763543975521037,-0.15058088547425894,0.3478330147723798,0.5417681645256491,0.004479000379211224,0.02565853231653753
1004,-0.16425095640758558,-0.1839276265248876,0.3480509011016194,0.542064039967696,0.003915012628844968,0.027262734016008153
1005,-0.16401407210138347,-0.2004974840544104,0.348247431784166,0.5423792445053263,0.004142230883323474,0.026217125284805666
1006,-0.12026470233487106,-0.1872710709539191,0.34837216706951807,0.5426949596126618,0.003320963139963414,0.02922754827834242
1007,-0.13053295715985275,-0.1615935369276922,0.348556203126074,0.5428446738300623,0.003828064695375418,0.026295391693626755
1008,-0.119399528026019,-0.21776127973725154,0.3486636309734839,0.5431745305310085,0.0038078552393160984,0.029599549176142763
1009,-0.2691515771336764,-0.1667020394134496,0.3492635316242321,0.5433909704708236,0.004346054889580275,0.02806563907791417
1010,-0.1714272344009509,-0.16079630320959307,0.34944250486059375,0.54354751051073,0.004576402173505427,0.03280782119031174
1011,-0.1774442699280338,-0.18721501188277073,0.34970081209957776,0.5437464343464303,0.003908600713005629,0.03264309573123955
1012,-0.16015811315397627,-0.19518345099269155,0.34989397593655586,0.5440611518696781,0.00382180044014815,0.029947835001038533
1013,-0.19568271743153703,-0.17765441341680077,0.35014187302474964,0.5442465810184715,0.006500652605116993,0.03558207713898116
1014,-0.18435300796673487,-0.22801155271431398,0.35038385663934835,0.5447166094739654,0.005176105197807552,0.03061141530498446
1015,-0.18612337169451879,-0.140924621683208,0.35057622412734946,0.5448629303473737,0.004135623126193028,0.03077516420456389
1016,-0.14235372335392568,-0.1465313459490589,0.3507469691056869,0.5450577991154355,0.0045794099443338355,0.02487654993120338
1017,-0.1507567323717683,-0.14722947419584784,0.3508379626808827,0.5452842508685368,0.0042393986352490375,0.025770213507924876
1018,-0.16414892626424016,-0.20419110971708224,0.3509400601901693,0.5456869340850695,0.005440057400178593,0.028022007675617192
1019,-0.13390520849767587,-0.1473410700502052,0.35106695371525515,0.5458856409959281,0.004753583407492192,0.02482556432890565
1020,-0.1419210848861731,-0.21003095267294355,0.35123147501337476,0.5459984798966899,0.005938731687185299,0.03032460100708139
1021,-0.16183389063750478,-0.1785038953510594,0.3514798031193595,0.5461746117813276,0.00432029522221127,0.03241487990640186
1022,-0.16334575245617672,-0.16903564026180795,0.351614574624035,0.5463674102504217,0.003642728327062703,0.028986915089252385
1023,-0.20545568262080563,-0.17346980906453452,0.3519340541491842,0.5467229258254562,0.0038425411999201075,0.03229323669804921
1024,-0.21215313200425343,-0.17746000220210187,0.3520890306426577,0.546822179474014,0.0045285120958766766,0.02814656139979782
1025,-0.16606287308946327,-0.14373967721439168,0.35228680377336724,0.5469904941652165,0.005399671961660752,0.03163585084450315
1026,-0.15157012260281433,-0.13291061157687062,0.3525003109904648,0.5471503130110912,0.004175927855126035,0.029819789442141174
1027,-0.20276552531162326,-0.1396983403967136,0.3527850670859315,0.5472954756172638,0.006147943991781215,0.024143186801984896
1028,-0.15844471910432867,-0.18107605400666982,0.3530371277842945,0.5475848243543857,0.004044229268590964,0.030818476171472802
1029,-0.154987418945157,-0.226857011642461,0.3532394445499967,0.5480464031152237,0.003951789374945098,0.025168516003441322
1030,-0.14641909721802768,-0.25074176891301697,0.3533735518825115,0.5484467465704329,0.004113695767667931,0.03387498151160267
1031,-0.17430215531319335,-0.22942852392512111,0.35361506361510586,0.5487356944117365,0.004076867404559427,0.03148469569834314
1032,-0.1454836420492314,-0.2602992010478142,0.3538666205925361,0.5490457894630001,0.003434614730652327,0.037638236799574454
1033,-0.19364180530153835,-0.20039195236624657,0.3541001648765171,0.5494074416336873,0.004649677324749465,0.030619676961662245
1034,-0.16620996403201954,-0.16234270167429368,0.35427672595334037,0.5496527566140504,0.005896578795028751,0.02949594614653822
1035,-0.15414906904480027,-0.16085297112605457,0.3544572162605512,0.5499958288474331,0.0036037706262940063,0.0307005793791782
1036,-0.12177605858624342,-0.19136620393688494,0.35456808214565355,0.5502462203285474,0.0038944592087232764,0.030263079667609556
1037,-0.24771847703897532,-0.18185435681850795,0.3547502694664827,0.5504462449646563,0.005695027784826422,0.025743515898151405
1038,-0.17327901746997798,-0.2142212893563442,0.3549596599521614,0.5510771030257524,0.0047551344515090925,0.02537442651019474
1039,-0.2196308244768752,-0.19799587404433058,0.35554638648319675,0.5512922039597657,0.004166214236624055,0.03306508712122544
1040,-0.15421407633256648,-0.16884421818340187,0.35577408582875375,0.5514590670377062,0.003587737425407323,0.02856054152698834
1041,-0.2204351473270478,-0.15392679475952928,0.3562187211758486,0.5515969632116526,0.005044199110490168,0.03191979356244416
1042,-0.20485887392025373,-0.14186540978453066,0.3566611465515234,0.5517278757806364,0.004954187298152088,0.02834635574549092
1043,-0.15451597925490562,-0.19755701329789835,0.35680707334156603,0.5519036915131317,0.004672894053148022,0.026693895182880557
1044,-0.15842831237924535,-0.17878197761656775,0.3569752802884304,0.5521761797425638,0.00406614501228608,0.03027426652236863
1045,-0.15636713149481335,-0.156083065118227,0.3571709227442386,0.5524576276738847,0.0031881315093722756,0.03231924150797952
1046,-0.15635093951851833,-0.18678213204656952,0.35737619652813085,0.5527779939552498,0.003088268809625695,0.027425748010967945
1047,-0.21996247890244205,-0.13411873087165171,0.35777587935745075,0.5529776274320172,0.0037659062075877593,0.02492716208280462
1048,-0.178028523173284,-0.1430292082357828,0.35801901241592277,0.55310094139417,0.004550604718190913,0.028912660190215385
1049,-0.15947736060687806,-0.19115979875846978,0.35829251364197146,0.5534342105588578,0.002666332692948638,0.027219719874552042
1050,-0.16924989740100732,-0.2265973811486863,0.35841900853955566,0.5537306369847445,0.00501123872940691,0.031647360759626736
1051,-0.19882712270494513,-0.17928280485053777,0.3586454549212769,0.5539567234196098,0.005049254319284293,0.03507649776593574
1052,-0.1949491339783275,-0.1944092707022108,0.3590434167328956,0.554137092088634,0.0030035144815810533,0.02732014171934184
1053,-0.18689839673670014,-0.1525951229056703,0.3592300292410653,0.554242715605872,0.00523020396306397,0.03448582424274407
1054,-0.18258733602015761,-0.163094263097477,0.3594316407185419,0.5544813904996662,0.005553121214304883,0.027217211172621988
1055,-0.1625419019449887,-0.17417548200471084,0.3596654461045666,0.5546138247914714,0.004492505310268488,0.03167964927295602
1056,-0.14381010843400122,-0.1981071718699717,0.35987063574666994,0.5547632720251439,0.0034714298024588162,0.035516660257392696
1057,-0.15907605960924628,-0.1933481385736243,0.36001593002878923,0.5549386229768376,0.005545480048344607,0.03234746824075831
1058,-0.1332542878147638,-0.20509752170789833,0.3601050111242643,0.5551310304330782,0.004959731465586888,0.030497429590325014
1059,-0.15817365654325052,-0.15504710872623995,0.3602986563409892,0.5552670111297029,0.004040912673266386,0.029032682391098547
1060,-0.15755240392777628,-0.1864172391698365,0.36048674385383905,0.555424111616538,0.0046951775611449725,0.029355846961493206
1061,-0.168362028437417,-0.20046918732653649,0.36061693005215184,0.5557513033152937,0.004398799429496748,0.028586358301356838
1062,-0.1687684262050326,-0.21234047485055726,0.3608027973940753,0.5562374375803143,0.004654258867384214,0.026797566855654077
1063,-0.18831474881285187,-0.1916289514321174,0.3610604932297006,0.5564791081669916,0.004475050840372197,0.03617918364035297
1064,-0.21433697536320562,-0.10499476558397783,0.36124164019940314,0.5566041209447561,0.0052257767039908636,0.026112742194469553
1065,-0.193538356309636,-0.16560365343781613,0.36140095134770517,0.5567646028347156,0.004147603383687442,0.034137888788913946
1066,-0.16604370381004263,-0.14505947545650216,0.3615974994911909,0.5568514978709036,0.005258518952112053,0.0310988330921973
1067,-0.27580255247278124,-0.1796735485595404,0.36209530267142354,0.5570859304543515,0.005029101747394293,0.03159072666285094
1068,-0.18638526657484536,-0.1696732943602256,0.3622112472660774,0.557329304041092,0.004856822944503914,0.028743589109726127
1069,-0.1391731777470916,-0.19683375881786458,0.362312524296193,0.5574895817434267,0.0037493376046663055,0.036591904897723064
1070,-0.18106015998544403,-0.14434181651104705,0.36258321585221154,0.5576512882897351,0.00627769579380422,0.0286288930245789
1071,-0.14613012591968896,-0.15543936704097677,0.36270581928598183,0.557779832236232,0.003938213712139174,0.026366863259955936
1072,-0.17028457850018133,-0.19268917450264614,0.3628948136033436,0.5580591490486966,0.0036575316946878315,0.026314536898900065
1073,-0.1834494781178261,-0.1696763439421451,0.3630421137897702,0.5582342185615343,0.005305112752997668,0.03125762296316313
1074,-0.17802260169263434,-0.17672783818404147,0.3632665745112926,0.5583962720581361,0.004994205977199853,0.03031139285354936
1075,-0.15380738147720402,-0.17086960146669955,0.36339339356154565,0.5585144249226138,0.004234744758074192,0.031686066914364354
1076,-0.22021753539272845,-0.17556044660355152,0.363817139538409,0.5588779894014586,0.004683468770389547,0.03085364015623133
1077,-0.21202889704167288,-0.18561004163483874,0.36402830688500154,0.5589703883457409,0.005415912265194782,0.035043621434339714
1078,-0.21134877200505672,-0.17532423863763255,0.36432501804003126,0.5592097898310457,0.007558191175201616,0.02675918599176368
1079,-0.19899976597214275,-0.2286944508710046,0.3645077283042776,0.559450116431483,0.005664724469307138,0.029561585839066
1080,-0.2317474891863361,-0.1645366520505395,0.3649209018914936,0.5595801611661663,0.00506662493342688,0.03709918284242388
1081,-0.1550919272393385,-0.17345330517882201,0.36504665133886044,0.5597640655153556,0.004870472058411368,0.027886954595503662
1082,-0.18612610085400128,-0.2065393030044556,0.3653099863822707,0.5600043168815368,0.003756508715559294,0.03016824634491448
1083,-0.17839607963405102,-0.17065420809433135,0.36552786700862705,0.5601566661297709,0.003488754984415143,0.03145155069947204
1084,-0.15768553019398412,-0.1446719161343107,0.3657025477724337,0.5602745187094628,0.004918127793873302,0.027857845930842947
1085,-0.13853269609858795,-0.16386461868822663,0.3658600326122761,0.5605260728973529,0.0039320164448780025,0.029869162658787213
1086,-0.15683193678708415,-0.2027205453919601,0.36599364349497293,0.5608910406536024,0.004236427391558011,0.02696569248771073
1087,-0.14332033968894012,-0.23753491675021962,0.36615422058018426,0.5612690137202171,0.0050372512462780695,0.03611723246897523
1088,-0.18127283377455905,-0.21197709430204276,0.3664894147785277,0.5614916416269805,0.003943437818953159,0.03193613798527316
1089,-0.16431244058785643,-0.15624774563614305,0.3666888773655335,0.5617223705522995,0.005187614806753635,0.027469734240045847
1090,-0.17789472551946464,-0.16496583406500934,0.36687437470625434,0.562005521165547,0.005394151605962243,0.02671387367378994
1091,-0.25378134693295185,-0.14234364816087797,0.3673945063676506,0.5622402665261796,0.005527195553141842,0.029078116362150654
1092,-0.1434386362404171,-0.2288770087803392,0.367547812229012,0.5626150978299318,0.0043210577888622165,0.027533451717931035
1093,-0.1758705860308661,-0.20079281582452552,0.36776417818087187,0.5629103108315627,0.005345137677576949,0.029247539645688773
1094,-0.24737733868692788,-0.19817133167181175,0.36826334301419217,0.5632756172294421,0.005997426778407092,0.025882220696905288
1095,-0.1223232053113312,-0.15065681869847625,0.3683701515513753,0.5635610377454203,0.004627431877338217,0.026539401501801403
1096,-0.17889576117111664,-0.22909706831723173,0.3685772911037093,0.5642094308000415,0.0038381969322603825,0.03135895820887357
1097,-0.14879701745688773,-0.18777879875175438,0.3687158700743935,0.5644642809648505,0.0041782845234437874,0.02956085569906428
1098,-0.22662356699307823,-0.13657270166182264,0.3691073969277739,0.5645985234355044,0.004615219333499797,0.02744509434827795
1099,-0.16076255228968253,-0.16818709258515435,0.36922386656264855,0.564710779888801,0.004190406061209038,0.03071813073711982
1100,-0.24725686442318534,-0.19079001915664018,0.36982567959494256,0.5650579877902564,0.0042445303394315495,0.029135368277142266
1101,-0.1886999556430632,-0.15556167205264967,0.36995410364435394,0.5653183765271026,0.004482021553623186,0.02843764194471711
1102,-0.1837172192431205,-0.1374157450609941,0.3702757036995927,0.5654523694406266,0.003862133576199086,0.029418882992327658
1103,-0.22525511681363125,-0.14543045005730812,0.3706628185581197,0.5656708002427647,0.004435431133856118,0.02643722309228645
1104,-0.16534616410062525,-0.2142413170158817,0.3708315858211739,0.5661001407632771,0.005382510771646831,0.03065203555392075
1105,-0.15138268114626893,-0.15600919721408282,0.37101719366831565,0.5662281937417569,0.006271905026355542,0.02784456352506106
1106,-0.20909045412610353,-0.1853236867088938,0.37132125742745736,0.5663359502595219,0.0050342691342203216,0.03248706470077396
1107,-0.16044829810866879,-0.21658556646929927,0.37149142159254334,0.5665137069182761,0.004968429340073018,0.02945404031847254
1108,-0.21686728040723052,-0.20762994411197466,0.3717669891616841,0.5668180896541598,0.004632017374738804,0.03389242072953346
1109,-0.2684913942522501,-0.1782770217141366,0.3722994243036817,0.5671558758106318,0.005850570498482643,0.028330521507412245
1110,-0.15308971641310437,-0.14386031832710827,0.3725024886131633,0.5672612512115596,0.0042295622493430845,0.027028205717062593
1111,-0.17252135902201274,-0.17928933419822665,0.3727206341889377,0.5675157930143813,0.004293616094664093,0.027659049510957864
1112,-0.17667650623861386,-0.1756222433896825,0.37300090603303465,0.5676209529761469,0.0054742445169409576,0.028592921503410546
1113,-0.18095189113646323,-0.2061423761479881,0.37320101488678753,0.5677908628542615,0.004872586372377926,0.03137609859067781
1114,-0.12711070150864778,-0.21798125113927413,0.37340998714067103,0.5681816196240925,0.003847081152511298,0.02780107567031397
1115,-0.18155371961403538,-0.15718038763603187,0.3735771667491382,0.5683986499884004,0.006657938620640948,0.02806214677850292
1116,-0.14187300369745384,-0.21478934737555402,0.3737295579638664,0.5687554977816586,0.004652066165163009,0.02817212861053042
1117,-0.14708475053335865,-0.23071250326294665,0.37390483614108205,0.5691945003521868,0.0043154420506355895,0.031287396159909116
1118,-0.16165458825025125,-0.16001365531219672,0.3740939909372114,0.5693621455021848,0.004159840785356817,0.030277170543529356
1119,-0.18120416942713422,-0.19827974606767595,0.37434753268008986,0.5695753579707085,0.005587586415036196,0.030505888500360113
1120,-0.20704541556240166,-0.22994001692711566,0.37474269851422676,0.5698640569943473,0.004546428344969221,0.03031969977433399
1121,-0.15299836225270078,-0.20951205743497467,0.3748542483857329,0.5702190261763062,0.004267102550425391,0.02689013643267598
1122,-0.1588817249351033,-0.13858797452159724,0.3749450904829655,0.5703754644618094,0.004946457904400864,0.02888429706752757
1123,-0.2003972891206109,-0.1723539297395305,0.37516307554370404,0.5704739564394036,0.004251684335858425,0.026882516897635718
1124,-0.14550006177327127,-0.22785699759691735,0.3753101095079164,0.5706348104705364,0.004067704432422667,0.033885040952628
1125,-0.18273614636769592,-0.19463660651294257,0.37566628062206436,0.5708267455307469,0.005297643974598686,0.02605891459116804
1126,-0.1622583981940617,-0.14334195841312725,0.3758264996685601,0.570995164111416,0.003548279747520924,0.028014261141722827
1127,-0.18463786253419512,-0.17644047923639447,0.3760627430459712,0.5713075028960901,0.007092217335800044,0.026861000187158063
1128,-0.14426250071226596,-0.1610718335169712,0.376189972918165,0.5714478193721918,0.004324901764525424,0.02789441762679243
1129,-0.21350294590697483,-0.1344756148082126,0.3763805072131155,0.5714973210237683,0.00619695741897726,0.02477047666613535
1130,-0.17890697364042724,-0.16888507274274503,0.3766253215286019,0.5716464810554428,0.003474955216182708,0.03180294838575414
1131,-0.1851958538451961,-0.1985573077944546,0.3769353348402612,0.5719814687645541,0.0037791258909340084,0.024042289269280696
1132,-0.24797178070338358,-0.17437672298690074,0.37733020863304817,0.5721336147582484,0.004499803716587469,0.03178725343367916
1133,-0.14524766839921877,-0.1555623557053791,0.37746737368123706,0.5723055615664745,0.003404626455730207,0.02932851478992541
1134,-0.19693751325545883,-0.14701022033151484,0.377871356136136,0.5724253467569296,0.004430165206385237,0.03073831459850703
1135,-0.1847720800501571,-0.1229680018032761,0.3780924114528018,0.5726034529732659,0.0040087369818673,0.028503879975899902
1136,-0.13937183779091233,-0.22647133883588982,0.37828102351525233,0.5730597952538301,0.004069650044168559,0.028816033554854216
1137,-0.23414210723872422,-0.14464231861741467,0.3785300955176666,0.5732349213155086,0.00653061153155835,0.0266891535271003
1138,-0.1511563574203251,-0.10898122606917686,0.3787753031185146,0.5733963568708619,0.0043861726126855766,0.024588499868170882
1139,-0.2695229352605512,-0.16966571963830604,0.37934034812653517,0.5735540398019533,0.004625183304295895,0.02748078148978464
1140,-0.1293316581418228,-0.13326561707422202,0.37947660146532786,0.5736625640134005,0.004217042111291433,0.028012817593819763
1141,-0.1680705122355178,-0.17652748767193877,0.37962262851032136,0.5737397431641211,0.004930405668377782,0.02754695060807782
1142,-0.16821058670803235,-0.2155209486776778,0.37976157579911357,0.573860848136761,0.005816309470362013,0.030959576030333766
1143,-0.22549068895205177,-0.14780330160868332,0.38000917321272254,0.5740461093971886,0.005384422656759876,0.03100799897159215
1144,-0.19974050947225686,-0.14092173026338004,0.3801328337382856,0.5742497713073267,0.004138830492203482,0.02546674781968785
1145,-0.16119254109653752,-0.2125020697635011,0.3803262220632615,0.5745575334676448,0.003943408942823783,0.03130509688543303
1146,-0.19922479413481986,-0.12652085773173438,0.38047396950445306,0.5746696292901002,0.006261536103290972,0.027306289586793576
1147,-0.18532252397915452,-0.12101546908095333,0.3807058896442621,0.5748156098251129,0.004678646970408865,0.024404304866080286
1148,-0.1794672561542376,-0.190455162828372,0.38092600328887816,0.5750250088033299,0.004414829702637348,0.02864208582816519
1149,-0.1753766287750304,-0.15350317071917188,0.38103407156971436,0.5752506564716316,0.004611066530146592,0.027073578106744087
1150,-0.14326696546052978,-0.1389946952312895,0.38113525134337906,0.5753924378658644,0.003501325995103027,0.028073492090607336
1151,-0.12599204697624808,-0.19272895396517956,0.3812318816905233,0.5757258883821355,0.0055384378631893995,0.027945683124070836
1152,-0.17453483143088702,-0.1990358630651884,0.3814486649815498,0.5760142203791534,0.005304699650921931,0.030536430857477637
1153,-0.17135579323160124,-0.17923062607758986,0.3817101045973852,0.5761670666915144,0.005293045883332289,0.03195827608233184
1154,-0.21946580554015424,-0.18680358650304982,0.38215730764126266,0.5762855856700563,0.0031727030583528406,0.02731733663277578
1155,-0.14267560761377626,-0.17479258557964653,0.38234731137181777,0.5764443204327273,0.005388643113297588,0.030539053837520418
1156,-0.1612708553289303,-0.2430725079507884,0.3825813984954773,0.5765638414915758,0.004236590964682669,0.03418867091754758
1157,-0.15758471936897497,-0.17019178611049754,0.38272721536561105,0.5768694798513637,0.005428626155688119,0.029781813638651896
1158,-0.20888392106009498,-0.1877494952414841,0.3829499552662216,0.5770527398152048,0.004713459372479863,0.02972594312691004
1159,-0.1691136383978002,-0.16860569528237118,0.3831230251654309,0.5771348290158247,0.005655522750440917,0.03552874409740376
1160,-0.1628936126554334,-0.19631672589075158,0.3834408397746356,0.5774766970838736,0.0041694669261710445,0.028085794963963413
1161,-0.21697179942806083,-0.15196664811468533,0.38367733912789287,0.5775566089829338,0.004316690521866158,0.028415225333199033
1162,-0.12443690232514173,-0.15886358198878195,0.383768085529827,0.577639103436328,0.004766805782195631,0.03303710644386232
1163,-0.23955143554808808,-0.1553251918864599,0.38406027909776436,0.577880096601918,0.004559055529189457,0.029251080159004603
1164,-0.1650319282064257,-0.20512173490011462,0.38423442142479913,0.578138426940163,0.004624473566257475,0.026474019396971523
1165,-0.25170472662434645,-0.19981666174855733,0.38457259483995554,0.5783057877416731,0.00548321609459501,0.030349383258114638
1166,-0.15888300516568277,-0.17831806749291274,0.38465387331002626,0.5785246503155521,0.004659037799199964,0.034069398632934365
1167,-0.15868112166462658,-0.16028142411033677,0.3848740277481446,0.5786158946602351,0.003211662431052893,0.029361091811203263
1168,-0.180724632809561,-0.19048014936166685,0.38514199421104156,0.5787292431906794,0.0028762732926949732,0.032457075667366504
1169,-0.16648692328108153,-0.15689267161592907,0.3854126168990505,0.5788804662352255,0.004162736356176355,0.0301550950430406
1170,-0.1929612720472594,-0.15942681002062828,0.3856457075403332,0.5790196535383519,0.00369112817725556,0.030052706217943717
1171,-0.1622541782874179,-0.1426831953144898,0.38578155450104445,0.5792889567644991,0.003964554062527116,0.024418123276462447
1172,-0.24331087465415335,-0.17329898421944434,0.3861482172687498,0.5794199007293898,0.0056926764607318076,0.02852962082987667
1173,-0.143903942351271,-0.15305628985154351,0.3863302760705718,0.5796010657995244,0.005056441545295322,0.029764244053230707
1174,-0.1741159291204004,-0.27990932018334075,0.38644616168207796,0.5802909148644337,0.005371568837349383,0.03316832661475501
1175,-0.18592302290721574,-0.15168627351230007,0.3866247770195181,0.5803884880498924,0.005403297879265625,0.026888775645190374
1176,-0.15387301316443477,-0.1752775842204211,0.3868048196968611,0.5805882766781332,0.004520116340530706,0.030141076125569932
1177,-0.16106282653052356,-0.16885547646409266,0.38694468245286406,0.5808994230177383,0.00437822190419022,0.028046794262150326
1178,-0.19459403927587116,-0.15529040367689517,0.38721878123021536,0.5810280896959401,0.003447637237758632,0.031678065065650546
1179,-0.1577180502249371,-0.23419724687255813,0.38748863703551784,0.5812856011094225,0.0052156851344602,0.03376045146103802
1180,-0.18275625895799122,-0.1673497849493767,0.3877310655090329,0.5815603311545249,0.005801504018906645,0.03005503863070346
1181,-0.18131429093026896,-0.15021413540807838,0.38794811352581,0.5816481775950838,0.005305946959324773,0.023348628779202855
1182,-0.20135425966166087,-0.1788708966821313,0.3882105182600471,0.581786868670802,0.00630481505589322,0.031566326185418464
1183,-0.20083700815309374,-0.15852803522840878,0.38856767465129477,0.5819747899974811,0.004401468914804293,0.03417762295404723
1184,-0.1930076189327512,-0.13893021262573882,0.38896663771385903,0.5821564611616169,0.004326270973510804,0.026175845464654283
1185,-0.1490359978218909,-0.19518386512147065,0.3890695818447864,0.5823532160708748,0.003868183091566251,0.03127562530127269
1186,-0.22906374558385242,-0.1518347154850259,0.389528274297216,0.5825340173366315,0.004098746380410625,0.033462693014977354
1187,-0.1708532836633326,-0.17282709425950826,0.38965858407586723,0.5827438917302746,0.004859255236077225,0.02828830548410611
1188,-0.15803738641923984,-0.12813765870939073,0.3898649224252321,0.5830019395892994,0.0037471889567360257,0.028030092067340747
1189,-0.18567355019891024,-0.16988746529615775,0.39014375012120095,0.5831795181730762,0.004227699106862985,0.028745414790148006
1190,-0.15100683331755785,-0.13417476520103294,0.3903167345417126,0.5833241848044518,0.004303724859411016,0.026153945680947286
1191,-0.18796667343350917,-0.22006358576423138,0.39064858681814874,0.5835652151898371,0.004690867854087365,0.032022666618243247
1192,-0.16687591858755854,-0.1264668175121299,0.3908344206640785,0.5836946864935992,0.0045542617165191595,0.02915405003511451
1193,-0.14529849551062166,-0.15835063270905986,0.39102108687009457,0.583879850393176,0.006691191921921398,0.027658009585149013
1194,-0.14267014264813582,-0.1886648509268941,0.39116802786358923,0.5841279911282364,0.004571552595051366,0.030295254696170774
1195,-0.16938256448336028,-0.17036603485921958,0.3913124203370842,0.5842423806126698,0.005419469297777079,0.03512080195519382
1196,-0.15185942621544973,-0.18189092233006343,0.39146895273825033,0.584453546194663,0.0035342187746279312,0.03094005608026971
1197,-0.13351205964209195,-0.17330167116770775,0.3916168429377202,0.5846015388589547,0.0036998680131234748,0.030857356709775262
1198,-0.17558660782981497,-0.19065347241283392,0.3918311502639191,0.5848707372827066,0.005290022358260774,0.03216693976480682
1199,-0.11761756204299255,-0.1551102560972575,0.391948591451274,0.5850601020459284,0.003304044930046608,0.02651435426138103
1200,-0.15532609560466426,-0.13666229999453708,0.39209082384479244,0.5851051541978203,0.005577952842046034,0.028232512135305664
1201,-0.16140707966769674,-0.20279636709471788,0.3923179281442208,0.5852963402165658,0.005565458896649595,0.03242950334830346
1202,-0.19020157188532213,-0.12044384187706275,0.39257776181239756,0.5854710110241443,0.004393052671407501,0.029578463277880544
1203,-0.20434346445075363,-0.1562998651265339,0.39274903904495595,0.5856795824890983,0.005114472154952172,0.027205780348087585
1204,-0.21242021351879808,-0.21061111665454896,0.3930549758353889,0.5859482863715593,0.004651164265751308,0.028863608625295824
1205,-0.1282093372727527,-0.1745461979033237,0.3931398518775869,0.5861004275591414,0.0041664239041731025,0.033380017813748
1206,-0.19089863833135867,-0.16347471220453622,0.3932887163906974,0.5863528062324904,0.005634610640772021,0.035824035074749794
1207,-0.16757755468359184,-0.19199129493285777,0.3934162204201964,0.5867085505270524,0.004635079337654008,0.02919597888644641
1208,-0.16038022840758867,-0.17470365820353215,0.39356265270455854,0.5867986625701047,0.004972004247695909,0.03170640131072354
1209,-0.16855215902835663,-0.16480141397337741,0.3938339098448211,0.5869736739749405,0.004164644116063364,0.027157165349307223
1210,-0.1828796195272385,-0.17040940384493405,0.39409829541314245,0.5872707367237099,0.003085033496102333,0.029598002954000068
1211,-0.19417405152261674,-0.13283914857341947,0.39432152879103843,0.587382116890338,0.004831685780945544,0.02671580132438395
1212,-0.15654131155991127,-0.17760174704695778,0.39444916186507895,0.5876570029725617,0.004745409124105146,0.03110490992008407
1213,-0.183118836624435,-0.16453717683746902,0.3947787788223703,0.5877428061122703,0.004256821855151972,0.03550695925154854
1214,-0.12780479959671193,-0.15461946034866464,0.3948943040505909,0.5878277385815952,0.0041173763865045,0.032286081365324064
1215,-0.16869547617516098,-0.21463690466684932,0.3950591302496638,0.5881088098969519,0.005097883104284584,0.03289140952427492
1216,-0.16007183243079287,-0.1854526491235282,0.3952914614149447,0.5882347223603205,0.0032051224205795186,0.026033028043221003
1217,-0.22201369454086545,-0.14740010235323614,0.3956730988574679,0.5883354153319448,0.0072999046214644765,0.03160639600035041
1218,-0.14763030564487636,-0.19451502907680993,0.39578660535342763,0.5886342621291731,0.0037701697743488614,0.02739312447567772
1219,-0.14463745522340204,-0.1703954778426803,0.39605011190219225,0.5887189855613276,0.004512262440614721,0.029612676086968836
1220,-0.16544706025390077,-0.16381902357295272,0.39625779204566547,0.5889178440144405,0.005725096927847651,0.03432662003010858
1221,-0.15836369719758447,-0.1728765912030828,0.3964019529755753,0.5890652160716645,0.004710268802495796,0.029431116488855262
1222,-0.14886115960745752,-0.16259409839495975,0.3964858255406233,0.5892837251637495,0.0037454509102286407,0.026655588499098288
1223,-0.17675124939248704,-0.19091209132950876,0.3966966286392264,0.5895280056133407,0.0034143946148151,0.03293074919634168
1224,-0.1918413312840458,-0.1993680621418627,0.39692007861887274,0.5897865741692759,0.005652010234351862,0.029007499475822086
1225,-0.1539995708545943,-0.17118359564079838,0.3970377566895394,0.589990321776436,0.004647063746451711,0.0273052465917554
1226,-0.1846271648724261,-0.1992138308858471,0.3974140881864194,0.5902232832028972,0.0028533726508161014,0.030119462771594864
1227,-0.16092054398451075,-0.2643562743863298,0.39768244773293604,0.5909588336193892,0.005453358254171924,0.02759837044462939
1228,-0.1500746000766547,-0.19783851756544713,0.3978355728683114,0.5913545911176964,0.0049570101574491696,0.026892466732747835
1229,-0.24031955006677008,-0.15334888100320582,0.3981819118999865,0.5915633909165104,0.006543724011884066,0.02677637833998813
1230,-0.14180073880899113,-0.15992350337392053,0.39830954990253037,0.5917455095057783,0.004824867220615595,0.027088770573188304
1231,-0.12297296950177727,-0.1773677780589229,0.39839079426726093,0.5918895183342558,0.004898282314592976,0.0292920609991543
1232,-0.2060930995945603,-0.1869464394928891,0.39886416319710966,0.5921062425774811,0.004595936682663482,0.034707209783738965
1233,-0.16120556432130698,-0.15808079474776332,0.39901263792912073,0.5921326768550219,0.004906783244772051,0.034683152461431804
1234,-0.1479631066735165,-0.14718887800355906,0.39917752215326835,0.5923970487846913,0.005786958429457768,0.023339938656277003
1235,-0.22299345657142763,-0.13913060502362418,0.3994552713228567,0.5924660600228283,0.005899443311281688,0.029851244438912947
1236,-0.16550804503169794,-0.15399973942796455,0.39960491987237556,0.5926798905480454,0.006427193908639922,0.030343094553700288
1237,-0.16266466736918933,-0.15487423764027639,0.3997873847077605,0.5928766349606783,0.0048026505545581254,0.026660046495241913
1238,-0.1904053608593091,-0.14519467812452905,0.40011968293585576,0.5931074921624058,0.003075201157747987,0.03185562068809446
1239,-0.1803196394373939,-0.16463525129336393,0.4003412407409118,0.5931704459727443,0.005015725640082633,0.028909996262610854
1240,-0.12199012427700934,-0.15742346662156217,0.4005155512816916,0.5932765702747332,0.0036671590656562744,0.03119943820223599
1241,-0.15652006815130068,-0.2881347638275613,0.40067429389875847,0.5939937401182722,0.007409700930759144,0.03402484658093471
1242,-0.20199634693159446,-0.14976290963455552,0.40111721104729137,0.594091968846144,0.005253487342620025,0.033877994622719475
1243,-0.17891797332523854,-0.18028208681823424,0.40139661267149834,0.5943182660560186,0.004596431362013658,0.03103794639716294
1244,-0.16524326987264612,-0.16862437238147593,0.40157338966276235,0.5944755518772985,0.00485467746646826,0.03151619778888066
1245,-0.1963729512881185,-0.15823862420484766,0.4018569096859693,0.5946067173670349,0.004443149957069347,0.030927824109056565
1246,-0.16005220899486655,-0.19654806587987586,0.4020157301745041,0.5949518345660044,0.005129191219151401,0.0287870812370122
1247,-0.14138861544853712,-0.12537260918514834,0.4022023444930654,0.59507419251087,0.0044972701120671145,0.028037686373117706
1248,-0.15328576684608106,-0.17909672080527128,0.4024314707631048,0.5951109490228222,0.005006743808567534,0.02958008483459907
1249,-0.194855506749647,-0.14518198744777266,0.4026820340405162,0.5951975613852104,0.005298772654619469,0.031092729054113637
1250,-0.19129485129015597,-0.1796648808214364,0.40295445620535086,0.5953834050319372,0.0053313265009937464,0.028430055789611105
1251,-0.1354888211315165,-0.1558619609175639,0.40307344116639554,0.5954589780753641,0.005122139392812165,0.028609207392091614
1252,-0.12490738183591941,-0.186912887691242,0.40324708476416826,0.5957338321156749,0.0041646366980706735,0.033060007496292815
1253,-0.25501835656900507,-0.18985503007065435,0.40370023849721104,0.5959715879570646,0.0056396745337388985,0.027838704341930202
1254,-0.18997847889962718,-0.1923340412598238,0.40394036004506073,0.5961586281640735,0.005102757035602923,0.0294248598074513
1255,-0.15029368352032904,-0.18529063921434935,0.4040711358365786,0.596359494421281,0.005297504086294057,0.02954073289893511
1256,-0.22654421237789657,-0.14792070253118159,0.40443396079594934,0.5964318053160874,0.0058526945821904775,0.026839770060742608
1257,-0.1583099914616142,-0.18226017314065843,0.40465698642103787,0.5966054929658982,0.005116911478570903,0.029524893911710124
1258,-0.16252043625755586,-0.2068997021996732,0.404910289310641,0.5969241546381521,0.004883022075582608,0.029893512187826737
1259,-0.14983925769993214,-0.1818740007719527,0.40507861492015795,0.5970742817064811,0.005181403023062141,0.03338516931751726
1260,-0.19481936232147135,-0.21535635870459016,0.40552997228324017,0.5974339064191604,0.003843574380310194,0.028317795392887302
1261,-0.16091923499764652,-0.19558821863063552,0.4056765366996198,0.5976026636184621,0.004333484624253882,0.030082142672454973
1262,-0.12661645486840029,-0.14457613496726024,0.40575487182690406,0.5977069364322934,0.00440412222506829,0.02786416819751107
1263,-0.17062165481503558,-0.18527504862612096,0.40587929113105636,0.5979624348883328,0.0042911404184513766,0.026400284372404444
1264,-0.19415630827454197,-0.1793741329854044,0.4060606575204527,0.598026124540872,0.0038927665793833848,0.030860217225764097
1265,-0.22619407322991175,-0.2036956534402313,0.40647688132393733,0.5981941443429639,0.005825479965237906,0.030530148867792897
1266,-0.13810493416546588,-0.16605782272547323,0.40658129433185825,0.5982590214262326,0.004953346669657321,0.03143865334419302
1267,-0.17697504366963437,-0.19935096991709966,0.40669850212831304,0.5984306856461388,0.004737911952781274,0.02408325243222476
1268,-0.19360563863884714,-0.16070052871949486,0.4068692587029445,0.5985139557655013,0.004505640563053578,0.028604023417684702
1269,-0.20093437479445245,-0.1799721407154967,0.40714668469459986,0.5985904664391244,0.005735980291889006,0.030506515166983814
1270,-0.16862751852930147,-0.2064554147647548,0.40739709937590113,0.5987113396333463,0.0029605803786216488,0.031336593521572524
1271,-0.16728512836565637,-0.17457060383900722,0.4076461359849446,0.5988177426166804,0.004140156724505167,0.025083120860211288
1272,-0.15733556612555466,-0.197465163305279,0.4077695113983025,0.5990412722959115,0.005114803546936055,0.03388895586256128
1273,-0.22585758077132032,-0.20070558551506726,0.4082130019750074,0.5993538650984253,0.003999742531504489,0.026431240472572576
1274,-0.1810893175760264,-0.2210881765025197,0.40839030122618897,0.5996092611974464,0.006155283724589718,0.03511934424749941
1275,-0.1492006800236419,-0.2475150677612148,0.40859393973324165,0.6001060751754604,0.0035005027689685273,0.028957762826437666
1276,-0.13814149957089714,-0.2057764990101612,0.4087400669594161,0.6003075352336966,0.004935925380880689,0.028958029002311064
1277,-0.17494931837474867,-0.16415931888185975,0.40897750994650706,0.600408929322049,0.006247981396681457,0.03527653121463003
1278,-0.15355549834968976,-0.1960088258389942,0.40918867478661725,0.6005144403841036,0.004163487137130972,0.025341428289373198
1279,-0.18075571674084256,-0.22496569252099624,0.4093747381952994,0.6007319560116147,0.004562667316634269,0.031770480408556026
1280,-0.18427983752686763,-0.200603830834682,0.40965428981473645,0.6008783704628413,0.004673538908701142,0.0287307735184989
1281,-0.189426202151699,-0.18635337190408377,0.409869369770711,0.6010482417849468,0.0049359418546294585,0.030873825409653825
1282,-0.1975761670367301,-0.17087027269753866,0.41009329425677216,0.6011532585915361,0.005201331124993537,0.027660575099434214
1283,-0.1271959626153569,-0.21376472672766494,0.4101845388291681,0.601255897964975,0.005419086297362286,0.03590248376392279
1284,-0.20947003391398583,-0.18631912077294652,0.41044169137031233,0.6014335393946476,0.004734760885307962,0.03304674693029705
1285,-0.19904127174888922,-0.2615768300734304,0.4107318348621557,0.6018200744650924,0.005276167247129889,0.028734377093502825
1286,-0.2344599717181712,-0.214918246028018,0.4111746459904427,0.6021940242320452,0.004348761765578739,0.03162087766615982
1287,-0.1583852282789588,-0.19380676156719803,0.41136437154907707,0.6023488329393794,0.004804182657061409,0.027280356410744656
1288,-0.1325959733996598,-0.16067394555157982,0.4114807472196674,0.6024463890546627,0.004416738738885945,0.03438295219477916
1289,-0.16249712874060027,-0.1418307432458045,0.4116411117317607,0.6025088379425076,0.005358470791134056,0.02877740358309069
1290,-0.18858012692693876,-0.14582137058383188,0.41191394553156685,0.6026294630896075,0.006288507495333163,0.026664068578198585
1291,-0.12174087194740661,-0.16272244764687688,0.4120172067761625,0.603051480625751,0.004738525326259999,0.0275198812802293
1292,-0.14620638334472488,-0.167903453718434,0.4121155018093886,0.6030853377911947,0.004082511285629581,0.03069735406365455
1293,-0.14425743980040656,-0.1382456654608394,0.41221356083414357,0.6031611687923313,0.0038147180106287977,0.026693577183510096
1294,-0.15036199848643408,-0.17566279659930475,0.41240768608256334,0.6033096223156047,0.005333675477698928,0.029598902299289687
1295,-0.1480223038932437,-0.23231493395389793,0.41254732930450155,0.6036458985133535,0.004655571797728019,0.03185797400961839
1296,-0.18092828720446769,-0.14640530257406947,0.41276090599114307,0.6037290997944026,0.005667913275428131,0.029411528134901083
1297,-0.13553629999586667,-0.1439682347431298,0.4129155909387699,0.6039291553057682,0.004175441300408218,0.025009970533022393
1298,-0.17529561444228642,-0.161716377325501,0.41300312736625505,0.6040114415263657,0.005912545273074502,0.030840697396729806
1299,-0.17403284856671278,-0.19499271754480585,0.41320299200588456,0.6043401701942078,0.004100449884868779,0.029348418914314844
1300,-0.142011208453458,-0.1586451406959471,0.41333840263051286,0.6045510355939391,0.004921116893749936,0.026483450980789237
1301,-0.16396234181281055,-0.16193820532759834,0.4134744644644968,0.6046942824902855,0.005283888875287893,0.02936238056284399
1302,-0.17706049443480787,-0.2219502410062219,0.4137362442390974,0.6049356920158231,0.005358493916049202,0.029413413451283316
1303,-0.12202277018353977,-0.16361827227197537,0.4138160754127144,0.6050629669764076,0.0032438395426113553,0.026224934060017406
1304,-0.18417213044592706,-0.1568590817693207,0.41403490440744356,0.6051762727163181,0.007876322384296149,0.03365035425407314
1305,-0.1636850764022447,-0.17665927499373668,0.4141971644725556,0.6052147579124256,0.006226640040367525,0.030330794688461844
1306,-0.148626240873758,-0.17145090559119575,0.41440408483311414,0.6052552380239119,0.004052853600926446,0.02976508584272687
1307,-0.16899830767514412,-0.1723842852996233,0.4146159782597764,0.6052908916853139,0.004095688661679556,0.03214717306455863
1308,-0.1405871382314248,-0.21433241561155097,0.41474425113563607,0.6056394874486094,0.005426470498928363,0.033685248045066
1309,-0.20443111778750983,-0.15417555817312545,0.41508128729188903,0.6059260566587508,0.005828692164513369,0.029984535161810225
1310,-0.1638060242973508,-0.1815393889832022,0.41529757341488993,0.6061932241538017,0.0044044541302770005,0.027388022672362684
1311,-0.1937590446742559,-0.17197215928191434,0.4154555634176522,0.6062442763401762,0.004898429676271904,0.029138626408433094
1312,-0.16628158611147328,-0.24808275683221565,0.4155768524747027,0.6066165501349596,0.005141037005041759,0.0311498850766212
1313,-0.18744606008036396,-0.1778118151498232,0.415744078246577,0.6067318399262541,0.006760697671342293,0.02972755465991582
1314,-0.1276704082242534,-0.17751021693597865,0.4158620200513339,0.6068992167478047,0.004224931910324221,0.02929163735987332
1315,-0.2314659791375267,-0.1744184756351499,0.4163346374620248,0.6072870682452913,0.005615443793678145,0.02775143442574072
1316,-0.12022555033373708,-0.2033557192569362,0.41641874928345296,0.6076378883837221,0.004414815749893236,0.026901587142878033
1317,-0.2300224034212082,-0.15253275591612048,0.4167169385639617,0.6080314715169661,0.004845237413237645,0.028226278646514197
1318,-0.18089755638576865,-0.14755759335558752,0.41684502572010207,0.6081595382463589,0.005448215103924021,0.02866524143530824
1319,-0.16502446940257104,-0.22507666301210769,0.4170767855005244,0.6084875191118921,0.006220685678132979,0.032088439390665566
1320,-0.2006736477140542,-0.16281408071133585,0.41717239650926985,0.6086306009016925,0.0051207869093857815,0.02749067265730035
1321,-0.15574636373985112,-0.1803132677387038,0.4173229807562191,0.6087512472618238,0.0047140220282278645,0.027158852373157228
1322,-0.12919890600666503,-0.1811119599099488,0.41745412265418164,0.6088234317463034,0.005170369458685659,0.03183303400226527
1323,-0.12153517364418573,-0.1948066664330187,0.41755362211072344,0.6089553174689358,0.004772172377066727,0.026947327405689364
1324,-0.1460749966547454,-0.2071491180562695,0.4176412761301366,0.6090718794998141,0.004469306049275522,0.030651180095718236
1325,-0.15272095236971142,-0.195805783432657,0.4177439169931711,0.6091076603166029,0.005237719398618295,0.03188566186456837
1326,-0.2125706431524132,-0.24110444630068553,0.41789074751395616,0.6094543136279416,0.006251583810831927,0.031850893997293545
1327,-0.2180775569121376,-0.1928131851258433,0.41825719397204913,0.6096280002141339,0.0049092413192073385,0.03126158401901011
1328,-0.20978660373159197,-0.2107080726066836,0.41848677871120904,0.6098407808148558,0.00906178448736488,0.03203851980807667
1329,-0.12687961192966749,-0.14664436006593717,0.418585265357186,0.6099597760379154,0.00531965465166776,0.027132311257790136
1330,-0.1745445447929843,-0.18597445675720622,0.41877650627328733,0.6102128297730401,0.004836090225860384,0.027794442144069783
1331,-0.19485787868798987,-0.15355417573462324,0.41892376462622444,0.6103167930383785,0.005534494671795516,0.029800556913025023
1332,-0.19138809938875864,-0.18342469685351048,0.41915042307976413,0.6104649406757815,0.005132991802180991,0.026871059457599534
1333,-0.13599963160980902,-0.18962166399243155,0.4192690540654465,0.6106673664395607,0.005855752414173005,0.02926959005948497
1334,-0.19928030347057257,-0.15372266102640086,0.4194486189380643,0.6107195975040248,0.006270680670605913,0.03436810695262874
1335,-0.17406751708232499,-0.19318808461798864,0.41962518689020506,0.6109380139004976,0.005831674678668623,0.027984971219400852
1336,-0.25668604680467977,-0.21324166486494472,0.4202358227985547,0.6112500104261727,0.0060302103745525065,0.030182276434663938
1337,-0.18009958054365616,-0.20768787335459685,0.4204870873429978,0.6115341803836816,0.006663079785319827,0.030020283111894457
1338,-0.19078162215545547,-0.16251736829216204,0.4208114903913008,0.6117116597923812,0.005342212717123923,0.02967579892703245
1339,-0.17147184416770603,-0.14596882142556694,0.4209757458812675,0.6117803820377956,0.005104600826634047,0.03124532417826585
1340,-0.18933110991515698,-0.16867118585338411,0.4210674906226786,0.6120448215763907,0.006023073346638521,0.02897977398823252
1341,-0.17040663744658652,-0.1719422120117281,0.4212694164381659,0.6122177634752921,0.00469072318066375,0.03253447729449573
1342,-0.25196679227276547,-0.24130329911451004,0.4217118988854285,0.61264369541635,0.005983466762962465,0.027891838907837634
1343,-0.18175152965326558,-0.16732776125042848,0.4220299061122254,0.6127304460253674,0.004151621319865043,0.03296748192510836
1344,-0.1669232756033918,-0.15304343744783894,0.42212924174578004,0.6128122151547619,0.005396195213860399,0.02754780139050347
1345,-0.16841141351538919,-0.16899259192098157,0.4222680105037335,0.6129301839722558,0.005361091556086326,0.028136112504861484
1346,-0.13776953902341685,-0.1693549413718523,0.42241716302950066,0.6130023971592037,0.003792779502144387,0.03085641826328295
1347,-0.15460484788892523,-0.2336546386939313,0.4225662311351161,0.6132146182598608,0.005417841198463321,0.032280544873385116
1348,-0.19022812287116986,-0.15928906700761253,0.4227143049473854,0.6133292784203902,0.006437212705855731,0.026463330582844058
1349,-0.17777598052911464,-0.22980501342143486,0.4229583030594602,0.6137987289555906,0.005309619950234541,0.028144759891719728
1350,-0.2060589634876076,-0.14645144836126975,0.4233369682671,0.6139064886820891,0.0043613579985615205,0.02954599505202361
1351,-0.1388900106460202,-0.18039498423450104,0.42345666692430994,0.614060544272732,0.005711483368985719,0.03180503856526123
1352,-0.15019457410338502,-0.16362968394341426,0.42353984508658993,0.6141298596806466,0.005391630048423783,0.030631703637790445
1353,-0.15977683144857674,-0.14802547267696742,0.4236583623683666,0.614225835456755,0.0052573253462863375,0.027567275294242015
1354,-0.19404210413778475,-0.19110493742687015,0.4238208010813944,0.6143509343708391,0.005854244207236013,0.028289755996560802
1355,-0.19284361482427667,-0.1650026643357702,0.42402336708144284,0.6146425881596655,0.006123264183221902,0.030519310977871042
1356,-0.16847856684089285,-0.1498755056200887,0.4242166266761869,0.6147032074173937,0.005699085591019037,0.03236216288347273
1357,-0.1599608691698982,-0.14695235195263473,0.4243883605701573,0.614755831051032,0.004636315255815462,0.024868742056343165
1358,-0.2071899028701525,-0.1764390546485407,0.424472168754848,0.6150439073361158,0.008948015456827059,0.02714502614914314
1359,-0.13114696635779718,-0.16053213900556113,0.4246315821303305,0.615273305855937,0.0040786068928898,0.028607998473774644
1360,-0.16166706330784786,-0.18720178789931355,0.4247323442648558,0.6153926435097106,0.006040890293088412,0.034221382541832664
1361,-0.232228439142371,-0.16606982344205695,0.4250545804102645,0.6154088472000412,0.006327042592301335,0.03180082634128033
1362,-0.14385523600538538,-0.17971751026316923,0.42516449599522965,0.6154919011187788,0.005803939950599326,0.032855681292523725
1363,-0.1589228474006025,-0.15076252633994364,0.42529275911693243,0.6156702408747532,0.006098261850359306,0.02800262820102349
1364,-0.1198264303839426,-0.13614538569811835,0.42536840548260524,0.6157869197546135,0.005860815772591552,0.02825321702540996
1365,-0.20908441953877047,-0.16821853128630182,0.4256082345570691,0.6159775804304646,0.007212911071007013,0.03116071115997986
1366,-0.13436340822072113,-0.13063893791086278,0.42571463571009865,0.6159758531824143,0.003805487968015534,0.02570351062569724
1367,-0.16897313822097446,-0.17141495680112984,0.4258460078685731,0.6160846121733052,0.005631028047345473,0.028710283804361417
1368,-0.16460585521316246,-0.17414899229629036,0.426112048111737,0.6162662189568611,0.004535118460219771,0.026223046022267032
1369,-0.15038914228634997,-0.13803668209603404,0.4263387219822811,0.6163922694225009,0.004432178606786892,0.029662386602758124
1370,-0.12766140971647444,-0.18527605093389826,0.42644230048659687,0.6166133006635609,0.004292349995062178,0.02756851837053857
1371,-0.1398441737828833,-0.15668120738251745,0.42656042738964733,0.6167299601618736,0.005691402795138972,0.03065246041226175
1372,-0.1533955427985317,-0.21871773048747845,0.42683484174212394,0.6169665563075099,0.00405771299162335,0.035042629065727283
1373,-0.13310465654774883,-0.1779127403891683,0.4269415102916637,0.6170299133320146,0.00587611294785943,0.03073146575823516
1374,-0.15998873073706127,-0.22555415781256793,0.427037607796368,0.6173555480615258,0.005580836816305347,0.029848650405324775
1375,-0.14588981147074118,-0.17867270659830659,0.4271427262275266,0.6174265812028769,0.0045209380110820966,0.02938362189583035
1376,-0.1923080518582921,-0.17074339790221138,0.4273848025106905,0.6176269569135839,0.003821765884144679,0.02893098060966123
1377,-0.14013748791981137,-0.17034837150502335,0.4274805966256206,0.6178589085530218,0.005031144574359132,0.028263424367121908
1378,-0.15166438907870597,-0.16964388726159718,0.4275949907505399,0.6179685637664005,0.0049149058069066385,0.035556676918051096
1379,-0.1774562985939759,-0.18053734858640483,0.4277403627357704,0.6180729419136697,0.005365775317444932,0.029701240607542402
1380,-0.1919124985557032,-0.16533337113948957,0.427870639418405,0.6181790980235827,0.004377903018774147,0.027809394951709584
1381,-0.20690375032520109,-0.15986046196932205,0.4280458307328325,0.6183129469120869,0.005993016642400618,0.03240565458797236
1382,-0.17236646454770516,-0.1485318841558117,0.4282087524560068,0.6185111795696093,0.004201663513217568,0.030893441214833926
1383,-0.1801240144394051,-0.174044828487509,0.428450381131413,0.6186393076987035,0.004055909888916304,0.029251183373868273
1384,-0.18135392072887851,-0.17031033428619746,0.42862322762179317,0.6187761642414141,0.0036476863598822584,0.028684109566411212
1385,-0.2115918488039714,-0.18184925277812436,0.42882266437502065,0.6189092065205052,0.005775025785991533,0.03020909441725151
1386,-0.17705960758727482,-0.18300667094881884,0.42899332542502655,0.6191455025341132,0.006039406190213027,0.02734371300606861
1387,-0.1338695987972785,-0.17972694440985945,0.4291369216582699,0.619268990654068,0.004246523252493875,0.031790846788308874
1388,-0.16113487816021643,-0.1996263009703645,0.42927143565133413,0.6194285598025558,0.004912097916668771,0.03216702967023494
1389,-0.13540013211588292,-0.18982102934165623,0.4293839881508654,0.6198990402888988,0.006302226271401898,0.027410342265435497
1390,-0.18564853869785322,-0.16150283453085787,0.42956459084430537,0.6200296634750063,0.005824991276604677,0.02742578226501014
1391,-0.15625845277356956,-0.14740048368291025,0.42974770765799136,0.6201835239208708,0.004639396136500698,0.034538641676605336
1392,-0.16643964166210956,-0.22333377634631574,0.4298978105974542,0.6203522040917522,0.0058257290605942666,0.033761745015840526
1393,-0.15028157047339152,-0.18255238401792662,0.4300633361436207,0.6206173776150601,0.006525345436327174,0.027074200016197425
1394,-0.20869688417462504,-0.14538642082821726,0.43031273748247767,0.6206739792778971,0.004971938452655512,0.029073325077043674
1395,-0.16198157194682264,-0.17760463531303422,0.43040699081082917,0.6207367904147779,0.004648900298892684,0.036063586383914735
1396,-0.12639007020694878,-0.15887387073492962,0.43053388019054956,0.6207560687829659,0.00697562265120739,0.0284061714140352
1397,-0.14448722929485514,-0.1746973760958701,0.4306832935098888,0.6208404664801885,0.0064687039039547905,0.030162897135814607
1398,-0.15740622801149856,-0.16673788303609077,0.4308767668353165,0.620859081818264,0.0038647810656691523,0.03014842027800862
1399,-0.1367724219954787,-0.18591371790381858,0.4310757599573054,0.6209408039434784,0.004332672626693666,0.031331991399507916
1400,-0.17766916133609786,-0.1737647816837745,0.4312088097821185,0.6209704815304169,0.005571156960570352,0.03115782919156081
1401,-0.16970621319236506,-0.1830895913461567,0.43133557221076446,0.621050386678697,0.006667948214044066,0.029181748888052503
1402,-0.13275430295955712,-0.23036304379971895,0.4314922387167114,0.6213225240397244,0.004338872071055444,0.026098234192255255
1403,-0.15692725861804946,-0.1682487393928971,0.43169947213766857,0.621659989920917,0.004599081010516213,0.025920196049422098
1404,-0.1520270458615462,-0.13980018377571585,0.4318333341457646,0.6217105040277713,0.004644911267885632,0.029604876800998808
1405,-0.14548116590903856,-0.1976931287492077,0.4319348437109662,0.6219249334403029,0.0054810054024789214,0.026591366347325316
1406,-0.14604608546981024,-0.1688948502355948,0.43209401274529535,0.6220723120227348,0.004743904229863434,0.03754917750825821
1407,-0.17874191078511553,-0.19147678818795325,0.43226342424599035,0.6222313385475443,0.005836489614491681,0.031248084037404936
1408,-0.131026522055058,-0.16508251329825854,0.4323506971236791,0.6223342487776631,0.004347200853999728,0.030327918998062097
1409,-0.1903602850918282,-0.16772595590511621,0.4326407588175537,0.622466400590917,0.007163572466874567,0.0281220928296422
1410,-0.1306801920736684,-0.14737724646191122,0.4328037313831665,0.6225209176697833,0.005332524689701095,0.030829456915469497
1411,-0.1862931868134001,-0.19391607796893806,0.4330553693990597,0.6226965712897329,0.005604851611661753,0.031716929754224105
1412,-0.16420729870607664,-0.16761526751595654,0.433233178447834,0.6227792594536979,0.004680214009198247,0.027862681687752678
1413,-0.15586174574522765,-0.1599851203002852,0.43336615316764127,0.6228516139780218,0.004880795452124772,0.028348511416571468
1414,-0.14660921825961415,-0.1713779968117231,0.4334942378195633,0.622828572366695,0.004863629889682028,0.03206009600489537
1415,-0.17825859114733725,-0.16286814128849963,0.4337876929129907,0.623078752445173,0.004400894147362412,0.03175533142333883
1416,-0.21003503882042654,-0.14363095470726273,0.4340194592477202,0.623125609788584,0.0062396989068989476,0.03164629463329944
1417,-0.12355279523286694,-0.1693674144527529,0.43412767338936686,0.623201834883598,0.004836807570849548,0.027098019492314156
1418,-0.16415448093408302,-0.26277805634821894,0.43423253715100535,0.6235673664586056,0.004468963342390458,0.03172174460275515
1419,-0.15882737439463687,-0.15624786521402398,0.43437820236589486,0.6236535762696966,0.006466651824449262,0.029150120944425775
1420,-0.25052496409639213,-0.16170981216836672,0.43473663898432807,0.6237974212291408,0.006160043263705647,0.025435931708742185
1421,-0.1539281472410135,-0.21325068011604495,0.43486416271762,0.6241083654817541,0.005077333329764373,0.029927166464107605
1422,-0.15160697380965943,-0.18454736818479342,0.43503174555727225,0.6242643573892616,0.0032108582835798454,0.027252854260636776
1423,-0.14764055745665997,-0.21409927074628624,0.4351384894417089,0.6246105172737361,0.004621082338488584,0.03124483918462002
1424,-0.19640217553970116,-0.15793322028814408,0.43528476828374524,0.624577412122799,0.008546705683174506,0.03124635567482608
1425,-0.1467522000498001,-0.15553009221844505,0.43540408805973896,0.6246533368544728,0.004065604831073289,0.023991008059594487
1426,-0.14564664022514348,-0.21858691572090025,0.43549895261224186,0.6248844486757997,0.007020330078918252,0.031140374003598634
1427,-0.1825081828653278,-0.18130594135476083,0.43565999038398473,0.6249826800838645,0.005360078714416424,0.03195388281031405
1428,-0.18760806839120142,-0.15872857567631476,0.43578646440160607,0.6250927818810758,0.006700833190932225,0.0328318748103423
1429,-0.1562642932296125,-0.1820334103961293,0.43591918586312284,0.6251653446688276,0.005217380883462622,0.0314225162039142
1430,-0.20627333079590288,-0.17331275812406194,0.436209277290633,0.6253085982142885,0.00483037086344767,0.023280402247252373
1431,-0.16026100668857626,-0.1997734411884522,0.43635450486029215,0.6255973223425165,0.005293655231802137,0.03141216324633531
1432,-0.15284945220942045,-0.1778318477192982,0.43650071068763274,0.6257056415123363,0.004923449477537796,0.028823412653232027
1433,-0.15425238779002537,-0.2209259502245719,0.43661575195014624,0.626170494549013,0.007059150366450523,0.027014328594357477
1434,-0.18307801881107172,-0.14809138283583184,0.43677925821797725,0.6261816191800829,0.005348580661450304,0.02877434943434286
1435,-0.2112219833791556,-0.24481154571008426,0.4370804760817198,0.6265669444729186,0.005196798135015334,0.03437981367845962
1436,-0.15585311320395415,-0.14284396869693028,0.4372366935013837,0.6266443902270787,0.006126261876306654,0.026020178870780418
1437,-0.1659390220864592,-0.21899778475966922,0.4374370982974512,0.6268726909359376,0.005354149386398746,0.030474597708053344
1438,-0.1593367509703083,-0.19745145666041958,0.43759447622231645,0.6271869523630744,0.007454345448948291,0.028593046327441963
1439,-0.16522069998710076,-0.16544401262919406,0.43771903541439217,0.6272395761826401,0.004901283288341682,0.04418152048631976
1440,-0.11949462495167072,-0.19430904327849435,0.4378247049269785,0.6274296280434284,0.005282237912402146,0.030711228875733118
1441,-0.17423426996094732,-0.15049587310681514,0.43802862193206066,0.6274621635895947,0.004744226672040534,0.030955275338465826
1442,-0.13688922740199402,-0.16736481615701673,0.43815052021864476,0.6275647037064019,0.004320019317240284,0.03210481657793537
1443,-0.0985867889359269,-0.1876964813279536,0.4382107394270038,0.6276728563748223,0.004562394170585806,0.033516861726835476
1444,-0.1522664718290199,-0.18812151838250382,0.4384037285950111,0.6279817550924798,0.005667143652842341,0.02912600140062164
1445,-0.181407723104453,-0.20558387945087833,0.4386329450991681,0.6283494937025466,0.005094272238550999,0.02619152528045436
1446,-0.13246855890442494,-0.21116110192404797,0.4387300432018122,0.6285062816744005,0.005581592262868324,0.0302146178548446
1447,-0.15468996996790524,-0.1835955615479615,0.43886792143680303,0.6286987505885226,0.005748595339364456,0.02872238361029657
1448,-0.23721482557634055,-0.23180010457939773,0.4391662779943971,0.6291831524799804,0.005111520798923605,0.03072719877910915
1449,-0.20454375978844003,-0.12462823127370627,0.4393478337076966,0.6292300766211271,0.009910791479657436,0.024727060582527587
1450,-0.15018045972404356,-0.2002915188761602,0.4394608754973116,0.6294035927177885,0.005124399076371872,0.0298470872550347
1451,-0.20732757349116718,-0.2088178948670702,0.43972745804776026,0.6296265892195411,0.006769022767201627,0.030787787209466667
1452,-0.1796481273958442,-0.1961506693669225,0.43992471979459435,0.6297606652781434,0.0056496801912232,0.03038324124897023
1453,-0.15013456894878885,-0.19001153224494952,0.44010232363896096,0.6299513399113171,0.004664971243679325,0.02897331280729821
1454,-0.19799325909921042,-0.16836180438040044,0.4402999066426765,0.6300870244178183,0.006846418434703596,0.030544075049016687
1455,-0.1914056819223941,-0.17647349505340076,0.44047490228383124,0.6302850790023106,0.006214492426474816,0.028964738670268726
1456,-0.1662564646667152,-0.249401015042632,0.4407360480429602,0.6306940564185372,0.004853839688156439,0.02956802528731091
1457,-0.21167347736839962,-0.2463262783687398,0.440997866433297,0.631142033961585,0.006385163180212597,0.028719812950056947
1458,-0.16789937393897983,-0.17853934115091988,0.44111655311941256,0.6312332822164161,0.007952013375425894,0.026410492612484817
1459,-0.12892967455404494,-0.21284086024005733,0.4412414409428368,0.6313714668263253,0.005985838186268077,0.027625045290857245
1460,-0.26360201184566096,-0.17860808277791929,0.44149553292833654,0.6314864671966619,0.008615984472069451,0.027891516964542642
1461,-0.2213166597824752,-0.23275818565779233,0.44188207577894434,0.6318997794024842,0.0051371084827173214,0.027258627124361477
1462,-0.14881118277943944,-0.1717466324915734,0.4420138252437426,0.6321231294583284,0.006078198395887819,0.026826784368013373
1463,-0.12352520680232681,-0.16445097117345295,0.4420970016029481,0.6322220659585834,0.003515049488182556,0.03002855481690363
1464,-0.19846950127984,-0.18673587692289265,0.4422057091991409,0.6323642173664373,0.00827553924242694,0.029594031799625272
1465,-0.16070072369932195,-0.2804389781042192,0.44234920968645985,0.6330164368745222,0.004823304355778343,0.02874091297193298
1466,-0.17783993232081177,-0.21087974180513824,0.44250055324136855,0.6332064545065078,0.0068288266439170174,0.0283765894116836
1467,-0.17192680957439377,-0.15953530558214837,0.4426028873397728,0.6332301569562858,0.005445448094397509,0.02922114767635958
1468,-0.20200447811130967,-0.22520946978559997,0.4426868751258865,0.6335974580054192,0.0071302056271627,0.03533211824434053
1469,-0.16445830834291714,-0.19234895831102616,0.4429446447815558,0.6337280850852173,0.005092302378739032,0.0285288165499218
1470,-0.18910246213196563,-0.31126343425669917,0.4431933184531273,0.6344856579041549,0.005709490575183556,0.03159474559250186
1471,-0.1438417957175369,-0.14024470797517574,0.44335368634892786,0.6345096702570958,0.005508080503682771,0.026599799235510455
1472,-0.22969338853273538,-0.2547855981866118,0.4436120531112342,0.634992320339627,0.005759260086064364,0.03226798197936012
1473,-0.1511241958947258,-0.28238098122801214,0.4437508632252653,0.6354000451391846,0.005922885888599081,0.031766618245633385
1474,-0.18022303894060668,-0.15823369545022478,0.4439205037018403,0.6355696950484317,0.005046945158934733,0.028619736735040556
1475,-0.1965488895950308,-0.19874644581807882,0.44406619248072904,0.6357409169521789,0.008592364370959038,0.030657440585208057
1476,-0.1421207439339313,-0.2046044491882783,0.4441520812291506,0.6359994132176904,0.00641033017404629,0.03421403830888878
1477,-0.11720816459920076,-0.17219479560166814,0.44426414125538005,0.6361456605858526,0.005267589240052125,0.026797739734971533
1478,-0.12694602315793405,-0.1681763920464375,0.44435527483291026,0.6364642668292325,0.004260873437343936,0.030682963285790454
1479,-0.2155633239417826,-0.13455278343876187,0.4447046886135612,0.6365316744486142,0.00550878666903213,0.030607238830425473
1480,-0.17854135070297983,-0.16580254743594533,0.4448623605698209,0.6366080776888682,0.005289166946132369,0.030693176801859692
1481,-0.16676126013935114,-0.22513713841969388,0.44499463754832724,0.6367329604219583,0.005613617457577218,0.03557084955602836
1482,-0.1517543835972409,-0.22947980705908508,0.44521859796138835,0.6371068501579196,0.005817893747405971,0.027789470620602854
1483,-0.1839038565444783,-0.18786191908915242,0.4453154100090078,0.6373639114226543,0.007807516731257609,0.027795568173015983
1484,-0.14644702872211168,-0.24179560211021778,0.4454059211516345,0.63783123803794,0.006002664807023072,0.02716073827521219
1485,-0.14594492999864148,-0.1359248550738311,0.44552970474606957,0.6378760149292984,0.004948597715356565,0.029413424547815314
1486,-0.2014448279891144,-0.1709561019516264,0.445717249255127,0.6380708637674971,0.005000140806349249,0.028518248242916745
1487,-0.1412698227660753,-0.17620291820711628,0.445919254326515,0.6382953519074583,0.004722435945527907,0.029279677563037874
1488,-0.2668150609213272,-0.19402167883546234,0.4463556897669111,0.6384421273598069,0.008314272535928792,0.02978604044474703
1489,-0.1601807311480661,-0.17208562010127315,0.44652656674718283,0.6384717127165297,0.005484926622227255,0.02708357365411193
1490,-0.20445532616815598,-0.1566173612913586,0.44678280418300637,0.6385254025584907,0.006225338358092828,0.02784641145577868
1491,-0.23564023607481552,-0.18799298367145992,0.44734513335794857,0.6386774296728498,0.005578645157052794,0.02994625255923163
1492,-0.17808122022609435,-0.17842043068742847,0.4475923476197099,0.6387840067416196,0.004694008727136169,0.029308113994221306
1493,-0.180945927147485,-0.18819438098917854,0.44770865442911667,0.6390769068316687,0.0068076612061068855,0.029213764854816717
1494,-0.12792231605437143,-0.17562240456127956,0.44783372468975247,0.6391561743062548,0.005117214020875451,0.02780527403890489
1495,-0.12454762711100155,-0.18248014818184502,0.4479221020114606,0.6392451074577059,0.005392301843051099,0.03073897744904189
1496,-0.15095114472032137,-0.1582784258621948,0.4480689544377655,0.6394496176817875,0.005574726422441923,0.028255230989798867
1497,-0.1474287164681235,-0.18179636113118217,0.4482101632186716,0.639476172101157,0.00500032424649682,0.03130618208271862
1498,-0.1802031040510412,-0.2212753427370218,0.4483661071124441,0.6397757689616034,0.01056027040251294,0.027692625840491956
1499,-0.16997841330043417,-0.18336540698312678,0.4485393825373615,0.6399279078077036,0.005135295472430216,0.035728090659803646
1500,-0.164664393961816,-0.18827770159741003,0.4486554918136456,0.6399766315116105,0.0066238046885185855,0.029834273025789237
1501,-0.23610231292775619,-0.26975812646340586,0.4489381549301399,0.6404706740812177,0.006619266596638198,0.032079324891402895
1502,-0.15614783905227161,-0.16619908312472625,0.44912637557101726,0.6407140244031152,0.005576620299610732,0.023462368665531936
1503,-0.1778031537852131,-0.17274621703646195,0.44926246280162596,0.6407875751350217,0.007478334124182742,0.028445833705270575
1504,-0.16760027535714134,-0.2030878718657125,0.4493454608851191,0.6408823677947842,0.006302622036662436,0.03628749512939772
1505,-0.1780956482069638,-0.1736918427908797,0.44952393727730794,0.6409033927894509,0.005083699846698096,0.02847527362708016
1506,-0.23781457320981136,-0.18598668835566629,0.44977700896036965,0.6410822641355864,0.007148543912346248,0.029992157221681047
1507,-0.1969801335903954,-0.20253911037835598,0.4500890242557258,0.6412289041661714,0.006256505241656595,0.028075598260647063
1508,-0.14432614560476512,-0.15734381322739935,0.4502255821461854,0.6413270965247495,0.004683723010946388,0.029445881752131146
1509,-0.16297513091731985,-0.14060886715196144,0.45032471083633885,0.6414315920066722,0.005065992512584552,0.02803268946123298
1510,-0.18976294260724094,-0.17333863525114385,0.45049046849786906,0.6416682404717436,0.006472546890301588,0.02902138896604358
1511,-0.14322745728817363,-0.19125363980856588,0.4506465159591789,0.641849495782511,0.005731590088667212,0.03385734189334715
1512,-0.16573740611685067,-0.18540104711074018,0.45083591370184556,0.6420488310071883,0.005050863162629313,0.02835996936536092
1513,-0.1741298463743975,-0.15273715099339635,0.45098101422750614,0.6420776534227476,0.007322225454557931,0.030646688040507897
1514,-0.17687153035744835,-0.17002089137735008,0.4511744500081445,0.6420971149423407,0.006721936221389936,0.037024137993710786
1515,-0.16291916058136177,-0.14457519015093362,0.4513071548963071,0.6424398116770306,0.005974141094570243,0.030222241217170685
1516,-0.10973712029444965,-0.21105571875408605,0.4513933628953076,0.6425742434968291,0.006201075687467926,0.02732963770079802
1517,-0.1829742854931623,-0.16687333688920086,0.4515332849647826,0.6426151672308956,0.007506601242738139,0.027603586129378934
1518,-0.1454779031151536,-0.16320316361836887,0.45167263195075935,0.6426913949304258,0.005628237092301793,0.028364743126977433
1519,-0.16642842777281697,-0.1769811179880906,0.45185903626793483,0.6428619517101241,0.005903740914429395,0.029490667485580692
1520,-0.12251817569096975,-0.2279881783749249,0.451927759666694,0.6430542873472397,0.006271134667991667,0.035432220453796945
1521,-0.17778134619658226,-0.16895101983547953,0.45209623380109754,0.643132225824486,0.00562261285988448,0.03534866286162583
1522,-0.26231456561098754,-0.13351370700425813,0.452596806183992,0.6431899042521478,0.008743428895612434,0.02695716107635379
1523,-0.15443584126146728,-0.14828869948153378,0.4527309954379617,0.6432420258546138,0.006404944936747439,0.03090232910348138
1524,-0.18043094128379678,-0.1619920582939096,0.4528758610095685,0.6432299299648574,0.006189780106039427,0.029591714995007533
1525,-0.1676892781161554,-0.19065397599546044,0.4530248865536295,0.6433947716053512,0.006739058196365681,0.029899077083754725
1526,-0.17164146789257442,-0.16805408792337012,0.4531987493147372,0.6434922296112209,0.0077127406989377124,0.030532439041554883
1527,-0.1771907050190333,-0.1935539851867481,0.4533037679451814,0.6435380632954474,0.005873516236130597,0.035440448663683295
1528,-0.14352910652149176,-0.16798329772060025,0.45338428066414754,0.6437956732764613,0.005532091088266669,0.02845886867301999
1529,-0.22513698073879132,-0.1692488795435762,0.4536047197528513,0.6437904606814328,0.006727337107228127,0.029972311588942164
1530,-0.17475224509190987,-0.19114357372200158,0.453843625480723,0.643963700844081,0.00489705146378452,0.025315591876110162
1531,-0.162375901869932,-0.17885485041331237,0.45398392782680486,0.6441514463442068,0.006421205240453397,0.02654936304747862
1532,-0.13985792143910641,-0.23670872814676042,0.4541075069366304,0.6444491377659811,0.007019951022303317,0.02993327765928554
1533,-0.17583936446849838,-0.17415298820873704,0.45427403477582,0.6445172811740042,0.008096318217641842,0.03177408822257552
1534,-0.18866615338840104,-0.14226029056855063,0.4544092967555821,0.6445672925617454,0.007290337289322921,0.033794845950958906
1535,-0.15847012983630213,-0.16473271518585778,0.45452679149805447,0.6448303630102697,0.005629563555109947,0.02914849059408886
1536,-0.14500696170707283,-0.18218177749020395,0.45468498036297833,0.6450085453325819,0.00495985792468946,0.027828966727426383
1537,-0.15329945235945366,-0.17680344406351226,0.45481927535489136,0.6450321970114917,0.005223113196353491,0.025863681283480218
1538,-0.18476657253890444,-0.1910227138609041,0.45488778063862306,0.6452134181842489,0.007028893716625032,0.03293194824558453
1539,-0.2061781340694835,-0.14946672745144218,0.45507543691545244,0.6452529632781819,0.0059815960780290976,0.027035372474454165
1540,-0.1681930414645903,-0.16843643644366682,0.45517366498289846,0.6453690643574772,0.005167561988439654,0.029012994198989932
1541,-0.149197600208662,-0.16014278705479057,0.45530594932286134,0.6454226109096195,0.004639594852148088,0.026606546516746637
1542,-0.1863936488645535,-0.18412001919411972,0.45556547761225263,0.645601078936932,0.006987591883574906,0.026454819991086224
1543,-0.18977926843012674,-0.24921359931006692,0.4558915825156913,0.6460454514552306,0.005953157764971368,0.03117812797520685
1544,-0.1796113968870712,-0.19568636327497058,0.4560505718116006,0.6462084084217677,0.0055756688664020185,0.029378997026266646
1545,-0.13958254665419811,-0.15431698782225223,0.45616340687933304,0.6463285536101108,0.0064587045495645146,0.026762193269634187
1546,-0.17088744346535026,-0.16916792394415525,0.45635354753621293,0.6465699728636526,0.00849966768391836,0.027338865622442827
1547,-0.14237802584207826,-0.2640152557127905,0.4564433448999703,0.6468550982795744,0.007749751577422982,0.03339034164356771
1548,-0.18051682625592455,-0.16527180119740725,0.45665555643923095,0.6470085134756233,0.0062565250723084775,0.030302052257987745
1549,-0.18333733610324146,-0.19861395461517348,0.45685622570705997,0.6472994472754612,0.006363775498776453,0.02873747301038952
1550,-0.13809497362759027,-0.1366390779255428,0.4569831391568032,0.6473459751718592,0.006127779332053516,0.03143073791088653
1551,-0.1340204936558428,-0.1674391096616619,0.4570800972154641,0.6475072984660029,0.005456705852540227,0.026351883443013233
1552,-0.15702842370967937,-0.17014107806220413,0.45717187612399657,0.6475811299569828,0.006686029956047218,0.03032246998754201
1553,-0.18344668010068785,-0.16862134236102388,0.45737227340628983,0.6476864884686026,0.005831722545557239,0.02642112412973239
1554,-0.1636069549746003,-0.1487919608408518,0.4574973086118889,0.6478010359437472,0.006856507469419677,0.028416393810923847
1555,-0.14599301893979003,-0.14359977822260384,0.45759028649275835,0.6478655379246115,0.005932938077180276,0.03051824896166819
1556,-0.19845892821205074,-0.1951056885093869,0.45791701632731224,0.6480119623420197,0.005582419661872522,0.02971051672202449
1557,-0.18216883030603623,-0.21639670071518827,0.45812251198103904,0.6484288814526927,0.007515079020226949,0.03099435572289827
1558,-0.14995483599524434,-0.17804904457458154,0.45824603229517147,0.6485219518063287,0.004106505229699808,0.03330452974129553
1559,-0.21159577638385935,-0.1772163251896525,0.4584631102122823,0.6487861357051357,0.006484075294212078,0.029328886069788118
1560,-0.22309917416096997,-0.14408575158575287,0.45861635246114285,0.6488059305477115,0.006949395411176786,0.02753157327820995
1561,-0.19893373532509645,-0.21992023328085716,0.4588005949669743,0.6489440962175335,0.006494057277909227,0.03317208456263023
1562,-0.17150958523434764,-0.12829848938863841,0.4589973290786195,0.6489909912697835,0.006210760332714053,0.02622627990121921
1563,-0.1630832919491465,-0.1491534526293741,0.45917654420961396,0.6490903110425713,0.006346796358010499,0.027793215329653707
1564,-0.18652814366428877,-0.19981897922848685,0.45927399226977816,0.6492336387155563,0.006388099202775307,0.03357896170738916
1565,-0.18780371392739198,-0.15690976180983263,0.45947914880220286,0.6494660412982006,0.005901232002923294,0.03162985054431457
1566,-0.1649543050400313,-0.12996889540769221,0.45961505536453323,0.6494775756269383,0.005974627199936663,0.026612005260685623
1567,-0.1400091871306834,-0.2034398268977085,0.4597349253083748,0.6496922288977893,0.005345789308841526,0.02998687409844705
1568,-0.12326088002290671,-0.21463311286601386,0.459845981392923,0.6498710816602549,0.005717778441597725,0.02710289170616083
1569,-0.18711179016076276,-0.16246648080921602,0.4599671332462246,0.6499236004770659,0.006065632508555608,0.02910063312571858
1570,-0.15482105725356707,-0.21134804344904487,0.46014717109550596,0.6500171342211479,0.008367047252527512,0.03043674540551054
1571,-0.14778521667235242,-0.16213821682791407,0.46021508026223007,0.650104847412837,0.005064747182387359,0.02648778506892157
1572,-0.16813334254738996,-0.1565697254580432,0.4604072733158516,0.6500691982638772,0.005984319755567202,0.03045492557131189
1573,-0.24525958717936908,-0.1637143759086295,0.46085333554660046,0.6501988896458589,0.0061550400768694774,0.02647834743142372
1574,-0.17843961633728075,-0.14723876975597633,0.4610183874198423,0.6501870461859834,0.006174933400442191,0.02692010215785711
1575,-0.18432948723928064,-0.1956048538313081,0.4613073752843573,0.6503666633672354,0.006406249031884485,0.03176525111855622
1576,-0.11734785284352635,-0.20473548586668042,0.4613766323455481,0.6504512311248238,0.0050462349194184955,0.029582781294209774
1577,-0.14370793122485748,-0.16250138728129168,0.46150569946233494,0.6505358393724072,0.007755589936046771,0.030778723416064878
1578,-0.21518887862861885,-0.19171660429887563,0.4618055546007466,0.650800168416952,0.005528548171777572,0.027168562366252525
1579,-0.16583528975444606,-0.163684001952087,0.46193747664220086,0.6509059965445528,0.006210780711171578,0.030330850987536965
1580,-0.1644575586478773,-0.17054341786674845,0.4620884851147331,0.6511972683116491,0.005916451377240967,0.027065590024101627
1581,-0.1513116776596578,-0.17714320775882653,0.4622899805941837,0.6511926358586215,0.005039522357576561,0.02720239662934577
1582,-0.17114371384672386,-0.15720636835315369,0.46250035984376003,0.6512756733139489,0.005261018804929569,0.026389657769034805
1583,-0.1652668954278866,-0.1397266743327689,0.46274162929939655,0.6513502443232687,0.0055084103782268535,0.03050198091570089
1584,-0.16702280104659464,-0.17806006356994733,0.4628768235283527,0.6514057257240451,0.006877067469534391,0.025218035906128058
1585,-0.135836579415807,-0.19364495715454028,0.4629501661123422,0.6516147514592454,0.006831873176203198,0.02793105996852525
1586,-0.15386294273686668,-0.17545440519858546,0.46316672834519634,0.6518855674335662,0.00561039738508151,0.028144530792991486
1587,-0.18684940572879746,-0.13571526242355567,0.46333895624287624,0.6519233116912596,0.008841128572747155,0.023836587118363492
1588,-0.1673174552685079,-0.2619835440211602,0.4634399046487043,0.652431945291863,0.006024075075047091,0.036262445041035755
1589,-0.16919943292386366,-0.22717819047999016,0.4636317665769182,0.6526964413875135,0.006008676429190545,0.03288564026992
1590,-0.15000262567734435,-0.2195373982069714,0.46375139600976584,0.6530527720363392,0.005934082574583177,0.032478499107749914
1591,-0.1609456042980162,-0.17560017524398475,0.46390487101157885,0.6531331293320058,0.006174055409031179,0.02978861433551964
1592,-0.20598778560573955,-0.16522074013361318,0.4641145919294337,0.6531867855250079,0.006435787184946516,0.03037240496883579
1593,-0.1589800548793899,-0.1688406500314866,0.4643230003715129,0.65324616293661,0.0050552839325974566,0.03167838000527489
1594,-0.19451631292283508,-0.17676854014354457,0.464521987677387,0.6532801798273018,0.008651896707708705,0.028960375224684993
1595,-0.14814270128240875,-0.206352586480863,0.46460794016308443,0.6534188527271796,0.005901737374472801,0.030736697529152382
1596,-0.14202469269306708,-0.2060262802476555,0.46473943215373187,0.6535920513070939,0.0040738555705901545,0.028379628511266432
1597,-0.17611267271733047,-0.16793636981220575,0.4648358755765856,0.6536347225845599,0.00629234604972544,0.03258137836559521
1598,-0.16107789543711737,-0.14856162388779362,0.464988896949593,0.653746101314391,0.00597386271485891,0.026790057510278097
1599,-0.1324983876857839,-0.14365125414639335,0.46509397624196386,0.6537953045293503,0.005245149353103599,0.03019710463274688
1600,-0.12118570960093641,-0.20936717777138392,0.4652227077121548,0.6539811300658124,0.005741578308497746,0.030307902337011392
1601,-0.16899852647281646,-0.19557617164338958,0.4653989462782275,0.6539470496707656,0.007213151491657826,0.030729768579023268
1602,-0.23053047601948906,-0.14095740926450934,0.4657830716018767,0.654034219945215,0.006287928921931634,0.028205200881959856
1603,-0.14542916208011028,-0.22826058714552955,0.46594892106994346,0.6545337496064666,0.004420364582915606,0.026656684474523688
1604,-0.15722342682543433,-0.2003369762154454,0.46611371657304207,0.654704392420742,0.005175556842479306,0.028808054612879427
1605,-0.13729703136134452,-0.1522931632614711,0.4662585269576758,0.6547622035091955,0.0069953940565738665,0.02803116997579218
1606,-0.18346803735349582,-0.20212613743605365,0.46635367012615697,0.6548746565317992,0.007765337177704129,0.02854025022917941
1607,-0.1522582612987021,-0.18654994102825656,0.46651588225801316,0.6549427798405236,0.0065317960364438855,0.03338719164153308
1608,-0.23515986055823043,-0.18963156025769445,0.4667659969903158,0.6551071499504177,0.006340525763402723,0.026082832006451225
1609,-0.1627653670831314,-0.16104473564361013,0.4668991771624764,0.6552736908346154,0.006993275493509929,0.026420541096967842
1610,-0.13941832503125556,-0.1796213503460818,0.46699488750029616,0.6556775940897014,0.006131587317707369,0.027216138800824567
1611,-0.20521602215107937,-0.1915714489945966,0.4671694056522337,0.6557560887915758,0.006774413968819005,0.031714414719232406
1612,-0.11544758329045396,-0.1095423491790566,0.4672510874739146,0.6557734758904823,0.00644249236322922,0.03102828684258995
1613,-0.1589075623027,-0.2014459028139186,0.46733632216059556,0.6558581788377027,0.006163669272664089,0.026494550706108334
1614,-0.13564910557694992,-0.18846938088454213,0.4674482017545112,0.6560044941610653,0.006821573304818638,0.028306383638059006
1615,-0.17969207246175137,-0.21198036382719965,0.4676477150176622,0.6561854049465972,0.0068434990808116025,0.029876362254332323
1616,-0.1520798148272627,-0.18519741459036335,0.46773990472013155,0.6563781046477475,0.0068273392503377574,0.02986333126268421
1617,-0.18100061550172797,-0.20041128340148842,0.4679482942999128,0.6565143014309955,0.0056302382421652575,0.026723784181937396
1618,-0.17586264474226246,-0.18873962712825476,0.4681721040699155,0.6567187179136587,0.007768073544078741,0.029451487890864332
1619,-0.13197553552467578,-0.19233777401846663,0.4682730865860616,0.6566840226011209,0.005704455721935798,0.03433070258337589
1620,-0.23604013062104195,-0.18008706754476012,0.4685601509221563,0.6569699857355367,0.007697680215902719,0.028378831028263326
1621,-0.15654113712529938,-0.18716565623473314,0.46865390378657473,0.657208496277938,0.00699963190253142,0.028517835637728944
1622,-0.11885054298643241,-0.18480378799694325,0.46875684838345044,0.6574659264029037,0.005509686550494605,0.027162203655249375
1623,-0.1487777033690091,-0.2705571973505017,0.46894589414365734,0.6577739972630728,0.004855232999897551,0.028047847579515558
1624,-0.13551351201159695,-0.18056426912972434,0.4690940664479065,0.657806955431383,0.0054483817477141375,0.03599604365449671
1625,-0.16200765634495648,-0.17761418058579126,0.4691953206784473,0.657878784909011,0.00777986752526392,0.02786499841051584
1626,-0.1898148199700624,-0.1482476443722665,0.4694118486388481,0.6579785276428926,0.007530552438046713,0.02713905062369899
1627,-0.1553056989774074,-0.15961083948316543,0.46951920706974537,0.658180965741928,0.005749454327864047,0.026958284129495285
1628,-0.2323844129047622,-0.17132271135621144,0.46972344397707066,0.6582035691118544,0.007718875276872347,0.03365756744889465
1629,-0.17256469401601834,-0.18080499295925853,0.4698418485707114,0.6582999194779343,0.005411181610843861,0.03051171862971506
1630,-0.21252320175834943,-0.23558761969900036,0.47009958846986427,0.6585174862212806,0.007668877103494801,0.03085710615232817
1631,-0.17102104561652645,-0.1757478531423788,0.4702915597637531,0.6586254673331253,0.006661417051348421,0.02840696910642671
1632,-0.17077582229153263,-0.17939863694065622,0.47050250921724684,0.6587061116898107,0.006089258954410806,0.03053497397850412
1633,-0.18088620390136415,-0.14814675007420297,0.4707004372582497,0.6586937766311742,0.00977904689904517,0.029042935021935817
1634,-0.20262631172945428,-0.18347261599201217,0.47098618476696796,0.6587973917640213,0.006908585858013633,0.026587620160958857
1635,-0.19467519745660658,-0.17369413888556323,0.47123526612933847,0.6588088544971793,0.007336532138169596,0.027777649498584467
1636,-0.1542350873149834,-0.16530677694579834,0.47138135778148843,0.658851737184682,0.005474377955821524,0.029902980678174335
1637,-0.15646041610563727,-0.16295965123744713,0.47148197174904183,0.6589097875806809,0.006589225905314116,0.02321266999305548
1638,-0.16748944793665835,-0.2048252582327227,0.47157755026229087,0.6589706507139804,0.0070380462912921415,0.031995993134252075
1639,-0.19607675643859623,-0.13667533801731094,0.47174895671158906,0.6589634946889726,0.008362939057602057,0.032338604887360914
1640,-0.18517203452064165,-0.1968747520343415,0.4718674580793259,0.6589947664540439,0.006840825200007797,0.03237322893113662
1641,-0.15992228504314562,-0.14588571449982157,0.47195650076122025,0.6590576963646492,0.006042087805033348,0.02801395644287621
1642,-0.2564725818882486,-0.146756765976941,0.4723588358701995,0.6590811205752202,0.005846573820018759,0.028000156818566067
1643,-0.1592288496322127,-0.22725668754642706,0.47242240479213826,0.6591349959071222,0.005711388655909599,0.030355563389871186
1644,-0.21890097586372234,-0.2050246871667079,0.4725958304491349,0.6591428425221231,0.008233285974059779,0.0330234796370035
1645,-0.15660587550378438,-0.14401196580528225,0.4727208039425898,0.65921478856835,0.006986900480969627,0.02758090032929849
1646,-0.1605851528317546,-0.14716134696182276,0.47292032734101885,0.6592513137852839,0.006872481983755563,0.025093421230706306
1647,-0.14940336451505415,-0.19434305207864758,0.4731043232137764,0.6593670100252995,0.0053867891002800615,0.031139841180047416
1648,-0.11322983364290368,-0.1655023708681038,0.47320690539328253,0.6594463274502244,0.005696122724237895,0.030520293403164592
1649,-0.1940339118746512,-0.22602520098553827,0.4734135063798049,0.6595744784544133,0.007005482012161863,0.030207147352340837
1650,-0.1574237818209105,-0.14208786320512018,0.47362977965978365,0.6596593284642033,0.006318502343889861,0.03038998499169543
1651,-0.15559272442065403,-0.18548430045485081,0.47373978358298935,0.6596969438775252,0.00650956781438292,0.028747228540045664
1652,-0.1957771842417793,-0.14826314818183403,0.47390619215234514,0.6597321631132032,0.008418636072560761,0.025136233996138593
1653,-0.1976209016118466,-0.2375418826971238,0.4741582202870685,0.660001204381803,0.004962653898086176,0.030511160624589022
1654,-0.12672921065326162,-0.19177336692028302,0.4742605840480268,0.6600724144239791,0.006041640239779503,0.02721014417121323
1655,-0.1448211559835652,-0.19336552031542756,0.47436090887891047,0.6601484952739238,0.006438794036941147,0.03261790498005508
1656,-0.1645133459621798,-0.1969560595055428,0.47442125553823206,0.6602017561409826,0.005818394871699549,0.032017093061381015
1657,-0.21275244765812415,-0.15472224990559222,0.4747245217594519,0.6602215798222352,0.005625802643080318,0.0311211453395597
1658,-0.15013704457169433,-0.15836143853419576,0.4749108147951885,0.6602550955013843,0.006065959363700232,0.027089158699183016
1659,-0.15972604517104783,-0.2180368897102893,0.4750402311762225,0.6602661916950464,0.00718236761390341,0.033886168879082364
1660,-0.16616876605566938,-0.14788638205967217,0.4751261771981081,0.6602744053138853,0.007268080561103054,0.026315516967606985
1661,-0.1315203497412184,-0.19203410903752055,0.47528902323521527,0.6604203001324889,0.004574717703619374,0.027934571543205163
1662,-0.1398983486126312,-0.18950141770026716,0.47538604176421767,0.6606266163230148,0.006283753464931404,0.028582928486517337
1663,-0.1358776120097298,-0.20483505891172984,0.47549740126321155,0.6609491541704108,0.008082369875788647,0.035687208159997666
1664,-0.14587635378887148,-0.14969597165049225,0.47559308327157296,0.6610109877222418,0.007382157867633939,0.028402207694235387
1665,-0.1772035971917952,-0.16536628020906155,0.4757872412936499,0.6611226408064542,0.007310414708719318,0.029132559777784103
1666,-0.16144693405882626,-0.1964193772867207,0.4759564132505661,0.6614603401880665,0.005651740725868304,0.03340043961871995
1667,-0.1649805406162492,-0.20167316069357416,0.47609308766977165,0.6615723330374492,0.006388176517637402,0.027041118630829114
1668,-0.16345644554907207,-0.17861130987943957,0.47618902888482445,0.6617065410208697,0.005681934346613033,0.03240420678931868
1669,-0.135932701544545,-0.17538696164683237,0.4762730232881195,0.6617562899849755,0.007230107221224382,0.029064933716219248
1670,-0.22737655518129943,-0.18444995456347987,0.4764649787482032,0.6619873573511484,0.007518118372215374,0.030937395473215848
1671,-0.1549753471307946,-0.16245651076528983,0.4766278607129675,0.6620465710802055,0.006196521357833413,0.032859076989517566
1672,-0.22769590590848796,-0.1619334436034265,0.47700525044260306,0.6620656213283151,0.008221634907435629,0.031112640095006087
1673,-0.1730579400357604,-0.18194574056853652,0.477169313580929,0.6621997274358823,0.0070698479064926455,0.0321252972628276
1674,-0.133021077336801,-0.22718100923419765,0.4772624550377707,0.6622710821312758,0.00628553358457668,0.03401393214058629
1675,-0.17900318782162078,-0.14135673624036202,0.47743241304633843,0.6623051893495494,0.008858155166513762,0.03193029443278378
1676,-0.24401578612522065,-0.1468751192032164,0.47768957787892763,0.6623968859705462,0.008622843304757783,0.029635226906628634
1677,-0.1471540859666655,-0.15811872495991244,0.4778038143552674,0.6624974149981934,0.0060650365004670135,0.02782789608074138
1678,-0.1794076358997522,-0.14648710626457512,0.4779584668528655,0.6625458916802812,0.006307444158185996,0.02711014305424141
1679,-0.16363631418080285,-0.16571461579861493,0.478160049246874,0.6626511708233576,0.005572891467050764,0.028827286153303704
1680,-0.21956846916704148,-0.19689933125691192,0.47858511289241246,0.6627911923130559,0.0066145450771912424,0.0245941066502399
1681,-0.11581270067553287,-0.16963973823836553,0.47867054006529675,0.6629619130327932,0.006774163782429569,0.027409396961215995
1682,-0.1450800450117842,-0.23667411659831453,0.4788196041289939,0.6633743076627581,0.006797736808484892,0.0322853684096729
1683,-0.20507940884869885,-0.180754943723038,0.4791339278816101,0.6635126697334911,0.005156480793073997,0.033348707681181436
1684,-0.15158358557824986,-0.1684259195895603,0.47925182414615486,0.6635193339265305,0.0056060567292874125,0.02683772999186028
1685,-0.14149282137704922,-0.12959844171207152,0.4793311743704117,0.6636126408946352,0.008229058300972508,0.0271946717666878
1686,-0.14013279519770336,-0.19518562796821423,0.4794550256352597,0.6637769386775554,0.006242542637874719,0.027490187710866816
1687,-0.23920152764133548,-0.2291433724629643,0.47978323994328786,0.6641425510149515,0.007855846884606133,0.029595983015033907
1688,-0.16234858542237066,-0.14229825264311324,0.4799098763360028,0.6641478656248735,0.008318610419268275,0.029160684578761177
1689,-0.16339439444678078,-0.17934427211786969,0.48008242540603224,0.6642127922596145,0.007529644097043066,0.029876096805920883
1690,-0.1461208326909595,-0.20053942945918948,0.480160684718471,0.6642890299921789,0.006820083711943867,0.030596228162517124
1691,-0.16911621487163309,-0.19217332082292754,0.480301194995361,0.6643772345067412,0.007171178112470809,0.033064100229970896
1692,-0.18371759419405748,-0.17951301595662003,0.4805544358232953,0.6644935573474335,0.005822325328007074,0.02936017016680053
1693,-0.18522178652083057,-0.17113743498524858,0.4806833892405183,0.6645648687041507,0.007119272534275759,0.0271773848398823
1694,-0.16760416539149894,-0.15539054405378663,0.4808293096719577,0.6645267343292242,0.007766971966677001,0.027605719332394085
1695,-0.14082452455613384,-0.19484894193444524,0.4809355119914518,0.6646923398043655,0.00621845742458048,0.028935550074721757
1696,-0.17558124674049613,-0.18893816228734692,0.48112776248095473,0.6648162454913698,0.00648214729287074,0.028135020692726886
1697,-0.15193600911412172,-0.18424597376791765,0.48120403695152786,0.664919477875839,0.005680185210613164,0.03531807825164418
1698,-0.18105241731935393,-0.14957493123476734,0.481414237495868,0.664976491324215,0.008623817904396543,0.031082983048177783
1699,-0.21601958310853528,-0.21420929405525915,0.4815868716578851,0.6649647558793325,0.008966038324413768,0.03011114957404301
1700,-0.15684139548863024,-0.21112953802612827,0.4816635354876681,0.6649502128095365,0.007374478353147397,0.034172638117309376
1701,-0.14866734161424058,-0.1510829474027794,0.4817890079253478,0.6649745225776676,0.005291352661047442,0.028644373010086953
1702,-0.16782377503844834,-0.19431533710951684,0.4819208295966066,0.6651045080360412,0.006356901096521533,0.02788420477648857
1703,-0.16686668939000304,-0.19721772166364718,0.48206060200777756,0.6652916586727766,0.007307171084595557,0.030373182791117132
1704,-0.1398304327115897,-0.17537509731813364,0.4821454098382028,0.6653586296457639,0.006728936387816923,0.028826642225305104
1705,-0.1800281540713285,-0.2243261297258075,0.4823095256485382,0.665503343999371,0.007957395187804115,0.03679650760491569
1706,-0.2089725489458612,-0.17995940055809706,0.4824178660292241,0.6655591568106135,0.008507764194597565,0.02625314390180142
1707,-0.14215325260054276,-0.18474062225525725,0.4825088837365028,0.6657245388774091,0.0062103953987964824,0.0301445852979629
1708,-0.17147542648274305,-0.26535837444830873,0.4826399374077349,0.6662286766156552,0.00869249325187876,0.029504733595702288
1709,-0.208075688485405,-0.21468496029524123,0.4828382531110348,0.6665562216706591,0.007335034015232947,0.030442027546923895
1710,-0.1692799344038574,-0.21334741249295056,0.48296689854352154,0.6667701635791544,0.010813968726464339,0.03248194844006354
1711,-0.18875434708749628,-0.18382051792987578,0.48313238421592875,0.6667921526934266,0.0082785787506386,0.029398527293047556
1712,-0.18196816060666055,-0.15712658852638386,0.4832189586190853,0.6668948354643486,0.006442088533392199,0.027597170840271686
1713,-0.16733151159807275,-0.13356672939590444,0.4833769044740185,0.666909992569607,0.006689884057629139,0.030389519505374402
1714,-0.19176308173940237,-0.17186718380872074,0.4835480887091977,0.6669730250249614,0.009540866292221188,0.028531869347224594
1715,-0.18476014128160556,-0.148613499952601,0.48365561719352856,0.667117035406875,0.009558039655666031,0.02432007037143899
1716,-0.16905124028776483,-0.15851904433750338,0.48379013194018683,0.6672757963208532,0.008120643701540494,0.02689479968834266
1717,-0.16819706356668992,-0.256753601014691,0.48396808681569375,0.6673417707966727,0.008146190741109845,0.03406409336731035
1718,-0.14769743798382456,-0.19804694293789457,0.4841035147371801,0.6675590671454721,0.006370810743552149,0.03212836027925102
1719,-0.1353242653541542,-0.20236951372472164,0.48418270738976504,0.6678705926206083,0.006784984930225654,0.028577483776185797
1720,-0.15423670595232858,-0.1640162039553266,0.4842921595362053,0.667871207045691,0.007904334888678824,0.02759470498567619
1721,-0.12891449219073794,-0.16101627301233265,0.4843657478034923,0.6678633750727814,0.007304533495399608,0.034380023509634546
1722,-0.1490109915599841,-0.19214012707467054,0.4845106768757638,0.6680022715519375,0.007084123577728524,0.030860780124000304
1723,-0.13147632713542498,-0.20527511760756403,0.4846329666416123,0.6683501798442908,0.008020175815688117,0.034145157424732765
1724,-0.18693864768804785,-0.166630346535698,0.4849069207040472,0.6684135323306509,0.0054939794799737564,0.032550718295359916
1725,-0.1777303724219181,-0.185147085653271,0.48508442166922144,0.6685757429724244,0.008025604943201158,0.02706273136004734
1726,-0.1810049240272592,-0.2011795805286718,0.4852994559252665,0.6686862363824481,0.006557239845688425,0.027510627090254144
1727,-0.15245738888817334,-0.2809926775668448,0.4853834410519041,0.6690908373607432,0.008251613509094098,0.03460594198931587
1728,-0.19321356258635297,-0.17707854830161857,0.48561756151987706,0.6692669940097742,0.0066163822464927816,0.03018337148626232
1729,-0.1274151316206262,-0.1870550254681594,0.48570387428750195,0.66933223312463,0.006219566820139997,0.030915654648942047
1730,-0.16667842963506588,-0.16419797595958432,0.4858281616334822,0.6693803407305723,0.009146988013756342,0.02860703151926971
1731,-0.1851331670435138,-0.18716258619719595,0.4860336791356792,0.6694327509776933,0.008143966251995148,0.029424504512319854
1732,-0.17080668121675577,-0.17531517357149048,0.4862107432408908,0.6695048642885022,0.007598587610496421,0.025851980633581476
1733,-0.16956824889408623,-0.16711995256453652,0.48631520483821056,0.6695135987062484,0.009875344338388601,0.032172025890263724
1734,-0.2690508691484162,-0.18302195190870066,0.486764443269106,0.6695818867240291,0.006929174643700379,0.024359253887048203
1735,-0.1590535914372025,-0.17991206097701384,0.48687539659973955,0.6696224601744513,0.007231070847252414,0.026341790292724862
1736,-0.22809537257820434,-0.17963258623807152,0.4871713497805729,0.6696801015435627,0.008550444157381388,0.026993747679472775
1737,-0.19829155447658472,-0.1688334070908863,0.48734403551913186,0.6698077881286072,0.009645199489189174,0.027468817769815662
1738,-0.1433592987628163,-0.202720357207541,0.4874277473874555,0.6699371003175455,0.0068417669861653135,0.026993132058190126
1739,-0.15104004555513795,-0.1730433515741739,0.48752237349595773,0.6700092538018596,0.008498857406162732,0.03424494388953642
1740,-0.1538695119112761,-0.15363513593337402,0.4876556894444493,0.66998991416266,0.0074307634913952,0.029800544695950233
1741,-0.21448038839701486,-0.2209859113458712,0.48791997402040643,0.6702794023883366,0.006095229227765658,0.03060677186058408
1742,-0.1466089191607118,-0.21640990174333175,0.48801638006289205,0.6705226757393842,0.007099401709716403,0.030240199622537576
1743,-0.17910559517290978,-0.19820918313002966,0.48825009099452016,0.6707378444741658,0.0064607336767035515,0.02688751904255392
1744,-0.14932567886101547,-0.20494568902296795,0.4883482591848449,0.6708613233442224,0.007100990720626615,0.031448906484343314
1745,-0.1446185010851702,-0.1556114636497535,0.4884016124845111,0.6708848066621607,0.006912624094732945,0.032330843454456276
1746,-0.12401649249269758,-0.20807614782680597,0.4885010198338654,0.671134259931337,0.006323803193867477,0.03520874044641503
1747,-0.18993959366646032,-0.12648915004744693,0.4886088637015545,0.6711892148063996,0.006525427002270927,0.02736086272791906
1748,-0.19573949195903328,-0.15103075890668924,0.48880131487759226,0.6713136599634335,0.0056184256145639655,0.026987094256257557
1749,-0.18705017697102994,-0.19920112356323955,0.48906721320804863,0.6714162185151558,0.007499331011484983,0.03248700867588289
1750,-0.17835715551429232,-0.1908705421621505,0.48922414713941825,0.6715523063733804,0.007360281351852976,0.029235940878973198
1751,-0.14571351972962218,-0.15292867781875463,0.48931023580823935,0.6716002884363967,0.007397822606981283,0.02579303730948707
1752,-0.14487640150710607,-0.14532889072455155,0.4894298710898074,0.6716891957061224,0.006373319767485534,0.025203110493198285
1753,-0.15058259017183134,-0.21205333950802158,0.4895417331119049,0.6718671713650384,0.007805835364390509,0.027064031625860643
1754,-0.13856110137499325,-0.15943210489319085,0.48966934625242114,0.6718190685689998,0.0073552798613200614,0.031866466383844425
1755,-0.159992755860044,-0.23031320000224503,0.48980935457106733,0.6719574212759942,0.00684097969510172,0.03169852492979209
1756,-0.13427624865743368,-0.19668889975034834,0.48988185298076836,0.6720913802041181,0.008385462698308782,0.030542648271154497
1757,-0.12842317502340023,-0.15776679012028763,0.49001157009506774,0.6721713099467722,0.006285747053858914,0.028418761850934473
1758,-0.1539295550064779,-0.2040376371238088,0.49012690098459205,0.6723377558421597,0.007370488925837078,0.029068830849951814
1759,-0.14765690202304102,-0.14789643594341462,0.4902411893140005,0.6723413240400343,0.006921813403731737,0.03255998890641271
1760,-0.16710920457827266,-0.18773785103269194,0.4904630533254379,0.6724146321460285,0.009374866515974497,0.033361377731700566
1761,-0.17876960697407313,-0.19355376738963542,0.49072621942065725,0.6725789003818617,0.006735484620832819,0.02772591437950156
1762,-0.1905280820716693,-0.16846124953793973,0.491001335546646,0.6726610727835988,0.007689027456336593,0.03413363306346745
1763,-0.20209249574052615,-0.13931490409056613,0.49121895188137205,0.6727235861823602,0.0073357247387990055,0.02946911864639033
1764,-0.1462170825967264,-0.156410928373431,0.49134294004137474,0.6728138208445454,0.008551061079716836,0.031384285073243305
1765,-0.11831301488005493,-0.19504349942391602,0.49140834460116517,0.6730368871904093,0.007685587193754085,0.03104566020839889
1766,-0.1742976518442394,-0.18122943228675834,0.4915175582528423,0.6731783623383039,0.008982524285485446,0.028299056767006874
1767,-0.14190547455432342,-0.21770638447118684,0.491590555100351,0.6738014611596721,0.007593129897980706,0.03525385871671922
1768,-0.12813562324699426,-0.2009217205755156,0.491649534576641,0.6738194202556129,0.006308059722303307,0.03310603220140255
1769,-0.18635341691778132,-0.19211465952797135,0.4918662260691233,0.6740526508895552,0.00667990416034396,0.030947117986868902
1770,-0.13112936341058065,-0.15713721962077426,0.49195438718683193,0.6740789806624088,0.006957097882525142,0.02653624648749292
1771,-0.1356282002916766,-0.1916118993254175,0.49208214105343717,0.6742582023180218,0.005372678295248937,0.03273609998792662
1772,-0.1906364125937765,-0.17766892808900858,0.4923184104760644,0.6742476457485124,0.008304161019719593,0.02589574051169768
1773,-0.1334181904941461,-0.1676376708587762,0.4924317293934606,0.6743382328720979,0.007787189002029565,0.028767750153264403
1774,-0.11602576822840746,-0.23915109200608503,0.4925333896516738,0.6747035651497675,0.0063045411798162716,0.03314646648807482
1775,-0.2360674939981343,-0.1722696787130355,0.49269590920619455,0.6748192682047354,0.006539606345384787,0.03137834152675146
1776,-0.1542711425711979,-0.14685427666267012,0.4928663660158287,0.674754717017921,0.007014322477801174,0.031157793485472516
1777,-0.2144051755575641,-0.18666269995534132,0.49305182968331623,0.6748181507137716,0.008720073839281849,0.02992969153913346
1778,-0.1918953696558094,-0.17662543473067255,0.49314908767617877,0.6749723233988916,0.008673523159714307,0.03194727277707108
1779,-0.1285725986094636,-0.16116880276129922,0.49321436302099725,0.6751161899205208,0.00718856785091046,0.029480856626516845
1780,-0.13045182760674306,-0.1858071799954272,0.49332922948326424,0.6753213206829661,0.005043864792647731,0.0331904799472641
1781,-0.14736126493962926,-0.1455691010989164,0.4934021814017224,0.6752929853948945,0.00641647957125346,0.0313824310046469
1782,-0.1765256779266215,-0.22429783069820491,0.49356120970537437,0.6755356207716615,0.008502947921797632,0.033753590452410324
1783,-0.19999046025394737,-0.19552395320628582,0.49377428429797987,0.675769013043463,0.007265052129672128,0.02836326541522157
1784,-0.15949843107888212,-0.14116487537546502,0.49395376169930894,0.6757603657048942,0.00711018250089468,0.03206742449643555
1785,-0.171657714976085,-0.14914502689809075,0.494205343458104,0.6757939005454814,0.004746019393411972,0.027555889006614275
1786,-0.1678788508725628,-0.1919655797856529,0.49428972165384116,0.6758851205661266,0.005363001117398073,0.03238411981179687
1787,-0.14107357603437648,-0.22195942427742726,0.4943647716476691,0.6759665507016966,0.007690518901608608,0.0272477787594291
1788,-0.1693070731458307,-0.13719878827389545,0.4945437164320389,0.6760270725787658,0.007332748710591686,0.02999975110550286
1789,-0.2052929193451394,-0.16198309680901005,0.49476323360205776,0.676096068032614,0.007024409860830152,0.03426200805152599
1790,-0.16340944871731813,-0.1782510332341151,0.49488528220428046,0.6761487957888827,0.008650868904944403,0.029488084536599832
1791,-0.184199339514689,-0.1842365021978632,0.4950850055615085,0.6763186954877101,0.007103346667876821,0.02859535133031909
1792,-0.18048274160479294,-0.21333167200360914,0.4952097576171952,0.6766189586559757,0.0089630740628021,0.02868449558532008
1793,-0.15079440289769847,-0.1746021889178562,0.4953400902504225,0.6766970311049192,0.00945458181936414,0.0351805608202259
1794,-0.12995749467480147,-0.1973930508081419,0.4954296992566055,0.676992092604212,0.007210152823484072,0.03294321771209875
1795,-0.21720919145778478,-0.1821525897150924,0.49578645904850055,0.6770367205126159,0.009106420164510359,0.03121207225319765
1796,-0.1616678959675264,-0.19129625357459157,0.49590320474950433,0.6771927708054942,0.006201519669861337,0.028653661947014894
1797,-0.14000282792084873,-0.16746777499969895,0.4959517515514111,0.6773322583866249,0.007487258276521719,0.03094279607667479
1798,-0.16315000897643972,-0.16689917170334662,0.4960484289031833,0.6773295995271821,0.006851339213747799,0.03158530503802402
1799,-0.1565025468360937,-0.1793405502490743,0.49623233087138036,0.6775434130702818,0.009490530789489296,0.02904621314550376
1800,-0.17404502502479535,-0.15095409272932758,0.4963287505208799,0.6775764008250795,0.006802255935910576,0.029084019035853233
1801,-0.16766068210636526,-0.12288731888610781,0.49644935345436003,0.6775793414246026,0.009102415715293828,0.027508884848022358
1802,-0.17758855306961607,-0.19367858041772051,0.49652889982985315,0.6777507858832346,0.008527268570194155,0.02833100354903373
1803,-0.13777379802119552,-0.16941494057865633,0.49665151946182107,0.6777563997826279,0.006864818140199323,0.031106426997281448
1804,-0.19527700304609658,-0.14970057812202694,0.4967781016751104,0.6777083024448731,0.008007832904255155,0.029094637098712038
1805,-0.2431294195738185,-0.13215181199747458,0.4970132301195173,0.677789323959588,0.008602555676479589,0.026515998711064054
1806,-0.12751222579255528,-0.13619892455008967,0.49708690624052965,0.6777924693489901,0.0075526623177573134,0.026694504415056438
1807,-0.17810383166391228,-0.1885978192979245,0.49731201582859685,0.6779243940957435,0.006738775668876668,0.028100428717171624
1808,-0.15624696519334905,-0.22686104521333636,0.49740810186566536,0.6780028289950922,0.006980827236221157,0.030021825282522646
1809,-0.14131876311287278,-0.15363000135295135,0.49757737446595424,0.6780704303162616,0.008491285619834385,0.029729485211345802
1810,-0.14242925560189304,-0.11718927078674758,0.49769555672993276,0.678040011256698,0.007178751136117993,0.027482512608348286
1811,-0.1930211606159585,-0.17173946038463567,0.4979446008452005,0.6781815288421127,0.007780247260880063,0.03056551452984452
1812,-0.14521394285441844,-0.19532612035225602,0.498021759249507,0.6782591805700205,0.007372296955839034,0.03191966714616721
1813,-0.14973676367723784,-0.16031329253352733,0.4982031113216603,0.6783555214821618,0.0085686096417905,0.0313780233371055
1814,-0.15288555126400272,-0.18319216911111577,0.49834614066324706,0.678391459113037,0.007988378681254836,0.03168045416884191
1815,-0.19667573276829012,-0.16525210552438613,0.49846771112942634,0.6784220548069089,0.00710365086104595,0.02620578517307463
1816,-0.24323486953868576,-0.15459062114483532,0.4988821100538089,0.6785420296628838,0.008125002072035066,0.030085219200535817
1817,-0.14837703423144377,-0.15503252277880608,0.49898555852552823,0.6786783501466082,0.005699209789645081,0.03244461945488517
1818,-0.14340258161860617,-0.1754573698742285,0.4990703917937432,0.6789257669660131,0.007394753322856284,0.025659910991266185
1819,-0.1344851105890653,-0.17471446508281763,0.49915595335965085,0.6790046064234538,0.00907735907075429,0.02703859571776375
1820,-0.15512756690592064,-0.2130116338376456,0.4992565913411125,0.6792483054246347,0.007313521314559241,0.025593266536450335
1821,-0.17393018648927144,-0.2062803272719203,0.499483835091469,0.6794802227216827,0.006296618328980897,0.027167185430641262
1822,-0.12287611724686648,-0.21806068604327164,0.49955370505170804,0.6797271111814065,0.006956802374995216,0.033207612332329266
1823,-0.15994796783345347,-0.21286784425903096,0.49968393054797805,0.6798678043186162,0.009230669617359572,0.03491819926950699
1824,-0.15021955015794594,-0.19750498880523015,0.4998552654228109,0.6799624403535091,0.006838954347618595,0.027385446951220124
1825,-0.18093299867004636,-0.1919246672660157,0.49991454692656334,0.6799053813791355,0.00800369743765577,0.030216360282725053
1826,-0.1337190332913822,-0.14649906786283326,0.49999100617503667,0.6800022511515972,0.009872728298597092,0.02906310557012385
1827,-0.15440332121493766,-0.1844941566179559,0.5000625308914813,0.6801154373244954,0.00819765108753191,0.028940956392890724
1828,-0.18896665095125026,-0.14488198522897716,0.5001987514335021,0.6801554191506809,0.006704145441279291,0.026726829793920617
1829,-0.12772595677188953,-0.19818367700706283,0.5002836482800742,0.6802466792332144,0.007832865481382597,0.03043194015846485
1830,-0.11373141593859266,-0.1387093275281134,0.5003435900613983,0.6804410920082178,0.007338368961156621,0.02799500825449581
1831,-0.2355132148952295,-0.19249382959820366,0.5008369120350404,0.6806534366644929,0.00891041600989574,0.027783031056547954
1832,-0.15437407605263212,-0.24647627995479598,0.5009179553121178,0.6808354602898959,0.006034943749221471,0.031073199456932526
1833,-0.26771213401857585,-0.17045118774193055,0.5013531448509093,0.680959358048748,0.011230280309319326,0.03103220896089414
1834,-0.14374621441746643,-0.1817310841304204,0.5014887141162917,0.6811056629893286,0.006302356615242307,0.02919010819329585
1835,-0.19527979670984882,-0.1530227577588035,0.5016137583503425,0.6811605685099613,0.008767150221080624,0.02784646524858288
1836,-0.13697789405088148,-0.1682102955449558,0.5017019735981044,0.6811772983182437,0.007395269912501232,0.02939983245325287
1837,-0.14464962359149153,-0.17339954622338916,0.5018222786853136,0.6812949860463279,0.007240233633305327,0.03285969525711873
1838,-0.1875549368807781,-0.15918043828160178,0.5019469194907511,0.6813792614217209,0.007585692256487997,0.02974252905976102
1839,-0.14198495996264965,-0.21761870903025055,0.5020211657307002,0.6816028167377143,0.0068099429196512564,0.028333394958733195
1840,-0.21188671388059127,-0.15950080168288713,0.5022176086797033,0.6816546504115178,0.008370332815502163,0.029285704262443008
1841,-0.13527705646099492,-0.22967699099403194,0.5023213278864282,0.6819816464697063,0.008550971017436324,0.028369898331658455
1842,-0.15258089203139158,-0.17289580206705674,0.5024108800747925,0.6821484670571855,0.008596251834146277,0.033964270447071225
1843,-0.1680397288485655,-0.23375366323855645,0.5026086795016547,0.6824887515062484,0.006812283628724443,0.030007760718325043
1844,-0.14615880429202616,-0.2456642692064267,0.502762545367647,0.6826612133544333,0.007744848757650662,0.02967259116184285
1845,-0.13417968203448918,-0.14788720955758164,0.5028730506672537,0.6826789517505407,0.007430087748098454,0.029867385637843538
1846,-0.1496978814383883,-0.22455219055082154,0.5029310609403709,0.6829168865404874,0.008124282752113379,0.03286086397498704
1847,-0.15102928411379352,-0.1736185547499295,0.5029908272377976,0.6829930229625952,0.009038705416331968,0.025274825259889458
1848,-0.15956341355328046,-0.17726542934815173,0.5031414866198342,0.6830884322885035,0.006893415398773902,0.026159388003896042
1849,-0.19035875490046203,-0.19422506811884754,0.5032824436050771,0.6831400641895539,0.010324505969516888,0.0326524406263564
1850,-0.13571805494750938,-0.1944338736842728,0.5033593527867704,0.6831734504320338,0.008034307375066187,0.02825205062454982
1851,-0.12695574039402216,-0.19858918230039857,0.5034662275318934,0.6832084988814843,0.007656912488048137,0.03218558714672175
1852,-0.15126335521295997,-0.14366747311383482,0.5035309872509356,0.6832610724944939,0.007006528666746138,0.02725155710520759
1853,-0.15733918355087861,-0.16611269618846147,0.5037540601618717,0.6833508166021091,0.00896950943294495,0.028341917279746182
1854,-0.14538429062429303,-0.19367061723157403,0.5038571008946985,0.683413199782802,0.007135490047375671,0.032327816210259194
1855,-0.18782649466684367,-0.1869763053537811,0.5040610345351463,0.68356999635884,0.008214271890090398,0.031255179524213424
1856,-0.2370894018824286,-0.15638296956411812,0.5044089767933942,0.683561814719199,0.008229514692443643,0.030814872193542855
1857,-0.1485002925174404,-0.1941269244727286,0.5044987299631669,0.683607077769836,0.007530164377311285,0.02953603346071913
1858,-0.21748422772987652,-0.22017922516962754,0.5048052030906596,0.6839158260037566,0.00818179582290355,0.026498291715617326
1859,-0.20105265474540318,-0.1712416891422462,0.5049686378704556,0.6839693352750537,0.007733791544387219,0.03098148471662399
1860,-0.1538950359779903,-0.17069949146277077,0.5050920435077845,0.6840166265702977,0.008478269524285445,0.02937238822412335
1861,-0.20586608744248708,-0.1751018996959585,0.5053850912968055,0.6840118684104144,0.005702467381448489,0.027215609902834503
1862,-0.16096685260989832,-0.14381804830631392,0.50547756532654,0.6840338695912621,0.007236710058632443,0.02610719989786657
1863,-0.17024599572007484,-0.19895215507467903,0.5055772015775837,0.6841038908109837,0.007640349369317959,0.031181047213468288
1864,-0.1430146403027144,-0.21460968854302398,0.5057209815599363,0.6843203884593176,0.008011394556484232,0.030708745198509343
1865,-0.1674247922351803,-0.19564577318663565,0.5058186072537786,0.6845489535249152,0.007767222201341453,0.028642797807701417
1866,-0.14559482967565934,-0.1978763544305033,0.5059352107078404,0.6845013134860005,0.0071830876015069,0.028243901485269035
1867,-0.1624953488370144,-0.2311429503106126,0.5060299836010196,0.6847213237521292,0.010421432596267748,0.03240131577562365
1868,-0.15804520827089777,-0.2075416305063805,0.5061133636299164,0.6849859726865707,0.008710495484729616,0.03129726045215725
1869,-0.16933607869928677,-0.1660002302559589,0.5062372268807094,0.6851353579779036,0.00909926903265118,0.034208517371863804
1870,-0.1845352098354185,-0.2183915893857613,0.5063617557027751,0.6852553496170378,0.00605481632655062,0.030940823621394224
1871,-0.15665629153086968,-0.15343552947785788,0.5064251291929283,0.6853411570557513,0.007040674031674744,0.02724133241334544
1872,-0.19907360147994171,-0.17621105651024221,0.5065889172636954,0.6853219349225015,0.008219166101140598,0.028418227962084732
1873,-0.1712209113001543,-0.20438197339061887,0.5067718053552012,0.6854182416443476,0.007655525141741078,0.03422333481092168
1874,-0.14873765466685157,-0.25404582051320035,0.5068793709407581,0.6856072017733331,0.0072196734530725086,0.030800776873220262
1875,-0.2139876169675315,-0.1653453106772409,0.5072824816571445,0.6857191764121003,0.007842349263349924,0.025544461592298454
1876,-0.19194238600535798,-0.17305564741068793,0.5075508662415477,0.6857769001618479,0.008016754660893724,0.028659052256288363
1877,-0.17459709506867593,-0.1511686418631911,0.5076918469159412,0.6858278480259291,0.0064787514541607945,0.028424612566299502
1878,-0.16558600396110584,-0.16674152231585326,0.507826249131955,0.6859736665505368,0.006051000129726717,0.026127484452151222
1879,-0.15621308333644507,-0.204514525108515,0.5080042453352811,0.6862636358468599,0.008943347303665155,0.03149150315752938
1880,-0.15231694816463243,-0.1802849851466945,0.5080907195192781,0.6863294596649128,0.005788271757339031,0.03043881339900342
1881,-0.1614581517798131,-0.18976210322018733,0.5082841951863076,0.6864221195305622,0.00831872013117096,0.026060054707431467
1882,-0.14153203122494026,-0.1677141562042075,0.5083641888327978,0.6865217928820534,0.007826358587871842,0.029827714851228638
1883,-0.12915366758031796,-0.1710864408338297,0.5084402407118995,0.686497160655051,0.006444334523274528,0.03165992501995062
1884,-0.17408559265022316,-0.17051997499182836,0.508552022226815,0.6866609325263575,0.008996791912886385,0.026927170885098578
1885,-0.20417430974096354,-0.1765735067493032,0.5087431467990265,0.6867548331866861,0.008630853557142859,0.02939841047069062
1886,-0.16799623441434822,-0.18290840824521576,0.5088558744507184,0.6867708287849292,0.008843092355520945,0.030831829585229502
1887,-0.17613198443743253,-0.19294742062406714,0.5089804695968407,0.6868256873238573,0.010348340591971135,0.02993691402774412
1888,-0.18645508491881976,-0.18673355980682865,0.5091752012295918,0.6868631319088544,0.00820723975077578,0.032176712580491436
1889,-0.24293124923323153,-0.17790251242085525,0.509428546876883,0.6869782899253897,0.010813849237753213,0.02459289981666383
1890,-0.17187986092454602,-0.23672335841291664,0.5094972531624605,0.6871199678486708,0.005980419334477095,0.03010135157909376
1891,-0.16440018820900923,-0.1981419884438475,0.5096249043756872,0.6872834913429304,0.007546294228862702,0.03310534663352897
1892,-0.159696279368251,-0.147478868431098,0.5097710196165948,0.6873025987238581,0.00727963434923749,0.023892097998247836
1893,-0.18109542208996168,-0.21674128729500586,0.5098716104986619,0.6875268199892601,0.009079338179394325,0.02887149770086632
1894,-0.17187733943520433,-0.18777010544769673,0.5099566827155343,0.6875476494059508,0.008336765416373104,0.030890087922621892
1895,-0.1579643182822677,-0.15240807062145373,0.5101506308738242,0.6875842678288072,0.007564196991864196,0.031127539713516346
1896,-0.18437800890938272,-0.13200643888884636,0.5103076307147334,0.6875332760158932,0.00958814961201369,0.028793313253386705
1897,-0.19258759861911828,-0.17360969163747716,0.5104673229835054,0.6876477686344262,0.009665079903545414,0.024175931233566168
1898,-0.13973330275825838,-0.22253970988241478,0.5105665622401071,0.6878804336402858,0.00757521145681462,0.033313183605364255
1899,-0.15218066858320442,-0.19737157816779263,0.5106854484589127,0.6878910815381316,0.009798181988953911,0.030955137063893058
1900,-0.1976639352475803,-0.1866593841767875,0.5109183169773961,0.6878752735588516,0.008535517878320768,0.02891956685724293
1901,-0.16085634633353202,-0.1785403215663713,0.5110825167623075,0.6880558317907082,0.007415775474107774,0.03502772249179439
1902,-0.1430687495386564,-0.1488646454448863,0.511170173799899,0.6881399588054302,0.008542813888866341,0.02911372968343573
1903,-0.2013415833344311,-0.16094757037508145,0.5113070603549109,0.6882239942917635,0.008455537860861874,0.0299818139613753
1904,-0.15972890482944127,-0.1843220766512331,0.5114869241457296,0.6884235095566308,0.007873247685081582,0.0314136166256927
1905,-0.15120013053776846,-0.18097214564439082,0.5116096462631895,0.6884014047046689,0.007227519818262274,0.02803680022538401
1906,-0.17608136615133743,-0.19791750654193851,0.511785225611039,0.6885136472380954,0.006238293410786433,0.029380084310211475
1907,-0.12774065856133632,-0.18552639270110735,0.5118701112778185,0.6887228657012469,0.007339769666212828,0.029086735637191122
1908,-0.1744508004083224,-0.150294945621968,0.5120901619473811,0.6888894335450053,0.006633660896596087,0.026276509222006906
1909,-0.19896819596195825,-0.2477023870358732,0.5123368299514369,0.6892397609443899,0.007650312068259772,0.03210022562784407
1910,-0.1497321529514999,-0.21317438759687551,0.512429731257775,0.6894213838390025,0.007401961393821585,0.031108040771323408
1911,-0.1436590075813138,-0.15684755190613672,0.5125163491348707,0.6895079152350966,0.008855496244172667,0.029559681511355664
1912,-0.16946549314967518,-0.18979124631052996,0.5126042642123451,0.6897564333618958,0.008072715371960274,0.027783424006001794
1913,-0.22945191912646282,-0.1660114704426753,0.5128189465100765,0.6898058027643218,0.007881657591956491,0.03321477031761119
1914,-0.15718472859018082,-0.1664688058175472,0.5128973942104819,0.6898858420262314,0.00875069032949501,0.029992181953228177
1915,-0.1330495518998365,-0.24239714416332753,0.513003487850515,0.6901090675335642,0.006139546428875365,0.0312362632141203
1916,-0.14774611116785497,-0.15406423706340025,0.5131334104020422,0.6900549060174079,0.008769093314800212,0.03182607686884721
1917,-0.22590343659429643,-0.17431666894183656,0.5133813403239803,0.6900815183274015,0.008501344532588872,0.03129800362436553
1918,-0.17521319047794542,-0.14196331740370693,0.5134885690265376,0.6900882692403595,0.008329203746631991,0.025562546358176636
1919,-0.17141756571280042,-0.1869034713925205,0.5136793714165324,0.6901660514531031,0.007477492405655268,0.02843547211617772
1920,-0.17783624251409105,-0.19277539215630446,0.5138712664142424,0.6903320631476441,0.009992768382902507,0.03443585237052689
1921,-0.16907374664696118,-0.1554740269814004,0.514158677003883,0.6904926393740956,0.007171228299817762,0.02467133974526613
1922,-0.1598193454743962,-0.21648795648891722,0.514279287757799,0.6906949418066137,0.007979446132793033,0.03449331750348338
1923,-0.14512643072942272,-0.19261800269498117,0.5144641281847666,0.690806931971733,0.006678892784694111,0.027343832937631096
1924,-0.15828577268097385,-0.21469503292508008,0.5145794363215125,0.6910089324984335,0.0059469823591430165,0.028022942963265678
1925,-0.17832465274325243,-0.12009867863616298,0.514760611396988,0.6909987605232474,0.007805899068265581,0.028750200394065246
1926,-0.15726347089650067,-0.17007116096103578,0.5148691478173512,0.6909833304218774,0.0068097279210493225,0.02469056852895312
1927,-0.16449958392418654,-0.1511630061826329,0.5150306400589898,0.6910776788020452,0.008869146217728064,0.028486613348437204
1928,-0.1716238792057216,-0.18873727254891784,0.5151536976154444,0.6911920695432406,0.007167809219262213,0.030978325672275518
1929,-0.16675001181967775,-0.2687346310035705,0.5153331449156281,0.6913593897328824,0.008609130707218192,0.032322448199921104
1930,-0.1436019374569849,-0.19132809056913705,0.5153831013222333,0.691433240401194,0.00794708330670481,0.029973065680730996
1931,-0.18950606264852765,-0.13214663095809454,0.5155656091966642,0.6915198152036506,0.00872959367880832,0.02852632661368829
1932,-0.2071731078818269,-0.17716477841004463,0.5157606467397128,0.6914939407052835,0.00825459113208248,0.02915961789604738
1933,-0.18068054221588273,-0.12905199202038817,0.5158589674992354,0.6914713945526479,0.007004958034415949,0.030856055658450825
1934,-0.14499504246726758,-0.1927141905385778,0.5160367523287186,0.6915540920986034,0.006844299730298309,0.029731831281291327
1935,-0.13526512902416268,-0.18517861423502321,0.5161168799732139,0.6916650702325479,0.007511760109545321,0.02976893000859713
1936,-0.18864144496350627,-0.15738421424304835,0.5161929641500391,0.6916597215245774,0.007886545334051495,0.0335203701727711
1937,-0.15422675728540253,-0.20193945232150853,0.516320820797487,0.6917115165403039,0.007267326838488586,0.03175053824525368
1938,-0.18597537779872084,-0.22736181441784586,0.5164941241700429,0.6918666912154644,0.007288508425525516,0.028256174944694557
1939,-0.17019591676220672,-0.19799908339728428,0.5166175308072452,0.6919542743690156,0.009469144221518962,0.03419672684866502
1940,-0.1972145600972318,-0.2276603575796687,0.5168936562525859,0.6919973918922739,0.008826870254067658,0.039098144324473394
1941,-0.20330001535915432,-0.15727798464827714,0.5170923071007275,0.691967760736283,0.008276109820249157,0.033624600959537336
1942,-0.1578067832297125,-0.1444430440795016,0.5172114375040109,0.6919468761737105,0.00820430332353563,0.029780502890252792
1943,-0.15848662009395248,-0.2042988483819807,0.5173349297787236,0.6921603763991436,0.007651671837555533,0.0315413955247315
1944,-0.1604109246716694,-0.1581162170765321,0.5174457237261064,0.6921520402310792,0.007291529328821679,0.02579713456912329
1945,-0.18178864586791227,-0.18573836369208602,0.517622889939154,0.6922076205593729,0.010936262059413764,0.031926155195527495
1946,-0.19171651411224572,-0.16135370130671498,0.5179178275093653,0.6923648221039786,0.009119948997076154,0.027924060517165568
1947,-0.1876815105011413,-0.21213035973150304,0.5180393117325088,0.69248358368677,0.008381975945847442,0.02851659277854029
1948,-0.17580791106082505,-0.15536201797594817,0.5182948008064014,0.6925281021922328,0.006953478185012517,0.02854572150260361
1949,-0.17316915263698532,-0.21118273110822486,0.5184327424639628,0.6927843866373881,0.009669704924001592,0.024768558339359526
1950,-0.18633400299815703,-0.16867272392783264,0.5186785292306764,0.6927985734644688,0.008697667002115711,0.029109679472871176
1951,-0.18091372644542547,-0.14488270093934053,0.5188379395655204,0.6927911967246301,0.008559108804876727,0.03064919109349953
1952,-0.21944850839201757,-0.1410373383912808,0.5191501964156264,0.6929335456375811,0.008931938155717394,0.028978542317485097
1953,-0.18108203100532616,-0.2065980040660146,0.5192424331184051,0.6928564336307014,0.007843585766695268,0.03378644149826113
1954,-0.23049432485325472,-0.17478849556049905,0.5195667645964204,0.6928711901718779,0.012099527523966855,0.028295688205212197
1955,-0.23595136882157255,-0.16784624906287207,0.5197871672413326,0.6928552157700906,0.012134461606855341,0.03173148519783036
1956,-0.27040699250039907,-0.19311198580308622,0.5202863341595908,0.6930303481296282,0.006315686990184027,0.028244387801464314
1957,-0.19905697621731672,-0.17701389570849307,0.5205429800179147,0.6931119429315731,0.009322106032939557,0.03265649752009864
1958,-0.20205198935604454,-0.14967603102536278,0.5207475394188126,0.693149396460517,0.011282385521117867,0.030952424761218057
1959,-0.1700635982241505,-0.17779212024782612,0.5208865203324474,0.6932771380784072,0.006892583458252361,0.030822396822598522
1960,-0.1708708569261666,-0.1709644109111762,0.5210423503106303,0.6933042483482466,0.009891362550991696,0.026640505565377608
1961,-0.18258675442287736,-0.1906111998798076,0.521146534861546,0.6933532106708671,0.00808933433380683,0.03650965632367632
1962,-0.1605834529882873,-0.15823218628466962,0.5212360875561216,0.6934651789585502,0.010755166762434671,0.03127862764530924
1963,-0.29407928304252723,-0.15186434101781562,0.5216878917448222,0.6934923481401468,0.01099825947286572,0.0278257176456448
1964,-0.13275677119741777,-0.1686073528048585,0.5218036189131836,0.6934920392848929,0.0071641087690435465,0.03381019371760321
1965,-0.1550119002546907,-0.17684738837754974,0.5218953049134725,0.6935613112923249,0.009350809237160973,0.030755371945017054
1966,-0.20679897290000787,-0.16557833878509196,0.5220170217482593,0.6935821461179761,0.010606034872701661,0.028283674500672207
1967,-0.19702275070293104,-0.1864312394715662,0.5221741527431922,0.6936482574112235,0.007867882051751927,0.03633933778072858
1968,-0.15638699122364547,-0.1687133953379122,0.5223323032983153,0.6937881377064905,0.007730473887340541,0.025054617490827706
1969,-0.23086629049644825,-0.13484403868698572,0.5226166272704856,0.6937805449910085,0.010461789661018406,0.03033785038632495
1970,-0.1597522321439072,-0.19731656900836328,0.5227448130424326,0.6938837630524956,0.007385680929032145,0.02951586500323434
1971,-0.12597195623731802,-0.17323727020936747,0.5228382167965795,0.6939065320504282,0.009122886395112599,0.03337307246304683
1972,-0.14964804498433637,-0.20506945642591465,0.5229491853961319,0.6940133353349482,0.007717455238145155,0.030284130677824674
1973,-0.1449119688042121,-0.1812833367731126,0.5230800411728769,0.694131763090143,0.008418662381880174,0.0241949155757352
1974,-0.13679579366190658,-0.2698708170106569,0.5232086921760262,0.694376660023286,0.008546877467320808,0.031284583319247765
1975,-0.21417739933820162,-0.1701520654539483,0.523390272906986,0.6944554510715405,0.010475904950747688,0.030748400259710804
1976,-0.14802956140903606,-0.15878580148642216,0.523478553277444,0.6945019089287915,0.00817562325631727,0.031736482110275674
1977,-0.1554855928283978,-0.17700740416152058,0.523545840661017,0.6945802758958693,0.007475404937082496,0.02850627913178741
1978,-0.1822527517960526,-0.2262794168865067,0.5236926940076534,0.6949876424614629,0.008827538680116676,0.025322477449842735
1979,-0.13294476176390702,-0.18811761909384245,0.5238010015594513,0.6951462402279723,0.0061870336400519045,0.027498124625569057
1980,-0.15693041260403945,-0.16018864723733683,0.5238566463492025,0.6952350639033094,0.008730218079627922,0.02667058061152436
1981,-0.20768139516943673,-0.13820640139669943,0.5240593537097344,0.6952207991485364,0.01016051893977227,0.03092277239287122
1982,-0.147293186097107,-0.1778111051876168,0.5241396924238438,0.6952440891216037,0.009239536408314637,0.025498418790762204
1983,-0.1665391713391623,-0.2243294203106668,0.5242287569335764,0.6953632403583373,0.007155278234985596,0.026684101768527726
1984,-0.12642349786826254,-0.2269522660954606,0.5243048373014085,0.6954925813648293,0.009175340944317417,0.03263006982439825
1985,-0.14147158664017098,-0.1527950224358296,0.5243739819066299,0.6955692407532496,0.01025752923232847,0.024055815265404602
1986,-0.15996204426428187,-0.2250584578965438,0.524478264851559,0.6958449638704622,0.008731520995587178,0.033085555383255534
1987,-0.17017389438536923,-0.13926254731226068,0.524559674313966,0.6959307918764195,0.00965233970607417,0.02870881405976992
1988,-0.15799520732607758,-0.14754533357962715,0.5246482965092444,0.6959083652804022,0.008817262456943612,0.03178342292049514
1989,-0.16712384670287037,-0.2056350354053323,0.5247513813886737,0.6959896580773082,0.008143957913417911,0.03156887944911621
1990,-0.11381350157434701,-0.17178762460388478,0.5247984760656168,0.6960408528341818,0.009699198702132544,0.029523549761459697
1991,-0.1270794184529088,-0.18232063333992124,0.5248610421697502,0.6960546466604985,0.008599799612289133,0.02672052664956283
1992,-0.13347469952631577,-0.1591848025118988,0.5249591123322059,0.6961547633026677,0.008551039065992314,0.02820698706845687
1993,-0.12684210704768148,-0.23033981021604352,0.5250923153010257,0.6963627013405177,0.0073857875068474715,0.034508038090069394
1994,-0.23269987669767214,-0.17573193326989256,0.5254138099522657,0.6964479653804981,0.011784719237087815,0.03288162994136104
1995,-0.16785436853275815,-0.1676970712029966,0.525511630484227,0.6964466197912346,0.008360373998631392,0.03205592071556542
1996,-0.17511606669323895,-0.18380206040562377,0.5256765911660712,0.6964292394919698,0.011838025601934041,0.030646501048922966
1997,-0.14762326947539822,-0.19776325227578753,0.5257258288359652,0.6964355246015992,0.007761842557708486,0.0343158988489243
1998,-0.15876222890758163,-0.165217819481584,0.5259026557981725,0.6964164338306975,0.007618395030387259,0.02829403963408481
1999,-0.1696813367783668,-0.1604427599752478,0.5260954331938441,0.6964525188807348,0.011602205296113978,0.028327127143440337
2000,-0.16173984865476287,-0.16273533469976967,0.5262489013540411,0.6964982244686095,0.007928925621095857,0.032959762078275286
2001,-0.15377564955861842,-0.1516202693479928,0.5263888727505819,0.6965566869398001,0.0076522738863015445,0.026960915079379387
2002,-0.1696485057710933,-0.15851642563654844,0.5265367766848568,0.6966456086455445,0.009030077250454644,0.02926574956657803
2003,-0.15808444246138942,-0.1833876478875097,0.5266408518518584,0.6967454758184429,0.008063991397348208,0.028988387694022302
2004,-0.17040631711099427,-0.18558346193611286,0.5268004267396641,0.6968530999410066,0.008753674407248235,0.029180144789790443
2005,-0.14553761666832285,-0.1684903023647175,0.526865153109147,0.6969258721373472,0.007682533732173128,0.030240224442990814
2006,-0.1778807903495595,-0.20371713774098615,0.5269843446529643,0.6970109489827087,0.009675976868113945,0.032369860582935686
2007,-0.22666810761400874,-0.18564374949256407,0.5270618576688488,0.6970913296658191,0.009702821770437279,0.03254282889014001
2008,-0.15382294443579161,-0.25993442688659174,0.527192195402317,0.6974134293739703,0.008766879530954057,0.03093049572451497
2009,-0.16336139365888366,-0.17965785970959328,0.5272972502847977,0.6974330252518649,0.010108684544049512,0.03228794261963061
2010,-0.18658214118896463,-0.2435436734989927,0.5274482817905284,0.6976804263011627,0.010201447029475586,0.03224091568404957
2011,-0.15684747111748382,-0.18029490405489615,0.5274972651450335,0.6977777282888671,0.008051010534188304,0.027181057537608463
2012,-0.16002328082635756,-0.15058361556471686,0.5275749381716662,0.6977589344608319,0.01073648154989871,0.031062052222829584
2013,-0.1821671839527944,-0.15625347295060413,0.5276474826421363,0.6979493158691109,0.011234631965889402,0.02808313812404805
2014,-0.1707206599642754,-0.18528977260846463,0.527803701438891,0.6979406381865537,0.010837924083110136,0.030705653148993886
2015,-0.16082751870358195,-0.16985766040162725,0.5279257244914153,0.6978773262458307,0.01008645682067773,0.030108278429565902
2016,-0.1531450712573964,-0.16216394150435298,0.5280088675186183,0.6978404729526345,0.010107586081862626,0.03538611417287065
2017,-0.13083817788733199,-0.14686260993836947,0.5281321764398073,0.6978524590448502,0.00959838871789574,0.027276360447622217
2018,-0.13876296921344783,-0.15588709803130057,0.528215569049713,0.6979297996422571,0.008905698061762432,0.028662376403034914
2019,-0.17289625869277994,-0.16578487288175744,0.5283504545888433,0.698005696598196,0.007959821569139287,0.03103007559475209
2020,-0.19160482818728192,-0.18624309616067974,0.5284948604365907,0.6980344365653304,0.009028694106662767,0.03286536582830015
2021,-0.16655163478285157,-0.1956260025263789,0.5287084600833185,0.697989081298061,0.00793488736992018,0.037535102700087954
2022,-0.1436020003305681,-0.17729925832438323,0.5288211722389377,0.6980584341130619,0.008616604067056046,0.03003685465683046
2023,-0.15197890869469524,-0.16427794963900147,0.5289937057432934,0.6980015625043346,0.009295441201937751,0.028170438178279335
2024,-0.16731446166318767,-0.22277329523544723,0.5291507146505913,0.6981472519015136,0.010602836540826189,0.02882721961635079
2025,-0.19592928929328665,-0.15458844339009317,0.5294712601494593,0.6981440576688044,0.007427800976275321,0.02674113997986224
2026,-0.14483043200325033,-0.14280504944664413,0.5295614970146724,0.698151547361452,0.007841005371713726,0.025996357721546275
2027,-0.21019993855601718,-0.1826891004346591,0.5297543372679603,0.6981917700925122,0.009755444176836627,0.02623835017911455
2028,-0.1721350534923727,-0.20037076370257012,0.5298926069323608,0.6982993775056462,0.010515431346947773,0.033687491471392356
2029,-0.19951846669462633,-0.17095411927783885,0.5299696447016693,0.6983791742705859,0.009388472686868033,0.03652323697915826
2030,-0.19356993012450346,-0.17220766281471306,0.5301353627671647,0.6983874585342941,0.007040690911343309,0.028243596172178406
2031,-0.18076157995845762,-0.2088811196031645,0.5302482595762419,0.6985235236166942,0.00896504784827358,0.029260840292916777
2032,-0.1924151930864525,-0.16728611310827077,0.5303240155008376,0.6984935616903137,0.010668579123376725,0.031046145862487568
2033,-0.17593516619289898,-0.18501400970782345,0.5304030534466536,0.6985811802478755,0.011676239749646147,0.029100973871641404
2034,-0.1386684181619478,-0.15485503234277542,0.5304617376255369,0.6986566467684964,0.008407813671378862,0.03311108274468472
2035,-0.19231769661348455,-0.22174487465194517,0.5306769231268893,0.6987547751158854,0.007151775082691119,0.035712585753087236
2036,-0.13571954007181228,-0.18124416761054116,0.5307850581437246,0.6987776347223958,0.007420729848239349,0.030002840407164538
2037,-0.17916639464163667,-0.19022287775876567,0.5309425849636814,0.698957177269664,0.008638027127991648,0.024651056776469078
2038,-0.14494299534268357,-0.2105559422009794,0.5310342853443555,0.6989759531634318,0.009909517171399956,0.03318346113518217
2039,-0.12701738671362575,-0.17904642875840654,0.5311438317686548,0.6989028090753338,0.00870954377561145,0.03231364445009416
2040,-0.1770614814100463,-0.14385146868719606,0.5312921631682701,0.6988208702093129,0.010421933193718896,0.030645821982129156
2041,-0.17804571562380966,-0.17834539333744184,0.5313741820735578,0.6988652084625788,0.008401057405230616,0.028949455442966926
2042,-0.1635464923817828,-0.20486673673820416,0.5315111506559823,0.6990067471642106,0.009441212411294059,0.03228524102726507
2043,-0.19902044161572144,-0.15203049492917192,0.5316928522866603,0.6989790054206817,0.009921696531945967,0.035019337389994146
2044,-0.18198869037517443,-0.1922056151423181,0.5317975555160487,0.6990153865763931,0.009643737100498562,0.030810173750976572
2045,-0.11223722013847391,-0.163294531707439,0.5318633295573584,0.6990499248088691,0.006742591649575685,0.030058025734636687
2046,-0.13286113008086295,-0.22394056230212334,0.5319347532157432,0.6995708628316417,0.007431438561325747,0.02630831995017859
2047,-0.21269979342220716,-0.15684963468999347,0.532101543896728,0.6995762945881034,0.010193020680645565,0.028669771290603885
2048,-0.16386179831702533,-0.1938312267154662,0.5322775174009587,0.699576410730003,0.0076926143436616586,0.03204914971275616
2049,-0.1643597184566426,-0.17814921105446846,0.5324031294980873,0.6996472297723351,0.009674807052642098,0.028385412190602033
2050,-0.20505190163852963,-0.17590849614958953,0.5327068476225182,0.6996562701127386,0.007225519229844747,0.027284215871732354
2051,-0.1552764317431834,-0.14512683805683305,0.5327704584028413,0.6996210033540543,0.008135836631797394,0.03318766231989303
2052,-0.18361927930188354,-0.15969318105273192,0.5329195776191539,0.6995823219079427,0.009341023765764114,0.027445609769825532
2053,-0.15747482258235462,-0.20181130204118558,0.5330135499960786,0.6996091136628695,0.008857809061424951,0.03031226315509964
2054,-0.19805257241705426,-0.1583892345075173,0.5333186948956888,0.6995923247069371,0.009843077186165153,0.029774512950150208
2055,-0.1525950695869193,-0.22259124462253663,0.5334005318534836,0.699725344097811,0.010155222399915538,0.03054511130832833
2056,-0.19836504092458562,-0.1515149265733223,0.5336417924208665,0.6997441959403344,0.012722204292203061,0.031166233669831907
2057,-0.2302780872848946,-0.13258374011244003,0.5339399354706802,0.6996887517696325,0.010147502645175601,0.028239116118626735
2058,-0.18490661923724339,-0.16095418036637282,0.5341887107675355,0.6996692371775652,0.008569381247722004,0.03173511655249647
2059,-0.14558536675578632,-0.2011495602049877,0.5343073346638133,0.6999004107278841,0.008891713547105707,0.033168752980268924
2060,-0.15719866168192523,-0.17795743027182,0.5344181804489401,0.7000286546522164,0.009941481104139687,0.02729026714519775
2061,-0.19866393866703805,-0.1720336876670922,0.5346623192634351,0.7002089090472214,0.00731759219295125,0.03171754795078661
2062,-0.12913882591886694,-0.1405545186189745,0.5347463997991702,0.7001636477784917,0.01024490132233638,0.03542363488435402
2063,-0.14675179977045075,-0.2272016884884668,0.5348202595686903,0.7004283315034624,0.007739899770276698,0.03076316204069042
2064,-0.182344362343397,-0.1861477595836758,0.5349615739368524,0.7004596576053365,0.00965157903482915,0.03335764415740972
2065,-0.21715738475018492,-0.16743950989016745,0.5352484228174252,0.7004717027930791,0.010415681004658268,0.027864391630998856
2066,-0.15001314818177347,-0.1616929359237617,0.5353551589086611,0.7004226767865914,0.00972424855345651,0.03465000937392661
2067,-0.1485273649730593,-0.14588132998677758,0.535407265847769,0.7004341955510288,0.010740738039702408,0.029522388558452312
2068,-0.18643345178874973,-0.16000948388207373,0.5355573705647252,0.7004785565024861,0.010066031705674675,0.0275818131959961
2069,-0.12813897502015742,-0.1643601701206178,0.5356497716982956,0.7004512966126608,0.009233487544992112,0.03351422968499147
2070,-0.17078985387210252,-0.1579348578467385,0.5358958323554841,0.7004159821402066,0.011467361956421689,0.03413553664018644
2071,-0.20348189614693085,-0.18116456131456748,0.5360606039365932,0.7005272019420643,0.007442683944277347,0.03078624024726276
2072,-0.15857907943724575,-0.17974680942880877,0.5361246066462618,0.7006505847264861,0.008582468978347853,0.030283440970216714
2073,-0.15600820506829163,-0.11513322756103465,0.5361898859116944,0.7006323007012403,0.008126444879395489,0.026476689425605007
2074,-0.17517021603624822,-0.14568125324092288,0.5364391971514704,0.7005886543395359,0.009121509147196985,0.03248722957054945
2075,-0.18911043189306714,-0.15333321816588089,0.5366496809751896,0.7006299351499933,0.010433218156624152,0.02802678307594548
2076,-0.18906474565541112,-0.1788134965203636,0.5368744204567352,0.700712969639749,0.009205094251469285,0.027885727894097333
2077,-0.22160588249357613,-0.22116233556702,0.5370583239045065,0.7009170512247134,0.010845369418082638,0.02984983737172849
2078,-0.13101329073394616,-0.17413238902729497,0.537150784547215,0.7009947683937023,0.008730252196232377,0.026879094263641427
2079,-0.17670240064236822,-0.16481792376768217,0.5373640860736288,0.7011066364985061,0.009412135825576165,0.03082137334394784
2080,-0.18550342396411562,-0.13344446383732822,0.5375557134487645,0.7011252931043379,0.008953856149545521,0.03352830546115837
2081,-0.15093361322753732,-0.21406366485980996,0.537674741705849,0.7011980430463095,0.009834570686067056,0.03385940344085729
2082,-0.20378665329870216,-0.15867641184777728,0.5378643132365574,0.7013258728323417,0.010984354482043606,0.024019752667558313
2083,-0.16006002350503842,-0.18191115076230205,0.5379755389182861,0.7013487283722283,0.008787588823113271,0.0344321290089063
2084,-0.18059217407785577,-0.20737564701482825,0.5382154190642786,0.7014106839765033,0.010392194549600022,0.029692268143776877
2085,-0.15712458216002914,-0.15301681673514103,0.538308879417519,0.7014496745611274,0.008902288857656334,0.03211328873020778
2086,-0.16026654574313462,-0.17158471603510206,0.5383981081425397,0.7015338220073001,0.011200507194699845,0.032047403077724815
2087,-0.15037703030205676,-0.19829035602909129,0.5384631898910979,0.7017416707646541,0.009318346618166662,0.030695488487074093
2088,-0.16633862437018201,-0.13813921533775322,0.5386207777783444,0.7017684486458173,0.0073785407035961625,0.02984741118577314
2089,-0.1602050196837627,-0.24605115616243103,0.538672222081417,0.7019773302611674,0.012113632050152725,0.032694536952689285
2090,-0.21140165386924029,-0.2295886664486324,0.5388331889520803,0.7020106505787662,0.011036819611083498,0.033326655389032026
2091,-0.1593583794359719,-0.17932351510751737,0.5389407847738652,0.7020600341484401,0.011101626503587923,0.030162678085163274
2092,-0.13753085707662444,-0.23305885037136218,0.5390290174811703,0.7022570060003469,0.00889688787091701,0.028200453940812283
2093,-0.16137740995622832,-0.18631887530426058,0.539182313000064,0.7023610405988717,0.008609702888692608,0.02807729682366957
2094,-0.1579106309410653,-0.19315025617697,0.5393278529001003,0.7023330479300004,0.009263058565038161,0.03048388031785275
2095,-0.1618297997414376,-0.16766138634080888,0.539427980468895,0.7022993907156074,0.008254787157373246,0.029444492747292016
2096,-0.16660854784795337,-0.1498271542674791,0.5395516395354797,0.7023477935974963,0.012274476516310431,0.028293344565023273
2097,-0.14923244553569845,-0.19058703435892269,0.539711616966092,0.7024289811932329,0.009299407760975766,0.025138738685181895
2098,-0.1830045324460889,-0.2260667788785918,0.5398098613747089,0.7026243744376464,0.011605610257504739,0.036682046854050375
2099,-0.19132204950215376,-0.16975043205089826,0.5400551109247786,0.702587615086773,0.012800591610058837,0.0336549740617302
2100,-0.15622008460983453,-0.16775651001953962,0.5402295578584507,0.7026243069544094,0.007813284491869224,0.03220739183259053
2101,-0.13813060539515717,-0.27527082827357957,0.5403241179653969,0.7029486596113936,0.009972869359010617,0.03701707575066985
2102,-0.1277608299405781,-0.2173756137173206,0.5403618984350246,0.7028389219407531,0.0072581793030214534,0.033000182791036684
2103,-0.23216061714776745,-0.2023248638941349,0.5404779309124206,0.7029474126044659,0.011311216718850308,0.03498606049935713
2104,-0.18393596508103832,-0.15286974038602902,0.5405759281209693,0.7029562557023151,0.01006241535163031,0.029448418879458257
2105,-0.14927884859264415,-0.22630607775496223,0.5406915473866709,0.7031186258547358,0.010707417275379874,0.02786931034388235
2106,-0.18697877440756508,-0.1638633875942308,0.5409121984582681,0.7031774434857073,0.011725592765780682,0.028922736958442066
2107,-0.16471671503591587,-0.1871983830791072,0.5410872237763422,0.7033198203247665,0.010141525931340392,0.03168503943851178
2108,-0.19547603014984224,-0.18080018638588166,0.5413268230800882,0.7032829810650952,0.009379783071351419,0.03275989774247197
2109,-0.13214191727823524,-0.1782276880235534,0.5414208128191389,0.70323967763261,0.008656838389122824,0.029927043322296364
2110,-0.15398887340066433,-0.16462445713510002,0.5414672579079032,0.7032376720487883,0.010026334168822707,0.03127194034556331
2111,-0.13125581282877313,-0.2268004471699973,0.5415322341722301,0.7033391822055676,0.00928435023999229,0.03627815363434119
2112,-0.15437923221354544,-0.16842732968433283,0.5416015846855781,0.7033687870910352,0.010544768380462444,0.03541547619340367
2113,-0.16320091520683733,-0.16576698725320277,0.541777189894113,0.7034221689043966,0.008134422102555189,0.024987308995881644
2114,-0.15857344767575718,-0.19142885750491984,0.5418875193958351,0.7035896429688091,0.008582620343848265,0.031175784742462485
2115,-0.22795591348550312,-0.1454648245126868,0.5422282097108168,0.7035793377167826,0.00913637180529304,0.029989943973589898
2116,-0.2068105106553465,-0.20096121491094618,0.5424882117187106,0.7038877125842925,0.008903616905380175,0.03306598339759228
2117,-0.16790064359923645,-0.19426396239473318,0.5426232821620537,0.7039907836916214,0.011422964692332447,0.03359558599201041
2118,-0.20521396270289693,-0.18128822167969377,0.5428274835742013,0.7040569717163712,0.009926911724696234,0.027848859481512854
2119,-0.161431915420934,-0.17851116340533021,0.5429122409291922,0.7041977189344704,0.009298509459536973,0.03007056941159055
2120,-0.16045722224406458,-0.1807511070884264,0.5430030728778925,0.7042636765255194,0.009974026851083196,0.026418923949234445
2121,-0.14444927725691392,-0.1697388121175338,0.5432113491335793,0.7044041193713653,0.009057868148395933,0.02670826536456635
2122,-0.1745829102355223,-0.17164147024825224,0.5432938764747501,0.7042965233126078,0.007811903726538296,0.025827831608335232
2123,-0.13525533504402437,-0.1630027176281241,0.5433884573205274,0.704349332782451,0.00780855478262846,0.029938720377120986
2124,-0.14792389445599782,-0.1932505752761623,0.5434703014838889,0.704474522339862,0.011005689356743474,0.030814714015096327
2125,-0.15958162927482406,-0.13843839376024325,0.5435931735174893,0.7044187013722178,0.011236480004612399,0.026204786158058165
2126,-0.20574518702257472,-0.1505573852818103,0.5437993213208749,0.704363999488882,0.01025903077148744,0.026916527924980175
2127,-0.1282608961417898,-0.16691123482537992,0.5438769731310602,0.7043324117499019,0.010657473116783422,0.03017335300524874
2128,-0.11499762926500298,-0.19930090085902485,0.5439299456233844,0.7044748373932114,0.010133829020486885,0.03096352859281647
2129,-0.17110168451158148,-0.19577173800001305,0.5440174167446974,0.7044623003313136,0.009739731207477006,0.028269967332306165
2130,-0.1697738367346189,-0.16503856378014103,0.5441615722186806,0.7045107260921435,0.00928990146732533,0.027207509335500632
2131,-0.1292900913347674,-0.1954346595860132,0.5442347038025507,0.7045641460853677,0.013160972452057858,0.03527962371958782
2132,-0.14105770586174507,-0.22802854581351364,0.5442868534114937,0.7049738149791218,0.010537931779725757,0.03208176294287062
2133,-0.1914320557515427,-0.17706856637017387,0.5444177024121436,0.7049354683783143,0.012045270727556626,0.031979216181069366
2134,-0.1916364477031193,-0.19756442859806694,0.5446270104749706,0.705086487391921,0.01342022904273053,0.028204053179521415
2135,-0.15157562597595864,-0.1550586380803736,0.5447477597401934,0.7051171110644204,0.008483014272749506,0.03271749683024016
2136,-0.1727133292293624,-0.1862837393453662,0.5447841206490364,0.7053132738757745,0.010403209954250838,0.03413075890444587
2137,-0.16015736185805673,-0.17632682312965334,0.5448490264914401,0.7052821499068447,0.010823144541606659,0.034547869593864196
2138,-0.1334533232245406,-0.16815195982264627,0.5449221983325613,0.7053139836895652,0.010653174842230424,0.02566508265575573
2139,-0.1877593412282792,-0.19883183381324926,0.5450877374690242,0.7054822017695712,0.008922015732328155,0.028239062233145058
2140,-0.22911325144088893,-0.18859929833211084,0.5453483225042013,0.7056178891287413,0.010071338573422746,0.03135888523189007
2141,-0.22249590440579084,-0.17164908111125052,0.545546360754516,0.7057094047759512,0.010182585403202571,0.029881923207306788
2142,-0.1775944565447129,-0.15883023965294532,0.545792475123237,0.7057134839904551,0.009022552659657249,0.03264460351752141
2143,-0.15915332347745517,-0.12893081927926178,0.5459057559297484,0.7057513525703317,0.010326384342185324,0.030584188498025505
2144,-0.19352626333619602,-0.23263764277174295,0.546083450606577,0.7059254292841869,0.00819252984881759,0.03333039733434677
2145,-0.1534431879557165,-0.19630629787183781,0.5462196010230543,0.7061631654965022,0.008582674319843473,0.03035427551574039
2146,-0.18730171578304103,-0.21234169117732377,0.5463948292831918,0.7062047153697805,0.010748703534321249,0.028937182855198095
2147,-0.1848141695563255,-0.1853738864316424,0.5466182940280595,0.7060730264204984,0.010074515257028134,0.035984797777731475
2148,-0.12442936849421656,-0.1770435182729247,0.546673372314073,0.7061727009449387,0.009950889249003014,0.03142042232952685
2149,-0.14768426525984063,-0.15867454281981527,0.5467403192800495,0.7061466532435656,0.008092149374153522,0.03438599247005115
2150,-0.11662604339659476,-0.18421198481471862,0.5467956362577455,0.7063434457917376,0.009458256429712882,0.027771896136592113
2151,-0.14939003736165293,-0.12754924843564439,0.546936295152745,0.7063055119234779,0.009562119554429668,0.028732548328740292
2152,-0.18042271772184493,-0.14745400255425145,0.5471169221916803,0.7063195563407365,0.011122689571430415,0.03004029345337284
2153,-0.13562026903591645,-0.23988499893496867,0.5471949061774218,0.7065372000452147,0.010855044950234347,0.03134132643377807
2154,-0.1411574258016418,-0.18964500437803675,0.5472406182321373,0.7065140510997078,0.010077221239050436,0.03278332979295047
2155,-0.16481604450805606,-0.15238613853199037,0.547403856520752,0.7066478998911551,0.008423528250656096,0.029404641419835807
2156,-0.1416311836465244,-0.14222244662064334,0.547556664450443,0.7066201904530919,0.010220045547853576,0.029305972870879212
2157,-0.16090948396012575,-0.22949319933197854,0.5477629132051631,0.7069002858584604,0.010130811689998506,0.03258378781545616
2158,-0.1655966239088168,-0.15302355832597783,0.5479470344654362,0.7069447228370745,0.009930525211868702,0.032284229207645385
2159,-0.21061281936567258,-0.1506511345010477,0.5480744381736651,0.706928870101602,0.010220538141532851,0.031918158150408125
2160,-0.15689528850948126,-0.2140351907278802,0.5482814531015598,0.7070534033053127,0.009467100720992794,0.03276851080920968
2161,-0.1950429336405708,-0.1928639319859447,0.5483864427691403,0.707142237914709,0.010901968283370969,0.03101164104140116
2162,-0.17458648173804198,-0.31109157205150634,0.5485193321692765,0.7072000181968783,0.011442658135537078,0.03537566004202104
2163,-0.16270641258014892,-0.18475717015707616,0.5486816225545539,0.7072893248642881,0.01130981796496493,0.03060983819767892
2164,-0.19165931280736842,-0.1406753469572996,0.5488857000319421,0.707338610145808,0.009219778874278384,0.029016434447105676
2165,-0.20873062626335703,-0.22477417018574158,0.5490702698182648,0.7073505924293239,0.00993897043901739,0.030162835045875875
2166,-0.1587207823179291,-0.1611724010079956,0.5491646187259269,0.7073305521292981,0.010194314423684287,0.02942300513110133
2167,-0.13369359750575796,-0.1709094348118598,0.5492590109553613,0.7073367920502627,0.009016040935030008,0.02905303021186016
2168,-0.13870248347129546,-0.15461988426532292,0.549332457129852,0.7073937391636803,0.00898087111695011,0.03309938431903126
2169,-0.17549519849272824,-0.1675019596312929,0.5495058482916118,0.7073234517981701,0.0075571087199898645,0.028873384940115432
2170,-0.12236443297130983,-0.2650571138217326,0.5495637381817579,0.7075549184929559,0.008940985699462264,0.030941977298560776
2171,-0.182903860152354,-0.22478549653931035,0.5496921953980773,0.7078161539028022,0.010981634698867251,0.029300790537849397
2172,-0.18321834785868105,-0.14447583576824338,0.5497521008449802,0.7078396414712416,0.01084845223194546,0.030689185094928743
2173,-0.15539275314309883,-0.20469726484043724,0.5498524831954782,0.7080260057923132,0.010062597935360901,0.02987003692765914
2174,-0.1921386866485745,-0.16841934985816218,0.550061200806309,0.7080212361267046,0.008935638059426586,0.029250253618867208
2175,-0.16245634871030903,-0.21526870778249776,0.5501196334264528,0.7081654907197894,0.012032331764599013,0.03082404150364326
2176,-0.16642380095496243,-0.19194960857663904,0.5502550127717214,0.7083062779844502,0.012306853440377257,0.0312048501156765
2177,-0.1540194004458331,-0.2030817623106894,0.5504300753260039,0.7083044341322317,0.00852485903924631,0.03129415814264131
2178,-0.19190836201222983,-0.17586831074784198,0.5506060528874468,0.7083662986719786,0.009941406512477036,0.030598593016889247
2179,-0.156905631953357,-0.15147581721823158,0.5507633911747537,0.7083790975887776,0.009260283713600374,0.029309621372030793
2180,-0.15741550285620515,-0.20402909908845626,0.5509336114208757,0.7083575091346827,0.012181539679534207,0.03381188442315188
2181,-0.20331747451770388,-0.15865048446194982,0.551058121044471,0.7084123873057707,0.013804244557991093,0.02835930479744737
2182,-0.1710880842055509,-0.17112549427784704,0.5512849321335747,0.7085304670664663,0.01025471565452031,0.035430089560590995
2183,-0.13573784348347254,-0.17332093523897615,0.5513390032217343,0.7085742606461948,0.008610626778531636,0.03470587836710997
2184,-0.19608332031609366,-0.16475393952669537,0.5515535153852681,0.7087126954216318,0.009056076117678854,0.02944294740077176
2185,-0.14703763679152784,-0.1544207044270105,0.5516886890024845,0.7086968672936591,0.009709488568239688,0.028010433908391676
2186,-0.19754727492403346,-0.15927996395613198,0.5519023798233093,0.7087798798966041,0.010696617589428753,0.02750669998183172
2187,-0.17503881100527918,-0.1891090133086856,0.5521210968436147,0.7088029644055329,0.010512067750276246,0.034791400794730525
2188,-0.16389915874189326,-0.16461259664740152,0.5522975656691821,0.7089516068607681,0.008771927448901502,0.03105120877343019
2189,-0.15487963328111665,-0.1392439820858868,0.5524395138618847,0.7089127119993431,0.008455068040953416,0.031053973163756972
2190,-0.11776053142989928,-0.15649858862960644,0.552517462663918,0.7088663695263686,0.010353401570509834,0.028026518933756576
2191,-0.18397769781689602,-0.19008326516037694,0.552734607606468,0.7089134904297856,0.009717365296398427,0.02505726717599077
2192,-0.1525171416308175,-0.19381669997755635,0.5528536393714542,0.7090402391777728,0.011732552545809165,0.030846393361891954
2193,-0.18303804379852368,-0.19918960624444504,0.553014308931157,0.7090342773009541,0.01103223465557124,0.029708687932223494
2194,-0.1773985339434439,-0.23012722535786603,0.5531345151964959,0.7092704053478366,0.0091596363141547,0.029504961959182674
2195,-0.19049938958792473,-0.15617880209931773,0.5532441315361873,0.7092316834549529,0.0099035629964394,0.03141520015893403
2196,-0.17559854681178252,-0.2060185925301657,0.5533632412048376,0.709366122268801,0.010221553882031569,0.03189368047559712
2197,-0.1452082386737362,-0.21342612398266145,0.5534271790705518,0.7094670307041339,0.012174158533959069,0.027666348897963055
2198,-0.1406788325522938,-0.21638393411224896,0.5535034170319452,0.7096429848095146,0.010219822336710649,0.03131504356733038
2199,-0.17711978420702515,-0.19640954980692232,0.5536395983480764,0.7097534412104872,0.009661927876326366,0.03146192361829841
2200,-0.24333561164760442,-0.22793415273011353,0.5540385797003724,0.7098687217156006,0.011898335714604764,0.03545138897336446
2201,-0.15197299641689768,-0.1373555185696374,0.5541230295705775,0.7098726209681967,0.011206169841565068,0.02864239961111805
2202,-0.13656795458918686,-0.16515939374734234,0.5541832176470022,0.7099364981404269,0.009591122390420028,0.030325195518504006
2203,-0.16506336807165892,-0.19053226216723695,0.5542969651752588,0.7099764433505816,0.009806161770847414,0.03333463864876326
2204,-0.19539194308766628,-0.15686954833984953,0.5544844310867246,0.7101183265633579,0.010746098462137817,0.026531192047510727
2205,-0.1580291675002563,-0.1813112795036228,0.5546038999375849,0.7102601150153401,0.010559947848427205,0.03121221802571212
2206,-0.16944690229063142,-0.19219144542181915,0.5547098541604327,0.7102826315036979,0.011409124933317702,0.032962160745324036
2207,-0.13196425072415477,-0.16587644831867965,0.5548152887009935,0.7102416352017069,0.01108328289690201,0.02665864777965107
2208,-0.15051930939105837,-0.20095084979888028,0.5548944310494004,0.7104158904827146,0.009711640341917323,0.03183544397896023
2209,-0.14870898163449794,-0.22016036425438132,0.5549302577284915,0.7106247540049253,0.009279874374603776,0.029334312471848954
2210,-0.17549804242412695,-0.1809998858268912,0.5549785086294475,0.7108536525128207,0.013897031807601778,0.028472680455063463
2211,-0.155670732617283,-0.19298108082449114,0.5551455457802885,0.7109440798214476,0.008954920383494464,0.031237838432827195
2212,-0.15701180313520655,-0.22436277861899082,0.5553075399827552,0.7112362441324014,0.009673216972586272,0.02759698429863934
2213,-0.16062101360595474,-0.177957647015321,0.555473234483545,0.7111871181004107,0.012205797070154158,0.03099864986004539
2214,-0.19324535274479482,-0.15635600215531903,0.5556950991758716,0.7111347162017561,0.0112110731779896,0.028363719969102096
2215,-0.1822141617751624,-0.17845041401515838,0.5557896507524757,0.7112460800304435,0.009865450554667192,0.029398017143752744
2216,-0.19479488806511655,-0.18039453447378476,0.5559636921004821,0.7112361644788862,0.010901414819452617,0.030606898459918118
2217,-0.16736502786229762,-0.179953880070253,0.5560732807549396,0.711166026337923,0.009454320083962905,0.030599109735447376
2218,-0.11758660787311302,-0.16493827342042577,0.5561470536934955,0.7111821539726317,0.009472501278121163,0.029754688313258962
2219,-0.1327189561058476,-0.16100913057814026,0.5562432095041946,0.7111454727805905,0.010623666063179297,0.029747668589901938
2220,-0.1723636096053783,-0.16993053392196433,0.5563648960138703,0.7111368188292339,0.012826100758304136,0.030667675299841757
2221,-0.17461785049422096,-0.18554960003518126,0.5564482844958099,0.7111399311540306,0.010053751959734267,0.0328859724394636
2222,-0.15193039923423396,-0.15628758504059975,0.5566018216639285,0.71116108841435,0.011523866032234428,0.032356581611919386
2223,-0.17477675306693702,-0.15351978785962242,0.556729251410002,0.7112260581366866,0.010155083898936058,0.031591225796994145
2224,-0.19388340435350418,-0.1486523529279604,0.5569386712856301,0.7112323297561938,0.011156606818068156,0.024283987430076797
2225,-0.1643290187891783,-0.15670538448738922,0.5570663768555717,0.711297153578498,0.009857244817735613,0.03168908158785924
2226,-0.17015078858828406,-0.2529545870700284,0.5571163109017464,0.7115528511486406,0.010298011144294524,0.03506403856056898
2227,-0.23848842087297834,-0.14571210709577856,0.557448544040563,0.7115481562481939,0.00823568813486669,0.027760875409092334
2228,-0.15707815240050793,-0.14767402916915234,0.5575508056795737,0.7115586285194274,0.01028534243823029,0.02999781517547678
2229,-0.15873881311269974,-0.21397075367275406,0.557792151589281,0.7116217581161509,0.01020914984427246,0.03419835223037441
2230,-0.18368922241640664,-0.23603908796467027,0.5579216250912074,0.7118032870832385,0.010646468302750152,0.03246095959469353
2231,-0.19270347160495369,-0.17388091935334105,0.5582562575774358,0.7118568933447544,0.009291325706856953,0.024349135732118547
2232,-0.14551907200858058,-0.18458561319760236,0.5584212503689188,0.7120228601313644,0.012520081617136289,0.024335878340078457
2233,-0.1578329263449347,-0.18876583052613063,0.5585129490685945,0.7121258153556479,0.010630176122223086,0.031565902567267275
2234,-0.1662266335997408,-0.15325577626138523,0.5586731787313495,0.71206238932961,0.009726708007567432,0.03320641560093388
2235,-0.17264475981896663,-0.1785761411377753,0.5587843263044731,0.7122054197306604,0.009615571465129032,0.03008250436977
2236,-0.16459810295418595,-0.20011650161070801,0.5588484460767306,0.7123568607309766,0.011930778090142808,0.02958024130189228
2237,-0.16619637959946423,-0.2120633388598599,0.558979787220145,0.7127057785171712,0.010136583027851379,0.02869961864761485
2238,-0.13266919014313783,-0.1517060317198707,0.5590943749047972,0.7126937193247993,0.010292990408521583,0.030982010442335273
2239,-0.1750344128748341,-0.14017318411357588,0.559306890620441,0.7126516127348662,0.011840349958281213,0.025010876663381205
2240,-0.16665466284423486,-0.15653780872627732,0.5593717629655998,0.7126646333485053,0.010085129137214375,0.034706358332250616
2241,-0.190432784198119,-0.18414054761989784,0.5594898429293796,0.7125991952889077,0.010899857239763479,0.02988003817803285
2242,-0.13579159488591072,-0.1728669567353688,0.5595747880529167,0.7126108049642518,0.009603673716031286,0.028325299619656238
2243,-0.1576290027209035,-0.1507245019967064,0.5597177121467424,0.7125936045809921,0.010409596406341126,0.037767511413132664
2244,-0.19510179722716736,-0.19607520302456014,0.5599793407615709,0.7126314750707043,0.010861677307360113,0.029909763981505882
2245,-0.2131685494769136,-0.1732476442926224,0.5603000263538919,0.7127270341495882,0.012305684099964713,0.031472377990932006
2246,-0.16980404323935738,-0.22040486848902985,0.5604214897789914,0.7128427716314542,0.009362717118344221,0.029456444659519992
2247,-0.20676411341047254,-0.1961165332953148,0.5605152029171941,0.7127801664988165,0.010980369870900016,0.026939174455060423
2248,-0.2124149156180765,-0.15470577897435447,0.5607519531125467,0.7128889457339345,0.009885285835873394,0.024297112966614798
2249,-0.1679942943620803,-0.21600812978612066,0.5608687130944962,0.7129543502312343,0.009754866073519556,0.03039910490090843
2250,-0.14563971318543695,-0.15022720407205697,0.5609476072235138,0.7130502141007006,0.012419186654857556,0.025336124370543237
2251,-0.14240014283738733,-0.22273568353006748,0.5610055194766412,0.7131976614096501,0.01102103307720588,0.03150371771705109
2252,-0.16870034769921444,-0.17165791676198985,0.5611382551969166,0.7132857857795007,0.011559448853088603,0.03003438404034981
2253,-0.17739908035520097,-0.16283327642458323,0.5612338521813517,0.7132739813605451,0.011034442544162026,0.02991022177163192
2254,-0.18230706017578396,-0.1719626665827707,0.5615401744897509,0.7132643395950281,0.010481770241291979,0.029330120386682014
2255,-0.15613240332224348,-0.18984476396924443,0.5616151399259407,0.7133447539936136,0.01311031236224712,0.027333966203155546
2256,-0.21453441182316807,-0.15379916338304378,0.561742565689907,0.7133163436751434,0.011618354230810741,0.03132310629089664
2257,-0.2323528310790431,-0.15312082508166472,0.5620202535958991,0.7133713379774621,0.010726404482239394,0.03179142375785173
2258,-0.20708157018205614,-0.1687915563583824,0.5621741280585792,0.713379825629251,0.013795412353588955,0.029833302287730762
2259,-0.1547717688074097,-0.17636887194414436,0.5622577892686692,0.7134067458076332,0.01010915979953228,0.030535691004295398
2260,-0.1683428143467259,-0.19445116113553565,0.5623794990988662,0.713393044220655,0.011610583573960132,0.029727348938626105
2261,-0.15850921702566773,-0.18500840788321524,0.5625300898312454,0.7134620819361505,0.009665531393325943,0.03094832004492469
2262,-0.15441520649240484,-0.22413167244146234,0.5625879318407417,0.7137537359506373,0.011724383866264801,0.028866147353365925
2263,-0.15271621199031166,-0.18256140795039422,0.5626950054394695,0.7139810790547435,0.009530084923180068,0.028591383085167673
2264,-0.21993387587833052,-0.2180595725382317,0.5628788301331459,0.7141039506837851,0.010922993314213796,0.025554905619166672
2265,-0.14674595868002205,-0.17698201032447483,0.5630148212581152,0.7140276805502763,0.010586143448291764,0.028736592446761255
2266,-0.12911548526042643,-0.16787724079216076,0.5631137821696682,0.7140757211634393,0.011645941314508352,0.026535856945065803
2267,-0.14807402954812718,-0.22497197765052296,0.563172660983933,0.7143416688963071,0.00921157086927027,0.031569311270457805
2268,-0.16971052244524865,-0.19008703696169554,0.5633122293883299,0.7145621151378752,0.014150027822353653,0.03495292864790189
2269,-0.16620063096712762,-0.16109336505802913,0.563406928175859,0.7144938088925398,0.01125637048874668,0.029527013206285792
2270,-0.14392870905780028,-0.16575254994936056,0.5634877911719475,0.7143972224539811,0.011334059521903838,0.03349039935221579
2271,-0.1437661720831945,-0.19306916678811178,0.5635914156679401,0.71451985257614,0.011375437281645995,0.029671341260791656
2272,-0.18953471313698594,-0.16187102307207102,0.5637529486865285,0.7145104355576009,0.011973505302256694,0.02785994150504062
2273,-0.15267131906218528,-0.21955373494186564,0.563818047946586,0.7147757945144896,0.011595845641099277,0.03041974396510756
2274,-0.13485193553299407,-0.19027342335222278,0.5638755230001861,0.7148883499666522,0.012424828444794662,0.031480055955458726
2275,-0.14613101117715824,-0.14713616738414073,0.5639738352008312,0.7150044386748453,0.01102447843446884,0.03282529575298452
2276,-0.13924231547365482,-0.17461204933494973,0.5640366245619182,0.715204842475759,0.010241640927084166,0.03099880766279944
2277,-0.18597142308355813,-0.1590700245124669,0.5641766670079373,0.7153216500669185,0.008712747318219187,0.02703297156498915
2278,-0.12837233173789592,-0.17089833791809544,0.5642773729031654,0.7153145110688194,0.01150686573708334,0.02819845656744191
2279,-0.21456006017771836,-0.19831549364451853,0.5643512265916689,0.715327033230506,0.011070937830926292,0.03665846908313668
2280,-0.1528178052531511,-0.21841542777331793,0.5644538433112269,0.7153150616165755,0.010682045301061805,0.027160001996287417
2281,-0.1673804980547765,-0.16460500331044567,0.5645447533067872,0.715258715809879,0.012330776888608966,0.034415536462753804
2282,-0.15562557657261789,-0.14114996876043068,0.5646690863214965,0.7152833913227364,0.009230525326008055,0.030526291633945855
2283,-0.1353502617278176,-0.16286323743420497,0.5647116614586972,0.7152547076691865,0.008902582904433461,0.027517166914016074
2284,-0.13349006715139564,-0.21794358383082396,0.5648236338836433,0.7153841908355102,0.011808613022232715,0.03155229432952332
2285,-0.13413237244423415,-0.18768678838688765,0.5649131612253995,0.7154607954878258,0.010280048711700511,0.024751955523250564
2286,-0.22622194102493867,-0.26146146216913857,0.5651618242126725,0.7158515959829187,0.010925067733020526,0.028133131122759367
2287,-0.15053231039065793,-0.16006990972608226,0.5652461812878464,0.7159427514936033,0.009536103136380649,0.029742939920244703
2288,-0.14041270449260207,-0.1856598901202827,0.5653276468899094,0.7158654329421167,0.01048673021329157,0.030237080932819092
2289,-0.19064116855681,-0.1664851025074312,0.565412240199523,0.7158750434848227,0.011239371120567228,0.03003918622205968
2290,-0.23597692645154442,-0.23030367047353642,0.5656682022245133,0.7160692927186244,0.011473862556195603,0.02922320520872113
2291,-0.16636993151894716,-0.1580265122836892,0.5658211901833684,0.7162235615980546,0.011016363980111545,0.024825144290957408
2292,-0.1791610300422753,-0.1744538262506216,0.5659947238211341,0.7162852049095163,0.01088426077003066,0.03053971265029328
2293,-0.2309134532026154,-0.14018394008924087,0.5664514269103569,0.716245981807298,0.01306072536121077,0.030276351170771123
2294,-0.25932759234277075,-0.15439040106863708,0.5669609903432953,0.7162418921392891,0.012233145058190224,0.0293892109915889
2295,-0.1558939470424086,-0.18839304714412683,0.5671155081988577,0.71629242952866,0.009343160051282861,0.029566929715212305
2296,-0.20346341881327265,-0.17663919000747602,0.5673115854422319,0.7161992983467518,0.012143912847937637,0.034841691213570544
2297,-0.14802149566920433,-0.16783498338562677,0.5673659947572952,0.7162273481904705,0.01242554666273092,0.028978630536405908
2298,-0.13934980542353526,-0.22725603461279384,0.567467940369062,0.7163264624676048,0.012729850887266745,0.03187755048093719
2299,-0.20259290042793007,-0.19758286688757645,0.5677077587877436,0.7163091774621079,0.010705334032100382,0.031526943292403985
2300,-0.12223606732657709,-0.13613898847044767,0.5677874823184277,0.7163182829695125,0.009852477366084434,0.024978975383517833
2301,-0.1501272704754893,-0.1938741545211624,0.5679051809420396,0.7163705744228257,0.010140546354257228,0.0330647277700398
2302,-0.16182981826231027,-0.14430943063455495,0.568010335050842,0.7164096645390982,0.012018004259274368,0.03152106165413798
2303,-0.16628625943446537,-0.16108060059954962,0.5681140823411448,0.7164185132614832,0.010719702407417502,0.026639204095167193
2304,-0.16473164152957032,-0.19825180882711027,0.5681762589426335,0.7165730867558076,0.011555988059879674,0.02698942953590972
2305,-0.1783689197489595,-0.18387682031414612,0.5682738079568087,0.7165362895069908,0.011343235965487829,0.028784208435965162
2306,-0.14806257850120938,-0.1538142047610625,0.5683356258868111,0.7164581746146825,0.011313988039243125,0.026212432694452063
2307,-0.16634503576431142,-0.21376819205976594,0.5685059190256223,0.7164008823777352,0.011274980893323943,0.0279460353508719
2308,-0.17960442622469067,-0.19983051320636966,0.5686027890454433,0.7166204232945088,0.012527505172483654,0.027968179353627755
2309,-0.18826149402394737,-0.20425491726986283,0.5688224404925513,0.7166942014538595,0.009583860646472478,0.028791592086588522
2310,-0.13120922948504193,-0.22024686639875252,0.5688899163971813,0.7167855723364763,0.010940842006977538,0.028097583877675532
2311,-0.15290109795012727,-0.2291618134265705,0.5689785133118329,0.71707119785917,0.009731788969393008,0.029314720219250072
2312,-0.17759275515925105,-0.2229122088650492,0.5691035574759449,0.7171340607778455,0.011330669060696012,0.03052133383203333
2313,-0.17065079705352326,-0.16914525854246346,0.5691402878206929,0.7171191461415364,0.010306463565331488,0.034049923313809544
2314,-0.14433436890310558,-0.21644829792662487,0.5691958295042981,0.7170252295164532,0.011375080985263972,0.036511225908070134
2315,-0.20643195758473243,-0.27588065732752654,0.5693587999965305,0.717528206387032,0.011414390109344206,0.03377322522209752
2316,-0.16324839240444408,-0.1415062122054531,0.5694379813488528,0.7176114876987634,0.013239363842324759,0.023534551824017126
2317,-0.134825150328983,-0.17236316492139547,0.569577339595756,0.7176472038764576,0.013001936859876204,0.03089851422942046
2318,-0.1310631049090722,-0.17981069362073482,0.5696791692022833,0.7177075009161185,0.010184507923359667,0.030064289413927286
2319,-0.28507256714563856,-0.20532936933993365,0.5702005531563571,0.7177995780561167,0.011946095963922881,0.033811637327166
2320,-0.16761571476490944,-0.15370976884020643,0.5702743022128716,0.7178978427592874,0.010304464323369495,0.026916579966955286
2321,-0.13485550058184542,-0.2013314783749584,0.5703303945548303,0.7178380953311057,0.01366413642051854,0.028515523047032133
2322,-0.15710518016537395,-0.19270636285241893,0.5704218839185214,0.7177374689769828,0.010610326229248334,0.034484872585431384
2323,-0.16966503397229662,-0.1952433908063662,0.5706181495242252,0.7178465538529949,0.010763237532127339,0.02584951914602599
2324,-0.20873891859185856,-0.21145869387477692,0.5707037112930632,0.7177933967722316,0.013258202642304814,0.030541577390960892
2325,-0.1975893392401593,-0.17004614139968738,0.5708359243475215,0.7178079157945011,0.013113338258155239,0.03130889163287395
2326,-0.19483158877546197,-0.19179483842031902,0.5709668379943492,0.7180496998717852,0.012088765720329783,0.031376476766489816
2327,-0.15101129772556238,-0.2404974627024009,0.5710744009427192,0.7182718848468624,0.012014343123739536,0.03169327677464802
2328,-0.2935000236939208,-0.202660436562673,0.5716733322165737,0.7183370965448855,0.011898427070752626,0.035510855096602296
2329,-0.1270676294838378,-0.15768797325022263,0.5717297051200663,0.7183316499161609,0.012399420483224835,0.02909410801472947
2330,-0.16641532410140922,-0.22932151303385462,0.5719132127741744,0.7185886445269569,0.009979010486319875,0.027743844715071072
2331,-0.16746538283343734,-0.15649904180434784,0.5720052587902994,0.7185455458340708,0.01104865356646807,0.028332495488229484
2332,-0.14444253107074795,-0.1540605167613193,0.5720815442050251,0.7184626433868921,0.009821268508794131,0.03468847232851831
2333,-0.37253919378307115,-0.16678150624673618,0.5727558066862884,0.7184720495974447,0.011166361941971821,0.02793170237982511
2334,-0.18561466095071627,-0.21564894414061356,0.5728419424739537,0.7186672757358467,0.011479624217435492,0.031669086780455165
2335,-0.18291613150383562,-0.12065853644002221,0.573141916096478,0.7186399118829386,0.010792368736810378,0.028423769287185374
2336,-0.1615031586693853,-0.22020803316759158,0.5732235106335241,0.7188581847853929,0.010958000487412401,0.031853208759509186
2337,-0.135682968333679,-0.20748150510969754,0.573278232345799,0.7188336149182013,0.01214195846466027,0.02901879890153173
2338,-0.18045169890943902,-0.1638092949876975,0.573419172716425,0.7188152510651058,0.012601838840064144,0.027722861364053514
2339,-0.21063929173106632,-0.1363476591199783,0.5736675985053609,0.7187489894815281,0.011683816507529856,0.025974169113044118
2340,-0.17629487587399695,-0.1884722514994837,0.5737353346367725,0.7187539848359433,0.01036778631176489,0.028999432286891738
2341,-0.2410346228723508,-0.176745557457674,0.5739882217148875,0.7188209314808496,0.011003244468041734,0.026886228534242485
2342,-0.1575558377903359,-0.19412962365425293,0.5741019936640446,0.7188542113999186,0.01199088745522369,0.029153925636094376
2343,-0.14509026187698792,-0.15218794834816024,0.5741897695717517,0.7188406436946483,0.009393945884121275,0.028073348593807664
2344,-0.23217555733178738,-0.17848598330106694,0.5744296966615494,0.7188791980591985,0.010126642353345048,0.02878876887543018
2345,-0.18329486469527098,-0.196353418297877,0.5745118502610723,0.7188486494025886,0.014137666620035797,0.03323687125219038
2346,-0.19050396999324146,-0.1382980177216387,0.5746035411661571,0.7187407037010971,0.013461754142095352,0.02992982377871702
2347,-0.145430532436825,-0.16060948596386207,0.5747016208751217,0.7187868185092307,0.010670080071842078,0.031420772311812284
2348,-0.11825689704498925,-0.17334266126362327,0.5747505513214414,0.7190586185027122,0.011360071921199156,0.03358607943483545
2349,-0.2113049682852363,-0.24041920922187313,0.5749006189475493,0.7193105304887405,0.0141541219577119,0.03244594086140094
2350,-0.1814559360829322,-0.15329962775608794,0.5750912707222828,0.7193873816065373,0.01311969236652977,0.026651882540107853
2351,-0.15689688142483155,-0.18189449675120872,0.5751632658265668,0.7195463951806621,0.011040429515883863,0.027861345605626323
2352,-0.15035005759503173,-0.16251945216384517,0.5752533650663084,0.7195127407043089,0.011884509013182913,0.030755648818897283
2353,-0.1673901333722527,-0.17926305699732445,0.5753420135425572,0.719504182081404,0.01312391038291009,0.03335004544781224
2354,-0.1965623625393576,-0.18314226323827199,0.575606650227909,0.7195191667349249,0.009444944567163173,0.029313155572384342
2355,-0.19573845662049724,-0.17865624155866816,0.575840984431683,0.719678343282195,0.010756990984534793,0.027627786915301145
2356,-0.12517807600456224,-0.15827928404725386,0.5759157707182047,0.7196679180659,0.011375521958629765,0.027360495405617705
2357,-0.17339383865887203,-0.19451651374012652,0.5759575247092966,0.7198569645346441,0.013462654783570577,0.029030304981657772
2358,-0.12989233198011896,-0.16905405453615716,0.5760395743491051,0.7198557585955605,0.012049987618592325,0.02893124295328268
2359,-0.18483339836081655,-0.2047441766075414,0.5762163672191982,0.7199937536508668,0.010925248148763587,0.023746116299182406
2360,-0.14665820313741731,-0.23047420598815124,0.5763231173544591,0.7201783011065478,0.012739826881145418,0.029917082372866475
2361,-0.15182438094597966,-0.18532440116228652,0.5763749210032099,0.7202018569015884,0.011262980850524153,0.032726205977401134
2362,-0.13411355221414523,-0.21905056194868552,0.5764189022673966,0.7203053796459795,0.010536002443299941,0.02950448671907415
2363,-0.16831502625589717,-0.1703324381139485,0.5764559071856875,0.7202592015887894,0.010443485067568753,0.031168386313390115
2364,-0.13701865422318854,-0.19531377954565085,0.5765162112811411,0.7203416391013365,0.011977341061000714,0.02570038723202864
2365,-0.23598013472176893,-0.147077347289379,0.5769338422943365,0.7202823453360546,0.010903570821247639,0.030171920787693995
2366,-0.17289099811497602,-0.15882678289087446,0.5771305384301397,0.7203673570194283,0.010952478046054048,0.03016669400782272
2367,-0.2106439576459547,-0.27024287209267556,0.5773386767750328,0.7204619154513402,0.010805131390533714,0.03173704136876607
2368,-0.12888240933996292,-0.19222917673760503,0.5773766751519634,0.7204613099354262,0.011702438281581495,0.03033635381197446
2369,-0.22151206094040907,-0.1643374395802201,0.5777048324243582,0.7204552289930116,0.012826101176114641,0.02973890960983515
2370,-0.15688128021191902,-0.19498999169915146,0.5777796198547676,0.720612581747186,0.013258481584852357,0.02796039880725381
2371,-0.17733267112432055,-0.2157088804178566,0.5779009261918012,0.7207164355294299,0.014807501300047701,0.031346082176252885
2372,-0.13828506717493178,-0.23287336582015933,0.5779691983571945,0.7210053567244803,0.01115593550149166,0.03170146480128365
2373,-0.14106781761001583,-0.21954390937503712,0.5780282557523315,0.7211293912412932,0.0114440922574199,0.028233129839537806
2374,-0.1920812628159394,-0.16385986108719705,0.5782269398353074,0.7211406717713853,0.012654711597185338,0.030157303689104083
2375,-0.1956557982427836,-0.2562584195217875,0.5783294507777753,0.721282762524505,0.010283881172663965,0.03489267085399073
2376,-0.15743610561960553,-0.18334975586795207,0.5783656221069077,0.7212758708284893,0.012448478419482245,0.03269572311242293
2377,-0.17374921389649847,-0.23307612962258803,0.5784314844234306,0.7214261138460737,0.011518800195152003,0.03113989845101228
2378,-0.1509609456624049,-0.21399882590912106,0.5785107556477742,0.7214993704562878,0.013123928096878934,0.03042527712359262
2379,-0.20705730817521056,-0.16762051975382242,0.5786539188468006,0.7215464146597752,0.01092489299755837,0.030952228557490084
2380,-0.1539494359307356,-0.22903035364127003,0.5788065870493727,0.721579059748743,0.011074161790879177,0.029311772857023834
2381,-0.17168975377954512,-0.1398298613616499,0.578960586804295,0.7214688106827293,0.014157209599869148,0.03490853985388593
2382,-0.1370112144304851,-0.17359862271340978,0.5790468213156794,0.7214799826603243,0.01176430428909157,0.028168976100562824
2383,-0.13429518337211716,-0.188188035872045,0.5791093344685586,0.721591881092341,0.012273541624335702,0.030214345866667085
2384,-0.1386235091801806,-0.16265396445774763,0.5792275549276046,0.7215668780925859,0.012899199590659625,0.02337252080078576
2385,-0.13191848038238174,-0.21204144838240285,0.579308484309071,0.7215496497904528,0.012653955240018312,0.026377876109173026
2386,-0.1704705911207329,-0.17864481909961044,0.5793568711215873,0.7215948125751879,0.009824302404831075,0.026178187476394194
2387,-0.1584516960136092,-0.15452377928927777,0.5794240544526058,0.721625985757725,0.013966001097060135,0.02727786619079443
2388,-0.158685420988453,-0.16732473723861976,0.5795462482737891,0.7217176194008433,0.01042996882376027,0.036246724607987814
2389,-0.12258485521478758,-0.2425874422017745,0.5795895653314045,0.7220688694870548,0.014734622302779464,0.031049189190392852
2390,-0.15331784149060917,-0.1569745152523405,0.579753899037817,0.7221515271665665,0.01065973876898955,0.029023678821972057
2391,-0.13950840188498947,-0.1687946157362946,0.5798385915465213,0.7223304988429564,0.011355641968314466,0.032881602809323195
2392,-0.159977290483841,-0.2107920481471108,0.5799320362338088,0.7224721598671445,0.011790185748307333,0.028868134480828363
2393,-0.144148814397902,-0.16885077295810885,0.5800024315577327,0.7224580047732749,0.011986970080680752,0.027858468049350965
2394,-0.1462354992701561,-0.15592727952179136,0.5800604816799781,0.7225167412646644,0.010962900458758935,0.029629494179098704
2395,-0.1701707220898986,-0.2070976845991843,0.5801331036946189,0.722649567638019,0.012964356293217572,0.02945286477030482
2396,-0.12961182022919812,-0.15708267957365815,0.5801814173207911,0.7226137193691562,0.01096028038003837,0.03151435954812174
2397,-0.16579147916099882,-0.20763491514235435,0.5802292101769169,0.7227586750059155,0.011137321245715372,0.02891233218131871
2398,-0.19665186290510922,-0.1755637477114027,0.5802690631975208,0.7228385519614681,0.011644176593794443,0.03326500506246787
2399,-0.19092362134752736,-0.15671164000795926,0.58039035578947,0.7228569158413681,0.012033283687252597,0.03401644720738653
2400,-0.13855588233531185,-0.26936754842149224,0.580434244404484,0.7229866257700933,0.01280143777039831,0.03109880937504481
2401,-0.16445969779411984,-0.17524965397588627,0.580490138462483,0.7229631219642538,0.008864248302271949,0.030979292669606816
2402,-0.14277560374000056,-0.17178102590654376,0.5805792656997917,0.722957911063347,0.010031961355966039,0.03173118181695531
2403,-0.18873242346296404,-0.1749356066136249,0.5808172346642548,0.7230021864126169,0.010346859856511605,0.028620563981236392
2404,-0.11711374440579854,-0.1771706867889157,0.5809020568610277,0.7232236511786819,0.014188681141500223,0.027611046128426756
2405,-0.1754743935231545,-0.2106905796959631,0.5810356136377345,0.72340097094356,0.01098966596855768,0.029921944085251412
2406,-0.17398700021238425,-0.16351267277685327,0.5811070441532233,0.7233665222579448,0.013663240244851507,0.03021295540706885
2407,-0.1567686645943019,-0.17680994684137438,0.5812050844952759,0.7233799961551562,0.011509870519129604,0.02777994404971797
2408,-0.14257451523924078,-0.22232253581044795,0.5812835923301671,0.7234838627736455,0.009683776464204347,0.025922083096284625
2409,-0.13434515420587428,-0.2009200167509656,0.5813176039258693,0.723470490354933,0.010737287419861278,0.027272595912210883
2410,-0.10612668989430987,-0.18061172198752537,0.5813422409783136,0.7234841865988846,0.01259519038594845,0.028538485490054354
2411,-0.18223922832936573,-0.19297218893630746,0.5815352328537113,0.7235673414468372,0.013823804083572687,0.03389231222017497
2412,-0.1778530561466699,-0.17925247526339314,0.5816821412697177,0.7235701307970706,0.012320633425581226,0.030212839926832966
2413,-0.18666666502656942,-0.16957256269992826,0.5817927722725116,0.7234965714523387,0.011754425542134956,0.029594248425824213
2414,-0.20430766053125382,-0.1616521904518397,0.5820050688107128,0.7235613869843917,0.01072488630757813,0.02816781747747295
2415,-0.13994287241568226,-0.17841386591251068,0.582098661500419,0.7236469679083376,0.012193439334044586,0.028366622436632866
2416,-0.1931214549051459,-0.1596835009560532,0.5821403595802987,0.7236633263930787,0.01334057977119859,0.02889265342263952
2417,-0.14349955011265025,-0.1978514235376694,0.582189131227713,0.7236900081104978,0.013607936583508244,0.02694179568763617
2418,-0.17000490872030696,-0.14084080025849152,0.5823620868045807,0.7238063717867308,0.011578632039342819,0.027063763263354305
2419,-0.1403553740566912,-0.20637522541845485,0.5824333208024427,0.7240842520032912,0.012375852747796196,0.029274212087462496
2420,-0.18721154252959343,-0.19048159166095344,0.5826022465179108,0.7243870534291584,0.010869272570884988,0.025427958332788162
2421,-0.16993132301654867,-0.16993660094148658,0.582718932234363,0.7244214641671121,0.01265029784725104,0.02820474732532345
2422,-0.1542511450930188,-0.17212028792274725,0.5828052678657891,0.7244993935868842,0.01069578142682576,0.024789088016022313
2423,-0.18582971610110574,-0.17353614603717107,0.582872674993642,0.7244234757144463,0.01249099967312819,0.030368961884714097
2424,-0.159613834216839,-0.18287910693887333,0.5829428782330836,0.7244887913732698,0.013044050988416031,0.03222899495179068
2425,-0.15739211597186373,-0.18881819099292632,0.5830280363392147,0.7244903060569652,0.01171203039238976,0.02765486066276313
2426,-0.13416178595399897,-0.14752776604771428,0.5830801235802238,0.7244410566120882,0.011846189920634563,0.028749726522073606
2427,-0.13548947170111267,-0.21095074042847078,0.5831007236965455,0.7246563022896355,0.01473618452313253,0.025564539275970483
2428,-0.13868692518353826,-0.1865548516653626,0.5831290310727606,0.7247827690331703,0.010531255610011031,0.027835771021947397
2429,-0.16660228557215165,-0.17066617927495373,0.5832665661015349,0.7248131276366372,0.014925929291906979,0.02398912870441279
2430,-0.15365481574454515,-0.15142521418737698,0.5833396183432163,0.7248208539196486,0.011993500680230662,0.02582154122587873
2431,-0.14760442170200655,-0.18111304929998379,0.5834356003255778,0.72471848021339,0.012322468840271376,0.0351475556995413
2432,-0.17843677507595704,-0.1950834344349962,0.5835287597832556,0.7248866991471025,0.012452620525576769,0.031589223219426026
2433,-0.13938061961116313,-0.13134069241903892,0.5835813923403453,0.7248772915804332,0.014281344392238113,0.026440340181382187
2434,-0.1427968546308041,-0.17601737544022644,0.5836612202388367,0.7249499737374266,0.01057589789586064,0.02981109822261178
2435,-0.18607160792898095,-0.16310793818276736,0.5838169798705185,0.7250517839472321,0.012127096812413186,0.03369779050282337
2436,-0.1353147825197998,-0.16515529329603745,0.5838527591647416,0.7251839822846924,0.011437637631117206,0.032717261655357106
2437,-0.19010463426454188,-0.18320397714921127,0.583955698776945,0.7252073321974849,0.01335360916910232,0.029020830512466574
2438,-0.1311589520750814,-0.2029980618551793,0.5839865457795124,0.7254288139815156,0.01241378948895687,0.02955446376788846
2439,-0.16085919540846003,-0.14522865118457504,0.5840720618876322,0.7254406101903311,0.010510369511666475,0.02637612673087215
2440,-0.16763075773139977,-0.19995605621043605,0.5841547808580886,0.7255694582133994,0.011326855271806801,0.027480592542493153
2441,-0.15053171176593833,-0.20200874122595466,0.5841946631912526,0.7257085773441904,0.012239554778926713,0.029737526960234795
2442,-0.1918876579486253,-0.14473216844804784,0.5843802516915457,0.7256644256961989,0.013808086257075827,0.03192359909518286
2443,-0.1195286256010024,-0.19466093107691881,0.5844231970771347,0.7257464278644172,0.010818871856195641,0.032015010274559094
2444,-0.162786629440674,-0.15270833252823535,0.5845544636136737,0.7259107031330162,0.00993526369376833,0.030270660539181992
2445,-0.16171628433814253,-0.24184708589497608,0.5846268911952379,0.7259885452171325,0.0118886066662869,0.0361538474874012
2446,-0.15700981072406,-0.20668513179633058,0.5847067423983132,0.7259166080315614,0.012401261274122196,0.03005167403742057
2447,-0.16265769471228025,-0.22661939314802357,0.5848697631802571,0.7261219087764265,0.011764550485889341,0.02797806282248462
2448,-0.14987865214083498,-0.21489355305467345,0.5849269598971728,0.7260911065725424,0.01247822976701815,0.02973445884966735
2449,-0.2211690828786589,-0.23021196340125355,0.5852044817384049,0.7262744315578963,0.011404061967689087,0.03445640342534526
2450,-0.14467714700435438,-0.20820363125540267,0.5852737479116943,0.726331911677849,0.012075138584415784,0.03175391802116877
2451,-0.17188743593557543,-0.16762829517472497,0.585411778436602,0.7263129382318148,0.011221028518914882,0.03198369213539358
2452,-0.14402556332671013,-0.16238347627162666,0.5854819378018267,0.7262662195213844,0.013372622933024266,0.02812013155928827
2453,-0.1479156241984067,-0.20657845776976402,0.58560774180128,0.7262474886612791,0.012129370431987434,0.029931020337325316
2454,-0.22267021849896618,-0.20670356344158897,0.585805244662012,0.7265029186781404,0.012633144040445151,0.0318733328214431
2455,-0.15993335193128483,-0.2214317281654245,0.5859336504834082,0.7266590729561556,0.010087857992761408,0.0355227915082262
2456,-0.21455854753664133,-0.19821708464124102,0.5861231277407014,0.7268230513222164,0.013866710747652158,0.029057546604710206
2457,-0.17906203409320645,-0.20246646851993252,0.5863186549816326,0.7268361777423695,0.011994006789323873,0.03506784962035752
2458,-0.13036773200121826,-0.2072183340122806,0.5863728814004974,0.7269224078897721,0.00967404423124355,0.03141925980509987
2459,-0.1909661477882002,-0.1386526742658348,0.5864271032804081,0.7269224670155022,0.013802581867661817,0.029612603670184447
2460,-0.17575330760985583,-0.20589326983346168,0.5865659844060112,0.726894612045059,0.011857997289894263,0.030009639653554358
2461,-0.1499692541198133,-0.1523924128543652,0.5866767912831049,0.7269129216123213,0.0105375904397299,0.02667827793967628
2462,-0.13638905121074593,-0.219934437649047,0.5867453977438442,0.7270328420383431,0.010019358384077975,0.03051615084721291
2463,-0.17869014042447448,-0.16721158384272103,0.586863086596857,0.7271272705085116,0.011895329511361167,0.025524390254360128
2464,-0.16973652154136867,-0.17537634305340066,0.5870084221464836,0.7272648181962019,0.0131766153369674,0.027723895355100586
2465,-0.153576844357335,-0.1889458867064015,0.5871066918795053,0.7272517069352713,0.012167033058333542,0.030874421285177513
2466,-0.16295174059525916,-0.20727821557984438,0.5871659508666972,0.7274165755326927,0.01103342968774931,0.0339254891445881
2467,-0.16242976691313846,-0.22986048423181218,0.5872533632082629,0.727639050462328,0.011388958616934494,0.02959704706388428
2468,-0.15915309104217656,-0.18258629794167383,0.5873570519794761,0.7276826285648187,0.013593329940313875,0.03263648896436832
2469,-0.12811643830687355,-0.158883985014008,0.5874254180916562,0.7277461808357943,0.012237578474977018,0.02920301181290155
2470,-0.15806279103278378,-0.25050881951529697,0.587524716987844,0.7279725933433359,0.010071027924834065,0.03554687773481789
2471,-0.15529074370138185,-0.16279596690222745,0.5876440220203365,0.7279441309828608,0.012050140265139758,0.030685664711534808
2472,-0.16948831618666418,-0.16531100430391318,0.5878094165309161,0.7279475746884109,0.013201579751155356,0.02504922856797538
2473,-0.17561930608487958,-0.16561771653672827,0.5880900861123001,0.7280780785969042,0.012469741209237205,0.028910990487442636
2474,-0.1893883492639398,-0.1673493381676885,0.5882283765831507,0.7281164400029729,0.014968201182498243,0.02699028072986161
2475,-0.17659250885058633,-0.21614908285867085,0.5883697117231548,0.7281047709069061,0.011710404416605709,0.0329395988274382
2476,-0.187901242062507,-0.1422630277870042,0.5885195046059538,0.7281274565795752,0.012578998052700893,0.028424074203733916
2477,-0.1694528196029018,-0.17016643383484362,0.5886076026620589,0.728255812007729,0.011563302472998378,0.030503998499560595
2478,-0.13129968639889664,-0.14292504177472107,0.5886674016984389,0.7283894564393842,0.01411595163940518,0.029432782022951662
2479,-0.19123100409022079,-0.2043666329823484,0.5888824974735407,0.7284751644309477,0.012578273323984588,0.03210496245083546
2480,-0.19516495502749348,-0.16019830269163143,0.5889764744166521,0.7284472293864002,0.012718718771928806,0.02783130398167233
2481,-0.1375577807993361,-0.17562474106257264,0.5890721679930564,0.7284804518495029,0.009375762734280086,0.030476467422979575
2482,-0.1846871259733497,-0.2167021613997765,0.5892369523221711,0.7285621973302968,0.013909505303262284,0.028101628588653692
2483,-0.14971423587043786,-0.15314988432717408,0.589292814391418,0.7286216360304822,0.012308021368571625,0.031852364223677744
2484,-0.13940487475170077,-0.2191785556193091,0.5893455384103565,0.7285488687271642,0.011958756641159874,0.030539009711411987
2485,-0.24879730826571558,-0.15875565877123096,0.5896074818334058,0.728538679097973,0.01469570309892389,0.026872734865839864
2486,-0.16314070939038733,-0.15186842060682626,0.5897104939842973,0.7285902580669855,0.011282940782333903,0.0281685747721105
2487,-0.19848524428624925,-0.15441057780686984,0.5898365308617928,0.7285578668201687,0.013799474901538052,0.02897912393413187
2488,-0.16195358053273243,-0.20167718048818015,0.5899142652719408,0.7286839055771598,0.012084265619606087,0.02678543182513422
2489,-0.14324446356686268,-0.14883295737929333,0.5900305967285648,0.7286398598666143,0.011710155947900393,0.03232164116836889
2490,-0.11463589360256242,-0.18903848554268676,0.5901263000254057,0.728780067102784,0.011043898174653234,0.028349092138699662
2491,-0.17754703223964874,-0.18460302781134277,0.5902953962524091,0.7286846120656564,0.01356944901798549,0.03201572723178413
2492,-0.11718232773728456,-0.15902319922516728,0.5903396087342607,0.7286324631157739,0.013514495835634572,0.03240885500853453
2493,-0.14957185981169274,-0.2020031832807153,0.5903697447935855,0.7288383534124178,0.013461369286568353,0.02616698852253437
2494,-0.23184961292536516,-0.1655657355941264,0.5905768043623487,0.7288271094059215,0.012909138633691508,0.0273508431394317
2495,-0.22539379580947305,-0.1769060713866467,0.590785322158022,0.7287916972410827,0.013511214799741916,0.03171912918877871
2496,-0.1353327962898834,-0.2149036153375493,0.590839399819562,0.728934068392968,0.012311578062782122,0.03257467387175323
2497,-0.175657952348161,-0.21468542868144416,0.5908943006374682,0.7289130231657465,0.012717300792261174,0.029786671028693704
2498,-0.17976515060274612,-0.19871460605513358,0.5909806160066937,0.7288456687530844,0.01394627215551757,0.028415582078584162
2499,-0.19388943700482786,-0.2038607600089921,0.5911487857098785,0.728924736425906,0.013964227239730263,0.028730496425856903
2500,-0.1338016137729714,-0.14833399400698932,0.5912670925783272,0.7289106237885491,0.012836507071780627,0.03029405815729425
2501,-0.18218335363350338,-0.13448325675573156,0.5913365506064441,0.728985012976633,0.012386787700592067,0.02949682837652889
2502,-0.17987454765722824,-0.16945166945932702,0.5915220132087232,0.728991052051235,0.015028000835072372,0.02878124403638949
2503,-0.13664618566733064,-0.16100379504668294,0.5915703296755913,0.7289721685040707,0.011976836051197062,0.027812897824393515
2504,-0.1796815741689849,-0.20844327133965374,0.5916415871496785,0.7289888933833236,0.014061412615579858,0.034926647977069375
2505,-0.20172354090652883,-0.24836911680587392,0.591705115950882,0.729206376961836,0.014099728050092703,0.03736976762337662
2506,-0.1832427980186838,-0.2053019804718528,0.5918607905289908,0.7292432860875638,0.013585395800793973,0.030377056052738948
2507,-0.159861217832672,-0.16783505187115255,0.5919195952715985,0.729194201423023,0.013723291662942248,0.03323061635949338
2508,-0.13329537495436125,-0.17137853807255202,0.591979170359552,0.7292353195422617,0.013536813334416328,0.03471060729910208
2509,-0.11871153094325491,-0.18101638098942005,0.5920228072393501,0.72921701111366,0.013209087046731863,0.028529216358443268
2510,-0.18625442775640666,-0.16075906581653768,0.5921490350308687,0.7291794525146851,0.016237109895792745,0.030874895991154252
2511,-0.16007045019662614,-0.1620103342255157,0.5923325034367615,0.7291302204456095,0.012126802745883618,0.02651549526610747
2512,-0.13398661228632863,-0.17864638983419934,0.5923983027907784,0.7291943088941237,0.014018692194232166,0.028879168245520184
2513,-0.17167355382111285,-0.19101398746809664,0.5924908859539519,0.7291590447569369,0.013304621940983932,0.02921049017826697
2514,-0.14057030210223082,-0.17809932555991306,0.5925267518286517,0.729150275336588,0.012763738474938967,0.02846461342485861
2515,-0.21385245150136903,-0.17446236513608926,0.5927653590897278,0.7291125622440757,0.011457089906264931,0.030448394898126722
2516,-0.1814172730076939,-0.16452958115583868,0.5928905693049409,0.7290849293498759,0.010330413375014658,0.030069632784725422
2517,-0.18139051539300285,-0.16130745723390924,0.5929715351779815,0.7291156749390965,0.012132954282472996,0.03088558585899111
2518,-0.15843366005899917,-0.19253111384826332,0.5930458195744915,0.7292381097805508,0.01394900143060854,0.02852723346620577
2519,-0.24602556984327859,-0.16854348869645347,0.5932292988200205,0.7292589506629459,0.013793903100907699,0.030308281661103192
2520,-0.17201360050213144,-0.18722952365570364,0.5932761087296932,0.72926235128915,0.011978162429116508,0.031142024661184077
2521,-0.17028212235619952,-0.15427742344366108,0.5933184003809125,0.7291084566527218,0.011692543318382381,0.03566527742707396
2522,-0.16338646036876825,-0.17606066431867987,0.5934155084740285,0.7291917889371559,0.010543068573159854,0.02941741659154012
2523,-0.19097423059599475,-0.18859392445432246,0.5936235589753667,0.7292116296020332,0.010702696842384868,0.026266169283357173
2524,-0.23460851795682916,-0.15608288830995087,0.593765000237604,0.7291784984763413,0.012183622520052735,0.02795068198629105
2525,-0.20774348876530227,-0.19174290359389373,0.5939618442421887,0.7291647305657354,0.016487179109369348,0.03299633312918022
2526,-0.1481140821217282,-0.163869446420247,0.5940449057049492,0.7290967586796311,0.01728830675803212,0.03138168972117394
2527,-0.22054978467704164,-0.22055514045012348,0.5942490706725712,0.7291090698384559,0.013236422130510392,0.03232985629302525
2528,-0.14175549417056124,-0.1968282553027193,0.5943081213056197,0.7291730723861748,0.014059338719750864,0.028946367821354336
2529,-0.15310451983020387,-0.17330592892591828,0.5943736477737106,0.729093930333602,0.013869800314791516,0.03217229194231929
2530,-0.15945820942078825,-0.18513372935723707,0.5944641821310723,0.729103427190667,0.012365541853678556,0.026919714873762907
2531,-0.1832428242837675,-0.1925992971909317,0.5946526531371126,0.729155628999415,0.01195697915411838,0.02790770985084959
2532,-0.15562791983074775,-0.26776021922087506,0.5947186149831686,0.7291973013809838,0.014672269997912189,0.031140860013580674
2533,-0.15799356690168406,-0.19887409462474057,0.5947720524137978,0.7292171921219712,0.013828695886470704,0.02465309118829057
2534,-0.14513620571301664,-0.20309236836453406,0.5948184616811293,0.7292247690324043,0.012231253832042781,0.02733255380477262
2535,-0.157591847042555,-0.1654719677891734,0.5949498650952377,0.7292160312457105,0.013587906197939767,0.028465466968189874
2536,-0.14529087712928798,-0.14769122826595746,0.5950617869514933,0.7292367902802217,0.012998829889385282,0.024920640370326153
2537,-0.19915648935320746,-0.18202795500901084,0.5951926190306283,0.7293311310797029,0.011953401500929684,0.025479901991612444
2538,-0.1472349403731052,-0.17675498826868255,0.5952568577722421,0.7292735849958075,0.012525336332814859,0.028195233449238973
2539,-0.18826930563293542,-0.17209840408958596,0.5954069868502501,0.7293509947437513,0.015848828476730796,0.02714318170627535
2540,-0.1316677103416432,-0.15955419929987252,0.5954622928517593,0.7293635086300296,0.0116565545962835,0.02793862463159178
2541,-0.1544003170811404,-0.15356197138754268,0.5955202398760996,0.7293296994503,0.014523188477264274,0.030109298743400213
2542,-0.18685062108137843,-0.1676644631380904,0.5956363561694658,0.7292411319957147,0.015149273743279333,0.02709464431444842
2543,-0.15077704068372985,-0.1645965110014981,0.5957630230683814,0.7291499915152263,0.016157224684064067,0.027292762157834733
2544,-0.1259280004046424,-0.17989209486739918,0.5958069016296709,0.7291548594409749,0.012635605094950838,0.03137666153756616
2545,-0.16428703378204718,-0.1952242860065723,0.5959240993213492,0.7291773618873967,0.013728752404779575,0.030495196006132368
2546,-0.18591429618836827,-0.1837868262789075,0.5960286311427198,0.7291016597132286,0.013100021428647161,0.029767115380460556
2547,-0.18194862446217616,-0.16629647679513446,0.5962178499728503,0.7291060515373841,0.011487973594663678,0.0303881318913539
2548,-0.13651840965353682,-0.1796963403659361,0.5962462957958554,0.7289973572453865,0.011170137270931014,0.035472270033028226
2549,-0.13434292785294072,-0.16074970043028766,0.5963383527392607,0.7290276017251239,0.012976387979096626,0.02742360571259389
2550,-0.17108868735341332,-0.1818967344684384,0.5964807573672823,0.7289869251411467,0.010406766874696952,0.029967780707908023
2551,-0.17414825667297215,-0.1442328149102304,0.596623727990708,0.7289391796618891,0.012519572387424675,0.024709037310560657
2552,-0.19268361318835422,-0.11270386151829334,0.596945850557192,0.7289108717838759,0.009754725932074989,0.027928917076863295
2553,-0.15887219713797976,-0.1928905890412369,0.5970137300773686,0.7289044973958235,0.013849599654254646,0.031240430945899775
2554,-0.16543036116616025,-0.2180376562899964,0.5970427931983764,0.7290473192745497,0.013697414526896427,0.03291098984288448
2555,-0.1584484245322736,-0.15947822279558801,0.5971136649895704,0.7291120834842096,0.011549039089376871,0.027177427230583705
2556,-0.12334329462531973,-0.22825445865223884,0.5972293483357002,0.7291926884945144,0.012287697387437008,0.032074159439361004
2557,-0.17813823404762275,-0.14917158738580316,0.5973341847219579,0.7293393797463589,0.014323445836888417,0.02825186847483129
2558,-0.1503983263253568,-0.15942220628526851,0.5974315587994866,0.7293799567111835,0.012744276813100407,0.02910959600694408
2559,-0.14507335491360118,-0.23474653556012948,0.5975337624974714,0.7295164078286334,0.012835304545735594,0.03257314898148008
2560,-0.18189218101443203,-0.15185664628118545,0.597624028475047,0.7294751488244389,0.012352833693694446,0.028823875166955594
2561,-0.18616811466124417,-0.15655498581665753,0.597796519415707,0.7295259914989171,0.011869389259243713,0.031004330394362966
2562,-0.16084034875489558,-0.1668604244101419,0.597841842962627,0.7294644007144094,0.0135238260207918,0.03134608312647505
2563,-0.1736251427105055,-0.18094737162723898,0.5979997421888846,0.7293918339863675,0.012857035762527792,0.0287459927458767
2564,-0.16517961039507253,-0.18904807755046832,0.5980773400509952,0.7295846609250974,0.013095354846217058,0.029314431657430865
2565,-0.18794334649205538,-0.13584097628598646,0.598150239382141,0.7295557253406642,0.011060322070940648,0.02865837201818133
2566,-0.2185388466375112,-0.158520065688175,0.5982334252163232,0.7294995685913511,0.014161267632782675,0.03076383664649983
2567,-0.14626562103426297,-0.16744239190127333,0.5983036469100832,0.729481237811684,0.010835979001062687,0.02723987578359
2568,-0.15458921988750665,-0.19379367487092963,0.59843030365532,0.7295046002587434,0.01334121527320869,0.02665394627852912
2569,-0.15023118873348443,-0.22668063263211882,0.5985476736379698,0.7300865074088321,0.012800873248768545,0.02787534921253846
2570,-0.19873738819250802,-0.18956414297079344,0.598692985724483,0.7301406513610196,0.012606568250639681,0.02972208374364256
2571,-0.17171211826433505,-0.22420282058960778,0.598785799673749,0.730220648486116,0.015575526989117785,0.03122418730427802
2572,-0.12037334385305815,-0.1671182615682785,0.5988529900090043,0.7302896097225556,0.011549101799792003,0.02794080780810144
2573,-0.16495425853618545,-0.16033201683395965,0.5989386390797528,0.7303565480088418,0.01279918374262619,0.032360900479776786
2574,-0.19514572786364434,-0.19955249495167504,0.5991007539284959,0.7302642259832486,0.014027569367520228,0.03603538861939789
2575,-0.160075830808774,-0.16586660112784934,0.5991822285987031,0.7302741210781376,0.014654372211183389,0.030287010974821428
2576,-0.16093041852958176,-0.22890295238829855,0.5992789401713835,0.7305017582786725,0.011898667899019602,0.0352152953727169
2577,-0.17652198909064665,-0.19982100912064807,0.5993665435134932,0.7306734300130099,0.014123931220495071,0.02953307807761524
2578,-0.18645497170763273,-0.17527464331254014,0.5995168845233712,0.7306669901697698,0.013361267372719846,0.02895453782393441
2579,-0.1428375593832167,-0.2000526539872061,0.59958745938688,0.7305045311108317,0.011514789431976098,0.03351646869639509
2580,-0.17782124350752415,-0.1817164785392134,0.5996245731800283,0.7304746620806863,0.012983828466460786,0.03409610883794271
2581,-0.17794932458662005,-0.15336455940342966,0.5997926710064699,0.7305217939908565,0.01080057931041655,0.02817169423650539
2582,-0.15768721874395414,-0.2188855202491833,0.5998633713905984,0.7306189718904652,0.011390711325120524,0.03385489824890604
2583,-0.16492256343505385,-0.18435756197399192,0.5999620351916708,0.7307736425011877,0.012450168673788611,0.030429841835258223
2584,-0.18697468099073503,-0.1886363940863497,0.6000593265248989,0.7307006263824679,0.01275743232478181,0.02907662059617789
2585,-0.17358344486789054,-0.1720551483727914,0.6001586158305529,0.730687273799811,0.012741983224332006,0.029796654785528173
2586,-0.1805730252472723,-0.21709859351280233,0.600305042161477,0.7309508672171965,0.014115512938379331,0.02866388597872647
2587,-0.1405100722693678,-0.1743536632441638,0.6003660681142261,0.7309564560350456,0.011534115507749767,0.029173929893928707
2588,-0.17880393094972888,-0.14672305194061222,0.6004622772461307,0.7309570397722659,0.013444009263715142,0.02699232635295673
2589,-0.1444257730223878,-0.2437506408155656,0.600516326789786,0.731102122579207,0.013037328933549721,0.0325441103434745
2590,-0.18325180535251256,-0.20092297359484051,0.6005880941509054,0.7311736864820911,0.016640743504709815,0.02726853938285632
2591,-0.15785393325533448,-0.12625823204430098,0.6006918146921315,0.7311725936468974,0.010745210353306407,0.02941908455652398
2592,-0.16801861087865244,-0.2470900598885051,0.6007952987994178,0.7311977842362162,0.014408656316151123,0.03234558883906722
2593,-0.19651131795906088,-0.19823967020647554,0.6008797670938957,0.7311312105908367,0.01468015071281199,0.02682481853233016
2594,-0.14109242939213923,-0.17597403377117024,0.6009289996304916,0.731246127015649,0.012176240292652895,0.027819626656946365
2595,-0.1874576085958937,-0.16181351032930155,0.6010518857547086,0.7312918769717222,0.011949117736673228,0.02966190968191962
2596,-0.15844224706030235,-0.19624818893309762,0.6011058988359285,0.7313523350978479,0.016118342871641277,0.03048349693170771
2597,-0.1497378478662019,-0.20451345933489057,0.6012054328265025,0.7313285710231809,0.013168860441898071,0.028023070832829833
2598,-0.1494853351323821,-0.15883286003408498,0.6012754108161551,0.73120569616792,0.012522573649492372,0.03229857332514987
2599,-0.23498942248155755,-0.18399647300617117,0.6015069172792759,0.7312457691382725,0.010753356638562814,0.0323688667552447
2600,-0.17357514018932496,-0.19787881200970228,0.6015969901095377,0.7313434943719129,0.0128421283570418,0.030943780494854294
2601,-0.22230587740831226,-0.1543687140132768,0.6018740104131979,0.7312580080786496,0.013792138385740442,0.036321878411229996
2602,-0.1955975541830254,-0.19013338941764663,0.6019967129322803,0.7312219135213537,0.013120190862395891,0.03241606976928653
2603,-0.17585646081457196,-0.16556889470006925,0.6022365584109388,0.7312379589152233,0.010414616227433332,0.03278635032454336
2604,-0.1489440065567245,-0.1746887473065732,0.6023263448281294,0.7313514133756647,0.0129916922911593,0.026137696889823772
2605,-0.13782350925359677,-0.15830264399439936,0.6023649378263889,0.7313227962873325,0.01404214485983808,0.029129516074726063
2606,-0.19100287119644946,-0.19714207775604983,0.6025218315834429,0.7313034063726387,0.01617836153253124,0.031664636728641574
2607,-0.15341291434162235,-0.24714057318601085,0.60266231758594,0.731565564711302,0.01595324142775367,0.030261521427709572
2608,-0.13128584126435006,-0.2613728057674879,0.602698077254183,0.7318039767454431,0.01168875551182304,0.0298815252174453
2609,-0.16605729671957567,-0.20747564156614565,0.6027632986840292,0.7318646412510653,0.013847118595715772,0.03066143947192902
2610,-0.16131678271784633,-0.15084727838752185,0.6028955313914215,0.7318257307602842,0.014068966666915412,0.03028059165794519
2611,-0.1174593763609984,-0.2200754183026171,0.6029381910914046,0.7321107911019387,0.013699281194834698,0.028155676216387
2612,-0.2048540326000907,-0.17521950582880566,0.6030300584113608,0.7321762230435908,0.015467312456029851,0.03136532518855688
2613,-0.1847023151814589,-0.19325976962433655,0.6031386075676519,0.7324230952441336,0.01738227730674439,0.029597380961179753
2614,-0.14858122687717223,-0.22932325413277516,0.6032714630277486,0.7325735270804546,0.015097638294266774,0.032437722953886916
2615,-0.1810808502584326,-0.17952218348868093,0.6034907603859833,0.7325186951887966,0.01194151597306876,0.030306464942018545
2616,-0.1572455144170664,-0.17573570266044652,0.6035481151060786,0.7324578069780141,0.01340695867557756,0.02619861640172659
2617,-0.16882791468109565,-0.20140181843245425,0.6035896884052484,0.732543366510954,0.01508948865329507,0.027484273607974036
2618,-0.11945752049777605,-0.16928925730024483,0.6036498508391571,0.7324833811370413,0.01390003140661732,0.028854221246383805
2619,-0.1612129895144461,-0.19586748451006195,0.6036988000418867,0.7324702964351876,0.012943829345713186,0.0291121820834701
2620,-0.1524333654782086,-0.19606204002803032,0.6037395727867614,0.7326224850482695,0.011552310046475566,0.030353393608812132
2621,-0.16550356753167111,-0.20215019361074457,0.6038662364813498,0.7328153972235915,0.013801673288529954,0.03272886398209366
2622,-0.1892483161004646,-0.25321856445921626,0.6040648735890619,0.7329999554714616,0.01520453504753452,0.03510667995994654
2623,-0.18078472690408495,-0.14699679459845733,0.6042291285378082,0.7330201234877685,0.013272130213155086,0.02697604812779007
2624,-0.17225292582882168,-0.20343877834589044,0.6042983018281757,0.7329910224788171,0.01490224609094817,0.03929308011658973
2625,-0.15308752525132127,-0.21248742116572353,0.6044399552955293,0.7332477215123773,0.015737038620985713,0.032918202329961545
2626,-0.15002335258417532,-0.15687897537953732,0.6045045764255713,0.7332322018300708,0.011931189647219693,0.02665038179967027
2627,-0.1697055065000681,-0.13555478725789508,0.6046126151306332,0.733285703063748,0.01281373909483238,0.028125003323624748
2628,-0.19245522398793247,-0.16736407996500402,0.6048314150868928,0.7332647190448456,0.016714280642304485,0.035852758265160475
2629,-0.21053272160046496,-0.21758251294008493,0.6051088107978108,0.7333978131819177,0.015435545115027923,0.03918601036950824
2630,-0.1408003928070602,-0.14828063422154297,0.6052278865724258,0.7333890114009676,0.01420489586493788,0.029747863290692598
2631,-0.16659907280483055,-0.1980202895689118,0.6053103252276278,0.7334398811904324,0.0138281798551117,0.030281735137019556
2632,-0.1298357732782414,-0.1374032979250301,0.6053618242132429,0.7334421960229557,0.011753445308330642,0.028593762468035577
2633,-0.274823106783475,-0.1967501122685302,0.6058199565809027,0.7335927764659352,0.016746681367265277,0.0304771278027869
2634,-0.167140145150611,-0.1702460160472669,0.6059843389676848,0.733529679496607,0.011871565831872974,0.028626547213096442
2635,-0.1426875626487546,-0.19435792346791445,0.6060298273958454,0.7335535884111665,0.013402963040333683,0.028401317969087507
2636,-0.17146862586110673,-0.1665392051488706,0.6060748727362741,0.7335825214004615,0.014058912582178307,0.027998293033091676
2637,-0.13778475999464182,-0.17645300490697588,0.6061797139932453,0.7336601137178773,0.013788003853697882,0.029589591346608435
2638,-0.16882205794491778,-0.19599888621289974,0.6062582723152243,0.7337700780672056,0.014678881679677765,0.029665428501191186
2639,-0.17384296590807582,-0.1814216855123854,0.6062942735458837,0.7337823797583987,0.013165690681246543,0.03236692807189607
2640,-0.14451266759147385,-0.2409042363641196,0.6063614095859727,0.7339181179987326,0.015465072711496747,0.02910749590288159
2641,-0.18745856696671592,-0.1709673756732562,0.6065583387264826,0.7339038939526422,0.0179910028386386,0.028537131608372738
2642,-0.14892340055794495,-0.2360949265475364,0.6065994078370806,0.7341086766430845,0.014488108777787258,0.03148567826207251
2643,-0.15097117550529948,-0.24617106823275708,0.6067153315417099,0.734357510824712,0.01262683412411397,0.02614014596884933
2644,-0.15768297771137493,-0.20505886387874264,0.6067932353937018,0.7343334847188776,0.013141337726696324,0.02525444014120053
2645,-0.17144762265784244,-0.16679113833398693,0.6068406879020031,0.7343367426385913,0.015304389978333902,0.02535262644944932
2646,-0.14858278231654864,-0.17852519726317814,0.6068838157642512,0.7342814533939002,0.013249774259635666,0.03127808985050115
2647,-0.29796552737170673,-0.18365639244454363,0.6072139871237442,0.7342372718814933,0.014355518380766086,0.027415290201823126
2648,-0.15095491102809247,-0.17058082095430724,0.6072638046125299,0.7342462927889394,0.012212597052071427,0.030453271064318922
2649,-0.20305603313146367,-0.17994226548452102,0.6074406301434228,0.7343551872826032,0.01262068830377522,0.031046780390689074
2650,-0.1400572981600919,-0.17874591195655126,0.6075487210766275,0.7343676189820161,0.01283883156753599,0.029859367395219844
2651,-0.1658909459737076,-0.19310880610854134,0.6076007696185001,0.7344232048973834,0.015513260079015647,0.028230336249806958
2652,-0.18965995895551896,-0.1950082428932484,0.6077556803809055,0.7344069138748884,0.014026581781089693,0.029387186575859457
2653,-0.17623245309686864,-0.16774536159623057,0.6078896179491047,0.7343817721608046,0.013226442336252498,0.03118273338767141
2654,-0.14406060232516976,-0.19666664467889333,0.6079321072607135,0.734307773895826,0.012460510989326731,0.027457169993702527
2655,-0.12698838109700306,-0.18554583004132297,0.6080059381693739,0.7343028613398069,0.014582947191235767,0.02980728394463834
2656,-0.158061008961889,-0.1470704106898119,0.6082026313285942,0.7342704603113456,0.015439382505726771,0.029012570709800765
2657,-0.14269964030414,-0.207959911347164,0.6082510013846797,0.7341850859820421,0.014104122491850474,0.029707801854249156
2658,-0.15324961650168822,-0.18022505562679836,0.6083083226314808,0.7341787990935,0.01262619582182089,0.0316793488905259
2659,-0.15280982877827287,-0.1751775742467303,0.6083917271458221,0.7341065895703738,0.013396183594544891,0.02931067591378881
2660,-0.12195283002186505,-0.14894699419922758,0.6084465441093043,0.7340395585573776,0.013741923953911824,0.03313569320450441
2661,-0.15968483518794144,-0.20507313161572596,0.6085572992528462,0.7342382316584948,0.014170899330599568,0.03286851368343183
2662,-0.16727694996242864,-0.18778034119754183,0.6086603976605304,0.7343388062345377,0.015115029723366598,0.028782871779947008
2663,-0.19421070406106872,-0.1976052989906244,0.6089010681689804,0.7344715008052074,0.01415077023412019,0.02744266192392092
2664,-0.19909150534688558,-0.17226368571005787,0.6090762484911008,0.7345899152153593,0.016140037605618943,0.027431539802553903
2665,-0.24548816961856101,-0.17628277991904456,0.6093676553704874,0.7345667884714115,0.015483120052314447,0.03264560790706987
2666,-0.16841443093292538,-0.1708608218953648,0.6094687054777903,0.7346699263400929,0.01397377735705417,0.028071696543834297
2667,-0.15731616868484977,-0.1544823105403039,0.6095519614407189,0.7346045259951012,0.015039940544760138,0.028864204781208627
2668,-0.1536435648907074,-0.1326736352360516,0.6096195936748892,0.7345027872040172,0.01407802752036134,0.02978109147626227
2669,-0.2305200570241913,-0.10891795695097593,0.609778952315084,0.7344776672549309,0.013927621376213192,0.026987964978632883
2670,-0.17877176022972138,-0.20130459941878182,0.6099138929743526,0.7344514077288096,0.014329847436351961,0.03316813583519161
2671,-0.15255687855064784,-0.18245523503953656,0.6099726663651527,0.7345017355687515,0.015094647500589638,0.03485416750273875
2672,-0.1770221434702567,-0.1834834962128934,0.6100641928948619,0.7345438449785594,0.013258196273802895,0.026388689485805108
2673,-0.15957104466841085,-0.1599922349076486,0.6101286943296048,0.7344849586255412,0.012593357760277398,0.0337018203600712
2674,-0.19592955580035304,-0.24190982472317366,0.6102880835484364,0.7345738116547591,0.01242579840998101,0.030616149061332795
2675,-0.12580208865588474,-0.1638730686952702,0.6103277797692355,0.7345020646798837,0.013567390745796843,0.030980280020401835
2676,-0.1609316922743265,-0.18512512706079676,0.6104336742303395,0.7345656037871285,0.01226233411237894,0.025939676504481955
2677,-0.14845757098208692,-0.18729996276850952,0.6104946554297787,0.7346803644921791,0.013810681129907736,0.031015977642865056
2678,-0.17483423036012422,-0.14924182624480314,0.6105774795401746,0.7347124748760538,0.013288163040007175,0.02830989433978148
2679,-0.19368643108762404,-0.19864183089517445,0.6107406245067873,0.7347938676037306,0.01690953924564511,0.02823716836503634
2680,-0.13559350421384306,-0.1955794990783045,0.6108327777147662,0.7348301896361994,0.016246324151465038,0.02589329646709725
2681,-0.18014735727202327,-0.1599474439424042,0.6108956322129128,0.7349094700070065,0.014827663321055035,0.02847584955193298
2682,-0.14815646829808443,-0.1431634167379308,0.6109846297010975,0.7348897990012754,0.012606990467237367,0.027460068358408956
2683,-0.15421648107471927,-0.20566095318091293,0.6110728387078991,0.7349618203695887,0.013901824978757802,0.032166388889089265
2684,-0.19787748136709019,-0.15251299335211713,0.6111727637123824,0.7349934624546838,0.013420862132121646,0.02445150843501696
2685,-0.16124961484649464,-0.188690999172835,0.6112714180861091,0.7349309033762128,0.012624660374329954,0.0346782094444147
2686,-0.14398146583583638,-0.21381369477322795,0.611310195062052,0.7348947295178293,0.014972360866455032,0.02825248379022064
2687,-0.12969244826901624,-0.1515899086817448,0.6114253741281396,0.7349073923054456,0.012419453868065863,0.029511312102584283
2688,-0.14858506729796692,-0.18398962953647663,0.6115383729187185,0.7350386739826205,0.014674346004795578,0.025477467487184144
2689,-0.18094840520949265,-0.18310237852175432,0.6116478375665236,0.7350905598385258,0.014255245020272063,0.031030047651880145
2690,-0.13529265291639392,-0.14900572523313427,0.6116846763843691,0.7350842683325535,0.014104074843100835,0.024590549143413274
2691,-0.16201957413516885,-0.14748131540387754,0.6118181839010741,0.7350169976624287,0.01398066630230606,0.03002256633226225
2692,-0.20093286648200406,-0.17013976531560127,0.6119175563484144,0.7351283991684229,0.014098251219884955,0.024928391904852732
2693,-0.17058603214184304,-0.12683943866380665,0.6120374500611878,0.7351508499764379,0.014284952528227849,0.02735475526269511
2694,-0.14957579217878758,-0.19543589449179494,0.6120864530344123,0.7351726185385531,0.012717520276414818,0.029506371265232548
2695,-0.12609237486328098,-0.18012232346130086,0.6121322328737306,0.7352072053664187,0.01294444721835188,0.026810299684519003
2696,-0.16070226627941764,-0.15340706416554478,0.6123006030076824,0.7352484166328214,0.01624973207646034,0.029243783388133774
2697,-0.13639233077214943,-0.22449249258718568,0.6123967796080236,0.7352299890901092,0.013803447472762536,0.02914632320453318
2698,-0.16049163918598996,-0.15345559069579415,0.6124649741792606,0.7352198845860386,0.015392833220066864,0.029078551166192727
2699,-0.17514956114172828,-0.16270625460192042,0.6125557570729381,0.7351426040365461,0.015630926500592893,0.03413130246204855
2700,-0.14826128059415214,-0.19085169318787393,0.61264209862747,0.7351613836470705,0.012539245335869736,0.02753053490936
2701,-0.1680887160961714,-0.2112754066149377,0.6127252152333598,0.7350605147552647,0.016232358387131433,0.0317234840366257
2702,-0.16344407084305104,-0.16584249358916464,0.6127614717897301,0.7349626296830957,0.014346024740024626,0.031491285180127726
2703,-0.14709386301973149,-0.17417278137250422,0.6128988493335332,0.7351839918667155,0.015083942322430028,0.03018646711231612
2704,-0.17686072914911535,-0.17024045965719453,0.6129588328941552,0.7351745989505958,0.013330215825687537,0.03093957107167776
2705,-0.27244508095952585,-0.21270368060101258,0.6131412364310804,0.735061025590733,0.01493558526491013,0.029753693669608616
2706,-0.18724133890229755,-0.15835757766919445,0.6132873338130417,0.7350772492103615,0.014308768885344486,0.03398790834644127
2707,-0.14948244253256554,-0.18435682927304037,0.6133380412979619,0.735121891097907,0.015452052153250954,0.029794608528639147
2708,-0.1828140725701997,-0.1545615443156607,0.6133659142401441,0.735002598937029,0.014844265696354927,0.03098366990197564
2709,-0.14342381506083937,-0.15378865253591592,0.6133907546860159,0.7349947169812411,0.01335606778380522,0.033810074204591596
2710,-0.18501322441659596,-0.20663988930923605,0.6136660801781383,0.7351242958518907,0.016378590242614288,0.025902991327018083
2711,-0.13838852891604617,-0.18904328750342053,0.6137343399004379,0.7350381783665216,0.015088616792394994,0.029608886112059855
2712,-0.16760120303385811,-0.22347621014288685,0.6138097613338913,0.7350376458995712,0.015624727810089802,0.03139717836110366
2713,-0.15619624182713443,-0.1998241526047689,0.6138710980185873,0.7350502570646248,0.01477046692282452,0.028795448257368957
2714,-0.2722503887952147,-0.18651324560061402,0.6142166655446879,0.7350959614520967,0.014147172350395948,0.029179405760442253
2715,-0.16240525940296185,-0.18635548481890557,0.6143310628763108,0.7350325905541346,0.017381382184196853,0.03221437369372845
2716,-0.14481139422745737,-0.18125355382135805,0.6143781004839999,0.7350585869612212,0.01642740330435394,0.02837410896050299
2717,-0.1841706016370528,-0.1484052867753357,0.614452953698407,0.7351709323646907,0.01395389134278869,0.0296037593124796
2718,-0.24568975751436983,-0.24344974255084725,0.6146456673922157,0.7352649444808388,0.01285736846047469,0.032134676296762345
2719,-0.16430464016479931,-0.1726511205772948,0.6147200772376347,0.735270631786069,0.012973257164442071,0.027693158563838933
2720,-0.14181828899823037,-0.183159486247471,0.614769892130593,0.7352571069392158,0.014852388353411988,0.03127084434900501
2721,-0.20422699271609582,-0.21835860529191206,0.6149224820719877,0.7352234906555886,0.011300207060268816,0.029939325738181713
2722,-0.16599936885979866,-0.19960276676622396,0.615040949731788,0.7351709872999578,0.013147481863432986,0.029940143984470192
2723,-0.20534762754892535,-0.1592706660132397,0.6151706167356764,0.7351398636464794,0.014275299754765096,0.031006821001620402
2724,-0.17991321285433462,-0.15809052423351636,0.6152914117970939,0.7352341409619474,0.01428341791857842,0.028738860199425193
2725,-0.1833756844868384,-0.3297321817503864,0.6153530448657476,0.7358520550901555,0.01616429062959608,0.036687415046299854
2726,-0.1632714926417756,-0.21994764848425316,0.6154876820362314,0.7360589618180299,0.01344597312676479,0.031741952804064326
2727,-0.17929163459665878,-0.14084126766844687,0.615619450555547,0.7362078941553732,0.012804271566192975,0.02720120904844487
2728,-0.14722600901735253,-0.2272045066384247,0.615725973721496,0.7364084000377377,0.012423776540600846,0.03395145307598998
2729,-0.14247948998577697,-0.15850154263612523,0.6157794411952441,0.7365306888762968,0.015140821586696452,0.03619458333174965
2730,-0.16589516931688844,-0.1761570869155025,0.6159118067199532,0.7365431614833986,0.016144965928213354,0.030158336536389996
2731,-0.13885587291331503,-0.19006354614329618,0.6159654400375014,0.7364293921000349,0.013583242850530445,0.02980880661184858
2732,-0.16682682234265045,-0.15505147608882366,0.6160436128147349,0.7363824150722671,0.01516504672015277,0.024601441422237375
2733,-0.12689831112424382,-0.14002581228838937,0.6161167992364744,0.7363238691564288,0.012964588937880462,0.030972634194529104
2734,-0.15832321784099768,-0.2294266940149039,0.6161954327461671,0.7364966774063986,0.014977334477048621,0.031589954394463785
2735,-0.14035653678232599,-0.18699946908116988,0.616238558423106,0.7365722478141458,0.013921299036417359,0.03337184480677939
2736,-0.20445309438822154,-0.18991261865952705,0.6165020511269449,0.7365373837823145,0.016650422246864353,0.03174842265372516
2737,-0.13781070289089853,-0.15794022580043726,0.6165564425207856,0.7365763903772472,0.013950760690474127,0.02703795676601547
2738,-0.18304057089147052,-0.16786651945698283,0.616706687854676,0.7365815365428012,0.013855226958874723,0.028899076140176467
2739,-0.18723782037590264,-0.15340593553097226,0.6167378686102838,0.7364634134448959,0.01726718277076948,0.03202396760171421
2740,-0.19708930201741232,-0.11741211714141495,0.6169104322177984,0.7364246682528834,0.016334304779479208,0.02736384855624804
2741,-0.17433502021614194,-0.195244276759589,0.617005863718919,0.736533985449943,0.013417672509278953,0.03437963468042282
2742,-0.19773835195014217,-0.21978477710328653,0.6172664860935088,0.736533033411144,0.01422304099733084,0.032622308633833544
2743,-0.1909888383623873,-0.14323559477884987,0.6174972453600923,0.7364780506762886,0.013342615391920625,0.026133190885574368
2744,-0.1921560063195888,-0.16447983717901252,0.6175789195496849,0.7365211881941018,0.015446792166672652,0.02742713911463705
2745,-0.15111316957197868,-0.14406639331864182,0.6176106760431076,0.7365041080866265,0.01585374521959594,0.030565567162393892
2746,-0.14463099089303524,-0.16272531014274738,0.6176629330394022,0.7364801214488077,0.015304625454986391,0.027512036486002586
2747,-0.1539514520919398,-0.15691360606166666,0.6177035432303442,0.7364175952849632,0.014943798207587037,0.027704092596023532
2748,-0.15359388719030959,-0.13744906568511442,0.6177577277396868,0.7363586331661163,0.016644188409099404,0.030335485564899112
2749,-0.1819745894461264,-0.14189254993911077,0.6178051003889763,0.7363409729001402,0.015998000922416725,0.02853864258010958
2750,-0.15585990931816707,-0.16988442009488142,0.6178779349379315,0.7363453638028968,0.012395948604980321,0.02913147434412273
2751,-0.19721527870834293,-0.14042641478069795,0.6179746782688985,0.7363401346473815,0.013509969575844404,0.03000548931549257
2752,-0.14107394995417313,-0.21991988205747787,0.6180446228681711,0.7363738483648182,0.014520560271402458,0.030944822327865246
2753,-0.19773735811477616,-0.20798864552111673,0.6181919893758908,0.7364676845269057,0.01406160526801778,0.0316587939304703
2754,-0.12587432700542975,-0.21090800828452072,0.6182312469240412,0.7364488443806716,0.013271016988221723,0.03650213348603919
2755,-0.14805960507492313,-0.18296471282042048,0.6183252942353614,0.7365020340579159,0.011366202628208361,0.0288083782224326
2756,-0.2341206757912179,-0.18034104156131797,0.6186423993193616,0.7365618362036643,0.016958103598302084,0.031429298800323406
2757,-0.19528172748121425,-0.19000187812172498,0.618692356244754,0.7365343480178824,0.015174382690838198,0.029734889273022286
2758,-0.15588152120408705,-0.16519145100387736,0.6187521160463304,0.7363728132991213,0.014080908995577226,0.03439402677075951
2759,-0.1727755541179804,-0.17791495707089353,0.6189241293565148,0.7364191197537756,0.015932033625691403,0.028848792221543837
2760,-0.14380865354865854,-0.17440129971304735,0.6190037185688847,0.7365304740098098,0.01764555280172481,0.029340004925417024
2761,-0.15960258662140894,-0.18728084562305422,0.6190745993017074,0.7365113888153966,0.01605344071465904,0.03118065240057804
2762,-0.1333517097280444,-0.15463795517024767,0.6191369981729682,0.7366746556349877,0.01559875294060597,0.026527138938693032
2763,-0.15538512467797244,-0.20804942795206396,0.6192071393051928,0.7366617766934866,0.01293342681821759,0.03450703334167898
2764,-0.1577706220001067,-0.18894894900044135,0.6193261686497976,0.7365511537456221,0.01676054046692405,0.032926107615878226
2765,-0.15237647959262948,-0.1809913593595069,0.6194467547396877,0.7364862846546872,0.015833305291006215,0.03152296911622349
2766,-0.14551172342653707,-0.16762480599632634,0.6194843509992806,0.7364805918087831,0.014816192760183434,0.03407888982996076
2767,-0.1323961744709889,-0.19833540223610263,0.6195120725855034,0.7366072692676428,0.014017277560349985,0.02934944058631883
2768,-0.1756647575174394,-0.11794461015429036,0.6196091434089541,0.7365461707533912,0.013975438834179968,0.027080075194841336
2769,-0.1532345969226331,-0.16652530411117797,0.619665958668569,0.7365926186313251,0.01645329561001607,0.03008372921789918
2770,-0.23795095790535925,-0.17686282968765113,0.6198965116611956,0.7365487777836988,0.01498973027931386,0.027379112625345096
2771,-0.13842694607798228,-0.2734051088915347,0.6199636940801825,0.7368663146929333,0.015278995245110125,0.03598351866614621
2772,-0.18229383689338968,-0.15622211341837364,0.6200959243414276,0.7368840229460414,0.016273909127288728,0.02772889526954039
2773,-0.1292400347393615,-0.18578818705618322,0.6201406098019192,0.7370199872487849,0.012393676504912073,0.03113598902032204
2774,-0.15815342275930297,-0.32302267067641444,0.6202032035948731,0.7372656148953813,0.016434270988424135,0.03983377022880234
2775,-0.2001787571290759,-0.19070115644424943,0.6203106259409883,0.7373024619577646,0.014714077932856567,0.03227061692864184
2776,-0.14926923809339002,-0.17940608910505135,0.620383910351907,0.7373849370404955,0.014518361636859814,0.03075168222422195
2777,-0.200064697430001,-0.2088000364838652,0.620557347958096,0.7373451225027903,0.0149200934729205,0.027142319171560698
2778,-0.16259983673853204,-0.1714003968046033,0.6206908361128798,0.737292579229341,0.013056549504887969,0.02809203596909846
2779,-0.1716610889486318,-0.20256837719531484,0.6208124493355387,0.7373671918184191,0.011817575664466128,0.031103977779700767
2780,-0.14709555238522382,-0.18360569269200439,0.6208694294720062,0.7374447533590295,0.014220683484086383,0.03154493928352548
2781,-0.18933974359442715,-0.21225845222022638,0.6210134181556144,0.7375662361095382,0.015228858083121397,0.027903974582784413
2782,-0.20641692870725686,-0.12233839445069643,0.6211819044585793,0.7375181234421927,0.01297831308684125,0.02810209010516807
2783,-0.15226575900771322,-0.18003456515780056,0.6212619351183695,0.7375353666448686,0.016192105102294754,0.029436880545074647
2784,-0.18216705030077907,-0.15178077276760438,0.621276488991241,0.7374583407501608,0.017472465714572193,0.026309364961902997
2785,-0.17663159425486025,-0.14749971684202637,0.6213552263918207,0.7374214100573406,0.01358230573437556,0.030402746254957338
2786,-0.1639096641075912,-0.18181210550622603,0.6214222958534519,0.7373703172692768,0.014590469464081627,0.027935500936058632
2787,-0.19108523075493156,-0.15160337263921667,0.6215608260867173,0.7373443314583165,0.014009908722531588,0.024495456820923335
2788,-0.16672974171053107,-0.18056679866912698,0.6216470455146523,0.7373481728258707,0.015536256009718091,0.03397935638339423
2789,-0.1760298641582214,-0.17747591971498736,0.6217623533070004,0.7373436164258962,0.012379843241728838,0.030586290103717526
2790,-0.15885989641201945,-0.17650834808181032,0.6218837245934391,0.7373284697112953,0.016383923982264237,0.02587142455344186
2791,-0.1664935521244041,-0.22657298032468684,0.6219479963273309,0.7373286433446833,0.015064261783179194,0.031139170473813826
2792,-0.1910739428351698,-0.1608818508148541,0.6221058104912994,0.7372923129466299,0.016693469776444637,0.02933343703198918
2793,-0.23524548268516132,-0.1616149858752628,0.6222396901786169,0.73731518215355,0.01371973473054254,0.03164853633803438
2794,-0.17702375422086097,-0.14385588559232365,0.6223772811245499,0.7372533810947859,0.015045665861181067,0.026095014746591066
2795,-0.19947878715507705,-0.20442236814680004,0.6225531371500482,0.7372249911689986,0.013193731457988848,0.03206280172782513
2796,-0.19875868414798378,-0.17044363734264253,0.6225914494536456,0.7371929039406419,0.01423062765596484,0.029702405817994514
2797,-0.21073297084219553,-0.18058077662934255,0.6227946573361156,0.7371589194624903,0.016121127955849968,0.026121682320295516
2798,-0.18031641945541946,-0.2097046600716207,0.6228633045392926,0.73741373650043,0.012459818871825075,0.029363180385060274
2799,-0.1552112906198171,-0.1918290172613184,0.6229401479201403,0.7374580595820168,0.015658577124073068,0.032853451022028336
2800,-0.1273226831497394,-0.16371598453002156,0.6229821820489921,0.7374115289660413,0.013787365938164198,0.03003794355321565
2801,-0.15252699552813723,-0.1537320333461009,0.6230662426028077,0.7374232231687575,0.013427218245657938,0.032838467621293076
2802,-0.13543334751693908,-0.2264850760418959,0.6231268333239225,0.7375843748152523,0.016933001959052757,0.032705556236550144
2803,-0.16670356223978244,-0.17190524845822636,0.6231826113271683,0.7375930737745662,0.015052018215512924,0.03396641452373503
2804,-0.26239140097003655,-0.15529168669608753,0.6234134316305902,0.7376456440732696,0.01699806044231426,0.02981615594546097
2805,-0.1874243179540961,-0.2830504062733074,0.6236367139025665,0.738001988112518,0.019115476130876396,0.030782096077674893
2806,-0.12890121576565394,-0.21188079074690153,0.6237175227604992,0.73807635801405,0.015900472236315535,0.031021345622794367
2807,-0.16488892135993138,-0.16632437650453688,0.623852795831884,0.7381246489286599,0.016070697739434422,0.032540867336327196
2808,-0.183256267731184,-0.2750284278390893,0.6239332614725677,0.7382071289553499,0.01588017130741527,0.0339909554441527
2809,-0.14545345145863806,-0.18299620882975187,0.623967408793286,0.7381332976040698,0.013617070050013733,0.03006292250404382
2810,-0.1364261352421385,-0.1547147812155104,0.6240196455481227,0.7382167859835771,0.016348145351542654,0.02453636502449447
2811,-0.19160603577551127,-0.14887531934227458,0.6241069747944511,0.7382172123538988,0.019132957865933865,0.024949895909143555
2812,-0.1280751551375062,-0.1399833536806995,0.6241747513471517,0.7381665728552133,0.015646896963905428,0.03252392157856087
2813,-0.1970380992710959,-0.18214382271645943,0.6244540529487086,0.7381120128999099,0.012140440017297348,0.034141637479231775
2814,-0.2233440280984539,-0.19451216439556357,0.62464591313571,0.7381532499104109,0.013099742832913113,0.03479763989667004
2815,-0.17386327518933645,-0.18222995863003394,0.624741015347527,0.7382168489982104,0.012676811455029057,0.027037032435181345
2816,-0.16646255524269332,-0.16057464200677685,0.6248154042377294,0.7381626381194685,0.01587339811324102,0.02934189024874536
2817,-0.14300885766047286,-0.21631255126352816,0.6249007140243348,0.738210711733567,0.01688597700565096,0.02707820984727557
2818,-0.14642815799405684,-0.1728539350874722,0.6249718898740444,0.7383460474664691,0.014908963808481616,0.02372022806173066
2819,-0.1492976712141949,-0.13902201402779513,0.6250169837469249,0.7383164111146191,0.013652024406107332,0.027755824623552597
2820,-0.1915324179189521,-0.20716725510384731,0.6250761605063837,0.7382579252805316,0.015532898709857159,0.03137374450652431
2821,-0.13797240513743475,-0.2056707715724878,0.6251625099992925,0.7381736436497323,0.014059627267112997,0.027510554574330746
2822,-0.21588278171639447,-0.17611266991248783,0.6254266357362794,0.7381825502979354,0.0142776356064242,0.032110737189104795
2823,-0.18446865049816766,-0.1475598097208265,0.6256096783061452,0.7381373415845477,0.016707838231449126,0.028110005627563297
2824,-0.17302928956210634,-0.2026074972119003,0.6257382887091666,0.7382596540047393,0.015341062540710338,0.02742437593240207
2825,-0.21111831071392664,-0.16578762419722054,0.6259118752614218,0.7382109840355889,0.011678472615465067,0.028098069969528502
2826,-0.18013376757121904,-0.17116955448479756,0.6259932527780392,0.7381376576002969,0.015462508089302603,0.02432959414203098
2827,-0.14595071407386,-0.2088529984311953,0.6260099027975172,0.7382700761586444,0.015046351359519029,0.030146646021383425
2828,-0.17881004147884938,-0.20645115581900128,0.6260537753075435,0.7382665891093008,0.014343364134132773,0.032625508567715934
2829,-0.1767471174107306,-0.18181440553445924,0.6261018665733512,0.7382068054093037,0.01643845512363298,0.03230536790766898
2830,-0.1620479871602583,-0.18556759383263716,0.6262292453519679,0.7381345616958527,0.013443500260724637,0.033111509243741705
2831,-0.2157365612614451,-0.20009956744279309,0.6262890290465759,0.7381598678647717,0.018435489440766235,0.02792063455016382
2832,-0.16478407746657237,-0.2189525413910523,0.6263962198356757,0.7382340963048205,0.014011716769879229,0.03213214160808206
2833,-0.1538842001378692,-0.19273013161686176,0.6264614739858207,0.738404133439207,0.013611330814404817,0.029471035431251
2834,-0.16675161029744529,-0.18003316253697885,0.626602096257367,0.738459357586719,0.01658969225042526,0.02837495483018579
2835,-0.16045286856559265,-0.15970709497597316,0.6266801746853515,0.7384285437117039,0.017927736519307225,0.030649045335631314
2836,-0.11684445014898258,-0.13049675686319004,0.6267135792337308,0.7383090391145047,0.013217854848455767,0.028704839680933517
2837,-0.22221840021163222,-0.16072854002433531,0.6268952515155852,0.7382746361505412,0.015366765533655303,0.03171057245519999
2838,-0.16078252905915236,-0.17247053537188184,0.6269462449753416,0.7381485173683805,0.016513356240342492,0.03012203110908982
2839,-0.13463529878129216,-0.2217021546429338,0.626985403055268,0.7381882697400798,0.01341304800998147,0.03662083444981215
2840,-0.21194809591453742,-0.2020918737156653,0.6271913941770301,0.7383060700607059,0.012353361182396461,0.0339393584802595
2841,-0.1423058447187907,-0.1786511845999792,0.6272246323160572,0.7382784090951261,0.013150115660690681,0.0279381216131331
2842,-0.156763630377496,-0.1578847979688453,0.627294864852672,0.7382132036632383,0.013735991875488783,0.029036642784826094
2843,-0.14932427147763463,-0.1781475000436617,0.6273232836351653,0.7381538711327067,0.014583628933567136,0.029888206251134457
2844,-0.12836832980461407,-0.19340778686407875,0.6273678702839554,0.7381444972301002,0.01609569226645743,0.029231669570790444
2845,-0.15882323128644266,-0.18212038574711387,0.6274925673167844,0.7381820031237887,0.01404859919423104,0.027478513953711703
2846,-0.1559467685780383,-0.19555505107050036,0.627560304490058,0.7383374203531219,0.015106359058227681,0.02865020696060872
2847,-0.17542304005584003,-0.16476345111663146,0.6276589086214578,0.7382412713119696,0.015915367167290008,0.028174037016758073
2848,-0.1462386279568894,-0.1959758578111494,0.6276853230146089,0.738373869180805,0.016281207279594128,0.028672165290667937
2849,-0.1340173627833435,-0.16226173290784843,0.6277409953267268,0.7383170845341481,0.013654655036178243,0.03071036318621577
2850,-0.13437420841123743,-0.1570223923173375,0.6277800551078659,0.7382880562006027,0.014429240404518633,0.025774006501692818
2851,-0.16327089642690823,-0.14700952050335483,0.6278646270529855,0.7382347523266254,0.014691163686932808,0.031566116286511396
2852,-0.20293592245079653,-0.1477904038670184,0.6279846821673016,0.7382084247197457,0.015519154855828717,0.024965508217001185
2853,-0.20761443011432523,-0.17885338076224994,0.628051280995556,0.7381126414644289,0.016950757418061912,0.0323557513324368
2854,-0.2223952569046253,-0.13719184229231746,0.6281966942745574,0.7380194743844112,0.01623891321996367,0.027471109035693532
2855,-0.17671410380204464,-0.21564063478376777,0.6282321808894795,0.7380852451312239,0.014670440738296472,0.03158387179299885
2856,-0.18560924645867222,-0.14892491147953174,0.6284563335247846,0.7380257811929065,0.014692891513764942,0.0334007361839386
2857,-0.1946889270963655,-0.15551922937925577,0.6286557769696823,0.7379429488121387,0.013964026378083604,0.030168867070517615
2858,-0.273357200309271,-0.1767191402686176,0.628924875235272,0.7379545002258143,0.015730931183395084,0.029163923712888735
2859,-0.19146824873910173,-0.18237185241928716,0.6289800316515595,0.7381051260833886,0.014253503053049147,0.026923075421412365
2860,-0.17159192545074586,-0.19861717750085922,0.6290103043049043,0.7381236979873839,0.017731431984266792,0.03390637378369214
2861,-0.1860123647983991,-0.24144158532463042,0.6290629958575491,0.7383517079978074,0.014727296533135802,0.03211160674433117
2862,-0.13931193648785967,-0.15942147273556412,0.6291060521343207,0.7383932778945517,0.013166978260428418,0.03547452728301409
2863,-0.15064756868305962,-0.18035077892971177,0.629219894304767,0.7384779084956471,0.014460308483363585,0.031215321937127605
2864,-0.19741942911343188,-0.22271628834994198,0.6293436233205716,0.7383389567125159,0.01404634604285895,0.0332375321944182
2865,-0.18733115356579338,-0.19262515502560434,0.6295303440206154,0.7383667827290599,0.01401794964660486,0.03026861862516378
2866,-0.1384723231723811,-0.23915861327369398,0.6295609821275976,0.7385360561028013,0.01295268698817805,0.03532458271101744
2867,-0.1462516072955477,-0.17055963021065426,0.6296087959524482,0.7384537363265364,0.012774831454985628,0.02828011088447723
2868,-0.19829561287671235,-0.16237811983283923,0.6298033948336677,0.7384568422803133,0.012512341338097609,0.02805398068813591
2869,-0.1426608217877116,-0.229012713693656,0.6298732162196888,0.7385943696662697,0.013968624603336874,0.03240928790821428
2870,-0.16254243373477995,-0.23506422642611832,0.6299908135730091,0.7385743102125115,0.014791582026226902,0.03342364380097896
2871,-0.1810150350086261,-0.2191834872276405,0.6300963411077648,0.7385809448612581,0.015252902972278314,0.03126755889894289
2872,-0.19974948532547063,-0.1895891067455661,0.6301537503011074,0.7386118505424534,0.016980682283523944,0.028152126278756972
2873,-0.17060579647998536,-0.18300716635758602,0.6302889095122178,0.7385610625285088,0.017354096506306513,0.02952112208602434
2874,-0.11656343677836216,-0.18405541500219277,0.6303112718038834,0.7385795723691113,0.01753911578373044,0.028932866644691257
2875,-0.19359816514722616,-0.1562240885390355,0.6304968424895933,0.7385682761282856,0.014518674905649655,0.031981070508492186
2876,-0.17635157579069266,-0.16201314401471192,0.6305782960916985,0.738498220570409,0.013997908349353305,0.027888200346475978
2877,-0.165527201399405,-0.1942121590009003,0.630634239031385,0.7385989670155126,0.015133977268953215,0.0318262915046563
2878,-0.17475066540478185,-0.1401829453551898,0.6307789144265359,0.7384998474518426,0.015679042308130744,0.026348898293765674
2879,-0.16007918451596065,-0.1645494213294841,0.6308079351344421,0.738453362304546,0.017981426155937702,0.028432881366015045
2880,-0.17055895265579563,-0.21133101678176155,0.6308853740938697,0.7384888025884089,0.014841059536408355,0.03081873375395545
2881,-0.1685530208040483,-0.14480248320498834,0.6309219542058448,0.7385181540534916,0.014059467781318552,0.02820729230605187
2882,-0.1609765276509169,-0.16779026198546676,0.6310006988963726,0.7384924375614521,0.01609439313156559,0.026587218661797522
2883,-0.15380982767542517,-0.17807095217374574,0.6310709176596403,0.7383864315283817,0.014309810869113973,0.03266361577296011
2884,-0.15110750173514828,-0.19207808939603926,0.6311039381076834,0.7382321006989492,0.017536230998195713,0.030527719958275128
2885,-0.16854756680947697,-0.19952612296070948,0.6311980343626633,0.7381920150188412,0.014207489358945755,0.029485852719582976
2886,-0.14567764003684402,-0.16299517840969446,0.6312847099693387,0.7381852947358577,0.016779949922226735,0.02990481181564192
2887,-0.15229868043363393,-0.18866940350015243,0.6313053688168595,0.7381962430996143,0.016114114376122524,0.03068167783963702
2888,-0.22814411093178352,-0.17826966506551087,0.6315368432489081,0.7382185887558407,0.014946252464605845,0.02990651397205444
2889,-0.19064763563047832,-0.2015297391561701,0.6315753391420056,0.7381577718690732,0.011548838771528732,0.031146143309584807
2890,-0.16638308240211092,-0.22205091002143137,0.6316357792835605,0.7382552803824627,0.01575816981516505,0.031449947526946215
2891,-0.19258342452160163,-0.20168105145746426,0.6317284457514853,0.7382580663618324,0.014423204607729542,0.030195973056173272
2892,-0.1822247989703415,-0.19127176161003756,0.6317833587503708,0.7382795970037755,0.013984963631045698,0.030486806395690704
2893,-0.17013195582801038,-0.1795708785525651,0.6318724107853994,0.7381956501657143,0.0139034228482635,0.03148713192447215
2894,-0.18218874073495664,-0.126274416881467,0.632010952814744,0.7381136652833623,0.014339785893107505,0.027295482263559656
2895,-0.13182044424612072,-0.18881691724423316,0.6320448137317187,0.7380556933106976,0.014346820396867814,0.037198684909206456
2896,-0.1552855991341563,-0.18326472037567706,0.6320817543399845,0.7381230685389215,0.015195679965376163,0.02609384217303643
2897,-0.1946386599308727,-0.16079794803187908,0.6321367438603569,0.7380796292250869,0.01409968523904219,0.03430026443696359
2898,-0.14109778374575865,-0.15284256746109323,0.6321738728354435,0.7379867655234841,0.016011279551420468,0.031387727034754155
2899,-0.14496037441180665,-0.20556987905200658,0.6322219602940201,0.7381741896467402,0.015389700751740412,0.027837213460920104
2900,-0.17077617434844258,-0.18900608354743123,0.6323438381164439,0.738079821303781,0.015414860950438269,0.028896666899435073
2901,-0.18507071349041343,-0.18909146950757477,0.6325161407714471,0.7379675976504118,0.01654833745159729,0.035512132847636116
2902,-0.16548469176472042,-0.14024358632405828,0.632533265333099,0.7378557360814533,0.014941863130006167,0.028196775563450373
2903,-0.15539214098086127,-0.23191588141400138,0.6325918897255418,0.7379903632053183,0.014216830023144587,0.03122701199161559
2904,-0.14775977814241414,-0.1661708381530946,0.63264939019335,0.7379776380185393,0.015173914346219005,0.028481674290936444
2905,-0.13121040754747054,-0.1627808519905035,0.632711046472468,0.7379687177094013,0.01425704940068015,0.029200104208617256
2906,-0.21549746177980988,-0.1913554342829758,0.6328452288108584,0.7381583312822222,0.015196660639988568,0.02781586271870601
2907,-0.13173689475471845,-0.13592421364239257,0.6329085140574089,0.7381152827371066,0.01626357486987856,0.029591037307314088
2908,-0.14016443110864232,-0.21528678920369165,0.6329772722453466,0.7381477575934161,0.015034260175677468,0.03219607696439514
2909,-0.16737621897698243,-0.13459687678254012,0.6330552983185415,0.7381238511217597,0.015474600300135184,0.028521520444828585
2910,-0.17224308494946328,-0.19708860342472018,0.6331207449561547,0.738077302025283,0.012475570876603385,0.029365362263818105
2911,-0.20895048626495138,-0.14907291545884654,0.6332072264271501,0.73805509385484,0.014057416556379527,0.02786271591253217
2912,-0.1504384333066238,-0.18154487137843178,0.6332520635551894,0.7379609606595726,0.017129757776232945,0.03295417381960416
2913,-0.16057204798290203,-0.18308183007938023,0.6333035460238218,0.737850773518901,0.018338266634187035,0.03328754270768321
2914,-0.1620449648405983,-0.1504055971952621,0.6333961460751931,0.7378337597931719,0.013063397156306753,0.0364549017863616
2915,-0.17525858022469706,-0.20663959423076228,0.63351782099028,0.7378841303463725,0.011387356438242494,0.03376779946073342
2916,-0.1772157945557045,-0.1974465247331547,0.6335935760074461,0.73790210328465,0.013948432540201035,0.03165977542530798
2917,-0.17294187219910154,-0.24748967255552803,0.6336527625944784,0.7381977345642355,0.016298645515417688,0.030625690687056496
2918,-0.1357765429278415,-0.15937136020518444,0.6337320496728561,0.738264843288417,0.012047006832136256,0.029725972911768997
2919,-0.168339302320053,-0.2663333081799062,0.6338213105218474,0.7383404821512255,0.01575958630967298,0.03613575343013497
2920,-0.22072422583168969,-0.20511825417120697,0.6339293739546985,0.7384711332585565,0.015332423024635972,0.031560969951899186
2921,-0.1776139399209602,-0.19585186634686708,0.6340323269509109,0.7384186674173456,0.016312887342648297,0.031617156761896144
2922,-0.15518713126773695,-0.17189731337063033,0.6340765324511408,0.7384202828868291,0.01434563120762475,0.027970937734204445
2923,-0.17127787492752514,-0.17667804015635785,0.6341680560700054,0.7383995161952083,0.016153737565835182,0.03115999788139457
2924,-0.20798653537407855,-0.15082864766766774,0.634246839793651,0.7383178350998719,0.014897276769272588,0.029077114537124988
2925,-0.15228407076549333,-0.1581373418872063,0.6343499231492444,0.7383234145335765,0.011987609651410163,0.032500655472448306
2926,-0.17527855991645278,-0.21589347810805362,0.6344302364514232,0.7383562750386047,0.014689175382590054,0.032473651245356464
2927,-0.2225813817785471,-0.16026658561952908,0.6345508361718118,0.7384261727038451,0.015822232701440682,0.028223565803184858
2928,-0.13965133063389312,-0.2688770395484635,0.6345922272863771,0.7386959530223992,0.014527253499272669,0.029701842415077673
2929,-0.1767847363505254,-0.16717668305335054,0.6347123856209284,0.7386157244860075,0.014510703062098583,0.029451904548158294
2930,-0.13424242487280277,-0.20900478147339385,0.6347876899150356,0.7385858050780869,0.014958732924389831,0.036100015802554564
2931,-0.18714248811790063,-0.1558663456521753,0.6348825836298426,0.7386128594611364,0.014628769562442674,0.0294304942954349
2932,-0.1777496840328305,-0.1455945193135734,0.6350369179791341,0.7385723700137395,0.011895835448267925,0.028935631485228323
2933,-0.1664010200354275,-0.25161589704923937,0.6350923807128026,0.7386416153265495,0.01358397693962834,0.029317740078600683
2934,-0.15677185034593494,-0.23532984977085306,0.6351140393768754,0.7388542644759413,0.018409832056164456,0.033265449429919686
2935,-0.1828019923452326,-0.1436643348672689,0.6352211857735366,0.7389378745831588,0.015351136278373088,0.028117871044240045
2936,-0.16628357815734496,-0.25912718442122784,0.6353087234963458,0.7389256073776188,0.016774210657846268,0.027948655903497644
2937,-0.16164739796111346,-0.19936121090371753,0.6353907852411699,0.7388355392148725,0.014803098004682392,0.03288161948387111
2938,-0.1642030807691616,-0.19032497139165616,0.6355292287274726,0.7388335002315309,0.016022547504716298,0.028735530059662784
2939,-0.1797952529298962,-0.15261442131745434,0.6356858767727303,0.73875746884661,0.017107652560015108,0.030401372710177062
2940,-0.15169168455526605,-0.162915039692788,0.6357980092897441,0.7387501872965646,0.01646134890223958,0.030095331944259434
2941,-0.1884511422883692,-0.18599223807571816,0.6358707260978449,0.7386663280835831,0.013171069759976001,0.03063849025127258
2942,-0.24507806691744385,-0.17477948549609337,0.6361692273621776,0.7385373340509888,0.013080156041102343,0.03259116876139691
2943,-0.17658420746973136,-0.2072122536695553,0.6362659044942418,0.7384993243869857,0.01607514506767965,0.031477383338943295
2944,-0.16857841798233272,-0.25601581668215306,0.6363311890247564,0.738691851139548,0.013922416849528082,0.03248450733534319
2945,-0.1379722336594745,-0.15770545835077396,0.636440274228664,0.7388060371476957,0.01652774271461608,0.02481492035177609
2946,-0.1425419499308581,-0.15829486926036093,0.6364906937885041,0.7388069105014043,0.013684858210573496,0.028804355156853888
2947,-0.21116971522651284,-0.2649879908485492,0.6367340495203749,0.7391997360018661,0.01638718509173343,0.030957211519726267
2948,-0.18656899517855183,-0.1587243986854548,0.6368918864850325,0.7391760190399734,0.015865851145414743,0.02664098864637787
2949,-0.1549916006702666,-0.16322991841490356,0.6370569801614278,0.7392216359316797,0.013299286465025532,0.029960094906073334
2950,-0.21876553771293192,-0.20121557833819514,0.6371888114701538,0.7393790212905541,0.015396267356724861,0.03463044777901277
2951,-0.16019801319872995,-0.17691095233910853,0.6373044799679574,0.7394114471924365,0.015379193268905869,0.031824686949845346
2952,-0.17840120692587866,-0.20612888501146723,0.6374141068012169,0.7393339592473208,0.01542124110947752,0.029233215631910687
2953,-0.1638584332780006,-0.1403463684728108,0.6374516685656517,0.7392716067559993,0.01623255041838138,0.030686986000778474
2954,-0.15988739270292823,-0.2796459809269056,0.6374738215323013,0.7394079115261099,0.014121982619552269,0.03133081053321683
2955,-0.17079967628541487,-0.17040915092288927,0.6375586606422826,0.7394200346703131,0.015307968562718741,0.0275472092597531
2956,-0.18486408659989195,-0.1529655973388169,0.6376793329783494,0.7393455108180973,0.015297515306735964,0.029413758483337674
2957,-0.13521736762364175,-0.16005606822900817,0.6377510212030347,0.7394238929809328,0.015028282015133773,0.031164583458916435
2958,-0.17906703862952308,-0.1980142657796675,0.637879726111698,0.7393391820346659,0.017482005021747616,0.02865644049890541
2959,-0.24653209737339216,-0.15890295973270538,0.6381923638053622,0.7392680455517782,0.018425701366005805,0.029225320413331358
2960,-0.1392639633779454,-0.12784185765562592,0.6382209328806374,0.7391548220051308,0.014501547966826454,0.030466355012077055
2961,-0.15378636156025416,-0.20568665679198847,0.6382522849348332,0.7393337887063125,0.01591528104617868,0.029015438199898904
2962,-0.14875438132981175,-0.14283706274174127,0.6382975898245777,0.7393518237055822,0.015870060127859593,0.029337375647504632
2963,-0.15474592737251408,-0.16234224974402836,0.6383664609675921,0.7392771934126778,0.013968150780092108,0.030443450041772954
2964,-0.13823127364075216,-0.17240193882222604,0.6384236302501279,0.739208811941965,0.01290993017168376,0.02888948036831443
2965,-0.15150502307997837,-0.16177341786222024,0.6384737173559933,0.7393039812933291,0.016920921181728128,0.02797659421598293
2966,-0.1420297098524333,-0.17411178133031713,0.6385201418389517,0.7391788121160958,0.018232097320245028,0.0317569833985671
2967,-0.23193121139625378,-0.27737023331252386,0.6386689078992536,0.7394915860476561,0.016475077619705705,0.029678484247949045
2968,-0.10828735048670125,-0.1476088363126537,0.638705088974937,0.7395245315299406,0.01543114884231498,0.0302426349747681
2969,-0.1694058165299378,-0.16170870383769503,0.6388073906884999,0.7395649534416181,0.014070820284504966,0.02611137808893445
2970,-0.12548960920720337,-0.14807368801102883,0.6388733103301937,0.7394600135247915,0.012029298969859653,0.033342860027391924
2971,-0.18209541100002044,-0.22509914616729712,0.6389642033345672,0.7395194146901786,0.017539425077205517,0.02738078055066681
2972,-0.12806282692264487,-0.14459639324482573,0.6390080765842747,0.739414603830591,0.014994991008538091,0.02747847666891545
2973,-0.18071790041082006,-0.2292285919414314,0.6392254965967092,0.7393300654629738,0.01518993810829288,0.037496191294676275
2974,-0.23354517928324936,-0.1989726917380362,0.639419186363511,0.7392049037099077,0.014150727792354904,0.033830988063131055
2975,-0.22894181665169736,-0.15861241048932476,0.6396728491384761,0.7392270814890466,0.01700737609708979,0.029887713496533772
2976,-0.1620946934373544,-0.14903950717893685,0.639696319999161,0.7391547671333574,0.01807760371391141,0.02697298813408928
2977,-0.18209915581611905,-0.17597578326796187,0.6397843261607654,0.7391478392741019,0.015467690756253996,0.029021023689628448
2978,-0.19005752051460895,-0.15799919258729897,0.6400060961045589,0.7392417226140792,0.017014579367185416,0.025952297317505226
2979,-0.22675026379952903,-0.21279585337892354,0.6400670832666775,0.7394160557639249,0.015526860246006795,0.030817871908849694
2980,-0.17039226735203994,-0.22114595124536748,0.6401415316646899,0.7394858676263052,0.014457725778590549,0.03201569997879686
2981,-0.13567773391472235,-0.16197364332256442,0.6402391403403268,0.7394787281503903,0.013132736516804161,0.0323639661529029
2982,-0.184816880971106,-0.20381261554209879,0.6402945779328302,0.7394687298258655,0.014582318265010845,0.031195487664708407
2983,-0.17106847317539922,-0.2421735241727311,0.6403604635492158,0.7397360114432432,0.015623266875071163,0.028915614101280282
2984,-0.15747644827624147,-0.16916224031686397,0.6404683861471839,0.7397313668741928,0.018611819108874536,0.028390651742713078
2985,-0.1843740687966148,-0.2180084167484873,0.6405248326927464,0.7399526412463302,0.01466406292436487,0.030326940201346898
2986,-0.1870758696877942,-0.23834447904381748,0.6406104622775624,0.7402172979615598,0.013211268125117713,0.033902360894046434
2987,-0.20781494261639755,-0.20635210674813562,0.6408246928567836,0.740376902132723,0.01261071395574683,0.03624803673773775
2988,-0.21036816901589434,-0.1745831206016266,0.6409327941610334,0.7403483917190241,0.01886704835190499,0.028400526940904166
2989,-0.15269304681691742,-0.19623912056071136,0.6410100499695945,0.7403705857494128,0.01776252007293667,0.026527789819528292
2990,-0.18740159083180544,-0.17246780746215723,0.6411256888039483,0.7403001913453395,0.01441308342461446,0.03078063799997137
2991,-0.2324008057229662,-0.19273374294414142,0.6413842821266748,0.7404071028185525,0.014208039166993128,0.029033937233909603
2992,-0.15438301234691126,-0.20491170490978788,0.6414228275221948,0.7405323536491828,0.017894445845225634,0.03422007934365077
2993,-0.1288255509710401,-0.19515077219355587,0.6414975707836594,0.7405693705047661,0.014364247405849871,0.03835555640077197
2994,-0.13281701348338684,-0.1531781878374641,0.641553899861153,0.740414811432997,0.012962748789988057,0.031012075577357388
2995,-0.20933865980239336,-0.15729540097833364,0.6416914807675888,0.7403378015909764,0.01656154088066659,0.030969464555444998
2996,-0.15629989199451763,-0.23029182718274213,0.6417249861406888,0.7404971036711985,0.015468553548649948,0.03219212673056863
2997,-0.17413334959026197,-0.19138002885055005,0.6418021980450743,0.7406136151340924,0.014081201223796785,0.029720236937651648
2998,-0.12797303243185748,-0.25549108097945095,0.6418525812643803,0.7409349622491511,0.01564914542862014,0.029690885528910804
2999,-0.16190834207889193,-0.21634563884287228,0.6418808224978643,0.7410086648727949,0.015602731161232005,0.031329544782752815
