iter,down_reward,up_reward,down_cos,up_cos,down_mse,up_mse
0,-1.4521378949913442,-1.1898725294015575,-0.1238268473028994,-0.12224266946156054,3.754105569861654,43.20545637536378
1,-1.924295756446691,-3.121547560740306,-0.11956302398127405,-0.10914410700091769,5.742029739661244,60.22040338761076
2,-1.5170657528567986,-2.1458279597569407,-0.11692096793552606,-0.09906819804900123,4.482883245308205,58.84877391910747
3,-1.8494731781656037,-0.5165876857120235,-0.11334498423167472,-0.09777257339154093,5.404550890322849,40.36797822315203
4,-0.41560189669738057,-1.1310027941966987,-0.11299717868460296,-0.09337242170113566,0.9120922676545917,65.98401258117188
5,-0.5767328349445479,-0.6436309089461789,-0.11189162749123505,-0.09175217238070334,0.8897497453285886,51.20877320715832
6,-1.2292494359389898,-0.6985320521409337,-0.10948386921102625,-0.08921619029585341,2.4471579731187862,56.06238931236457
7,-1.7033827547475393,-2.6096753851194388,-0.10670004067552613,-0.07711392329443675,5.456181515283434,110.25899075685909
8,-0.5835152195343999,-0.4906292396206204,-0.10585453472532493,-0.07527423715779355,1.200325733283042,45.33821975270491
9,-0.6526738097096629,-0.3454149016500841,-0.10486249997012219,-0.07456092751194095,1.261080507108728,45.11880285939061
10,-0.6531996580956957,-2.1036961751674266,-0.10358745322894926,-0.06627881601237431,1.3201003476775002,108.70583379895342
11,-2.582409544519858,-0.39243767624925263,-0.0981673451360804,-0.06557202821974997,8.816170124760966,41.21375915299955
12,-1.0090879811184221,-0.49691693156925165,-0.09634997439642919,-0.06429014051261654,2.461716051581719,47.90275152230562
13,-1.7253731202478386,-0.8752334307009435,-0.09267941434623135,-0.06169529091579426,4.580484800281532,63.989656600255515
14,-0.6993860343914562,-0.6305248585696862,-0.09153197657393142,-0.05959843325243772,1.200246889376484,50.5497826263369
15,-1.1437545229957566,-0.6493562270174759,-0.08893254558814181,-0.057613350260664956,2.7422296652635954,46.4802865988754
16,-3.5875921841666494,-3.1032065034711174,-0.08263715832925439,-0.04503923010498047,24.717230259448225,186.25699490901198
17,-0.7531400361459532,-0.6824441051541582,-0.08159957449749611,-0.04332283959245696,1.542406331738032,63.899148843213446
18,-0.9919597320407406,-0.45324261399707144,-0.0793999542599149,-0.042296878232672024,3.248781415492924,58.55781902591575
19,-1.6699958994231439,-0.5440185964636531,-0.07540352894974313,-0.04090811394450406,6.107864728278686,49.2077689554843
20,-0.8050189372568761,-1.0952788717311173,-0.07407487496880859,-0.03654449831397378,1.8870709794212137,58.672678727801106
21,-0.5248167646412945,-0.5479297801183712,-0.07321557861389366,-0.0349983754392727,1.8174848414576725,52.5386770189467
22,-0.9259135192941866,-0.6312424348300566,-0.0719824396404476,-0.03317272821213881,2.4064761418023304,44.80116202646255
23,-1.1638779936255106,-0.515168071208006,-0.0701748052172498,-0.03107214109688558,3.1159731213201503,43.98510961557318
24,-0.637396833882776,-0.4305353630908678,-0.06878546428724647,-0.02959612000199123,2.0449475327128996,48.435539941683444
25,-2.533916151870092,-0.5396546154675884,-0.06322477773285658,-0.028174694002733425,12.146805324418542,56.344999451056914
26,-0.5932039049115583,-0.6311645452703992,-0.06237675543686809,-0.025525596446273578,2.6159896348307243,62.79476809535982
27,-0.6491877754708785,-0.43218966827478367,-0.061274789226039204,-0.024334754859726537,2.750176928432688,41.66053071706705
28,-2.1747650900226003,-0.44499931201508675,-0.056547238766556596,-0.02345783359255018,9.42348541154906,47.744717662218946
29,-0.6727933062496555,-0.4274041012322069,-0.05560447317602446,-0.022321515147452994,2.073935387440209,63.69334327853452
30,-0.5360296813428832,-1.0494198409673117,-0.05478218155869347,-0.017427392715909176,2.1739742543632317,57.85366398755791
31,-1.0477608067833477,-1.2157807979158652,-0.052755907930289905,-0.01171122858601994,4.367783439513657,77.9281160249358
32,-0.5126473639514362,-0.3677322618756332,-0.05216855837324752,-0.010944607739422898,2.1964821371428696,39.59812300335581
33,-0.41649220396635567,-0.43472006870445157,-0.05146378525556698,-0.009570044303502322,1.7581207942123251,46.90656855501723
34,-0.8711953221749064,-0.4885931166734921,-0.049817306154217894,-0.007900887264938832,1.9115784469174981,65.0733583640579
35,-0.8806413291591058,-0.32739641420187626,-0.04794195731160328,-0.0072774012343589795,2.912001164184603,33.72195818289229
36,-1.5742393046238559,-0.5396727301054688,-0.04525290525200011,-0.0052345821498813085,8.182417719411223,49.37326280729271
37,-0.39485919888815774,-0.33909029329158064,-0.04480993815597573,-0.00475951115981704,1.65555833927904,38.270142151814476
38,-0.4589622296169283,-0.3526921593771725,-0.04423825734406038,-0.003895084081576086,2.097246535143168,39.625209423792015
39,-0.820490096990558,-0.658600671913633,-0.042842399835914265,-0.002250969094815274,3.4636804360798967,49.29365468925588
40,-0.8241391609314019,-0.6035707879568841,-0.041115199444494425,0.000129084508162933,3.42514383429449,59.61439699219265
41,-0.49983097966490164,-0.5029074303376718,-0.040528051505411576,0.0019216938827838102,1.7811417500672666,51.638445950233184
42,-0.5664164137981598,-0.5671774772069367,-0.0397478877239562,0.004103923442023838,1.9671661701347487,66.33605195024151
43,-0.5516344848818114,-0.4911375896850081,-0.03888514920169339,0.005564754787726052,2.369712332632987,33.92866467570154
44,-0.5716964442100197,-0.30729390099083254,-0.0379006870551556,0.0062767187456088305,2.508136909385317,41.3955509415537
45,-0.34201840731333505,-0.8315468017848561,-0.03746291120483592,0.010302709746705767,1.73534194315032,56.38277417433491
46,-1.5993088878844224,-0.4433792712586945,-0.03459088390854655,0.012030851914766934,6.226014048629888,38.21128215182555
47,-0.6522833797506937,-1.3323595969232793,-0.03360104422593173,0.01702361926686827,3.4119035548272483,40.684049109524416
48,-0.3869174496517226,-0.982235929787381,-0.033012160003508324,0.020322857877299656,1.8694299431470955,46.18248428914458
49,-0.655195971596315,-0.9945178983950931,-0.03212490204891782,0.02385409185359415,3.0400870821613384,49.24024186051486
50,-0.6439159903574248,-0.6070182170988407,-0.031213101783262746,0.02549565328051349,2.078212677554772,36.78775730702257
51,-0.37114356760220324,-0.5098083829083014,-0.030771440965193898,0.02679997810921556,2.1645521681342177,48.42874134572995
52,-0.6423270838645384,-0.4213463545730524,-0.02975745768362462,0.0281012376632214,2.9877040340168377,46.412518691088856
53,-0.8073125773439176,-0.35170105775658,-0.02847766687101011,0.028775524752680706,3.783748931724057,34.06103928224453
54,-0.775990522412027,-0.7471158266202338,-0.02709246930407206,0.03195123404818714,2.222425481419403,49.98040211371992
55,-0.9736816223868359,-0.4225879559378431,-0.025046002867327378,0.033291057464390976,4.105279136813224,44.34950784674113
56,-0.9905368992098809,-0.2712204989497497,-0.023612686512546128,0.03384392460877869,3.62534210105626,35.261565223601465
57,-0.7039801224088371,-0.6379290644551247,-0.022519792387437832,0.035542000386791554,2.096158790842062,55.791472813383905
58,-1.0524173340775882,-0.661167383659719,-0.02086499534795877,0.03734481000217143,3.363749334183816,43.47659517832272
59,-0.6381097123650418,-0.36608394761128127,-0.020061489552373666,0.03856876462323472,2.1460605131878325,35.95931060822467
60,-0.43951326634693194,-0.32861168277936303,-0.01950344029081686,0.039140307323169636,2.405620891104668,39.696281013073325
61,-0.711072613312039,-0.438030481983683,-0.018214716362534134,0.040774096440539614,2.953651846608038,42.64385280061308
62,-0.3766030230669684,-0.7947951945301232,-0.017852658343699764,0.04360600299932809,2.186680966718091,43.469660249541995
63,-0.8047374474111078,-0.5084579596359922,-0.016220586492799935,0.04508332780812398,3.286415197318268,31.5487159088129
64,-0.38865794657156333,-0.49544526200104166,-0.015804547607349107,0.0462243127062182,2.0179713528845804,41.18288558443922
65,-0.9526595265893304,-0.5017636786432755,-0.014126299878194826,0.047904876823917183,3.1648432466110434,42.41899182637837
66,-0.7333487293186322,-0.4667215276622151,-0.012859275068613325,0.04935893191304659,2.4482594346668898,31.478824656553147
67,-0.6383546323394594,-0.6440108945059568,-0.012043025831216681,0.05141761290784389,3.9300740244956716,36.542717533413025
68,-0.4604031020247979,-0.3798178844605295,-0.01151643789815909,0.05255989716397361,2.20526944659142,32.38631165559785
69,-1.4124956764467576,-0.5401227962292401,-0.008888822572326826,0.05414517763379419,4.803948555874907,44.34253891869971
70,-1.2324172184349744,-0.4528825425450332,-0.006686464333083444,0.0557377784072724,5.537750931784214,35.451335152983745
71,-0.5498919669693219,-0.336345884888239,-0.005922080844149915,0.05640013746965054,2.450398280713171,39.40731799217911
72,-0.6369927309248496,-0.7670745732649719,-0.005237983708262999,0.05836616621225929,2.8156057826451777,49.64062981046576
73,-0.3913046340925508,-0.9188000590859579,-0.004777091470510043,0.061550172163245084,2.072021331437486,48.69211377320158
74,-0.748003816476928,-0.44522767242899874,-0.0037587168756582734,0.06331305004941849,2.6932175423995637,47.12078749434966
75,-0.39423365178817277,-0.783165361945709,-0.0033031895176322016,0.06648939660521974,2.3649725961306167,43.84093292412976
76,-0.5672780558736162,-0.6238395896671923,-0.002595501055925996,0.06886056745080907,2.417135086216762,45.771515150347675
77,-1.0662479573569086,-0.4679453114347217,-0.0008217602352346739,0.07031161105007426,4.256065118306849,41.527743850846996
78,-0.8595096446277873,-0.5240467225816877,0.0007409807507283197,0.07182177561833873,2.973612850562744,38.57465744409905
79,-0.5893037511111017,-0.3812938296396014,0.0016436692088216281,0.07298173622211161,2.3317377274183846,33.515186523961965
80,-0.40233385365729063,-0.5101808916390252,0.0020888554570534807,0.07439563189592752,2.3734423161017872,42.85769046822558
81,-1.1216121294791952,-0.42630331837505875,0.004013884254287344,0.07525664145597065,5.624922048010381,37.85662002455999
82,-1.0396528190634815,-0.36784775049682517,0.005665688768665708,0.07580539675159018,5.014080422893521,41.4885226362541
83,-0.34704786485250744,-0.8243134617494274,0.006202807687947929,0.0784060537650592,2.0259531274436444,43.232013924126655
84,-0.6065038286060381,-0.47028578422705697,0.00711860840912738,0.07976577751319143,2.7060728439282973,43.06921280946434
85,-0.6642502523413307,-0.5251810578993611,0.008181752131012316,0.08118600256944847,3.104818476377473,40.84975962678006
86,-0.4742379152618389,-0.3720874757430173,0.008669226519582615,0.08180623742444271,2.18378289151204,39.30124875103095
87,-0.41929028202899715,-0.7830564872639656,0.009140628563244456,0.08405047075211072,2.5271154574270036,44.26592393899967
88,-0.8489830790896087,-1.297539174820155,0.01080186925804561,0.08795873782375571,2.9724766323191414,71.11924340954701
89,-0.6925282349379573,-0.7991389285974461,0.011892374883716783,0.09065656093695859,3.0993185464796653,60.93842936351123
90,-0.8240423452198338,-0.4765624827279905,0.013315931425860968,0.09160046703640488,3.8042024719009677,36.44517846322093
91,-0.7425900240314781,-0.8489471310270508,0.014627929757536934,0.09421155086302889,2.680381909121565,61.211681137762966
92,-0.3674682952922119,-0.41686614239542563,0.015193614909998338,0.09536557375700684,2.053695456896219,38.474209620762515
93,-0.33706889252252087,-0.30865695350563466,0.015445210463074826,0.09623462537339092,2.1349088669991727,36.721023019443074
94,-0.6252141379506326,-0.43535042388932754,0.016376435603192057,0.09714825061782328,2.2470711304920137,37.69076209989112
95,-0.9389544600482198,-0.31118333326765124,0.017921569177321937,0.09783294670454126,3.5427737106402977,32.168442565822126
96,-0.5457701547495922,-0.8233176516403601,0.01869432325657369,0.10084981982741638,2.6287702528780557,44.93652690710239
97,-0.609939141799653,-0.41454707892799453,0.019383110242904067,0.10162715116121201,3.0298276004463167,43.99331737436197
98,-0.44286424679775527,-0.7266233264061509,0.01987732643953588,0.10347089449627286,2.303224463159035,52.8536956693592
99,-0.6754589615414949,-0.38001421604241603,0.021036395717323915,0.10468589941457865,2.8969793388523564,36.70527313541511
100,-0.28548676124983013,-0.8296897206169692,0.02130613623233127,0.1070981687573069,1.677895555959643,59.36596356453876
101,-0.8152353320305081,-0.769236366933088,0.022633623832123643,0.10988809450150984,3.385234429937919,52.391770242364856
102,-0.6095821657904671,-0.3513774061317618,0.02367352538634301,0.11054780969149064,2.4907004922341085,34.07847509697481
103,-0.5700238631769008,-1.0974536568082036,0.024416572311529383,0.11487110960606456,2.926215627227892,58.71378052129481
104,-0.3553670251965028,-0.4013617887449527,0.02467506968443396,0.11565725558145457,1.8267691468476488,41.17361444658924
105,-0.41665231818500104,-0.44938607426389277,0.025115573241787807,0.1168155940035127,2.35736017086072,43.20016500217038
106,-0.8873166258418697,-1.1452430057345238,0.026820061720539017,0.12085409042235853,3.8165321232709495,69.37800620498231
107,-1.2062763140181392,-0.42521841347536293,0.02934013811742403,0.12151495535413172,4.501590968671839,35.6424148204886
108,-0.9003843499237869,-0.6897272879118159,0.03088791245361456,0.12338837953252005,3.56130294506994,54.26619787683265
109,-0.7157284862445189,-0.6376581521525284,0.03216022618603367,0.12562372852699696,3.5126578230684675,52.01213188142355
110,-0.5707895758164456,-0.3438227490777851,0.03293351146363859,0.12604964523970855,2.5332035433462785,39.53623424616653
111,-0.39631273972420206,-0.4049575649604048,0.03338432863601699,0.1267418044702487,1.6933949809177293,44.54847351425353
112,-0.5517557001019147,-0.7774244582082522,0.034090563479991794,0.1298108111121769,3.2990397556521556,55.66147695151572
113,-0.8351985119094006,-0.4270446213332659,0.03551894759329596,0.13127290970976888,3.841847265331242,31.362565564409756
114,-0.37814777489347773,-0.41381133986482177,0.035988142808725386,0.1320193513343253,1.9450489801528041,38.42412068967098
115,-0.5547677187695897,-0.40776226910486285,0.03687868781386019,0.13315594015424212,2.518339917276832,35.24352073326861
116,-0.8530445945161736,-0.6947762449312197,0.03820110634540102,0.13576311949826475,3.4206512058123235,41.455334342651675
117,-1.2901448230802313,-0.3198472783519998,0.040092839163640676,0.13637777011804836,6.913467818785714,35.70134771923949
118,-0.6013658671948374,-0.3941235305819233,0.04101382820300259,0.13760795596168904,2.7777355738391605,31.24957166180768
119,-1.7734742726643764,-0.38653489910285166,0.044145153924945134,0.138481918354227,9.174082390236943,41.227314736523724
120,-0.6732559634925751,-0.4278224569977833,0.04505028324347564,0.13952523930271565,2.878226127690455,42.678747141143326
121,-0.42756689803376885,-0.44838470558088783,0.04544488969282796,0.140401844280345,2.6526577967460114,36.9548822125011
122,-0.4625889796341901,-0.5218310593762829,0.04608624335259967,0.1416310839668026,2.3778860444174117,43.029286100842434
123,-0.3911360817114276,-0.4612223900358946,0.0465437542339669,0.14289246613340836,2.1993923750534607,42.18281042671473
124,-0.4969872153760075,-0.40437030840147303,0.04713397767869762,0.14385540494914217,2.7515819903574044,42.6080779167632
125,-0.46991998808330054,-0.6450544757210338,0.047779374964134716,0.14583167784302245,3.0296840354124903,52.03271388456021
126,-0.4521411400164681,-0.4289872609989121,0.04829897618179836,0.14636192293207806,2.8517347175589487,43.182035073853946
127,-0.3827340575051111,-0.3383672092897425,0.04874131696212199,0.1467814283141146,2.0086191377822247,41.194335748474955
128,-0.3950336210086671,-0.6732148230047857,0.04921733378458659,0.14926696304192097,2.444114886629922,39.79163255936915
129,-0.43809111354779295,-0.7119968419407431,0.049794304596256576,0.15134630771845056,2.7684113597477626,48.91272620468172
130,-0.43064715988591,-0.5731987142317212,0.05030215577063105,0.15274811784262637,2.5411739330375664,46.789800844965484
131,-0.37039161175763535,-1.0130936326873663,0.05074926957164568,0.1559408510523788,2.2487474347651317,70.8605375803006
132,-0.4237815684074127,-0.48958150455371285,0.051287318298181686,0.15705902565956506,2.416584147986492,51.974037645170505
133,-0.7016557363470046,-0.5012323331003722,0.05224555798245481,0.15819950222438509,3.7616466461293734,45.977091444936
134,-1.1648624078943113,-0.49758191385327516,0.05423565416974068,0.15907583077532517,5.675255754802791,56.70918148231818
135,-0.30748717507290346,-0.4215537387851915,0.05446016168147259,0.15993487764592745,1.7688183330213094,43.888354208470155
136,-0.5003502867831258,-0.43312667189258136,0.05505154146381602,0.16085247142458328,3.4372285977570027,41.66229179823587
137,-0.66550118887856,-0.33152543845935106,0.055901457780453696,0.1613688997373178,3.4465538941158016,38.490695949264
138,-0.47636154557943455,-0.5640512898540181,0.05667622724034823,0.1626145695368098,2.6027724111065984,53.77907627678245
139,-0.4610209146822807,-0.5453426348483386,0.05737072640235008,0.16416271952737185,2.535006215993932,55.29786990462031
140,-0.4410943143825433,-0.721309550112003,0.05781157493542821,0.16595877699530187,2.0713255380722746,63.84002385131545
141,-0.5292434690028649,-0.3861177452758618,0.05866900066758184,0.16683360311013412,2.8813475247992377,37.81995560856994
142,-0.368522712804273,-0.6732441495385368,0.0590660356344806,0.16867819598941328,2.4800808568770325,62.8642230970793
143,-0.4508623354611607,-0.39172988551770793,0.05974890506290098,0.16972234290136232,2.126368703737979,41.53805123620816
144,-0.4413685809075845,-0.37323032920229193,0.06037591633123966,0.17045047874663255,2.731857987961807,40.76122638298986
145,-0.8053866532276459,-0.7096988657104019,0.06139965361606149,0.172936789979644,4.323525216048173,60.09502951657967
146,-0.6217702553673257,-0.30003720718404014,0.062418608310176024,0.17375391063270232,2.918801488795705,33.687520692569194
147,-0.5636052168708442,-0.45464505554991086,0.06299560629398113,0.1746718837999415,2.9747587930664143,53.15198691699508
148,-0.5625682367441837,-0.5610377932313797,0.06387147697117544,0.1760856200066039,2.700739210224584,46.65295497380878
149,-0.35631158522013046,-0.4231232681048667,0.06441897552006577,0.1770467559690158,1.9786784818057734,44.9167618465022
150,-0.3853144110379444,-0.5462156406339268,0.0647950284500935,0.17830102330009762,2.448418308230557,53.05900209677146
151,-0.5144763260296896,-0.3405142360976382,0.06536910004070678,0.17899225857545464,2.455349719836085,39.85177338081444
152,-0.4654259752501646,-0.29490951462741943,0.06588035271452983,0.17954089134266932,3.470116652501596,36.304670956922585
153,-0.45523152528538197,-0.48892735415037586,0.06645590258683506,0.18069201829568554,2.6348998243764954,40.42210096544809
154,-0.36366778519052734,-0.48560449642007136,0.06678073956399405,0.18240913928582123,2.655126270770397,38.198676111866746
155,-0.45850222121403156,-0.41245344491827407,0.06726824223831658,0.1832909193840463,3.251736924083233,39.683794271233204
156,-0.5231515433433988,-0.6015664772239234,0.06775222353050844,0.1850768046025005,3.144841646943639,54.5896658870103
157,-0.6832734538944424,-0.6390202422625361,0.0689008948089921,0.18645666516862688,3.5457652574844865,56.08068124853306
158,-0.40296778350334345,-0.34283475186121093,0.06936326860911421,0.1872536148238088,2.5409985351490088,41.2925756617671
159,-0.36870881508901243,-0.6328348605291128,0.06968819720825485,0.18908516577171486,2.5854452944103334,58.32650090489905
160,-0.29980503943289916,-0.7470554122057936,0.06993996167900568,0.1917244064245753,2.179059781389164,59.744576847985215
161,-0.44786898492424315,-0.4056659617901809,0.07047087758774292,0.19263444184570658,2.2701902489717805,44.75441871264536
162,-0.44906966908063944,-0.32291673685092315,0.07085512298950117,0.1929816512440386,2.648114324626488,38.71417516959303
163,-0.6443398482866357,-0.6000037841691007,0.0717721930625504,0.19491958123779585,3.6891409486239612,44.71533127547964
164,-0.33902980223334145,-0.28951466496256467,0.07232073282324541,0.1955118945979887,2.1313173081301175,36.52112991763522
165,-0.9720743572748775,-0.49763439711741514,0.0739330364531199,0.19698236904077443,4.763028370519967,48.69645894685112
166,-0.36836087556738395,-0.38210095420437595,0.07421470917950515,0.19797133044247,2.8844312576086217,41.06644272854368
167,-0.4381257952518038,-0.3673457818606212,0.07455124001290123,0.19846730751376243,2.621178298709448,47.136117087619844
168,-0.576215390891984,-0.6549016014370936,0.07549509951937332,0.20104046741035345,2.730220495109655,67.97256035853898
169,-0.4986247908655833,-0.3680796956632229,0.07622256186278384,0.2018416376253188,2.5932460467817764,39.65668335184874
170,-0.313446083163504,-0.6535898068794489,0.07643597627434404,0.20315996642335743,2.371215981095143,54.073505860632956
171,-0.8443318683016583,-0.3141571419962457,0.07765383623031846,0.20352405697992987,4.621404857350178,43.042797848564454
172,-0.4988516284399322,-0.6614367614919737,0.07826895355389601,0.20591447512291772,2.909743855698181,46.901157317501195
173,-0.32079891236483543,-0.34434991191913966,0.07848801783889192,0.20658210662938356,2.395439651651525,45.76615025180663
174,-0.7386521906700805,-0.5337506076680181,0.07963616126365468,0.20742672973426432,4.014747554954706,45.447410466901715
175,-0.4328360062019972,-0.5415660527842819,0.0801945613128811,0.20894002721160693,2.603749112366914,55.214982350270056
176,-0.3800840740956587,-0.4320680950068814,0.08070440408609533,0.20963402606651302,1.9972277869844681,43.524474036406815
177,-0.49968143177098145,-0.6137213576642954,0.08144629825531359,0.21168954756213706,2.747234791094326,57.10635907111002
178,-0.4775718368414771,-0.35494657557644504,0.08220949197177393,0.2124059461838931,3.083303956233667,41.88652669411579
179,-0.29514935771977796,-0.6199963169180139,0.08250696350666196,0.21435821861239726,2.1176019589655932,44.6072202148309
180,-1.2885911270161186,-0.33415087674081984,0.08498174116699822,0.2150283540335446,5.913800773426835,41.506559196024384
181,-0.6869710232272198,-0.6116948994293484,0.08607147470581082,0.21681779452952388,3.7996706915840335,59.07076657048855
182,-0.5536534181951885,-0.2974499757065656,0.0866794571227515,0.21723835378656053,3.160235736438519,43.54376275052372
183,-0.42680107608597406,-0.386836566193555,0.08692559565223812,0.218293790545804,2.836993040875684,40.78222887168601
184,-0.6653133208128079,-0.6033641406414216,0.08793841636871615,0.21983595313028195,3.4449322623698633,62.289802775497776
185,-1.3428758046064329,-0.3888392177122303,0.09055900664034705,0.2206909131020432,6.214809590846467,43.55791928150822
186,-0.4270649120268778,-0.34881966779329227,0.09079906088317592,0.22104036587803944,2.814517586751591,44.20813335515812
187,-0.730311661856432,-0.41094033546621206,0.09216336667774293,0.22142167935087104,3.969126506475595,52.10611295995912
188,-0.45753694132482814,-0.36926586078613044,0.09262757058523424,0.2218329943681256,2.851844056501811,55.299611521487876
189,-0.774604310869931,-0.6666939212273013,0.09381737550128254,0.22436283822260464,3.732535993244752,44.33778162540012
190,-1.0343406140044296,-0.9204263850884872,0.09566300766515659,0.2277504818133992,5.352157270985628,67.72170923187657
191,-0.49390453292923675,-0.3350991498484609,0.09630703537743643,0.22796509204930082,2.9296468480919886,48.587565595276466
192,-1.0178611608895451,-0.7059357921879205,0.09804234460766087,0.2295426688031677,5.110910910114682,61.73408512197163
193,-0.35867898204278775,-0.3589186392624185,0.0983190859750331,0.22994182384742753,2.650813008582338,43.01280249425782
194,-0.6120929884384122,-0.4715491687172261,0.0992482752111209,0.23162113978829144,3.3623077449028322,44.66805686216634
195,-0.33437474613345464,-0.6772735639625483,0.09951724579257795,0.2336539502204771,2.4877408741555214,70.77802010317286
196,-0.31699944073605507,-0.31270540505829353,0.09985631928388414,0.2339667037409888,2.1113167358170113,47.713026019181015
197,-0.7425651735609883,-0.3601397843337437,0.10124485139639827,0.23497639155297984,3.652253760198864,49.84844479264743
198,-0.7888080227110361,-0.5790761482560519,0.10240014780221009,0.23692650761467426,4.671828846908843,56.36345055417471
199,-0.6412207015592776,-0.5805994350789937,0.10301191257260997,0.23838975488433597,3.7403657085356374,74.97335994241543
200,-0.4591742443592269,-0.5323692037942885,0.10356760700195028,0.2400156232826334,3.0152681446207406,51.16996695689752
201,-0.7261883892745924,-0.34331992891543667,0.10461033423559472,0.2405290225281423,4.350811115100859,46.726622123555856
202,-0.5957487078343927,-0.5992646944674982,0.10539147242288269,0.24239689728583266,3.2381045946007663,65.39012126269962
203,-0.5255929092778485,-0.563724440349989,0.10627785135808424,0.24424432743445482,2.657241942360685,55.5846695452518
204,-0.4049644286023284,-0.43064623123485923,0.10669210609422279,0.24523603041668934,2.734950564942943,45.83189062733621
205,-0.33769952139955134,-0.40447162577858076,0.10696390748305712,0.2461580691695812,2.8831077930759337,51.72271396012126
206,-0.7876400724156586,-0.6352806220921455,0.10811658968512594,0.24770905435393337,4.51118533369582,60.83837087529576
207,-0.7308000966177248,-0.4730688836355622,0.10932624273656068,0.24906077266490018,4.209012166362007,58.36869592984246
208,-0.4599820372679021,-0.4110150505109357,0.10992214896128212,0.2497698838782634,2.7089902710728087,50.569867225536036
209,-0.48254849811975603,-0.9194195325974619,0.11059035333574871,0.25263166407129,2.833675572881545,75.03014364769153
210,-0.6201728113465816,-0.46967439054535987,0.11141894611868217,0.2537412729698666,3.885167145436168,46.910803459470806
211,-0.34866075392161755,-0.40562185014629315,0.11182106798289887,0.2543940144771995,2.5573338264013987,49.48765845539633
212,-0.4066209109551563,-0.4709242201891733,0.11228252741820811,0.25526412919031255,2.748125404248688,59.82686694285094
213,-0.6299964554305454,-0.3378479121927783,0.11301748824005908,0.2558703770846682,4.124676510026533,54.297667173802616
214,-0.3916661919027831,-0.5683447208969138,0.1135766756992409,0.25793835692714207,2.5873630229570086,54.03995822884918
215,-0.4471166810917153,-0.4567820526863529,0.11416253495483132,0.2588082563590869,2.3784179238965404,60.060665568570926
216,-0.4606021330394148,-0.352879600226768,0.11481360041564678,0.25930554662937055,2.6355226160061536,49.53554278546519
217,-0.5640374543935824,-0.31900511026494544,0.11568677985537087,0.25973837152879004,3.256832051951232,46.53105501469765
218,-0.3636211764571374,-0.41727843799976105,0.11590409045608059,0.2604426592405667,2.589200964985485,47.161207342716466
219,-0.4276384934779715,-0.38373322599879334,0.11639709436477531,0.2614377081242274,2.724883904529146,56.25030099390875
220,-0.42777055995443247,-0.4056824174650254,0.11681514984879365,0.2622751853865092,3.2018420497057796,50.699985200813416
221,-0.6138674782733148,-0.328758310916044,0.11766907147699052,0.2629965494957008,3.704768968130269,44.144760898796264
222,-0.5734190262665326,-0.4019654001278236,0.11844397392887687,0.26387230801097356,3.81812306204211,55.33389718287246
223,-0.39484524199822707,-0.3754433567808711,0.11889631028855115,0.264772480479348,2.856020954441861,57.45216234164301
224,-0.5249441493856994,-0.36551354821452325,0.11945849616326522,0.2651004394491412,3.55255937861225,63.8229050415799
225,-0.4821359911377991,-0.251536880148669,0.1200824529693683,0.2655420534139472,3.285506144498397,44.98635101008135
226,-0.5995127857352327,-0.38347461308506753,0.12077664367775856,0.2662137149161197,3.852067853583914,56.030390500857536
227,-0.3205251566513753,-0.34629776707571996,0.12110258593158926,0.2667850904771924,2.809178687982828,40.05143178374064
228,-0.49081997159840596,-0.33801834845794715,0.12164147742350298,0.2674087636548709,3.2089698839985985,36.51778200697616
229,-0.6722468470870893,-0.3678349549194546,0.1226290705927701,0.2681954994154043,3.8724027185849916,46.116435147199965
230,-0.830601563534412,-0.5338002268640121,0.12399432148446583,0.2692919832534564,4.86544124617011,51.94854308152257
231,-0.45847011710960234,-0.3304166578694401,0.12453505465538703,0.26987668976408286,3.0075783929030324,45.78294534549039
232,-0.6259716672991006,-0.2734650918717815,0.1253047615212641,0.27014970892010126,3.8489195269270775,43.10895404735143
233,-0.6109700589390306,-0.3337775014190099,0.1260410381813962,0.2706156172211177,3.8001792873556086,47.061443199877345
234,-0.34665107953774477,-0.35044824377242606,0.12639053561988448,0.27133647122559923,2.912579726603382,47.515311753821905
235,-0.5431243349548842,-0.40884908598279357,0.12706584119625836,0.2721513003448728,3.6932990517447184,46.654692841345614
236,-0.43568803056364436,-0.3412277966364167,0.1275249208899576,0.27251422982660034,3.0383688609959423,54.36909278864423
237,-0.949657663512985,-0.4127976696159708,0.129535709114058,0.2729796306362901,5.088493537739619,57.96626015521199
238,-0.5074665130691349,-0.7173081709045335,0.13020400501650745,0.2754138726326168,3.314399043571193,80.54138629778473
239,-0.9721202281707058,-0.42761311611371783,0.13201204368637395,0.27619174779850497,6.125581475379542,53.31521562878601
240,-0.7012454026042675,-0.3809295770747201,0.1331205946281934,0.2767354204010637,4.50441444224745,59.02343334369319
241,-0.3833235367301478,-0.42425464304452115,0.13349144546303418,0.27764550194999865,2.7874509229652946,57.45506102046725
242,-0.41425168504802823,-0.35118029640962867,0.13392027160883938,0.27839698406140817,3.1317430731183835,42.21922652655752
243,-0.43345173899493783,-0.38694471933613683,0.13434617122325063,0.2794351058948088,3.3106935277112606,47.84060980322803
244,-0.3952027987558204,-0.40320374981828705,0.13474320574220494,0.2804772395786647,2.981862491612767,52.99327517167408
245,-0.42940341820841516,-0.3590961975227948,0.1350781869496465,0.2812477682545011,3.6506443197118608,51.26210747098898
246,-0.5152453685514743,-0.41887496061831675,0.1357022730745018,0.2820954116447095,4.186150860407166,45.75947348334749
247,-0.8374576034304957,-0.34845956782309506,0.13719355468336802,0.28295114852173886,5.2065980194709525,52.343277387381754
248,-0.39855823247326705,-0.28047671230863763,0.13744683317062611,0.28350195187466687,3.206608333323659,45.05239636763482
249,-0.4118220729647676,-0.3868747447744979,0.1377828833521679,0.28428225647234023,3.1554282250647256,60.229636476755985
250,-0.49025074532852964,-0.385204286322347,0.13837041067141959,0.2851225924597146,3.959926627759292,45.35045384270649
251,-0.4583069808011537,-0.41375650957441534,0.1389654944365884,0.2860913252069812,3.662010354726009,52.31224038626588
252,-0.5085175813496136,-0.4043685619803148,0.1395807821642949,0.28701475629384415,3.3638127227279373,37.694982293598294
253,-0.38244709069043586,-0.29424151176289104,0.13990905527123165,0.2872828301157394,2.95149893724392,50.2669446197885
254,-0.5947573615127297,-0.41875873655248314,0.14068322507926967,0.288404187235965,4.07810314821903,55.76116623027485
255,-0.38395659050179143,-0.6501108453235404,0.14092610103100803,0.29073771076507315,2.7529080245334367,63.095370547105325
256,-0.6492522364818137,-0.4217043938903753,0.14184939805186356,0.2917859201283902,4.196530807652465,53.087992613255636
257,-0.4369099873861671,-0.460762351848155,0.14230791202077475,0.2927122649010357,3.545753173925044,54.534950394937624
258,-0.6667326898919858,-0.5842292291714657,0.1431378756939127,0.29418326592522054,4.02420091867885,65.61828626361222
259,-0.4330297250123694,-0.4564173151662197,0.1435547493011953,0.29508893022096244,3.4203808071953543,44.553166840990365
260,-0.5215505973870043,-0.3097781608233026,0.14408548290930365,0.2956098718497572,3.9261228181946537,47.175238073105795
261,-0.45121105217931246,-0.32787277277911825,0.1446837718173832,0.2963120143290498,3.376908681146595,49.15597576573076
262,-0.29892568400620495,-0.5824269106932903,0.14494894899857214,0.29771604781277566,2.738344320059292,70.09144872224742
263,-0.6164150775784765,-0.304743108522198,0.14576526503908457,0.2979668581928425,4.321526758061574,49.770235941955605
264,-0.34573995822661735,-0.3104693577899021,0.14601877404804228,0.2982652659259442,3.2539543311577335,58.84189816305168
265,-0.5617946996261383,-0.27632660880105686,0.14673805902044407,0.29877680837551124,4.195205529922074,46.39438125889888
266,-0.6414748206038771,-0.3552705326419461,0.1476824388525599,0.29918469765447564,4.495992877762295,57.40991764559155
267,-0.6136654597063949,-0.26010704567050236,0.14866507986474883,0.29939510643224526,4.330425262794102,48.5280633253052
268,-0.3277043598705933,-0.376775320199338,0.14887858833348602,0.2997591511195637,2.8585567674169408,66.56182362417955
269,-0.5793431012996362,-0.3602593932064388,0.14969975127504379,0.3004184526138231,4.788254408891676,50.45012904588361
270,-0.49957110389462367,-0.3669465953531795,0.15009717976663836,0.3007538987360662,3.9609390780160605,59.60877113909875
271,-0.4353752736619814,-0.3454337813170679,0.15054857860969348,0.3014950059044748,3.40709920009648,51.34648491962815
272,-0.41186623524744853,-0.31453525755273626,0.15088537589702858,0.30201546995611334,3.7303109321828396,50.93579124555178
273,-0.9190926775071763,-0.3506669562512236,0.15241406084664064,0.302797461555558,5.774150677528426,49.55865868815587
274,-0.46197687432035206,-0.3813798151555328,0.15295142807387768,0.30318898458399,3.6925070451805495,60.85981119983056
275,-0.3620283511464154,-0.3506541931941548,0.15320122865060382,0.3037412252778074,3.3782883659643526,64.78268584042155
276,-0.653090037440438,-0.4023138236025748,0.1539783243075451,0.30436273647931267,5.060028756802527,58.84390607753284
277,-0.43056770968881375,-0.5947021933777911,0.1545751819958404,0.305596108429195,3.7476141724368137,73.71333505375455
278,-0.413470582491638,-0.42712601763674685,0.15486932846600207,0.3060629293000533,3.2637409584049664,64.564284243723
279,-0.457929781640252,-0.40324058032505083,0.15554461367632746,0.3068549082839127,3.6940546681079005,48.13955958254009
280,-0.4857804360467055,-0.46642487372247404,0.15590377084581641,0.30785046945513206,4.2161872317964795,63.26300024444009
281,-0.3944061416536973,-0.33244491613090715,0.15634192253891624,0.3081303424406136,3.4620338408034375,55.76594028396529
282,-0.46090152098587817,-0.4133345316650987,0.15668885218412468,0.3088789932080406,4.518341859418537,60.565417752658824
283,-0.30054234909012717,-0.4027289766336457,0.1568987975340915,0.30985406327963994,2.684245253854262,54.335525276265834
284,-0.4242622202406326,-0.32055641374347915,0.15738875120261617,0.3101962440056321,3.654508149241953,57.50662646113052
285,-0.43855611753614815,-0.4810222711341402,0.1578960278829874,0.31129216244510766,3.6967367314853496,59.98501335186181
286,-0.540692074159058,-0.35554057548192736,0.15849876574954955,0.3116732142732427,4.300327071678206,61.23006952142989
287,-0.3582694028558185,-0.47769774481631555,0.15890528945878002,0.3124037039624888,3.1727068569825816,66.93686698090168
288,-0.5578496305508822,-0.5349527604882162,0.1595683058741114,0.3136098393263867,4.616505022712352,72.45408768061974
289,-0.4357400910958196,-0.3441720306200034,0.1600281901057115,0.31398200541771215,3.479125428916991,54.27742767103103
290,-0.551890563092302,-0.46940644391477815,0.16068463546881373,0.3150697078061597,4.735408616401515,61.24047682994703
291,-0.42454885472793696,-0.446333105258577,0.16116225631411124,0.31592759945164467,3.9609427271622892,61.29717196992566
292,-0.6878786847616478,-0.4632155296495214,0.1622090379358502,0.3167694759410816,5.454430719303431,69.15426275838274
293,-0.6984063293984607,-0.32052677526456,0.16340941270705614,0.31720680618685704,5.52974316413733,54.815807020394374
294,-0.43747403185284295,-0.38929760432357763,0.16388469980553133,0.31807475351319275,3.693205055957124,56.60308004891582
295,-0.2974411013035723,-0.4333045532899983,0.16418593101571058,0.31931371641384243,3.1244612011152095,58.394755940807315
296,-0.5393055151727174,-0.34853393086746176,0.16479209415301832,0.32001739102908977,4.77658823687338,49.82759349213038
297,-0.5066862577940082,-0.348913540296305,0.16528583227464547,0.32041654929369257,4.3834352467722235,63.37051803446588
298,-0.4701639120812972,-0.39476466199196986,0.16585411326984795,0.3206609814409502,4.159381590196526,70.95538592798133
299,-0.35184544350231317,-0.3036451381660793,0.16612535266144227,0.3209791028281178,3.720999514420627,49.88724695951684
300,-0.5772776740853697,-0.5797907454078216,0.16696671330087418,0.32242489521839685,4.590195344291401,81.27735767871755
301,-0.5058322840615884,-0.3529716131006048,0.1676572880747683,0.32302172143103464,4.21559583336482,57.83553652741226
302,-0.3356994377123305,-0.3994059336807945,0.1680327122141458,0.32394339934669064,3.456046231491367,62.3183089558444
303,-0.4017271677615547,-0.48236475129636563,0.16843765717698123,0.32481854603050964,3.8952798734403182,84.39907968008158
304,-0.5234543681736298,-0.47624354117024026,0.16907382726184328,0.32597220513623826,4.432810993078268,76.70338861644315
305,-0.4671179265962555,-0.47809403330242284,0.16960262008724658,0.32691830697866714,4.02064562624685,68.00951437894709
306,-0.41381366370385425,-0.49200872115097694,0.16997158096990572,0.32844420264901364,3.8761013373584268,59.13705089888014
307,-0.27082244735716265,-0.44999011607620615,0.17018966759717147,0.32910647562816353,3.206521099469646,68.7813357571953
308,-0.317499609870686,-0.313252689593642,0.17035821941192264,0.3293438269408811,3.3951396412719457,65.69527084261564
309,-0.4244613836456802,-0.3897945877951705,0.17087749864727358,0.32973642742693365,4.202129219807184,62.45197425340049
310,-0.642756977012775,-0.3949772682297936,0.17173473453312182,0.3304334392975687,5.340435729136386,63.63117538654755
311,-0.37198236890388225,-0.3557189954496462,0.17210349411286652,0.3313017128225039,3.712988163491158,51.285888818606836
312,-0.4228907726954992,-0.5215427724669749,0.17245142031815136,0.3325120942847217,4.481939473863312,78.1116047405977
313,-0.5364449801394636,-0.5027990249842175,0.17308554991598527,0.33409916181189386,4.643376324440681,78.40869116638132
314,-0.8783270806149842,-0.32564699191917235,0.17446306061327266,0.3347340708453537,6.790562238885801,60.22004671997505
315,-0.4851047669460697,-0.5382337765043785,0.17506255247234545,0.3356445238514045,4.497519506945738,74.01712396941063
316,-0.515258056698241,-0.6447361272869777,0.17553759400616026,0.33799595924705994,4.407400795881477,81.06310925522274
317,-0.8058428083741029,-0.33517846132397583,0.17681476414204544,0.33857809751549245,6.518359672031741,61.963710386425234
318,-0.4720890046112472,-0.3937771037312567,0.17735440293280566,0.3390548823995555,4.785755387083121,63.48254237296531
319,-0.421386123665195,-0.45127977588424606,0.17762072004458096,0.3396663630541861,4.180866266629626,64.81705674880091
320,-0.6143011373978982,-0.33439415043138215,0.17851176664549143,0.34011945409853966,5.113330993014743,60.4106597009568
321,-0.34387400564693765,-0.4318205146588809,0.17874176228197391,0.34086181166007784,3.9000627149895704,48.72527129784232
322,-0.6117840121061966,-0.38912121467938837,0.1796918874939832,0.34152236983222284,5.218017948526808,60.05443838050788
323,-0.54583578433087,-0.3630557948753086,0.18039552147522622,0.34185018302971437,5.024972452540032,56.861380235027134
324,-0.732522690323734,-0.3457425216660057,0.18153840670781274,0.3425260064805146,5.72853236516194,55.26056013408253
325,-0.3375900855332678,-0.5551325889215859,0.18175364606220587,0.3443565676248805,4.072775427121246,73.50313664560176
326,-0.49316704520329574,-0.40324228098931053,0.1822439731011143,0.3447999077515361,5.416225759798432,53.01784787445185
327,-0.5744243925366388,-0.3968399168892376,0.18290655181207385,0.3456536150507963,5.273258212483635,68.49179601254808
328,-0.37447005719392507,-0.3985497470404827,0.1832308663266679,0.34623844434600654,4.34729531317605,56.69833761702351
329,-0.44783041334537643,-0.40518542366632015,0.18363769510513286,0.3470529550635946,4.958622632372064,62.24456137883637
330,-0.6568282131487342,-0.507854186254696,0.18448641778884775,0.3485173576942218,6.201899189356278,68.09364481516072
331,-0.5079858124723939,-0.3640379743549084,0.18520112691587706,0.3488965666400492,4.83936524296011,66.8756417658846
332,-0.3755548945923231,-0.30467249201992036,0.18542430859997625,0.3491331105632015,4.675263230937959,63.3561168219546
333,-0.5045381713772347,-0.44917675801671747,0.18587410988816203,0.35005708705633076,5.297531164442081,73.09949242458536
334,-0.5178751538683366,-0.3899889396225159,0.18642617598634642,0.35065369376236305,5.538755708222397,62.27438696319002
335,-0.3118570151188792,-0.2619018664170304,0.18663005331777022,0.3508952904432275,4.1858962591405,41.827378367566965
336,-0.44025887035050726,-0.46597993230933743,0.1869666724006425,0.35224418652745876,4.636774744105963,65.36767997964074
337,-0.5712524078338981,-0.3572119216737657,0.1877113482483536,0.35277918348640214,5.289795558950925,62.047725386024126
338,-0.45111264672680496,-0.3277759840069353,0.1881307181875779,0.35331849335785387,4.9628709506611175,57.41800380702607
339,-0.37776410699871327,-0.4168106694840435,0.18840739525580644,0.35434057240703126,4.5156184962354615,62.29288828565889
340,-0.5262678024006568,-0.40445505013707556,0.18921423060954626,0.3554549742027183,5.161034014798761,62.13858866331216
341,-0.3768722051496219,-0.3956919953281033,0.1894844201535868,0.355959854712946,4.69614389437326,57.29390606910165
342,-0.5044247870172416,-0.3459669235150792,0.1900449851792943,0.3565917099166324,5.309784493371065,64.47021377528003
343,-0.7244571408425841,-0.45050433769337006,0.19089644313981977,0.3574378494167738,6.511429941365172,67.63951346349471
344,-0.7124823412216064,-0.3624014898598408,0.19197966072183217,0.35806397252543226,6.089963951084335,60.62984204275099
345,-0.4316256048963332,-0.4508918173334074,0.19226086706513698,0.3589862855206758,5.591600304225749,62.75883124935874
346,-0.41097160619595946,-0.31631148617801,0.19263944938488217,0.35945232234947605,4.954618679088236,54.24427635397799
347,-0.47023637614607255,-0.36034499802147024,0.19318239942262758,0.3599763364063062,5.432515588359852,62.93699933529632
348,-0.41212690923507467,-0.35616781404448294,0.19361732706595527,0.360527011023231,4.851677653539271,56.306674332374286
349,-0.44653984176034095,-0.29620746531966563,0.19421524926768502,0.3608486220845117,5.08096973311874,67.0267668436112
350,-0.28210711467507427,-0.432271042273721,0.19440596288392875,0.3617567762482416,4.3865758188117105,76.34862126242932
351,-0.3680996441591924,-0.4133060179712386,0.19458885281133279,0.36269919981885473,4.789128008071508,71.68628096229878
352,-0.4183966519840693,-0.2904047832974452,0.19497406441799905,0.36302208413948156,5.163298352743414,53.743670624578364
353,-0.4052656424240516,-0.27793782609283463,0.19535353409231793,0.3633555221888632,4.763912286811794,53.37933221603579
354,-0.6857541585357457,-0.2942075124096913,0.19619929649616266,0.36358009967342736,6.255413776296906,58.10776714370042
355,-0.42153123788046903,-0.32974033845994544,0.19655449772749958,0.36395577596557593,4.892528048978178,67.31079893450483
356,-0.4819716624357314,-0.3591138455826458,0.1967982873803445,0.36430782666885586,5.512020987551378,67.27455972790418
357,-0.3243940349653879,-0.3390660406479152,0.19703597817331178,0.3647983235295005,4.976195392571723,58.63471708544694
358,-0.4014378785293427,-0.2885184196798966,0.1973685578693959,0.3650563257687703,5.0464540342835225,52.87374772151237
359,-0.46506390201177766,-0.3628613692537284,0.19779137519335185,0.3657026434028774,5.656895281021455,52.258387544500756
360,-0.5169783134489674,-0.3882461639573279,0.19840520843914808,0.36657542790004205,5.924652365154483,62.92865221163328
361,-0.4125094924153164,-0.4473821720438231,0.1988873572982914,0.3674363785909186,4.692195373656806,62.812580270047455
362,-0.5620297605529949,-0.4901621152473917,0.19937600162922103,0.368799901162838,6.413586955409549,66.69126398860435
363,-0.46293101224277916,-0.4283115559473,0.1996654298620557,0.3697461060534032,5.758835987535048,75.60734920641144
364,-0.542439949151991,-0.30082376215598083,0.20042974471698285,0.37019495175263767,6.187843300939214,55.62718633061556
365,-0.5048758344886336,-0.32702748647411006,0.20105641334732222,0.37051594898446344,6.412597045597142,53.06946598454203
366,-0.7485282405132633,-0.42091827275487664,0.20221525360160775,0.3710170128931406,7.078102765273895,71.7110942798471
367,-0.5304777078554828,-0.36369946683068394,0.2027948582331767,0.37140122201826925,5.948831752020313,67.25652082461184
368,-0.39244807646724755,-0.2993684117915182,0.20309614735119044,0.3718053241909783,4.971044592846813,54.003302855666796
369,-0.3065714577275414,-0.5521414050704146,0.20332217843785788,0.37377871230182946,4.821740995017124,72.92457415935203
370,-0.31174288707063397,-0.43080855896513676,0.20359882839069957,0.3740716815050151,4.9594254352331015,73.73873398165735
371,-0.3153867368581658,-0.5090231392743334,0.20375863288195908,0.37525666946257785,4.827882314462081,72.2017400587569
372,-0.6039841728430663,-0.5483541906193813,0.20444471995838873,0.3769721509454406,7.074491440427825,80.66372942024874
373,-0.7627903400411286,-0.4242457065542413,0.20539984220076515,0.3779762414860615,8.008760480474296,62.44928291784124
374,-0.5142474085571854,-0.3042091816608448,0.2057900713049009,0.37854127084841094,6.277877696897884,54.78186889957744
375,-0.4947413250677901,-0.42306281479820584,0.20634329254095937,0.37982048821956155,6.795579297431535,62.56124493754471
376,-0.3671962841764207,-0.39864540317911723,0.20671991572039455,0.38078247333574916,4.9589239704224175,61.161839192927104
377,-0.4401989310999329,-0.5430266878833888,0.20707925278043188,0.38230220545664984,6.00544784219507,80.46924369044491
378,-0.39921251018720555,-0.3214174703857826,0.2072722138369554,0.3827863413719637,5.740326491287947,60.80199091775479
379,-0.7280238137218666,-0.32872862773565753,0.20834535852827174,0.3830537236931445,7.842990533628634,63.84142175776824
380,-0.4829454067401284,-0.38208195352834573,0.20876585404998257,0.383539388203102,6.253141976861227,63.10846487784338
381,-0.5384529163150134,-0.3553056219707077,0.2090245081394367,0.38445924023386685,6.905650493024804,57.49504081608091
382,-0.441850426085035,-0.4912306035741124,0.20942349335237226,0.38532501602300134,5.955299926807675,73.63826146118356
383,-0.4584158534347341,-0.3597726604950113,0.20992223343902758,0.38582588672326973,6.065557569227362,67.2532346330224
384,-0.6338643484020781,-0.43125585650250126,0.21088785367361643,0.38647532312056004,6.862202656165112,86.0880839240627
385,-0.5746179366465424,-0.4310169345175281,0.21169882192281175,0.3873466108540221,6.759293409273858,59.80460654745507
386,-0.3511117045780526,-0.38453487094404487,0.21206468592893238,0.38801034763012215,5.659202241678655,56.628986055427106
387,-0.42151926502995846,-0.4337830838338092,0.21269806540412411,0.38847059760373903,6.080511485011724,84.24846494768913
388,-0.3750172451123498,-0.43341627286663187,0.21297888672603546,0.3898325705659233,6.093035060701929,64.79386216597442
389,-0.6863661313556602,-0.3794840709659048,0.21385412104606982,0.3907594458202244,8.2761002116098,56.6321541223161
390,-0.44417311722497016,-0.36072966359795267,0.2142571288947025,0.3916948492746305,6.5145732846461275,70.86049500563631
391,-0.4616913571336196,-0.37943997619897224,0.2149116016229802,0.392396439069425,6.611673842071873,62.15132327951738
392,-0.46068504272966965,-0.591311070401465,0.21531552581101612,0.39394085155699804,6.300933212987239,85.45786260090897
393,-0.4182235908302489,-0.3351894057750658,0.2157006179737194,0.39448618800339763,6.576185207475057,69.9845276621593
394,-0.37409922822398456,-0.3234890308296255,0.21598577792726892,0.3952141876067192,6.580097501850998,51.20801930738241
395,-0.4226551229084649,-0.45283763323350334,0.2163716817562166,0.3960316239710348,6.399288264237598,82.36131440360886
396,-1.0991550315076006,-0.4123543679315597,0.21827438761239534,0.39653361594481,11.247767277294434,89.68993433556085
397,-0.37164829611962985,-0.4274146261790805,0.21859396977775397,0.3974144343191217,6.392939219791337,66.3856246925838
398,-0.38978688163667113,-0.3452470038763331,0.2189348595919329,0.39789248852484105,6.631192868913588,84.63553469941122
399,-0.6369172920866328,-0.40690248190223416,0.219923781608991,0.3982206276291786,8.161751863836205,83.9591395640612
400,-0.5472205303589222,-0.36001687868879284,0.2205961476036429,0.39873090352372603,7.380287311668511,60.24991166729781
401,-0.36689586378706474,-0.45515046817043076,0.22081676125446034,0.3993228326133808,6.660643198497966,85.45008375710086
402,-0.3293223115126512,-0.6014578349847631,0.22106957180249012,0.4006519035495788,6.20537212068716,78.23870799607344
403,-0.3563998725155031,-0.3721541147518698,0.22121690533662786,0.4013207500430662,6.520789328976868,64.36079417190973
404,-0.5378916890440284,-0.2889373664705301,0.22162821237779495,0.40169086219835365,7.875621608107246,64.50795258111866
405,-0.31881025896480786,-0.25696014984405047,0.22181330009522318,0.40207512193534495,6.448187428209171,49.78384009733021
406,-0.420138079157552,-0.29207940413981387,0.22209511023488868,0.4024018860626609,7.200968716659427,68.8252183658161
407,-0.47995075763959005,-0.46195646604687146,0.22244986358653615,0.40300736671266174,7.701930078650544,90.0007992691668
408,-0.3918336432095275,-0.4446146668899911,0.22276909381366333,0.4039349999222493,7.115799579247152,73.57769098460194
409,-0.5756497050620937,-0.3035868663188014,0.22335829060057677,0.4043920932137669,8.02333130357639,53.53217695050335
410,-0.6926848972742002,-0.3748414082910657,0.22436364887648924,0.4049127034516457,8.937464503835393,74.11102171246627
411,-0.4925914675718919,-0.28314714709379657,0.22498857960801244,0.405247122095596,7.430918038523925,62.33727755410987
412,-0.33716527165130805,-0.48500592302406553,0.2252614346694958,0.4062729765361306,6.919282869906232,76.50015726814513
413,-0.35070200989950256,-0.3718526468579532,0.2254884778470167,0.40652976914432043,6.699948141985911,79.98405216184025
414,-1.0255752555759028,-0.37301919885490414,0.22732069244460776,0.40725171002532023,11.685433596988798,72.53631558901594
415,-0.3041247978050504,-0.4232278196348207,0.22749033107513925,0.408257067460374,6.347261831589566,71.41520234643039
416,-0.5513457943649352,-0.4326047909940337,0.22808129834993393,0.409660709661942,8.61976864338693,65.81744270204103
417,-0.6008893651695575,-0.33459712002455444,0.22880160686808615,0.41002448504530387,8.36123006804728,58.19157990042343
418,-0.3681351273258348,-0.3832671876112331,0.2290044189016162,0.410306722529905,7.142825119987436,73.2867635722606
419,-0.4008570536201529,-0.3795308000018474,0.2293808421356162,0.41099802266107294,7.2567154295145695,80.01309378055676
420,-0.4908877785382416,-0.4618514255763083,0.22979252592291782,0.4119732857181302,8.462196854542974,63.97774372500063
421,-0.3440239050340823,-0.2914110318215555,0.23001899171257445,0.4123441651649131,7.187046559491247,64.4585883905327
422,-0.36275610833499045,-0.38068954512195835,0.230357157173508,0.412884953244492,7.250363725416522,80.65577358622731
423,-0.5040361477859102,-0.31386580033858985,0.23098854650910433,0.41328215291532927,8.305901928882072,60.573073049046755
424,-0.5688200257375209,-0.42825846998000616,0.23171895140500162,0.41405356656837533,8.888001919893883,68.20336447050921
425,-0.4148553313879851,-0.35823402216765604,0.23207849621387783,0.4145128327964276,7.844987175321531,63.231113347758345
426,-0.39889432079239795,-0.32835811839299733,0.2325176366314037,0.41494915942767796,7.956863278102668,60.27739239103331
427,-0.32869548184315944,-0.2872052117696577,0.2326801636852444,0.4152410318514663,7.499765457116726,51.481045846907456
428,-0.35042567043152456,-0.29423255747632937,0.23288476648599613,0.4155129419091621,7.5963930900317065,55.551979852712044
429,-0.6858979328125018,-0.3349663390429025,0.23374694111586716,0.4160972127911313,10.215492297986287,58.710245733051124
430,-0.43350603686046746,-0.33344956544032656,0.23410034814003522,0.41648027051319103,8.348492288546685,72.06277119533127
431,-0.5010185222381957,-0.33109831933186123,0.2345214486234643,0.4170284208218619,8.89947311785075,59.00152758144059
432,-0.49207678336555805,-0.4528515504309333,0.23487946262010337,0.41817585728575235,8.842509409101789,68.73447453303437
433,-0.2701682636546491,-0.3369374606311428,0.2350045041228688,0.4188281257800891,7.35599788129612,58.939326097847925
434,-0.432066110860168,-0.4614735845517332,0.23534671336686858,0.4195168942499567,8.856293900584687,85.83481878234726
435,-0.4262294047381657,-0.3471549225786879,0.23573437300181757,0.4200933758690552,8.750951931003181,62.36247033486365
436,-0.5821348797088904,-0.3130412024109527,0.2363769379722417,0.42048650591351455,10.061807611586588,62.74692045423142
437,-0.5756736013394027,-0.38552305404375203,0.23694261272650036,0.42086881689099737,9.888407188760185,73.38478150908307
438,-0.4430771608534633,-0.3450472086343307,0.23733523538663567,0.421112223780585,8.883740796108036,72.81556595251791
439,-0.3433471772661229,-0.265030763122262,0.23755689052772594,0.42157136754805846,8.17640056898254,52.13554940078962
440,-0.6457922018518715,-0.37025104240007767,0.23838268276158148,0.42218676580093495,10.749238288373107,62.37112198733405
441,-0.46466345474080095,-0.5492779185111927,0.2388742890860976,0.42338777335281014,9.186019700951956,87.69567714470904
442,-0.40947383068164855,-0.30130787015406385,0.23920115057726607,0.4238122384313956,8.995517241240526,69.66393347185895
443,-0.40857362762417193,-0.40505727564456556,0.23951859985673962,0.4244109327035254,9.06588292478797,75.53657567429192
444,-0.3823175852281443,-0.3389303046352595,0.2398384226475107,0.42472182254119895,9.182054210495398,65.50338246576456
445,-0.3317950109507748,-0.33625999312785865,0.23991372199953867,0.425081758438454,8.635945571666767,64.16631281317504
446,-0.3793925652055625,-0.34430275966774176,0.2402447211039677,0.42571811093684847,8.726846083309665,69.00248429756043
447,-0.6927171194798326,-0.302919584785457,0.24127465672040674,0.42596164174415263,11.672289748085722,68.46083403594716
448,-0.44048913738176587,-0.37108817945121225,0.24167981982712328,0.4267535077373812,9.693608088721248,71.84287591366638
449,-0.5634128768871042,-0.4328106385723391,0.2421935404007697,0.427810411465674,10.674257684300372,73.36605960085967
450,-0.4419307304075371,-0.4054299435741338,0.2426187152958692,0.42851595326211006,9.999986793803238,72.2822319734789
451,-0.5178406611651731,-0.3268095756989183,0.24310537316728872,0.4291521635881442,10.940019222525793,54.41251436592163
452,-0.3058119080282893,-0.43979033498966286,0.24321893916796394,0.4299785885848765,9.194647950382583,76.06018209590079
453,-0.3730250537509824,-0.33891307569616363,0.24343086537908903,0.4304738238505048,9.20178589199693,58.116910345568556
454,-0.36186479685836276,-0.46488490693460427,0.24358406273306543,0.4313870391953589,9.762461903865715,76.06829622699773
455,-0.24852959435944352,-0.3025612350595058,0.2437597248228032,0.43179065902578834,8.500342046033671,67.68874091289013
456,-0.44763282986918385,-0.3725895128532102,0.2443201637645609,0.43248369034095274,10.048569460205126,72.26604348594647
457,-0.3719410513504122,-0.431383002861905,0.24447349367282248,0.43316297097593526,9.92704820748335,79.6184091215773
458,-0.30084442995056415,-0.3932973122580455,0.2447381337310706,0.4338584839535883,9.408559418271874,73.10843709080696
459,-0.24919628604548047,-0.263084629865067,0.24484305346561178,0.4342219744762341,9.388645352917594,55.72388763782615
460,-0.6361046893612621,-0.35294932011655816,0.24561560234470198,0.4345985819529384,12.106988454611457,72.87956929877335
461,-0.48607817814653376,-0.4573766703772411,0.24612006105545056,0.43507774654038966,11.266624820054131,84.28068771185673
462,-0.31389118973907126,-0.38591399646933533,0.24635003977760053,0.435692699957063,9.536932087819695,70.47798939469486
463,-0.39562137481121906,-0.41096926056573596,0.24647496558603088,0.4365009258686141,10.7347786392389,81.78877401516677
464,-0.37315243531791065,-0.3966140187098205,0.2467989810419305,0.4370691971092609,10.080533326812148,72.11893076538612
465,-0.6028956759209181,-0.4346439356189277,0.2473500065118276,0.43761694179944927,13.050713941294637,94.97155022167699
466,-0.5921034568874665,-0.3454260032548018,0.24809888801099952,0.43800332432835126,12.013588352672507,62.48580601241454
467,-0.46882499938962985,-0.35988173256739747,0.24856209051282677,0.4384390142984863,11.024310702148783,59.454674554879546
468,-0.35510699523875,-0.3136261886533981,0.24888337587711806,0.4386938788479375,10.638036481868873,56.54739320277671
469,-0.6895903858943061,-0.3030318290694052,0.24965423535851813,0.4392816854722973,13.808527794754774,67.71321624969893
470,-0.433739508001502,-0.4658598982661563,0.25005670802968527,0.44026700656974854,11.522437402518872,78.62005688924089
471,-0.39789992903796123,-0.37309469452624405,0.2503260759921054,0.44090754839317203,10.732241789206801,81.70945318076484
472,-0.34610014715308535,-0.2919671497253347,0.2505083321969996,0.441247560195342,10.773158011582249,67.30053773958981
473,-0.37117937513465127,-0.37613809549556093,0.25083714293685133,0.442063593338598,11.276183364697344,73.18844854029619
474,-0.5149387584949666,-0.3575945588856299,0.2514359053328126,0.44254477132316306,12.237179734414555,53.52997759265485
475,-0.8132869739688413,-0.3527179006612231,0.25255913961507664,0.4427574966685085,15.527078215512882,80.2335241670813
476,-0.5120363516301214,-0.3612274167196857,0.25310328778860713,0.4437512620129292,12.358234335427282,54.10764442717097
477,-0.4244058764555883,-0.375093847655391,0.2534021071574465,0.4441345792942083,11.920773622427866,79.89235053003578
478,-0.31908775461788097,-0.3353354211279827,0.25351302639302936,0.44445514954193316,11.02430776349287,72.52346677652355
479,-0.5586333001199926,-0.3172251868755111,0.25402854223407223,0.44517487187528504,13.669067599053118,66.04743572060391
480,-0.48569085177824245,-0.3849201407602192,0.2545098506069463,0.4456091170379463,13.020901910895919,77.54099096739301
481,-0.40890890133129887,-0.4367847749208049,0.25488144441106336,0.4465108990446261,11.872687885814736,83.17206704628434
482,-0.9036479340428744,-0.2746037084458268,0.25605582493445744,0.44680385958664376,16.285348152020678,55.060596520808126
483,-0.6558097873546208,-0.3946979476232545,0.25685292433602436,0.4472731980795767,14.80435090197442,78.05522742441214
484,-0.4011438264678078,-0.3088312480578311,0.257139490567515,0.4477564863964135,12.048790755445618,67.18424478700446
485,-0.43600140920252783,-0.3064618469696618,0.25747540178415346,0.44792010973395674,13.095392974228423,68.90019347782801
486,-0.3387551666692091,-0.26665307328192867,0.2576470541074008,0.4482758790117017,12.232315268381063,60.70559865048776
487,-0.3714787764339795,-0.47342770660068767,0.2578747886163038,0.44940769655150087,12.434516462671958,85.5772608712712
488,-0.5396449782030379,-0.452549814602432,0.2582678358492764,0.4506871238352291,13.911513534310602,73.791008085041
489,-0.5089758590440311,-0.2764011184473915,0.25867068528059267,0.45110920446196134,13.931531921401247,57.09308927915684
490,-0.6005329366780623,-0.5427406648367796,0.25937113910693227,0.4523219546366749,14.536837865546245,79.96990129290955
491,-0.7165943645043557,-0.44248927206621125,0.26043366416709757,0.4531501185953678,16.382204750589672,73.25880797258823
492,-0.5113324678173918,-0.3174529492274379,0.26085204616127133,0.45343804603073856,14.630915322501147,64.59226677934534
493,-0.47122560919012146,-0.3219959914018722,0.2612035288994215,0.4538973861667925,14.095375161829745,71.68314431621603
494,-0.6350649970342941,-0.34806676638328005,0.26201531332481093,0.45439521297849594,15.539075215150426,61.19406621092405
495,-0.40879826651041323,-0.36264792715539224,0.2623040745177086,0.45467168115549456,13.799898102507457,82.80968960453961
496,-0.36848293285555767,-0.3407438612233115,0.2625368833226902,0.455380702937395,13.03586307462384,51.06001242468113
497,-0.5624821341315123,-0.35937473309341306,0.26308405347915464,0.4561901755913993,15.586795924583507,55.027785167940515
498,-0.3580919438583102,-0.3210371714812105,0.263216445667583,0.45657666059725777,14.047931124349494,60.55415705306884
499,-0.5815226066566228,-0.44496567146227484,0.2638169488116686,0.45773665562522015,16.21219287157131,66.22485780156256
500,-0.4332933439923766,-0.38433948300961945,0.26423263783450396,0.45871890596284154,14.474169938777083,64.6821403180713
501,-0.39201560810555286,-0.366047587290307,0.26462143278437,0.4589864046100399,14.405828247920342,86.21335102014955
502,-0.4453190757065994,-0.28332634326021383,0.2649351114898163,0.45934012027218646,15.018629927531745,67.39085076605524
503,-0.544173514396364,-0.35239982951623844,0.2653678878653955,0.45987649613338777,15.977762258053236,69.6924696130552
504,-0.43964146591694553,-0.3836931373514202,0.26574800484625194,0.46054317648849935,15.522018314432561,68.82335898428408
505,-0.47605188525382847,-0.27393556801629076,0.26609089016620074,0.46083778483770044,15.424669009251051,62.07192421600515
506,-0.4464085232804185,-0.48810418949961715,0.2663684401567859,0.4618388711292077,15.330148746176379,78.66733937948379
507,-0.5374175021931739,-0.31326006263052075,0.2668907562518653,0.4620457638276134,16.21253966975494,70.71867933610947
508,-0.7406638830060481,-0.3557722316770976,0.26778282325151764,0.46265820243219413,18.830035900257375,64.44988273570027
509,-0.5353908932439408,-0.43763269757615897,0.2682967894999035,0.4633844742628689,16.511458546245112,83.8912551105514
510,-0.5426619212947978,-0.35360301841262864,0.26898248958657184,0.46406130676843294,16.91246414411764,77.30558466685605
511,-0.4002103413199042,-0.2714236449747887,0.26934431112781615,0.46433047613693057,15.15706662126379,58.277294455486604
512,-0.34286929173798447,-0.47881552955833423,0.26952258457471284,0.4650827653232318,15.385204038502934,89.3528314243415
513,-0.48486278706525693,-0.3686659878668809,0.26995933962201435,0.46543686508567855,16.574861100323943,72.84150416187272
514,-0.47496769602174627,-0.43835642996180013,0.27047735137828616,0.4659752314234964,16.806733550056794,88.11648845014334
515,-0.3537232684286114,-0.3685678419087308,0.27075493996052397,0.4664627214584609,15.516045340056072,72.99885796798631
516,-0.5243971730674227,-0.3744574959302296,0.27121575747373333,0.46688636856021104,17.685704559481817,75.1467605118049
517,-0.5463723769041122,-0.286844249196175,0.2716777143792941,0.46731053905574993,18.257076759266127,72.73388616275868
518,-0.3043407449576504,-0.38959980280145634,0.27180494326414223,0.4680410179173935,15.266292673482253,84.00208094709612
519,-0.42356050319577804,-0.4608170706760635,0.2720561276166962,0.4685599154943602,17.088620792445454,90.73006953816933
520,-0.36164697277015373,-0.31216676270119037,0.2722636170667474,0.4690276778968949,16.32386125615592,70.79572214953092
521,-0.2731450056496557,-0.2784978380164134,0.27243247305364937,0.4692436047064381,15.801134625038003,63.35230534565963
522,-0.40561685470919895,-0.3358397329844591,0.2727025204413158,0.46977575772113395,17.214739686521998,79.41663014649255
523,-0.41012618085917685,-0.4786989177428419,0.2729967184330391,0.47039205955420565,17.155481078688254,100.16660724416865
524,-0.33048673651502997,-0.46335103136625344,0.2731010937330108,0.47090955449434807,16.552020453933746,94.35408724444093
525,-0.4576971234309698,-0.4720854468856602,0.27342162523081076,0.4713835221068469,18.63843661469521,86.24921015331171
526,-0.39904614356809437,-0.37481965971332126,0.2737008217013948,0.47222167533520126,17.424173144555276,76.65207664825942
527,-0.39218266127786444,-0.40287794539114674,0.2739761323341727,0.47245677180813533,17.718582800107406,94.47194308141458
528,-0.6777070761120745,-0.3257935954550428,0.2748517827521945,0.4730443506601451,21.187809126620106,74.31103741327593
529,-0.36459277101225385,-0.35018879775914913,0.27515544662083585,0.4736004904342571,17.590129789726674,70.34976514466543
530,-0.5916147125944968,-0.37928081301523614,0.2757380775872809,0.4741948566104514,21.02795236971442,81.18122350861252
531,-0.6438341910807119,-0.6501448738509756,0.2764194044004608,0.47568190254915027,20.999595911234838,90.41592361985944
532,-0.38285832405086745,-0.2778808407788516,0.27672040946638254,0.47603417221727895,18.378963659338073,66.15927012316392
533,-0.41355108589413225,-0.3101062133040697,0.2769986890572955,0.4763335165063929,18.822685287359132,75.91849118315722
534,-0.3505850494205511,-0.5136108043937843,0.27730749131075094,0.4773189782918571,18.46723009795168,98.34330920034925
535,-0.3503696090294053,-0.344633205393269,0.2774774401555718,0.4778482945623285,18.87198419609508,74.4761736110078
536,-0.413363853536278,-0.491394918641784,0.27792602641910036,0.47894252335269644,19.248397718211553,88.09341618080784
537,-0.4628765773381099,-0.3675074832617905,0.27827363078396816,0.4794362999107827,20.31130285871407,81.26473806468907
538,-0.2832890672482029,-0.3205188352177661,0.2783391876173004,0.4796587423552759,18.422059513257903,69.6246860618708
539,-0.5121059069713175,-0.36074077767469626,0.2787488382720535,0.479960628943116,20.932177670410642,90.59637376790438
540,-0.8055588226612994,-0.43595713729825614,0.2799728233787116,0.48043397526678255,24.48475694062414,97.66365598289406
541,-0.36991541403035944,-0.38037574426134385,0.2802657664726433,0.48153441076967035,19.865957111746617,74.90165484544735
542,-0.4396708522786929,-0.2774517448033783,0.28068284622684675,0.4817882499405821,20.696135092933925,72.15445448006123
543,-0.5530691608998478,-0.3544677108575656,0.2813800259124731,0.48197915203379826,22.654276720817982,82.3477820794343
544,-0.38460943995478036,-0.3377799058404757,0.2817872359782349,0.4822788862706398,20.411767874112837,68.31298106367531
545,-0.6839864525127985,-0.3824224838865727,0.28274185708547506,0.48270305586019735,23.991615187162836,63.97362663991981
546,-0.3211104940649324,-0.5005516725968214,0.2828976064498469,0.4833437483155527,20.291262874073254,86.52598988413243
547,-0.6846959689205977,-0.48401793170881957,0.2837429054899184,0.4839116613935015,24.67561387112304,103.08153489641872
548,-0.6328516253072775,-0.3528105041109191,0.28431911608569926,0.48458271720659096,24.54183799261611,73.43154726121155
549,-0.3858488499846827,-0.4413804132886759,0.2845287904349371,0.4849665286972161,21.81679432584279,79.52885031914965
550,-0.4287270775524467,-0.3849500459040821,0.2850440730996742,0.4857599797298792,22.695481571754474,64.28639048025316
551,-0.6081269099142734,-0.29323285965964835,0.2856121985177711,0.4859660173216724,24.520609654541833,75.25522305349709
552,-0.5341421168717048,-0.373131633422901,0.28628127740910303,0.4865675687065987,23.981492423636926,77.56076191584836
553,-0.3882682268264253,-0.42404988624470286,0.2865509264771627,0.4874896348421585,23.034542040229127,75.15602652639211
554,-0.5665696903597908,-0.34146270451995975,0.2871226281369733,0.48811451272082507,24.717652830954105,82.08011533533463
555,-0.6667455431490763,-0.33300917358843357,0.28777561733812085,0.4883925243308066,25.94358575201206,77.87745685228133
556,-0.6086225091936591,-0.383201763213384,0.28849171801250156,0.4890572366424577,26.392486530755658,78.99137934537943
557,-0.4224605939638243,-0.4297514169368314,0.28876726146821763,0.48988372942461095,24.105195734044862,85.51529897426731
558,-0.6110501819688873,-0.31619399581801405,0.2895120583746919,0.4903556402959825,27.068121890246854,78.50131570525292
559,-0.5418966565524579,-0.3737493620085961,0.29008695950011426,0.4907812949882045,25.53935814952982,95.11117930287557
560,-0.3403263347193765,-0.3305554609178319,0.29022631071581434,0.49112195884814724,23.960958617203154,84.988488412119
561,-0.4027651313429592,-0.36468935157467114,0.2904517905316595,0.4918863143155639,24.714531975531123,74.34504450204216
562,-0.3066499521295124,-0.39921922449246966,0.290630002319968,0.4926973844532462,23.012098634972965,83.268806075282
563,-0.3622177996671668,-0.5493654336891832,0.2907663988150642,0.4935632870043656,24.636423065034858,95.90894862299078
564,-0.43924788361110484,-0.37278871422598825,0.2910205540989743,0.4942627422684116,25.36198344492266,84.72539482137043
565,-0.5562099391327705,-0.34659948172460453,0.2914854985463212,0.49475904998002773,27.163703907166568,85.72964786774787
566,-0.36047016888918304,-0.37459355563590263,0.29157572815399246,0.49524307392140776,25.218074946579648,85.23183733873047
567,-0.5242521944684484,-0.41261216105386245,0.29211670419346325,0.4955080403073197,27.391146239282065,93.45122827972031
568,-0.5941278143718279,-0.4304713654694424,0.2926841103407091,0.4962007192830735,28.31827999330049,82.43024321494835
569,-0.36532010912762247,-0.2744458800200009,0.2930248641576324,0.4965154608190273,25.3295798787281,80.21219495141189
570,-0.5811083298892773,-0.2981974318733368,0.29345798925874855,0.4968518038273299,28.918783947016337,70.74161346969586
571,-0.35768794716578023,-0.42207989252059436,0.2936527827474652,0.49733707104858554,26.105905066413143,93.7735789175904
572,-0.44677398343375685,-0.33219917679764605,0.29382793135880375,0.4976733147714771,27.378520562776583,80.24221787817099
573,-0.8815136379926573,-0.3576135835430483,0.2953471612197207,0.49820095116203655,33.17634221068081,86.56000371958
574,-0.4523666267485161,-0.3382542408053647,0.2959433579704901,0.4986950257285196,28.390285113513585,89.18213695477205
575,-0.2699333363508065,-0.4183147859987734,0.2961892167298611,0.49964604647556343,25.545018628708718,75.05473236887683
576,-0.3838929833049321,-0.34223323939567685,0.2963026448585122,0.4999119567041542,27.201210834339992,72.41408055964548
577,-0.5809282730384534,-0.400314805204177,0.296729523549036,0.5006402475307045,30.447209341215938,86.52497700970237
578,-0.5068962327709122,-0.30842774852145516,0.297157498034924,0.5009004304607096,30.32567118816079,74.2207881996011
579,-0.8243877962001934,-0.3440887774829143,0.29822015365472415,0.5016079461676275,34.28719684801855,74.79381125084544
580,-0.33463994517713713,-0.4927603559461995,0.29831311063776617,0.5025165397409799,27.67065663081835,90.14450598856254
581,-0.3906309172315282,-0.40041858975303923,0.2984610956638578,0.5029538679485898,28.764433625096235,88.69535084789901
582,-0.4919448740076165,-0.3056950376121011,0.2989578395320353,0.5032287451447846,30.63138865740742,82.65385967850254
583,-0.38384658333181676,-0.2529109171468414,0.2991208093126053,0.5034932294637106,29.27917563671326,84.32473229476346
584,-0.6628057019621348,-0.3240659214723259,0.29982158227374756,0.5037256952931601,33.3056909945615,87.33980271637388
585,-0.46332351769395574,-0.44930563644983434,0.30020702802475374,0.5045476798880559,30.693865704048697,94.54338398504458
586,-0.41127535570682755,-0.47612658815083553,0.3004389547943371,0.5053225676362341,31.17008329720481,96.0141701151301
587,-0.4501024043576137,-0.4391289767697103,0.30067098475112053,0.505987085002568,31.7160102296084,87.0499291937157
588,-0.33792987486926557,-0.4357891141306712,0.30076160329698093,0.5065951719021888,30.49992313547733,98.47691891327487
589,-0.617342177172839,-0.39397483737245453,0.3013290242360075,0.5069396449518712,33.99693397540906,93.39531999929787
590,-0.40863919736779153,-0.4207739604628944,0.30153544327553816,0.5074212161892854,32.006316179946644,81.30748529260713
591,-0.33257398866030813,-0.37054250125360644,0.3016220733479424,0.5077099356517991,31.226796837207853,87.26068595130299
592,-0.38009133612443863,-0.3928723305402494,0.30183132434098353,0.5080478023579907,32.36348856668436,90.51146751548482
593,-0.6150319341103941,-0.44097924653261883,0.3025398585400855,0.5088569979900976,35.60088969217784,91.25574375452528
594,-0.6012691566688579,-0.2703172941158506,0.3032294568488818,0.5092134606343908,36.004676462259205,72.29591103565662
595,-0.4338079399704828,-0.3446339236356509,0.30376805955421904,0.5096044469897574,33.85587130858874,91.2725377400569
596,-0.47039362776976396,-0.30067535091900094,0.30420742082483226,0.5099171570006532,34.63204631501892,88.07573966365356
597,-0.3367536473145428,-0.4381859079189671,0.30439739853608716,0.5106626370197029,33.32254215399346,87.31513251906497
598,-0.3944238337801348,-0.3320867899408662,0.304639237423494,0.5110945586194454,34.55103496918829,86.19422485231854
599,-0.48921291383526166,-0.33803959161990416,0.3051959545014476,0.5113500373651051,36.245877968599245,79.22614332639837
600,-0.3603195589917058,-0.6149209880606827,0.3054038045114716,0.5124858416419813,34.47868532078626,112.38777606626047
601,-0.40202070505076937,-0.3895827098304313,0.3055980970729328,0.5134928388708703,35.44125266007862,82.26438212331053
602,-0.6492327686712264,-0.45001925398715115,0.3062893414573163,0.514106720493331,39.89871984691014,85.05969553336777
603,-0.6660150102018415,-0.3821125260202201,0.3070220305254142,0.5145864145104576,39.14311593860947,93.4533868329827
604,-0.39958332683670084,-0.4155629116929017,0.30719925988722213,0.5149330863868724,36.283822443717455,97.6445477852988
605,-0.3274698759741998,-0.3269200550330069,0.3073452041891498,0.515338544999331,35.88330954877898,79.8383507861673
606,-0.42835966359901523,-0.3243845160084555,0.30753749332202907,0.515758659368418,37.04086987212627,74.53249461258832
607,-0.4895537866769228,-0.33119084949536,0.3079690973891367,0.5162695317275813,38.48906659954542,86.86552066175176
608,-0.5767076715327816,-0.3465893879843367,0.30835495989078643,0.5167082397491892,40.79758842715806,97.9993019722809
609,-0.6623244309046328,-0.3183729372392091,0.3090730000409448,0.5170621145581041,42.141053657095014,80.66083158870723
610,-0.5196840119203053,-0.31165533346430424,0.30955909446889784,0.5175899987204471,40.70917799793756,73.72199620812493
611,-0.385820826129317,-0.37856120525094006,0.3098945168689408,0.5181017967909265,38.251569865785825,92.11328598963146
612,-0.5415823967521388,-0.39697735788909566,0.3102752878827511,0.5187601626021149,41.41045075162959,92.39139959699673
613,-0.492542827131756,-0.3994251489251719,0.31065626685106196,0.5190996383572759,40.775339676743634,106.03685307173915
614,-0.43530148421235826,-0.4033889088416347,0.3110046112146188,0.5196736629506018,41.067235335141596,82.19211233076254
615,-0.5877784245541025,-0.28094347690603005,0.31164732112888754,0.5199039204693312,42.43526901231426,74.2758904190009
616,-0.36101536144427837,-0.2539226188969848,0.3118744109903956,0.5202005019170092,40.07224987489578,77.03951526024284
617,-0.5046843229582125,-0.41415645197223944,0.3122560727250321,0.5204476005012708,42.28458741113293,110.20366720441108
618,-0.29751586211276965,-0.3656831540953432,0.3123634123561546,0.5209070816200607,39.69834277667041,94.44247364093277
619,-0.482989520718917,-0.39781839265284213,0.3129686692564475,0.5215036233515484,42.51458817886321,80.3426394048556
620,-0.38558096645780515,-0.44242144626578456,0.31315128190387,0.5221333607120466,42.33665833646995,109.10161691419817
621,-0.5075540712593419,-0.35813554322413477,0.3134915009601231,0.5228834489420557,43.70575908431102,82.41177267211232
622,-0.40636654711252074,-0.3303155827359564,0.3137961903830105,0.5231748954465592,43.11536014777269,95.598629714028
623,-0.6193685477911822,-0.4220689859787293,0.3144889482408402,0.5240914681338114,47.60135417354831,90.53936697202224
624,-0.5735671168226384,-0.38737418874242735,0.3150576839361051,0.5246167370673028,46.51279396525093,102.42044268159758
625,-0.5102027342625223,-0.37955684672150425,0.315537961006674,0.5253047214732156,46.12502863279956,103.06007788842234
626,-0.2751628946131519,-0.29347565879490844,0.31558858373807547,0.5255792138506107,42.29506907467723,92.87598360304985
627,-0.45575072621686696,-0.4598419390945228,0.31589778165621324,0.5261663783529983,46.45412903554686,118.19264300364
628,-0.4490408938744787,-0.3358118527843875,0.3160714955037215,0.5265831366632638,46.63204836727189,82.88627017098878
629,-0.3715456701018888,-0.33155439720421737,0.3161885356863575,0.5271242140792183,46.081427905597984,98.00345395321712
630,-0.4730195508559842,-0.375779752823423,0.3163466277899983,0.5278582568388337,47.45317033856283,110.75322191343652
631,-0.6653483039902716,-0.3316647005804384,0.3168053684732524,0.5281155782841366,50.68314997621971,94.07510101801309
632,-0.6285595651404676,-0.3453477736398796,0.31743660800054535,0.5283785857319977,50.60130375025949,97.69079400255937
633,-0.4042937910759136,-0.3149276955234707,0.3176595254677812,0.5287909828491358,47.80875862314922,89.85489211391291
634,-0.44568826597956446,-0.32411993572490894,0.3179649664554406,0.5290291767323244,48.662542796495735,96.46772039585862
635,-0.5079386614597631,-0.3461726706714335,0.3183769928143078,0.5294259516142574,50.04606851450696,99.40818773566178
636,-0.5638028355752819,-0.38727698866083476,0.31877844211406503,0.5298794885603573,52.05698394816683,98.51554205302843
637,-0.4520262838707163,-0.2753666098143852,0.3190587700098436,0.5302888234786025,51.14062774502192,87.57748835117103
638,-0.6192096880413722,-0.6404873899429294,0.3198139928215331,0.5315533149676022,53.137998844757,119.85524034767035
639,-0.4028703310157775,-0.3553332392985161,0.3201135895722615,0.5319008536881307,50.384442145697314,102.17357345069007
640,-0.40889660411022655,-0.5017399038123176,0.3203061710603715,0.5327025601196297,51.018369598664215,127.62701428059346
641,-0.31196815269421857,-0.29906183196562963,0.32039071242737654,0.5328920116326819,49.64948053583746,94.57390317143482
642,-0.4126161183761707,-0.38591490860289,0.3205431888148861,0.533478048656558,51.58665010840303,102.52568479476287
643,-0.7719207140963602,-0.49800333640878897,0.3213846241295822,0.5339841600186963,58.52696165466564,123.9387333063154
644,-0.43207537138043434,-0.42871748951908056,0.3216400431755298,0.5345610065187727,53.81919886706263,107.93820495552335
645,-0.2677977243559057,-0.40918502308557225,0.3217452271390662,0.5353604031377034,51.50356173366529,101.81953987857281
646,-0.524582668599824,-0.39276721896492806,0.32205235949529465,0.5357056991440488,56.415728963083794,99.60611383637935
647,-0.44351623919515926,-0.31162945959738864,0.32231370686682365,0.5360211421994537,55.062858204806254,86.81742468049787
648,-0.5726628264743644,-0.402328781913564,0.3229260799750923,0.5368102465330483,58.04217384805761,86.59828886828087
649,-0.400706775607649,-0.30351927891609887,0.32329256798871764,0.5371723754272564,55.359286370615564,89.47980465928364
650,-0.5976016423561079,-0.3558570863801165,0.3240714628304999,0.5379978169169304,59.44439097869085,92.6531223984327
651,-0.28542177435903426,-0.41411812612556836,0.3241319452377212,0.5387405032438622,55.526935119175434,104.77122443324551
652,-0.6659400492654101,-0.2878796381568512,0.32483274605519136,0.5392043605933979,62.20712206557229,90.72456206686334
653,-0.27807983784098217,-0.2454776718179042,0.3248972827591496,0.5393686787091323,55.64604874626553,95.40078319874736
654,-0.4176843697946614,-0.3474803116306739,0.3251420584997228,0.5396611467394751,58.450931550630344,108.62652249223595
655,-0.5446873110448294,-0.396097256586495,0.3255407672743777,0.5402323067398654,61.41145452437173,101.19488382462522
656,-0.44156252975542876,-0.3084374444720678,0.3257487059667842,0.5407681659615855,60.7977622757986,96.20021614907418
657,-0.37689903173925327,-0.37294206646598504,0.3259651864778255,0.5412294036970614,59.396436050007914,105.50261240937128
658,-0.5546252152274128,-0.3609886821940766,0.3263128301689881,0.5418141126364009,63.58490547070771,101.8346713042791
659,-0.38486319542694736,-0.3892252148294704,0.3266064414468129,0.5420905170568667,60.50122121203033,130.3699871583213
660,-0.3338944506340668,-0.3897839504696745,0.32666771527397165,0.5425701406590574,60.6110441115903,113.34862621989849
661,-0.37354541659005497,-0.33446129355833754,0.32694165314762635,0.5429504861561385,61.482902239150064,99.85315369657617
662,-0.34707143689687303,-0.3162627719521447,0.32715326886112295,0.5432339447302431,62.370551385941724,101.25104793489524
663,-0.3742758773263424,-0.31317730979407454,0.32765566542594676,0.543580925180891,63.203286549175196,103.09089000482284
664,-0.3018542973288879,-0.2809067538427468,0.3278956330315423,0.5438415427374262,62.367039967332744,101.32041652408347
665,-0.46557914574602394,-0.4015209986805323,0.32829518266681085,0.5444210169485872,66.03371333302059,106.31428010945105
666,-0.5028253416100334,-0.31859077439389566,0.32867347602113467,0.5447114679791767,66.76942124505564,112.79769051899792
667,-0.4517687775805667,-0.2786479533143124,0.32889531389894056,0.5449183923524988,67.08152684987434,108.90201450076391
668,-0.4502596471957711,-0.33001409714055263,0.32911544898451295,0.5451953422383556,67.97816272749552,109.19267122814973
669,-0.44895759187271267,-0.2957620796105949,0.3294127827496286,0.5455052869069538,67.74245493456937,96.44674969652891
670,-0.5081880703072936,-0.3429848283908283,0.3297698459682881,0.5458064154541427,70.43638532675955,105.20418673776197
671,-0.43130546239228784,-0.257620139863026,0.3299428358152863,0.5461814876009201,69.07755032580533,92.44061485848381
672,-0.6578736775001309,-0.33411318166280196,0.3306827571978045,0.5464239642447042,73.193077272317,114.98717873506871
673,-0.49748168565138895,-0.45621046078049626,0.3309686877252505,0.5474883212497244,71.75233185289576,124.44824613571836
674,-0.4052863542132731,-0.30563557011937187,0.33112728455849827,0.5480606242416332,71.05328492838996,100.61993555955732
675,-0.5082684926759344,-0.3670127764785434,0.3316219546101341,0.5484686232443668,73.50616336231153,121.31163037956252
676,-0.3449613239969128,-0.37994665116505133,0.33172075991320954,0.5490223140489947,71.37853732261286,120.09872301322189
677,-0.6615929854292016,-0.33588229149145526,0.3323599758879205,0.5493879369581064,78.2040138664365,123.9420066697979
678,-0.36852674126862167,-0.4088451130484501,0.33249629293686683,0.5500660058935057,73.57608679902134,122.75596336522685
679,-0.3759572167684926,-0.2634843444754724,0.3328103609226871,0.5502788279647576,73.7565173822881,106.26494506429866
680,-0.5743191062637917,-0.3403995482480855,0.3333919191615729,0.5507524413006214,78.13372369867689,118.78652972598287
681,-0.38248033676753074,-0.32068745620811556,0.33347349840362706,0.5511629482268744,75.80459866078947,111.31175572814435
682,-0.7981212654848391,-0.33670610655877586,0.33445908941834385,0.5516311439074486,83.66448045414894,105.48667685515983
683,-0.4594716655456997,-0.4454302199489626,0.33478328483887426,0.5522194874231718,78.94018762349579,118.50226184131932
684,-0.4032607530634788,-0.31711097315837217,0.335127029837169,0.5524658411914882,77.95070270216328,124.9203753500311
685,-0.40410213553065,-0.40619040763900094,0.335510305982356,0.5531394220005371,78.4252168918044,117.15959962095118
686,-0.5623101387274246,-0.3628037333599258,0.3359941467776458,0.5535417001920251,82.55511554334403,115.73088960991899
687,-0.3089244025656949,-0.2984279388006373,0.3361496247760611,0.5539086773111203,78.38716107228643,110.77859101729814
688,-0.33213661761110935,-0.42407129256165865,0.3362436215951224,0.5542742362879574,79.39799022925858,131.27017244985748
689,-0.5803213115646252,-0.42772493963436864,0.3367808519479116,0.555136049931447,85.93090831751547,127.0407544075538
690,-0.5029987447379562,-0.44536127012729243,0.33706753087103003,0.5556520376049539,84.61127265623938,128.09393113681708
691,-0.39189227572668406,-0.4117927558922888,0.3371525050727804,0.5564570188119657,83.14801975677422,119.11872050087207
692,-0.4125364091957548,-0.31594895655840705,0.33723980625280925,0.5567919201201375,84.47185799425571,115.32654718295082
693,-0.40935869276880044,-0.3071642091407811,0.33741938688848555,0.556988568587186,85.07783391715117,119.14717882092509
694,-0.44263722507749365,-0.4205562722634782,0.3376203414125476,0.5575184866765001,87.63730217120501,135.67749462698262
695,-0.34546501918186795,-0.3934652652470074,0.33775001816238337,0.5579338315900533,86.2649606347554,124.93880561950652
696,-0.5126831735196308,-0.34197937443807713,0.338048793058173,0.5584219524231234,90.36142478519388,122.30582108403581
697,-0.37027535505987474,-0.413856829469255,0.3381962867996319,0.5586483832768045,87.74737779781631,146.81505320104088
698,-0.39434008230834283,-0.39728498179440663,0.3383761540168591,0.5590833498667468,88.72323524832572,134.05481356381773
699,-0.3503087456394253,-0.4321680163949191,0.3384150438831185,0.5597170869369664,89.25646980053898,137.6999649897233
700,-0.3860807611837682,-0.3514756873902379,0.33867813128087676,0.5600597179217979,90.76532542967084,122.54569862746462
701,-0.5483240653657715,-0.3070211972573542,0.339463525058735,0.560307512434954,95.89235795934052,118.00631591409905
702,-0.5100642022687678,-0.3391269002895647,0.3396811906620145,0.5606762297687243,95.5923822313561,130.77568230617274
703,-0.4781496382477955,-0.2932314271659678,0.33989361482535285,0.5609553524291397,95.81675505842779,132.93295648761472
704,-0.45823281401617083,-0.36004763991200683,0.34012003979196764,0.5614843013654163,96.47592208718774,128.3314445447579
705,-0.3211493088152099,-0.46565987593005737,0.34026064038860615,0.5623556305519035,94.38727095596721,152.54498393451925
706,-0.49509149974907946,-0.38710252113398996,0.3405446192920683,0.5629802888226112,98.16392949709318,131.83767269719533
707,-0.453783068538419,-0.33709305086102664,0.3407963053795991,0.5633008716849716,98.48587011025825,135.72620663729677
708,-0.5595728978452426,-0.33099460430195227,0.3411412945081962,0.5636257303410916,101.48419945282822,120.48691568028168
709,-0.5513323321407497,-0.2971401931404728,0.34148349774088815,0.5638848911001458,102.4888734104822,127.42705728569072
710,-0.47374985826500465,-0.23139985777720662,0.34179928980336616,0.5640421079467177,101.93718633342142,107.35098210636879
711,-0.4434500438642987,-0.5967729347613474,0.34200674211672166,0.5655014141756777,103.04250776830722,139.48852803331368
712,-0.5204053987848848,-0.2936783207692908,0.34227788873239734,0.5657954856876907,105.03292448409647,122.10435629743661
713,-0.5080011186722526,-0.31055879431146555,0.3426040256492724,0.5660453604146233,106.07305366029566,137.83252543067493
714,-0.43106038564968835,-0.3104051650076788,0.3426834369258412,0.5663399234421603,105.9974891080525,129.2845828087582
715,-0.49984862516997475,-0.34966974989349386,0.34300214792281286,0.5665798532177074,107.76078757085092,123.73926154808103
716,-0.38678777775011497,-0.32191732163104875,0.34332479832540663,0.5668091196424969,105.77838668670739,122.85230287347925
717,-0.3510728791215415,-0.33429644241528605,0.3433794301381096,0.5672256973504213,106.60603895412592,142.57056950391637
718,-0.45925887509189395,-0.3910309371106694,0.3437658004883526,0.5678140634431579,110.12616470784016,138.8628908875125
719,-0.3891437587687627,-0.35310481751157957,0.34407541645863265,0.5684807671793456,109.10709455868812,128.2086320539096
720,-0.5350279896785142,-0.3501283813372316,0.34441075079929084,0.5690421872663154,113.68658545713693,132.81768932577162
721,-0.43825309591972383,-0.2801757717542268,0.3446943619271467,0.5692983027607808,112.5457163858743,125.85078771473033
722,-0.34675565590582863,-0.35204362485472634,0.34486041889783287,0.569798975903599,112.21838311278415,139.63684487890103
723,-0.6450683268551889,-0.3730191413008997,0.3453144252908936,0.5705240937257468,120.21544608374332,149.55701530905614
724,-0.35647860926446506,-0.3323199748808189,0.3453174948283111,0.5709871424229419,114.45756824322649,137.94086086985618
725,-0.5430857906625899,-0.3632310167753966,0.3458507336977251,0.5712987580738468,119.98956604944031,139.88383410670497
726,-0.4797375697282756,-0.38820629192722705,0.34615987117987934,0.5717172328083437,119.52593912873891,163.57630068626148
727,-0.5914654363116829,-0.36973246960782413,0.34671029428788647,0.5722650053348888,123.92670968497397,154.3419776366258
728,-0.42553678024667924,-0.4111227184157083,0.3468828710435224,0.5725739795664895,121.09614962802375,157.747211467328
729,-0.2707074316209564,-0.3772183378036463,0.3469316960825206,0.5727669302519749,117.71985919206254,156.57703025372425
730,-0.45751455181112,-0.3186304381025142,0.34706606136299484,0.5729937950411151,124.46236491679113,149.8468129629563
731,-0.6663782588912195,-0.30795768895194003,0.34753244105342324,0.5732618188934547,129.26023474959612,153.87249561142872
732,-0.4812343011603623,-0.32170928047508107,0.34785867326760034,0.5736686317338987,126.87329433611168,153.28159524876259
733,-0.5933711958227331,-0.3293796595660931,0.34822861957758616,0.5742859244809976,131.30718045863532,140.02826294933516
734,-0.281018389713912,-0.3521466571594193,0.34828266587547607,0.5745962058322182,124.61231218749569,159.11971719570388
735,-0.41442018558310617,-0.3464110608042966,0.3484446048853526,0.5748982892306187,128.95663824041804,161.41328056706416
736,-0.477124185040233,-0.3469976398066585,0.3486304314020807,0.5752947127766607,132.46936816172794,149.31799504850184
737,-0.40471353343042027,-0.39696086656037527,0.3487744413421455,0.576017582702952,131.05404195060385,150.4451885382164
738,-0.5156434817642873,-0.35502576543023484,0.34912107423561195,0.5763258841067785,135.33393451239687,156.68557217262304
739,-0.33000775428242446,-0.3043876880992617,0.3492021809620615,0.5766386992896969,132.28779567467478,147.90315916299954
740,-0.6090298479687724,-0.40260535874007325,0.34959904492863575,0.5773042688090703,140.33436438021334,155.75292515564806
741,-0.42401186249051326,-0.2962337860759085,0.3498210338886804,0.5776686166258367,137.0961600104524,148.26443546053042
742,-0.41398679082106854,-0.37081868048252925,0.34989789594681187,0.5782287110152727,137.89354527869392,158.1579908499889
743,-0.37479367395134566,-0.40290837321260153,0.35008201682533463,0.5788966663842369,138.28553224310699,163.23104231380094
744,-0.4369527998033996,-0.23894979538054084,0.35035914141915936,0.5791126235841355,143.20128467441558,135.87559964224118
745,-0.4497700053440522,-0.3542851787710561,0.35056769194033266,0.5796725806060969,143.38425378212492,158.21456548289666
746,-0.5728717388074953,-0.3930516780402284,0.3509398589943615,0.5799033489789154,148.2505836137119,174.34151578877209
747,-0.4671233407683782,-0.4164017249055034,0.3510669714593891,0.5805690163351227,146.90461097290347,183.76729672443625
748,-0.5145887306340273,-0.4349936330933236,0.35145279803559626,0.5814532131008389,148.58342472966538,170.77371184070785
749,-0.42874120363510826,-0.3369178944906604,0.35182550906155063,0.5818232039024215,148.12492206786644,164.67870528808297
750,-0.4271220874790696,-0.33992527442776077,0.3519808511617928,0.5821629667370228,150.54456884977208,165.98631268761036
751,-0.4800236123557392,-0.35541995852267255,0.3521402403959325,0.582569111122421,153.12139057080347,162.3344881703704
752,-0.679333124537522,-0.41294710217836866,0.35281284013267966,0.5833755276525115,159.54801357049334,176.1090641599111
753,-0.5308177092261565,-0.28016012640269555,0.3531612821198904,0.5835786465544153,157.33662597847555,156.60192935918352
754,-0.4035037144804911,-0.35290498414760707,0.3532869550415606,0.5839432357788086,155.59852177659857,171.53619231686181
755,-0.3246937712027853,-0.3225378849606998,0.3532837630930959,0.5841528985335036,155.67873585821997,160.16830428285482
756,-0.3633237417855861,-0.32232851666352175,0.3533769624169929,0.5845133545841721,157.10109529441394,173.67945427645577
757,-0.385306237256309,-0.3499100878366029,0.3534790100784256,0.5849238287473562,160.8449040996202,164.19362934847325
758,-0.42587426582203064,-0.3371829647872006,0.3536971318715768,0.5851867397481385,161.96147730516995,173.84485941520566
759,-0.4738169280527378,-0.3522662483973947,0.3539818928114514,0.5855539973721552,164.90139615157145,183.61696251397643
760,-0.5321624347398506,-0.47014305613982377,0.354321989232376,0.5859309330049226,168.48505776197104,200.28933164424325
761,-0.44138511630382543,-0.25883034558208745,0.35456517539792215,0.5861883904411116,167.8348925668398,162.87518659716844
762,-0.45997570810255195,-0.33845019528115505,0.35474514876753294,0.5866866731918274,169.80729150743312,163.89429849228824
763,-0.4738901916360894,-0.3130347152266203,0.3549214740564903,0.5870477996998239,172.16163820493315,178.1731995992214
764,-0.5021752352937948,-0.3893571097493665,0.3550815190316754,0.5872592383759714,173.7387540027159,198.34853723096782
765,-0.38496417419043966,-0.36600366700052994,0.3550694631687969,0.5875299711797803,172.0270602874641,194.69114487823575
766,-0.34064159599479005,-0.3763084959667107,0.35523238936217055,0.5878492443033972,173.09111118460893,181.97717303374284
767,-0.5570648735483992,-0.39919895627464613,0.35555240504988217,0.5884383390894721,180.123942832039,194.33488225006136
768,-0.3776951220982125,-0.29495204671424385,0.35575636975326047,0.5888534063361078,177.22992357565747,170.2055933203613
769,-0.4305522331069834,-0.3041744377392604,0.355846057867189,0.5891251009410894,180.53595233986525,184.65218118220568
770,-0.4060580744306494,-0.5048347763200391,0.3559556383062862,0.5897262003135132,180.90574193727693,218.4628903766826
771,-0.33653983614477057,-0.43585459076010125,0.3560033363080019,0.5903661639001047,180.83411349754354,206.0970770367188
772,-0.4797127380166147,-0.30214224773780524,0.35615953513964543,0.5906885168310642,186.60210310826216,183.03316258327123
773,-0.4199721473991528,-0.3467749763617807,0.35616469140721585,0.5912264571498845,188.82263328495236,187.20073510121873
774,-0.5044260177706428,-0.3785974693239715,0.3564575477602836,0.5916786997031153,191.56998925224948,198.01813535634213
775,-0.29685504256935746,-0.4299598419764447,0.35644634819846,0.592437454701171,186.96747850869258,202.32360308917376
776,-0.3594878166924037,-0.3542017629769369,0.35653102005419174,0.5927070802661041,191.04678020464738,199.23172354002838
777,-0.31921643207704414,-0.37909895578680536,0.356522510705556,0.5930521559094828,192.02767075658662,190.70731453616057
778,-0.37908375372508407,-0.3646004793864806,0.3565757508031372,0.5933267489931858,195.38425351269055,198.34319514665933
779,-0.3781650266401974,-0.518385803511778,0.3568577791416234,0.5944071209658203,196.81767940258976,219.17456468041095
780,-0.3899319402015338,-0.4010447571885422,0.35709159880292274,0.5948977173451385,199.59536705532742,219.26906554443474
781,-0.49202072450569356,-0.39809059560886173,0.35732421163962286,0.5954702450451985,204.53392096390638,206.9869533561986
782,-0.7269518608938716,-0.41918704338130713,0.357977723799951,0.595907746687365,215.42660673380567,221.76838075909004
783,-0.42151887128329113,-0.3985953432539254,0.3580809676275757,0.5964190253225712,206.19767022335748,202.2327094098049
784,-0.395380021355967,-0.38043964220125237,0.35814689009018835,0.5966694793224787,208.77764823533633,219.31045379575454
785,-0.551993941591533,-0.3015277489662868,0.35850492198035044,0.5967835273043652,216.14137396985464,198.46057398259146
786,-0.5001407255611718,-0.29728213843285817,0.3588275195744668,0.5970255053472817,215.62386550609705,203.03625197232233
787,-0.39657290171114157,-0.3736466664509985,0.35909100828429835,0.5971751508170728,214.7574987170388,215.05034744521728
788,-0.2625800097760657,-0.3250954432049413,0.35909353699205904,0.5976099132014052,213.1979045953546,204.79343368163245
789,-0.38436576715592835,-0.32918904234705576,0.3593332210403153,0.5978972451407095,217.9880678367287,215.28070707904766
790,-0.4499913854593777,-0.29834293712673415,0.35964580019824427,0.5982722406367343,223.41347240362222,213.74128811880678
791,-0.34559202946583334,-0.29716862662459287,0.3596804446960655,0.5984565953031494,220.63735602417273,223.45568710932253
792,-0.5399628539696004,-0.34978270610668594,0.3599875935103297,0.5989199432669391,229.49481131686565,220.76436980285297
793,-0.5499674253543881,-0.3155548129242411,0.36042095129666035,0.5994861044031348,231.59333027045656,210.1913405423051
794,-0.5353724370756417,-0.3273462806986423,0.3607355715227335,0.5998505301966125,234.35786971656933,210.66768787477136
795,-0.27208383418871845,-0.2575216686772094,0.36073541485700217,0.6001810122325174,229.10118698013568,207.18129045744632
796,-0.5391618066558683,-0.36169844195600265,0.36104868385843863,0.6006238320013475,238.18289127559797,229.46142634070642
797,-0.4287422513131197,-0.29193594531897127,0.3611581541545707,0.6007895779186134,237.66218896918238,222.0321698010717
798,-0.4792824381594703,-0.38240688534247974,0.36169487607008577,0.6012090636501299,241.8406451072832,245.3231879744566
799,-0.35384170258777176,-0.33721918956839236,0.36167103130030914,0.601406126197201,239.45941206210554,233.75156150829156
800,-0.5058373234017781,-0.46210617103627294,0.36186380114095545,0.601991976883274,246.64425319420207,255.5356196915122
801,-0.3809138782824571,-0.3970084361355112,0.3620071703248737,0.6025865472803197,246.4903172469385,245.60041744612403
802,-0.7975968720887224,-0.2744817772695502,0.36265814925343187,0.6027085149380569,262.2441579597951,223.4850427072566
803,-0.3361693876780723,-0.38615984320985236,0.3626256660712763,0.6035388002504685,251.79755635374963,239.90141478788792
804,-0.4885759291388003,-0.31236646815998215,0.362878535406542,0.6036511421891954,257.87152095090767,239.15094183118583
805,-0.46907765888834424,-0.28540019933576183,0.3630097287353853,0.6038511787160581,259.5548370673863,229.24776001263683
806,-0.5652201064865986,-0.3590099705891168,0.36337051676389226,0.6040667050241162,263.27864317864675,242.19730986037996
807,-0.4669145439076535,-0.3638485964664394,0.3634185589605961,0.6043839845684024,264.7645813658204,248.46656825518158
808,-0.38493840968079,-0.3395301318883836,0.36349452296516455,0.6049663283122617,263.21014507611767,230.32307692712698
809,-0.40564452716359206,-0.34314359661082117,0.3635298643290575,0.6052150631500209,266.9280691061248,251.77267483986452
810,-0.36478025295156435,-0.298150024471918,0.36354862436453567,0.6054344870072935,267.7434510470309,235.57653194453144
811,-0.4557014517091811,-0.4455013089760127,0.3636464533679777,0.6061860470642126,274.47442147328445,254.95239592760245
812,-0.47821215135862427,-0.3779349163658137,0.36411363355325416,0.6067033517550977,276.65113451848515,266.03604992979626
813,-0.5028279162351456,-0.2810264972806383,0.3643855617598325,0.6070501112012,279.99112309779485,233.4716521274398
814,-0.37746542638732783,-0.28191012829224393,0.3644672673064336,0.607544198193449,280.01256613887057,247.93550393065334
815,-0.7749609433435126,-0.3507873852325454,0.3655779718270041,0.6078181828726765,296.2341291402108,266.26094288849595
816,-0.8006362172201159,-0.3446496260337439,0.3661726401374401,0.6081797506986597,302.7485733108514,250.84955322141371
817,-0.41484324390260774,-0.35600057734457935,0.3661712410096026,0.6085095730406145,290.54704864252716,267.5543511290339
818,-0.47043404254368826,-0.4906094095686848,0.36615156609837957,0.60961653716935,296.38585386827003,271.4156231826373
819,-0.3924382113700299,-0.3888826250143201,0.3662983293051808,0.6098615401829872,293.99085786984995,274.1175543877873
820,-0.39084767091295963,-0.4173028334074196,0.36671821619762135,0.6101369633985259,297.16338891545314,273.62396841983946
821,-0.4523046929393813,-0.3757366327455087,0.3669405687816507,0.610632135214819,302.2669193333858,285.4684752046841
822,-0.46738155016106747,-0.32703415252588175,0.3671971244933484,0.610938842783972,306.2956469894276,285.1436117842017
823,-0.4658988754311121,-0.32748878362481637,0.3674773832589045,0.6114211117515788,309.7933153168968,269.29357353085146
824,-0.39956193588995814,-0.3321726475278458,0.36758580981022193,0.6117607298049138,309.649695183261,273.0236882605775
825,-0.8525092703072621,-0.3617883941354009,0.3684542078423826,0.6122094792778502,328.6201769019942,268.65496171872263
826,-0.5200486646385382,-0.2940517266799749,0.3687222758077627,0.6127670720423452,321.03711680460924,258.8853938993277
827,-0.4208858381937225,-0.39022292389675645,0.36878896017795554,0.6132858515332305,319.50542657584987,290.1120775486133
828,-0.37931868708529526,-0.38010260050179895,0.3689415678008177,0.6139295086952827,321.87274005982476,290.8597442356521
829,-0.40632581582907085,-0.4061846501539345,0.369046700424512,0.614278955753574,325.1038151488129,299.4199435060094
830,-0.6740559795277791,-0.36472993221863487,0.36952867261043026,0.6149063153213823,338.8565549986487,293.6489753558717
831,-0.549917016510946,-0.3089053975360843,0.3697368204886329,0.6153714335864813,338.7326687490381,286.5134718121532
832,-0.3642847187383074,-0.3693346574052155,0.36986074694405185,0.6163118643912828,334.5215828662049,290.1546211698901
833,-0.48210307615631687,-0.49019516348857123,0.3701523996806248,0.616952211195357,341.24421707795625,325.6144068668564
834,-0.4108593239182991,-0.36080564802025294,0.37025846111219773,0.6174105333580117,342.5678921501791,299.36073028958884
835,-0.38411886289424935,-0.32088910774152724,0.37052131094416585,0.6178030997503029,344.11447423033366,301.742381373207
836,-0.8715968267541502,-0.30842777217807815,0.37150766615068015,0.6182090985172605,366.8090206599872,294.61958110878527
837,-0.4964994071946295,-0.35335171862323544,0.3718186093003326,0.6184047800727506,356.46258420709563,309.7838166445405
838,-0.4391607111175189,-0.41668024237279333,0.37198603326242596,0.6190123448677993,357.7156907113852,316.02302147572817
839,-0.308773650571927,-0.29296462621101227,0.37202902258210324,0.6191002607446214,358.04468391054144,293.9998785903836
840,-0.48285996523070945,-0.43722064567378977,0.3725614983259778,0.619927923835958,366.93639342238686,320.7570054935551
841,-0.40629035321851575,-0.3422269708117882,0.3726688080485969,0.6205373780191136,366.7592300634952,309.42194468799244
842,-0.5724680225649545,-0.3362901986691653,0.37302409233085265,0.6209623888631122,376.9015823290885,313.7966183314098
843,-0.3966734216871682,-0.3710696303682986,0.37320744800983463,0.6216142007722919,373.6011146338272,317.59632632825054
844,-0.4956015225117425,-0.35671181482459885,0.3733020397593666,0.6222113436420367,380.98035283007835,315.237910396765
845,-0.5764793418854773,-0.3435797663833741,0.3735080269907451,0.6225926089672731,387.3247482735934,326.3968416885211
846,-0.4494887039316725,-0.3081523145980005,0.373550121059007,0.6228692520559215,387.61488546111735,321.2459620441444
847,-0.5701937731044258,-0.316421368490294,0.373750497801196,0.6234291595813478,396.940624188573,329.8918073591262
848,-0.4119304937919337,-0.3903827710748239,0.37391712997102355,0.6243084209317954,393.90950146894374,327.97497717044297
849,-0.3639239919587666,-0.3735986480853457,0.37396405832302715,0.6247796597663242,396.52391812716473,345.61505647489156
850,-0.3655447150787333,-0.3082972203292733,0.3740092710997189,0.6253226211608414,399.49530542425896,326.4497539718939
851,-0.4102037700593023,-0.3013083708333036,0.3743137597819354,0.6255674679378074,406.017582664589,323.131152792369
852,-0.3972095536725851,-0.42022855394466946,0.3743278551860638,0.6263079895814294,409.2915330638593,354.7328912640735
853,-0.3397398162560131,-0.29037816754768786,0.3742785118271425,0.6264140563166268,410.3736827559706,330.48147623486926
854,-0.6829025013581698,-0.36350416180673323,0.3747002224731423,0.6266121466302111,427.95962178827244,352.0710148881376
855,-0.4050491821536558,-0.39550722795986665,0.37481441802572113,0.6272578270328965,422.418929467382,350.02012771837525
856,-0.3913171752365476,-0.44180965340781164,0.3749105721697168,0.6283900638104862,426.27104999678886,350.8478128628812
857,-0.3831360374066519,-0.2835047549225578,0.37512263633928616,0.6287754373821391,429.8345798064466,351.2484969581312
858,-0.7337604235108106,-0.3289357467011857,0.37579160144103124,0.6292486269063899,448.18434678764845,359.95527971066264
859,-0.5115597969662962,-0.40869271868257695,0.3759947365118447,0.6295019861950977,442.2326912826075,368.9953189355531
860,-0.5416806058162986,-0.34065843832365267,0.37641093918484747,0.6303219680455818,449.0879797910545,365.19627618805555
861,-0.41078610141088195,-0.3666014844718135,0.37644036588674684,0.6308828709075046,448.2480394547805,380.6091523726604
862,-0.38951681675202815,-0.2737895277020125,0.3765647499822375,0.6311070587318686,452.6077544629865,368.3014159261836
863,-0.37618088665602173,-0.29385981686960616,0.37691538937193964,0.6312828009066997,457.7506864948337,371.875045338057
864,-0.4016958993865012,-0.31821247276648196,0.3771742280349126,0.631694498911852,460.67821441248316,384.7494978576587
865,-0.3822433239746506,-0.352215305010904,0.3772250028191012,0.6319940253574143,464.38601579305157,384.3097513444092
866,-0.39517436047991156,-0.4248632847167936,0.37732067267605696,0.6329506271893087,469.7931924577031,382.8475590121656
867,-0.49951593701495356,-0.3496146420647501,0.3773359627694444,0.6336297790031491,478.72888248110735,390.8413493973823
868,-0.34390796862554884,-0.3460879166111046,0.37735960563750415,0.6338291017092794,477.65257722709526,375.4027642173019
869,-0.3392883797703244,-0.3194517330258117,0.3773743620604954,0.6343683848770092,482.49968442688294,390.9889455509539
870,-0.37763271702351014,-0.3564078488746316,0.37743995726028573,0.6346136514906769,488.33448616527124,414.1804417512553
871,-0.3890399352520553,-0.4665163590337408,0.3776130274378793,0.6347673812402153,493.4118225235794,418.2163391687046
872,-0.4192388394769875,-0.2948844368052051,0.3777215100863453,0.6351647153635138,499.7650558058534,393.4140595241922
873,-0.31736797496002894,-0.26320469116870787,0.37765910388513363,0.6353083596323144,500.62228892859434,397.25787701025394
874,-0.4869649750765716,-0.2836794854645968,0.3778005375922132,0.6355956489424166,512.984767775826,402.5722633684089
875,-0.4863931068981495,-0.4141351820122581,0.37789063377030174,0.6361975270227372,518.7443760488119,417.6006306181411
876,-0.460098637043006,-0.3868481878189293,0.3782769378861955,0.6363529905450406,520.8547320319216,446.5494068720058
877,-0.524941406415284,-0.3797897780663187,0.3785965391051774,0.6373306491748988,531.4699752268407,422.4819501925084
878,-0.6632423015431632,-0.3974445034716543,0.37919325898862344,0.6380239980770397,542.3665169341715,420.1511982527454
879,-0.5147245283431624,-0.3286145884338233,0.37932588266178324,0.6382224507733033,542.4874653012414,437.1605319009869
880,-0.48318263932496847,-0.25826457046781714,0.3796589007106602,0.6384066554734151,544.9834226380989,418.8052722280883
881,-0.7196533810997223,-0.3156128263052355,0.379995896747329,0.6389065336508694,563.1237104681351,424.6252294830472
882,-0.46845854915660035,-0.40695182644576494,0.3799898486523768,0.6395267761522211,554.9335467537409,452.70727494454167
883,-0.40990002755185934,-0.32850446793622634,0.38010885898263297,0.6399822934548862,557.4364148319165,456.09038196072237
884,-0.49689409921892264,-0.4029188763884062,0.38016349242221714,0.6406154158226769,566.7985862275987,462.78112334154866
885,-0.4521989132924082,-0.29937593311379523,0.38034657855490495,0.6410696510209635,570.6051781890984,440.2577428476387
886,-0.3303584208085861,-0.33683204019532775,0.38033240617982256,0.6411701778307891,570.6978072493299,459.4562644722645
887,-0.5733873908994291,-0.35296423450890746,0.38066320517575625,0.6415599558287306,587.4906046769347,463.4180379382041
888,-0.5776368273320488,-0.36478211243950714,0.3807811120306347,0.6418399902854971,598.1755163240078,456.3675459192716
889,-0.5522189221415147,-0.3166872183989387,0.3812438368893341,0.6421657350696811,598.6605767485812,463.55701904297615
890,-0.4612430168315011,-0.3203589543581711,0.3812764098686041,0.6423834823988214,599.4371306462813,470.6515728527467
891,-0.4212994655617963,-0.35036154260231395,0.38139087140758793,0.6425636913148819,604.5658151987009,477.0343401733042
892,-0.38761395027036044,-0.35306166402655004,0.38130786479555573,0.6428229013484842,609.6618089415674,485.73916985952553
893,-0.7813354104294808,-0.3573431793819758,0.38182201735553856,0.6431074266517455,634.1908975939905,485.4305605319743
894,-0.3968782380977516,-0.32044426523711433,0.3821541557795732,0.6435558451378993,621.9233278241649,483.8352304893219
895,-0.4457482950486314,-0.32467650660933156,0.3822668191266904,0.6439566605435512,628.7476501169986,495.3781172229081
896,-0.6533122199430059,-0.30523481919143514,0.3827080104060977,0.6443842651876917,647.956902691474,489.9047402827852
897,-0.3246244662130993,-0.37001451426360243,0.3827364619393769,0.6446097236425018,636.91132925597,507.4569460335749
898,-0.2779919695940653,-0.29977878278265746,0.3828560094896932,0.6447166042700263,641.2523350949431,498.03824503974784
899,-0.28040383931140067,-0.317498011249506,0.3828701052475155,0.6450445044186746,647.4109000233534,499.4336784296211
900,-0.6327940730582344,-0.34492366993679596,0.3836079772340903,0.6454544823436343,670.4547382054908,525.3580653472881
901,-0.46689375225583174,-0.2998014109623568,0.38385636009360885,0.6455614721447721,670.3247641213569,515.2435004609324
902,-0.5923765692097502,-0.30292589287442545,0.3841771379679707,0.6459332418111688,682.6394989533694,516.9340880272802
903,-0.5171800986298066,-0.3250658967664556,0.3845593409546265,0.6461031613271632,685.8083884873868,535.061492482174
904,-0.44014908502417643,-0.31861547865638884,0.38477501847815254,0.646331862840221,689.5755512768217,533.9322762946925
905,-0.3240003784723093,-0.38002195821667023,0.384852739352582,0.646685181785907,692.3615697619723,544.16445039242
906,-0.4716786703464965,-0.32989829829687345,0.38507854720414014,0.6469776207693458,703.6242043163393,538.5498464449274
907,-0.39684550881235553,-0.38052866269739716,0.385088569639765,0.6477003167543174,709.7445671800182,550.0736626597788
908,-0.4824450878448217,-0.30918474784002437,0.3853029293971271,0.6480069987201093,718.1736478185445,554.3758298829044
909,-0.7570091581548348,-0.27178451830571504,0.3857369042163349,0.6481440727588247,742.754400945702,543.2588151966095
910,-0.4610109396168327,-0.3499484608763512,0.38584261977311446,0.64838232727244,731.4534770893133,568.7604347370662
911,-0.43444650769406645,-0.2692376339342266,0.3859099136728374,0.6485427604548363,738.6731348606429,555.3751151609392
912,-0.4975070275003724,-0.25633767621948944,0.38603070327005096,0.6488009064600431,749.2870492745122,557.8111279504218
913,-0.3693323868278736,-0.3114274726858206,0.386157586553153,0.6490238592243684,748.552166251504,573.1056906986073
914,-0.6985767347384915,-0.39267990818498394,0.38650227548618576,0.6495702450798122,775.6425871992708,589.8036728461674
915,-0.48451329705135243,-0.353236514543214,0.38675289175188715,0.650051200948166,771.6349064056745,598.4003654207307
916,-0.47739608005791284,-0.2650902274762698,0.3869104723094255,0.6503658343485919,779.2662592347339,576.8165024416006
917,-0.5515327398039697,-0.2881199011737343,0.38718699757909114,0.650511179169644,788.7785749747152,598.3826794485439
918,-0.40472780828355226,-0.32628515425473253,0.38723160531229023,0.6511135301424096,791.6080163158771,599.2831371917515
919,-0.4329558387181584,-0.265014790589643,0.38748783371745193,0.651328944942478,799.9664902725212,595.3997824401341
920,-0.6694595356098078,-0.2864476725331962,0.3878509497406982,0.6517773112745013,820.8005241221085,607.6207099827261
921,-0.3902786313837343,-0.3193843855889316,0.3880137441226206,0.6520214916091023,814.233698529896,605.383880912798
922,-0.39720164214238507,-0.32781709337526826,0.38796086219566756,0.6521886886824845,821.1134235266758,628.1907429470783
923,-0.3437838148318165,-0.34914604432127627,0.38802844928601793,0.6523545700408679,825.3746580213461,638.4234283757983
924,-0.5296344454602859,-0.29620314460257596,0.388197985364091,0.6526454765129347,844.8355506333153,631.8179979075792
925,-0.3952592850987937,-0.3074490388124419,0.3882318504961486,0.6529065938093939,848.7868315521156,646.1270852275017
926,-0.46635736385246884,-0.30780393006705226,0.3882484170094015,0.6531675350945931,859.8375101020602,641.6906977582656
927,-0.43335805735047145,-0.29052196246216194,0.3882727906517449,0.653356313257579,866.2926234535772,649.9066316779664
928,-0.5403508430912523,-0.30742944496454994,0.3884682068177124,0.6536453521871455,882.6944757468596,656.2338904584275
929,-0.5168250814927017,-0.31332701978445043,0.3888863515751977,0.6539475604547256,888.2083310180413,661.9962733505024
930,-0.45764056209324383,-0.32866630256506524,0.3890040732382818,0.6545567943482071,893.6825668503146,686.0608772767645
931,-0.48633614206198345,-0.4621293707951343,0.38914688144473414,0.6557951929935047,904.7023757155611,684.4784246054539
932,-0.5606137212279194,-0.3627960172739903,0.3893687258693542,0.6562752423030681,920.2226716770577,689.624222670724
933,-0.5782711058413743,-0.32839771247962257,0.39005418725058244,0.6566185446432219,928.7209167848616,692.861135819102
934,-0.5978266499158803,-0.32914209429687574,0.39041574341781937,0.6566439483767141,938.3575431398303,700.7259233257902
935,-0.5357481011319908,-0.27370898636130314,0.39122643817349256,0.6570270625944332,946.9451455585,688.7224375469926
936,-0.43184139082196005,-0.3549668081273784,0.39132199416065094,0.6580574447328602,949.7094119782968,722.9699810137386
937,-0.6751768140522311,-0.30642016253835225,0.39181130946101217,0.6584607176905084,971.8421998264515,705.4576825637525
938,-0.43100978767915377,-0.30751486632451064,0.39181673082534124,0.6589246203846693,968.2307496003767,719.7559679196537
939,-0.6427189375227479,-0.3828214998567486,0.3920946863859947,0.6590346250924191,989.28250621707,749.788608865015
940,-0.432747227369808,-0.29687415519989846,0.39241915662271426,0.6591988388057162,984.0079650026341,730.1360982885129
941,-0.47644820970633345,-0.3346442772362701,0.39280600043031144,0.6595238859093006,996.8703678368198,740.8315759015408
942,-0.29256800599739985,-0.37063745332775344,0.3928068426955352,0.6600062602873163,997.9165880325895,752.7051384158117
943,-0.38150532589966474,-0.3562486056757325,0.392764683450814,0.660749030207521,1012.7140209564088,767.1462692343705
944,-0.42660765196071826,-0.27231077440966023,0.39281429180278,0.6609047211579896,1026.3765965759128,753.5374721158603
945,-0.5785372165596357,-0.33728592332074175,0.3930760353659605,0.6612329584407021,1044.2358818138425,770.506237975398
946,-0.4378821253186136,-0.37471533149557046,0.3932122961931144,0.6617860968592211,1048.444577634041,782.2542883496974
947,-0.5458222933941788,-0.37717795179891855,0.3935009769389123,0.6620808487482153,1065.8535621345425,793.1049637422889
948,-0.4156594852184344,-0.2859884836640824,0.3935269942449281,0.6625404939010274,1070.0716342197236,773.6977766891289
949,-0.4804137334104421,-0.3356351776156117,0.3935551640274795,0.6625688659627127,1083.2827120445897,789.2498783787491
950,-0.3695858200924836,-0.26688396646160917,0.3935259639657351,0.6626948929033963,1085.015948177619,790.0039237317148
951,-0.5747335388445782,-0.351524841416679,0.39390958476274035,0.6632728002374029,1109.0108271471915,818.2444379900094
952,-0.5494866734796596,-0.3410398879198615,0.39416448432714307,0.663560467045568,1119.141104264987,823.3303416749923
953,-0.48056054552840627,-0.36774482396296815,0.39454183463419973,0.6638161852799885,1126.5997788927082,830.1519076296743
954,-0.42588339955834537,-0.4015887554170348,0.3945383456134126,0.6642888475819854,1132.1777636756526,848.0711665767461
955,-0.5235094462452357,-0.3328669980120403,0.3947674817376269,0.6643378327891485,1151.181013996831,839.3650614914745
956,-0.3895978371158671,-0.2821657184674223,0.3948227769659616,0.6644790358520861,1154.5616532519546,843.8859365824625
957,-0.509811616369668,-0.3479127215133102,0.3950111351346517,0.6647253087021818,1173.3551863804853,871.608914865246
958,-0.41271702219233874,-0.29781965929412374,0.39512593258137657,0.6648792449026275,1177.5211609864255,860.9045544780646
959,-0.6020471060401907,-0.3369457234558408,0.3954096080705039,0.6651337127468571,1203.686549601899,878.4222860365852
960,-0.593138806033995,-0.2640974901312236,0.3958144369312337,0.6653219142896715,1214.680279080178,868.9713843652713
961,-0.500075570254723,-0.35447577504930555,0.3959888703351308,0.6656600406241785,1222.3302434157522,883.6118744754801
962,-0.4356746094747792,-0.2946651533586469,0.3960319479046949,0.6660984465493421,1231.0973370997817,896.0005387586542
963,-0.5413885106497724,-0.3464989512631996,0.39624928745803606,0.6663896132005257,1248.062354322493,910.648439504567
964,-0.627394578311487,-0.3558982430888608,0.39681958414965196,0.6666274321627769,1265.82020513703,923.5069601710128
965,-0.43366874115882625,-0.301143820563604,0.39684548047478624,0.6669180521739593,1265.2338323816412,918.7672644805671
966,-0.2833223584654868,-0.28477052086447446,0.39685182398632174,0.6670838448579125,1266.3542303481547,928.826478971037
967,-0.5222281560030105,-0.32038429112817307,0.3969416581325525,0.6675134212210727,1295.4678037409826,932.2445072701092
968,-0.35268132546561815,-0.37978785579653307,0.3969338406641483,0.6680061907215226,1298.3135358880977,957.8634216810915
969,-0.35281290221752204,-0.3065519651365953,0.3969539614751822,0.6685424116924247,1312.5485495304638,969.3094663607047
970,-0.4813296501062131,-0.3701186153365765,0.39711766159943085,0.668862402736722,1330.801134064578,981.2008042940262
971,-0.6007293616373254,-0.24442358017195578,0.3974996701610489,0.6691681576473136,1354.0308850569654,964.7326848674675
972,-0.5859357928948372,-0.31789580177856225,0.3978379570717448,0.6694067410826051,1370.728765000287,1002.1348127304499
973,-0.43137464366715667,-0.326562712364775,0.39802518381932595,0.6695409209042068,1371.4832197575329,1009.6286111381804
974,-0.6311356452366353,-0.37697408354609835,0.39820135407524376,0.6697833375702255,1400.9986885462667,1016.1917047389223
975,-0.48037065422403386,-0.3771270559951653,0.3985821926562315,0.6701393576635211,1401.5736800862842,1020.7377788285872
976,-0.46315846221180296,-0.3449964844921559,0.39933500207388256,0.6704167384137788,1414.6163195092852,1022.0800975415438
977,-0.4752551132284468,-0.28665514194814495,0.3995521321716411,0.6705574819318887,1427.111992028122,1029.7417145804477
978,-0.4655639522719281,-0.3773595624181463,0.39953127204911304,0.6710897583659969,1442.3970022751712,1053.1041248588508
979,-0.33757657062876417,-0.31043672247064524,0.3995517663438184,0.6713932146699076,1447.9457424059385,1047.593215596392
980,-0.6234173440217754,-0.4180109111378766,0.3999149083207239,0.6719418380893597,1481.7401007048388,1081.9006269386725
981,-0.40688975420088924,-0.331299304732524,0.40012120401029166,0.6722188441030652,1488.8970792712882,1073.3661979710864
982,-0.49098322862193755,-0.2899139642273879,0.4002854729022441,0.6724560339420695,1502.887261182625,1079.2285079635515
983,-0.5461701622428009,-0.3634432673299773,0.40060140070480443,0.6726366077030718,1522.3304514908775,1101.7370629328616
984,-0.2843756239768713,-0.3124222621172217,0.40067860206681927,0.6728638318777767,1518.5046881218573,1106.598311189617
985,-0.5231797010539548,-0.34389002483347975,0.4009160315457641,0.6730925448865572,1552.1968230151297,1119.3738515924692
986,-0.6552946290337618,-0.3737102315870759,0.4014307293885682,0.6733601903347455,1579.5031792220816,1125.366735583448
987,-0.4889113256987104,-0.38745803482833685,0.4017156088174244,0.6738742334523053,1580.720936429728,1132.543053989427
988,-0.48035198323721345,-0.3498025588479835,0.401862307839345,0.6740654652524541,1592.660137546214,1160.270732486892
989,-0.36677356596803734,-0.2861407085167908,0.40184470278062306,0.6741875774040189,1606.177568836906,1143.722746524309
990,-0.398844812887264,-0.3555636578748314,0.40191841034585735,0.6742672829340773,1622.838097105007,1184.1781923033316
991,-0.6353588358885008,-0.24057590311580548,0.40248127985694016,0.6744002577220396,1653.5817411291587,1167.828575676121
992,-0.5223391748340686,-0.3976859532876138,0.4027280346146659,0.6746513061544849,1665.8002557509951,1205.306267575476
993,-0.5838611313271406,-0.26378766657002706,0.4029318556891424,0.6748371908603833,1687.3148095237589,1188.578128174637
994,-0.40465567875530895,-0.3861359571890069,0.4030376457860701,0.6751794457565674,1684.8413665399703,1213.6996752263135
995,-0.6100475608642139,-0.3309878643157788,0.40345347895365885,0.6753277978338198,1722.1926223941023,1229.2729716001795
996,-0.4535777335324349,-0.3129029345965939,0.4035524176671748,0.6754146008968409,1724.486090064062,1227.428869067461
997,-0.5679122372636899,-0.3387806138552271,0.40380452464917227,0.6755480987966477,1751.3043831541988,1249.3097659969374
998,-0.4009713648737362,-0.33805742822117063,0.40408879946409354,0.6756173232349427,1756.101449843672,1260.9961025782613
999,-0.505151572695402,-0.31762350011847035,0.404421170311818,0.6757593982408026,1783.8970580961645,1282.830705187315
1000,-0.49849700192144397,-0.3793023716846188,0.4045960202846049,0.6764192511000585,1800.4289577039244,1292.341186794176
1001,-0.5258023296477347,-0.36840849751131155,0.4048417282534056,0.6765664203254281,1818.1525069849658,1301.8240377007673
1002,-0.5178702326591684,-0.3138074419917994,0.40521056027002533,0.6768651603667615,1835.8734589904593,1299.5064502654445
1003,-0.6324118033768733,-0.4058539675325528,0.4054371001222314,0.6769937655569721,1865.0310488379937,1334.2348607452245
1004,-0.623721984136135,-0.24942903335568542,0.4056158545822946,0.6771506954512895,1883.1173966495992,1316.3652815342464
1005,-0.6271305946417323,-0.3443514184320916,0.40607107428809996,0.6774173695138033,1903.1038331426898,1352.285419469246
1006,-0.5065914862248687,-0.3221333834811948,0.4064856100034765,0.6777824474787018,1914.8256708962294,1360.6275658520665
1007,-0.4714809456198797,-0.30420186554316253,0.4066752946922278,0.6780393880224272,1926.86604948588,1366.8996568486382
1008,-0.46839519778882915,-0.3355080429897654,0.40672168020292726,0.678371197452832,1947.1813118108782,1398.7019806394537
1009,-0.4714712543631563,-0.3802710645119962,0.40679162951468884,0.6786458105446669,1964.8006274917989,1399.0848724184634
1010,-0.4853375125299489,-0.3022188253321026,0.4068171773192795,0.6788206157348909,1990.6452920540394,1399.305119536111
1011,-0.5167754547038584,-0.37532455231395556,0.4070055456877741,0.6791569728630426,2008.4802042909205,1432.8009876890635
1012,-0.5542840646441249,-0.3454975751198367,0.4072399844200441,0.6793727146769719,2035.3270782447598,1440.0099354832232
1013,-0.48854000512557244,-0.40780633893426393,0.40732144902185496,0.6798189000808003,2053.725523826879,1464.644313067034
1014,-0.7251310297047535,-0.2584349000568384,0.4077875813243596,0.6800628526620636,2089.630948062246,1459.1572782663886
1015,-0.5329594729552282,-0.4033259919183427,0.40809876023493263,0.6805046052515518,2092.6776439815803,1489.579060080313
1016,-0.5219257115421155,-0.3270510778210138,0.4084102466248439,0.6810743025129256,2111.1375781273246,1492.3880976775822
1017,-0.5066169640522172,-0.3958398004370532,0.40851042976550406,0.6812088159879766,2135.4580932341196,1525.7207676936932
1018,-0.4096522000123465,-0.3104162147186557,0.4084831584087608,0.6814319474531019,2143.721018862159,1518.6040017998432
1019,-0.5171081920686009,-0.35506771779308544,0.40893212107593085,0.6813690060381007,2177.453865430375,1545.4281244360989
1020,-0.4932052990456418,-0.33636963664346375,0.4091303563749421,0.6815655610200391,2192.717055981723,1557.4168574366304
1021,-0.29187531739340544,-0.3247687644878847,0.4091513055420242,0.6815975180160676,2201.243865618904,1566.9679289761477
1022,-0.5400738779337236,-0.3924885696969801,0.4092351332989933,0.6817957187287481,2241.928262462451,1589.4115478448643
1023,-0.36744053882490085,-0.43885187774083145,0.40921796421774936,0.6819910542247318,2251.8128114084643,1613.8491249972335
1024,-0.5648099340702458,-0.3073536279383801,0.40943412885985947,0.6821234216400899,2289.9531860186294,1615.9504558011695
1025,-0.46901721633645416,-0.3207056953455331,0.4096125600884737,0.682196588098068,2310.3667206023533,1638.4178379189332
1026,-0.47173067563047794,-0.3724747446786518,0.4098704996167358,0.6821977754892854,2331.5318186944023,1653.7958552158111
1027,-0.6915048592355281,-0.36394733986527467,0.41065995464618793,0.6821348819741145,2375.540325196612,1660.066124021261
1028,-0.34383442746681814,-0.3547693125530239,0.4108095784075487,0.6822487721619073,2368.0359296962006,1677.0705634583821
1029,-0.6924404445049012,-0.3930646412422142,0.4113377068119462,0.6826060922246856,2418.4504527597305,1701.560148928195
1030,-0.5133587445902259,-0.4223355316235433,0.4115040351145228,0.6829912114791056,2431.386985869979,1725.9010318370981
1031,-0.5044569432756294,-0.37044379168826186,0.41176318438710097,0.6830406855477771,2447.5434365330175,1729.5680176055569
1032,-0.32247240081951906,-0.29120012887320046,0.4117717899016612,0.6831579260117059,2461.0058577753043,1744.4637014798707
1033,-0.3543314815785243,-0.41000300322311944,0.4117419902032981,0.6832598262699654,2487.5511378356646,1766.461338169306
1034,-0.32426933268845476,-0.29583714352582935,0.4117345953027547,0.6833734538453303,2507.8714981835733,1779.0405127076253
1035,-0.4818667142831448,-0.30644359761187406,0.4120846540270689,0.6837962407936171,2544.7489235206713,1793.1932203689228
1036,-0.6777247052085581,-0.33509731019046024,0.41256544986689647,0.684007879818075,2591.549309246833,1821.9909761463823
1037,-0.424594127677185,-0.2903381378339798,0.4126616067673174,0.6841606262915053,2599.609178473616,1829.152728239576
1038,-0.48996286845729486,-0.3778526788376563,0.41275943778918006,0.6842710697424086,2625.385836513174,1866.0001435961096
1039,-0.3570501536173516,-0.3231131021816043,0.41278339255207674,0.6845832033315913,2640.3188272360635,1866.249022689519
1040,-0.4909801232175244,-0.2871216807992745,0.4130141337891836,0.6846222724574695,2680.0695364695534,1880.6707235628385
1041,-0.5286168068898432,-0.3905341366268035,0.4132609916075592,0.6847852900199936,2714.624101477159,1922.1432580059557
1042,-0.39704762882925837,-0.3827926768202611,0.4134595230405447,0.68476293019975,2728.3470794516766,1937.702890010967
1043,-0.614714008923024,-0.40313419021221686,0.4140340669937356,0.6849176905031801,2770.4517590350765,1962.9997344747155
1044,-0.44975967857645377,-0.3196083548909296,0.41432032845643013,0.6853087724847717,2789.263881261829,1963.6571134573067
1045,-0.6593710717598992,-0.3353976482591866,0.414927640165238,0.6853650353389695,2830.781712678704,1984.2331359001473
1046,-0.46195168104509665,-0.3115782783901275,0.41509655305485416,0.6859268752251558,2847.432506945923,2003.0264782482593
1047,-0.53783328275832,-0.27839657301335197,0.4153501585747289,0.6861551025014604,2875.2512488086,2013.3047019830954
1048,-0.4417318820543988,-0.393115821653039,0.41541135976604093,0.6864492300660884,2904.362882761946,2052.7465068294605
1049,-0.6661238698022016,-0.3911230442831035,0.41592479879535227,0.6867680122492332,2946.189678312354,2068.8102130386555
1050,-0.43644014691834254,-0.3498644081165923,0.41602089438390605,0.6868237583945938,2959.441612680028,2080.9631273485616
1051,-0.5170598754365883,-0.3475724059384133,0.41627508333605834,0.686788289659531,2992.2372587952113,2102.2626753177674
1052,-0.5754225383163325,-0.31625462731312765,0.4167385773737163,0.6870706430486272,3029.8781226262845,2123.0153675768333
1053,-0.4246654519128602,-0.3399628459022973,0.41679734565182225,0.6872570626056987,3043.4983860851275,2136.8491062834883
1054,-0.5367969781824564,-0.29702398509065536,0.41702728792568605,0.6873089339514341,3090.1062086565016,2160.4117698664786
1055,-0.83587536032795,-0.3859250135280681,0.41783576852508725,0.6874522881365429,3149.4183855059478,2192.022646653366
1056,-0.47744047915734383,-0.4244568019609632,0.41827093785718855,0.6879082801234381,3154.353376237865,2229.557872345062
1057,-0.4046434195649749,-0.3689113001335487,0.418218916255722,0.6881634352109242,3169.4021606672277,2231.2875273643212
1058,-0.567085878837476,-0.3663766685691163,0.4183210772332559,0.6883159341633963,3217.192408258262,2261.5277161328913
1059,-0.6223098811198728,-0.38545053784464267,0.4185065785014006,0.688467864430978,3256.7346749848953,2285.327828780242
1060,-0.4995160142228563,-0.2567348464781214,0.41847745593351204,0.6885505474075339,3277.6714135612356,2296.890944696788
1061,-0.5380782053329074,-0.3103163497380216,0.4186227110043526,0.6886524418203758,3308.6096156290296,2314.2888640383085
1062,-0.7555545966198679,-0.30056859293006377,0.41905158873204296,0.6886827769195338,3364.7497368311356,2330.8188023027487
1063,-0.48857240128602186,-0.3116780671982636,0.41907771909175323,0.6889669765691167,3374.125540841914,2362.1651750465735
1064,-0.6200265683578847,-0.4322666238709567,0.41938457798980516,0.6892764887509193,3415.559380240701,2390.8647365091088
1065,-0.6291949071730774,-0.3003434574637862,0.41973559161065627,0.6892509128357561,3457.8959110274927,2408.2089495137807
1066,-0.6571789967369689,-0.4269965222568191,0.42010776505968717,0.6891891986071115,3499.3535014419504,2448.671356999695
1067,-0.40812809707408243,-0.35231128356278263,0.4200589336396417,0.6892387438169308,3499.511150963576,2474.415277607913
1068,-0.6839996345672242,-0.37002358232961136,0.420194292080715,0.6892650875714748,3573.12472768789,2488.0531874369176
1069,-0.7119951740237916,-0.3273553394260659,0.4206715411488009,0.6891920534120275,3603.9498949277067,2513.1391353040212
1070,-0.48764284965886545,-0.32225340161673466,0.42062145629825765,0.689297908703191,3618.5798474656503,2527.6359558066356
1071,-0.5317539872890472,-0.3422589093203979,0.4206087390072394,0.6892829301917469,3653.479801099441,2562.8534482259083
1072,-0.41781663639662986,-0.40694392122956974,0.42067536828192803,0.6893041134984254,3687.8361680614735,2612.368170054026
1073,-0.41726637428392804,-0.3583000004202026,0.4206316678652965,0.6894659474842264,3718.3295667546813,2621.619404075254
1074,-0.5320333827296571,-0.3647814241912231,0.42059553220947143,0.6893327198871338,3772.77650790235,2648.969390151563
1075,-0.4002699584034081,-0.2764722663617117,0.4205559695681638,0.6892995499626176,3788.8476546199513,2667.4788541584694
1076,-0.3896148506491847,-0.27599177293393584,0.42063515018882147,0.6893841572946199,3827.1517616973038,2668.7204748143718
1077,-0.4621239886838066,-0.36528276765535156,0.4207390693280538,0.6897157182755457,3875.350399792289,2727.5111223019094
1078,-0.3939261068550322,-0.3845523948921872,0.420728137195865,0.6896391176000439,3906.8579329351155,2751.4570446599346
1079,-0.6641755314467462,-0.3673972372532388,0.4210213508841905,0.6897989082734461,3978.41360992915,2793.4036653973512
1080,-0.4266956083566157,-0.3225700943209923,0.42095950699439166,0.6898194733009994,3992.203940682072,2781.4883053043027
1081,-0.5954146776724784,-0.3059100273326833,0.42122704672233224,0.6898880002585249,4046.0929409145933,2826.191156697825
1082,-0.33963706440461666,-0.3869173451016665,0.4213723809612225,0.6900197171902654,4064.7002767168847,2845.9940672821963
1083,-0.6375201110742764,-0.31756630224090165,0.42151314210989543,0.6900751360513089,4133.130497794988,2889.130149102358
1084,-0.5590449342016544,-0.36786212055225626,0.4216887505227385,0.6900752306797705,4179.007620751498,2912.6376260093207
1085,-0.35848933980640973,-0.4180354133914462,0.4217119828686328,0.6903235909825938,4185.406354765889,2958.4094556642035
1086,-0.491601861008784,-0.33275712199637664,0.4216604164212142,0.690386264756891,4244.496041713916,2966.260920151196
1087,-0.44111362135098736,-0.3840579916449436,0.42165700978729287,0.6906041528071918,4277.992683426153,2999.275391179126
1088,-0.3799774766738802,-0.33794417540693167,0.4216300004773392,0.690691701909946,4310.014486364504,3017.721311871678
1089,-0.5593129870168222,-0.30766349266355514,0.4217298836792978,0.6907585690106339,4380.6521035249825,3048.049986399578
1090,-0.4124861048072191,-0.3906917463277683,0.4216637058601609,0.6910523052143454,4406.772803206233,3080.086106798904
1091,-0.3580399637355768,-0.4049903282099194,0.42168748419574087,0.6912841387690967,4439.888129455137,3131.034126245028
1092,-0.6555704953318033,-0.3847703946137571,0.4224015657393272,0.691644029700833,4518.015506737984,3152.4321549862507
1093,-0.6365883503658009,-0.3377021569641021,0.4226718859361887,0.6918143769002729,4575.503836573843,3171.99741305557
1094,-0.4253466613196139,-0.4210918638055733,0.4226116938255869,0.6919664841039113,4586.738398698786,3230.239462138639
1095,-0.4529232046324289,-0.39828076602508494,0.422608921399539,0.6921258976372588,4636.759895885445,3257.4972129929774
1096,-0.5306425710463815,-0.31958847408776586,0.42293124896533063,0.6922098440105476,4699.037519369756,3276.031308929907
1097,-0.5691286807753928,-0.34124047673926167,0.4229307712326636,0.6922570585006252,4741.228724583402,3301.408786321943
1098,-0.3750646900346291,-0.34943548514294503,0.42292623691692577,0.6923016290665864,4774.010148381359,3347.7174249216973
1099,-0.4534461954528281,-0.3101607889209687,0.42292635481916374,0.6923018401886116,4828.93379182041,3364.1821939301535
1100,-0.4889023596337716,-0.2689849603166798,0.42298485109594564,0.6922859433963173,4881.094651163004,3404.6642261550237
1101,-0.5998406648066269,-0.30200172005454545,0.4231442078731988,0.692307980334753,4941.3697117642805,3430.317229729929
1102,-0.5514726057060987,-0.31706030496892185,0.42313361188897264,0.6925723205344175,4994.195214651536,3469.4579244681368
1103,-0.42864442342516323,-0.3925460770020088,0.42289982455207187,0.6928715249970028,5015.240504790183,3529.1605135372624
1104,-0.3852019053722808,-0.31133634252616493,0.42279878228126594,0.6929433498879911,5063.545498167196,3537.9066109321034
1105,-0.2942208465547993,-0.33402971442893375,0.4226636565368248,0.6930335360043719,5099.651504465035,3585.872001970456
1106,-0.4322000991381873,-0.4405123656806278,0.4225067588994824,0.693226493395972,5168.575125149941,3613.8823230436415
1107,-0.3899910972570504,-0.43806347317699523,0.42239252636587776,0.693697539320831,5218.530507842443,3746.0366838544737
1108,-0.6944265320493314,-0.33308846948787363,0.42252196197170355,0.6936338002305397,5304.987554924421,3685.763658239353
1109,-0.36377570072145843,-0.364699469786035,0.42225798754099697,0.6936156494062955,5330.429985961918,3759.430625354091
1110,-0.4997913259050172,-0.40270783899454443,0.42223783972596574,0.6939872935694736,5387.231401454197,3790.547588792735
1111,-0.33677143946252847,-0.30167640471040835,0.42215714391518,0.694112783683653,5428.697949597587,3806.30417512524
1112,-0.4052481573183291,-0.2800343761169204,0.42219847195003934,0.6942393981169314,5482.859689873421,3826.46889252178
1113,-0.5909544759909104,-0.3609784731567162,0.4220931962934517,0.6945878535153704,5568.394992664062,3886.2237776389306
1114,-0.6185281036510296,-0.3770835711844337,0.42217957233326026,0.6949492595941592,5624.871335689737,3948.0993067821746
1115,-0.47754340309518106,-0.26232663946316775,0.42202074721932814,0.6951667256751712,5672.31979303522,3929.335393617215
1116,-0.44820967530701467,-0.3354390783653289,0.4220393703343789,0.6953508910938582,5719.622940818765,3982.0919278652254
1117,-0.48143526871098524,-0.3420352319691782,0.42191004473475313,0.6956449901523271,5779.137468755358,4030.29544956422
1118,-0.66642671390604,-0.26879095204235454,0.4218524027449697,0.6958528690204426,5862.522239256707,4071.6243979336937
1119,-0.6008286180327292,-0.3090857032066935,0.4217937748558767,0.6959669674299229,5922.593454552897,4087.113107190278
1120,-0.7293087440868502,-0.3660922981344228,0.4223312122246685,0.6962235428148718,5982.236295793001,4164.63916728141
1121,-0.8766538048544842,-0.33734902576046377,0.42264969055846063,0.6963130812399275,6081.110995531324,4210.702805937274
1122,-0.2523512797102699,-0.3412611233481954,0.42259701797837873,0.6966949153625809,6049.894724958468,4238.192389979685
1123,-0.5825569374631326,-0.40021742504605173,0.42240770079611495,0.6974894225924985,6152.828029918962,4305.0170628656215
1124,-0.5164768577472105,-0.6299346900479168,0.42246536101898,0.6991662513615876,6221.232510211368,4372.388061553969
1125,-0.47295089321457395,-0.3629120620984022,0.4223186784407199,0.699796849882781,6255.263486517882,4407.167644058909
1126,-0.7838589667936254,-0.3886654959655735,0.42289093353171076,0.7001958266332463,6370.6929754611065,4417.189231880579
1127,-0.48153085947502466,-0.337890034111546,0.42286767368156986,0.700830390217602,6384.555737279213,4493.802482476644
1128,-0.36482989093664236,-0.27283343196118326,0.42281692418248146,0.7012397581331454,6441.028658948301,4463.804013825594
1129,-0.5076394551851898,-0.3784212213254232,0.4227504455151615,0.7017844715256665,6520.089101268947,4536.8388709118635
1130,-0.3032571886782036,-0.3104277159262123,0.4228197400589163,0.7022659246455147,6555.225903521436,4637.822882389812
1131,-0.5691720681229985,-0.33554747356982045,0.42286686871797874,0.7026396643030607,6648.822857227111,4620.988332604464
1132,-0.3390129024929142,-0.39143962567909657,0.4227187713263818,0.7031345197715916,6701.3448679099665,4715.403848569864
1133,-0.6732597726226381,-0.340611818161555,0.4229043038567427,0.7036768587495461,6805.092781646107,4703.807764436587
1134,-0.4412938246447692,-0.2962998142417505,0.4228602822662577,0.7037263648081732,6857.346101537296,4752.977677009177
1135,-0.42304669182659765,-0.3372010540081552,0.42298814207124896,0.7038309962723517,6903.9237738556,4853.781181286779
1136,-0.7680544149444766,-0.24290454185724475,0.42326009090849637,0.7038548692200922,7033.764530084699,4839.986210752642
1137,-0.3189745307074518,-0.3993183436740251,0.42340733046152285,0.7040850077179921,7045.917307213227,4918.502921534754
1138,-0.34001998407815953,-0.3732178919449335,0.4233000916246553,0.7040821249162498,7100.223961296249,5031.530204974183
1139,-0.47892769733618734,-0.4034131090638861,0.42354825300371324,0.704176270885523,7201.974232996147,4995.928534211282
1140,-0.5523689801226596,-0.40735457085548477,0.423442211488589,0.7043220457830397,7283.673320052495,5135.647300659108
1141,-0.528247306963987,-0.37080933998905985,0.42354563630496656,0.7047106424443388,7365.107613291149,5108.784673702723
1142,-0.441098752221886,-0.388319182951121,0.4234771121582328,0.7050319364232747,7407.6140707872255,5184.513597152074
1143,-0.3456278781981472,-0.384666154768701,0.4233046509363228,0.704985146725744,7470.773489928663,5241.918268841144
1144,-0.39854000688881797,-0.2871508531079874,0.4233518669243683,0.7050597694881826,7551.510623561262,5247.743368674876
1145,-0.47146591793889553,-0.3993626173602846,0.4232406273128983,0.7053409239873283,7632.030266626685,5314.378261131996
1146,-0.31505505628776426,-0.31335147703037286,0.42296025689441563,0.7055945539686495,7695.4156562025355,5428.145153914628
1147,-0.7113871480892868,-0.31036910304628385,0.4230569792534685,0.7057595340885429,7836.152901971644,5400.6289757861205
1148,-0.45676077375132595,-0.3511423694177373,0.4229362993294009,0.7057860728026677,7884.032685295094,5474.262229522042
1149,-0.6231665206916596,-0.2966370450652287,0.4229764964354859,0.7058612323463512,7973.091674173785,5585.962289110839
1150,-0.45804672547037,-0.2706240756236092,0.4228079475337154,0.7058423074900746,8037.152931342156,5556.628641446573
1151,-0.3937261230391442,-0.3847787815177168,0.42270942550494023,0.7058106488800342,8093.676657202477,5649.387571468922
1152,-0.524118140397932,-0.26797774308980793,0.42258772899495695,0.7058652884395984,8204.724706509882,5733.396718360403
1153,-0.47543300907620767,-0.380161720329279,0.4224699531439163,0.7060897315420774,8286.102954119664,5737.372610968046
1154,-0.36806197987390027,-0.37159957061591503,0.4224862173275081,0.7065278031093352,8338.465971290256,5813.4761415676285
1155,-0.8399094843639175,-0.4835676248336619,0.42304768472504284,0.7067195854931676,8492.774725504145,5882.881927045305
1156,-0.5270500271980931,-0.3375310812547634,0.42319549486147184,0.7068437843252564,8555.104462344092,5988.694310611557
1157,-0.5822945183937823,-0.27579917803206244,0.4234794478024039,0.7069422977666624,8628.224610794015,5969.340205876709
1158,-0.6719629810170997,-0.3080359672741704,0.4235271751925755,0.7069343342883362,8754.122836160397,6079.141793222398
1159,-0.5735142189584825,-0.49107608173057316,0.4234791688657128,0.7070957383308921,8810.500063168885,6140.313184828327
1160,-0.4904862258338531,-0.36887900869204215,0.42344058633366,0.7076506036054598,8887.130030771872,6241.231319535225
1161,-0.5071077929509941,-0.3438419558644106,0.4235740321745013,0.7079045438795407,8977.370639111454,6231.117320780853
1162,-0.43522669684607795,-0.29895700324126984,0.4233994220601366,0.7079479512057106,9049.207651934219,6356.998004894282
1163,-0.7706019532701563,-0.33923877499620103,0.4236421308057751,0.7080464036589711,9198.235077550184,6341.3045146628265
1164,-0.752995447660456,-0.3738819458076504,0.42379325383345684,0.7080569918770786,9300.79428256192,6434.887749321384
1165,-0.41805075483733983,-0.308103555267796,0.42355115744867944,0.7079460945713708,9326.268799163578,6538.659295112637
1166,-0.574180183022769,-0.26409251702674047,0.42367708482019234,0.7079640117041338,9437.90821185413,6533.008136211153
1167,-0.6979436462473917,-0.32917457041036247,0.42406763011089915,0.7081637753853222,9555.713082336693,6648.552766276264
1168,-0.462504500207492,-0.34905584900670433,0.4240622652357244,0.7085212608634993,9612.000311891383,6728.597391634201
1169,-0.45585595397535855,-0.3346557391757714,0.4238559550668543,0.7087594952369902,9709.706826712982,6788.110443284665
1170,-0.622380588697893,-0.3833491199185433,0.4235884966016121,0.7090072808508803,9845.816063499275,6890.055322601035
1171,-0.5765504367653433,-0.27567712564500085,0.4235862821387144,0.7090978782156737,9936.995624386953,6900.307661498798
1172,-0.7477893066888274,-0.30961368841311204,0.42369345279527026,0.7092843120979041,10063.928555843839,6944.759977243475
1173,-0.6560341858047979,-0.31275023214532743,0.4235542845791422,0.7093589914104983,10158.89322018728,7059.730553934824
1174,-0.6146433767640579,-0.2967196779880169,0.423351219596369,0.7095470729591498,10255.832558506048,7073.833763986387
1175,-0.5201824220984465,-0.4371965331247435,0.42290726816183083,0.7098164765860575,10327.08334105557,7222.041749791785
1176,-0.428873575464367,-0.38478510061060567,0.4224850186021259,0.7098080418626234,10404.871397959329,7285.024365322219
1177,-0.5743567672511801,-0.3169678295928674,0.42217944288951914,0.7100651296833901,10550.638353982584,7370.65472900165
1178,-0.40622748724147517,-0.39351216416921647,0.4220195112065281,0.7101682842805389,10617.794493242489,7374.0505445788895
1179,-0.705373662075611,-0.33203773598852243,0.4218322075824916,0.7101748358593767,10773.20270442278,7493.686979389267
1180,-0.4640592375829162,-0.27444942844953707,0.42202006666823416,0.710273740595643,10858.812419528564,7570.921638918909
1181,-0.49922691271885966,-0.30713931670773686,0.4216422647305985,0.7104913926510745,10948.227237876677,7582.199804971936
1182,-0.6492388389159253,-0.36885037836123663,0.4213892632992,0.710535272858681,11111.18590072603,7688.143281492299
1183,-0.45998007903251537,-0.3606212932786481,0.42092284040470224,0.7107941525510842,11172.119006909963,7873.149130445203
1184,-0.5702042364014854,-0.316662949657661,0.4206262209530031,0.7112047649401629,11307.719154538716,7817.393135642837
1185,-0.5730797008835806,-0.3031401055694147,0.4200022074742226,0.7112009453345015,11413.515534241078,7948.689323957797
1186,-0.30577778489648155,-0.2621611247775828,0.4198761666967565,0.7112920573029222,11491.152796057488,7985.544386805723
1187,-0.45534331985701454,-0.37133471229931747,0.4193634997045543,0.711799088480105,11610.438942774266,8092.586124601267
1188,-0.43130383994188026,-0.3964282083669749,0.41883817923783634,0.7120386218916307,11747.888226837189,8243.083252752793
1189,-0.5469990213583286,-0.30044057711992533,0.4184795066429585,0.7123339160173324,11864.865865497253,8292.481920170456
1190,-0.45263591246935836,-0.38034434553130725,0.41827167640165697,0.7125559813803609,11991.807420154277,8341.50189572747
1191,-0.5383312432163059,-0.4569136357286927,0.4181728682298345,0.713036160223896,12099.385758015364,8514.877590657645
1192,-0.7718390406159256,-0.3661977290842779,0.41775596574810014,0.7134131742712201,12308.762687013848,8470.345341658842
1193,-0.4444169879508861,-0.2924191765634084,0.4177109300897834,0.7137744276187602,12336.267924233596,8650.127600508207
1194,-0.4150004642709458,-0.361910264486337,0.4172338943384947,0.7139886383521008,12470.51352102834,8653.569538479964
1195,-0.5223089826956298,-0.3085633184987471,0.41665879665650274,0.7141940924283593,12600.066829827729,8742.209122475404
1196,-0.5108044288354021,-0.32754600819616586,0.4161878875399515,0.7145828253921368,12742.961611081459,8843.074787393643
1197,-0.6752772758043765,-0.3856077315769386,0.41568846323111447,0.7151160051878582,12893.780499584602,8923.859650064276
1198,-0.8001895745873574,-0.4246667776403674,0.41529567600476774,0.7156510653756003,13064.109950429714,9112.132858851615
1199,-0.582157138060278,-0.3416731430624245,0.41488986135651135,0.715903684519073,13134.989610893901,9167.262328217857
1200,-0.6279495445707602,-0.45609071910590626,0.4145437203243542,0.7168568560982456,13278.388031236074,9222.707357302683
1201,-0.5930774230006071,-0.454927535448968,0.41402611227171215,0.717771304806593,13413.282330210532,9365.431207808895
1202,-0.7018503046763462,-0.2883566169427158,0.4136983382809611,0.7180087876165199,13560.669885422663,9397.52692041277
1203,-0.561113530992978,-0.3701260048617353,0.413287167831694,0.718362474264814,13667.146792963033,9483.897374986136
1204,-0.5503582815663646,-0.28088189445675105,0.41260561119909533,0.7187352060165285,13815.823534650746,9544.21643688658
1205,-0.6957385487957838,-0.3182280398015231,0.41231024478571365,0.7191441336589391,13969.245525810196,9713.817930486604
1206,-0.5302309287989901,-0.3119260383962809,0.41212117373579116,0.7195185714248912,14106.719694482812,9791.132005442236
1207,-0.6393382721539874,-0.289327734325595,0.41154345184331725,0.7198037601546909,14229.838336487199,9858.973275245324
1208,-0.7767344079665962,-0.30423226484889676,0.41222650114474724,0.7203169060097738,14421.909794930738,9953.352845285817
1209,-0.5781197718615805,-0.2839086265265496,0.4114609716017387,0.7204890560172869,14519.093185277663,10139.57270332139
1210,-0.4730600917655115,-0.34853758729047385,0.4110725700783391,0.7211503073308698,14648.305864895392,10143.431223003185
1211,-0.5152826620904984,-0.36056728231784596,0.41057955715977507,0.7213533662594077,14790.215956871292,10364.916786385274
1212,-0.5484999673247137,-0.28749289469387757,0.40987356062508534,0.7214864074768339,14953.230006197626,10321.821204642125
1213,-0.4719458082299669,-0.36082943654571453,0.40914584567568607,0.7217133372066419,15089.360809404403,10533.163115876398
1214,-0.5700251442800205,-0.3605519790808426,0.4085418358089659,0.721940250788039,15252.66978365523,10626.374297533586
1215,-0.772150023342629,-0.35558450161004784,0.40737966070811554,0.7219655750277123,15467.690942430416,10729.809992570266
1216,-0.5431174676081235,-0.32897561576030854,0.4064742173148175,0.7222494202232685,15573.396828173296,10792.031390780525
1217,-0.45524385481589785,-0.3772469354779222,0.4059369579266758,0.7224914150086926,15694.568487834465,10968.78953909864
1218,-0.6526096411113913,-0.31566105132441985,0.4054916529139494,0.7227896027974614,15892.45781780419,11030.95367528592
1219,-0.6813120647667893,-0.3960136865828898,0.40461850944382444,0.7228716441884759,16084.84943168645,11117.117088601355
1220,-0.8025857005633934,-0.43527900287121646,0.4037697645043888,0.7232906101226025,16253.356904403181,11324.305351769832
1221,-0.3324368960035447,-0.3600698931262683,0.4032270997644587,0.7234880503880495,16320.721344312786,11417.191004717233
1222,-0.44501849141661015,-0.3631628278784815,0.40323454969591704,0.7237548261424905,16474.864245819153,11480.83571341256
1223,-0.7846386909835219,-0.3416787833771355,0.4024073246954681,0.7241140610338367,16761.659333228432,11592.426498534343
1224,-0.8675105772199675,-0.34379475849201163,0.40166542656017096,0.7241085933861449,16935.820903263677,11744.254491598429
1225,-0.6020483625791433,-0.28129771423340183,0.40084951048481876,0.724275691537035,17053.002559220957,11787.339502575922
1226,-0.7952206944577263,-0.2872712932630395,0.39926819410458714,0.7244055178345786,17260.282452173473,11864.589672964717
1227,-0.6229689392080572,-0.27381903060722496,0.39830664423836415,0.7241177934304481,17399.262624763327,12103.70420987648
1228,-0.6441543675747703,-0.42074181072018313,0.3982183547440088,0.7235828995480889,17572.669787295028,12144.163860598248
1229,-0.9652007502134192,-0.2919838211067395,0.39695872425606077,0.7234110412264144,17850.47618367961,12351.086622177983
1230,-0.7224404310957094,-0.25968415790672583,0.3963389209544447,0.7234666146077923,17986.301875565114,12384.63078910414
1231,-0.65593539686141,-0.3076978112964103,0.3950504867120881,0.7231861770565705,18138.594720024797,12530.808297579844
1232,-0.6232087994365704,-0.348743105070854,0.39431107754121797,0.7229701971609284,18316.584818522315,12732.305657996669
1233,-0.6850998597414986,-0.31473692340196147,0.393405008440151,0.7226222791280311,18499.96152791725,12873.659669522493
1234,-0.5904213733764376,-0.25161705660348993,0.39330647630494897,0.7222685335345403,18677.40133173445,12887.40739771546
1235,-0.47812242205497657,-0.38369852872728505,0.3918699745931896,0.7217479028282482,18815.70789457619,13087.643753768616
1236,-0.7767817013035436,-0.4295540803743828,0.3908612655326697,0.7211742208452893,19064.902875570366,13252.82132651868
1237,-0.7997669781420368,-0.3460999513553911,0.38963664741595205,0.7208487957518341,19310.40882239945,13376.80029190078
1238,-0.6972578717674317,-0.332634003758278,0.38792672775739584,0.7202830758231836,19459.41644427752,13456.659276652015
1239,-1.0232150493042071,-0.4745112023539532,0.38599105277901974,0.7193440267318639,19754.2803090042,13732.395736609067
1240,-0.47946282790211897,-0.3982129210167706,0.385126138359647,0.718700958778933,19813.17458117355,13813.540652816167
1241,-0.4329450169283833,-0.3394640336158552,0.3845925858439756,0.718056257100859,19954.695572215856,13839.760939718239
1242,-0.7840184685812224,-0.4213123748263116,0.38305253583069393,0.7174473120822018,20246.94193878269,14069.69590409306
1243,-0.6317727786385396,-0.4087345778917367,0.381359447632492,0.7167722572837883,20450.774065610916,14201.240754764625
1244,-0.6113640707856501,-0.33266467075072864,0.380244122856572,0.7163445424022958,20627.960750072067,14288.464573132855
1245,-0.6213965969674216,-0.3598385775637123,0.37892050975568453,0.7159445767919937,20853.71506436419,14515.44530550166
1246,-0.583083286170304,-0.376775168293983,0.37786108408240027,0.7156316622659246,21048.0629001193,14538.08831767773
1247,-0.6902022045341408,-0.3266833138060521,0.3763382293880239,0.7155215672209578,21286.588855387465,14760.0862449319
1248,-0.9421825442468448,-0.41669136735172346,0.3749030736706831,0.7152185720174103,21580.320337154084,14897.345768382138
1249,-0.8081299095091463,-0.38934278488193713,0.3740774412489445,0.714811196997321,21785.119506138886,15147.138360846115
1250,-0.7521529295011772,-0.42690435851579306,0.37221799254719024,0.714145473172628,21951.12027381974,15163.437035679488
1251,-0.6519172584796138,-0.2868842279586277,0.37060818253012084,0.7137364996257483,22145.31394643025,15396.099836836234
1252,-1.0882756087859407,-0.3569233509063898,0.36864538512367084,0.7134464719799232,22496.986270869114,15424.586179756512
1253,-0.8712072419760672,-0.3406711441807498,0.3669821157192048,0.7127865686247975,22686.02778922552,15688.205522140266
1254,-1.0331332712792596,-0.32515479192160285,0.36532818288367125,0.7119586455604947,22928.796937810675,15779.28455671374
1255,-0.9089842203022642,-0.3028402281757154,0.3641824276805823,0.7118656404496938,23152.21829903308,16036.69658921579
1256,-0.6743845894041711,-0.4194047487159122,0.3630031607744168,0.7111652624851702,23286.681339612842,16052.002642909172
1257,-1.1262939383481176,-0.37174458610432454,0.36123975494737887,0.7107177538808243,23678.4146922854,16330.395162976547
1258,-0.7894944743526698,-0.3328631437763803,0.35969097906619624,0.7099793408444692,23810.0469538054,16411.31439206357
1259,-0.948065714503748,-0.3767514832339295,0.3581933188989865,0.7093557621728297,24080.08287362882,16713.028281761595
1260,-0.8425010305564274,-0.4363936133016081,0.35713913625121135,0.7087588623838414,24312.43505548809,16765.17641471213
1261,-1.0602562341668293,-0.46101649668314376,0.3557248675819892,0.7077392033585896,24617.845830479037,16981.368458561046
1262,-0.8337571451334677,-0.3739845465144961,0.3540322453803373,0.7067481585007438,24804.97003454555,17200.000068051337
1263,-1.430349300410853,-0.2998042513788225,0.3523915590090648,0.7066153735350998,25209.136833074812,17248.272167285646
1264,-0.5349551568497034,-0.35157556974431203,0.35122422710378043,0.7059352438904956,25232.48241363246,17417.768325086952
1265,-0.6388051395779795,-0.33230965958699127,0.3497632747386978,0.7050701228903149,25430.357719484167,17593.174072048838
1266,-1.0802743174160059,-0.40688001103240956,0.34826233170294646,0.7039650055224267,25876.899407006316,17850.207041924852
1267,-0.67856889653835,-0.28457472111999965,0.3465721471382009,0.7031049165493479,26020.911476037018,17891.997758279937
1268,-0.8074939365633502,-0.32016593757835315,0.34484899764414517,0.7019213495133185,26294.350426727153,18220.584032751867
1269,-1.0913422802893844,-0.3462862766765605,0.34323884258675313,0.7008935368041613,26684.386865945708,18293.316264213223
1270,-1.2444382933740945,-0.38212729303902254,0.34124218620135305,0.700804025254341,26997.084615817686,18552.351549933428
1271,-0.6431449363428108,-0.47678449983661436,0.339882583237763,0.6991486347447403,27067.13699401028,18744.20119229374
1272,-0.5972024226301803,-0.34745055127489954,0.33831741667968623,0.6986484216872408,27294.96287940188,18932.42626727096
1273,-0.9540173027030964,-0.3655856010596711,0.3359849987926242,0.6974810348775431,27695.756736772324,19050.64638477895
1274,-1.0301981009268448,-0.3278884188128781,0.33418462898193696,0.6965830658759674,28019.9756569002,19308.916107533983
1275,-0.7666602123810732,-0.3612474170684543,0.332417698462362,0.6958750724990324,28205.976609867994,19544.677035975623
1276,-0.9554808963721041,-0.4001056713890657,0.3299609045063666,0.6946340880005047,28541.669189506785,19775.930367872323
1277,-0.6124175069924019,-0.3760376431308804,0.3282617498012218,0.6937592273497579,28731.760824769277,19891.92073426339
1278,-0.8190175247816164,-0.31424538380259354,0.32636682516615045,0.6932278153027054,29061.631912460714,20059.360493815333
1279,-0.9364323667738822,-0.3303537762433748,0.3244013884170578,0.692016387099643,29429.088975457948,20298.99764773821
1280,-0.8441184602541009,-0.36769770521343187,0.32234001710019106,0.6911647417457193,29670.13645807878,20529.26566241686
1281,-1.2871949268662393,-0.340810935229123,0.3207852743876146,0.6903878068729191,30134.432069431703,20640.44556632674
1282,-0.9615611386582693,-0.4021501943213195,0.3185524450235636,0.6889992246861718,30337.743086859584,20818.79334690707
1283,-0.9417086485541986,-0.3226410002513918,0.31665186028835757,0.6884148994524641,30609.108848737655,21103.322319042243
1284,-1.0296755037918848,-0.38373922665197835,0.3146520569877445,0.687371644241055,30955.314850022005,21233.1610706066
1285,-0.8680748514504119,-0.4886852843544447,0.31333936014884217,0.6855511729139655,31205.85543799098,21645.452412703115
1286,-0.9900129397468711,-0.5411980438301494,0.31157209405673175,0.6831258458400347,31564.632474281065,21712.2897066731
1287,-1.5836935471415219,-0.4829539223591027,0.30985107523416255,0.6811484632442808,32100.13718097006,21950.3192324222
1288,-1.0419414321499225,-0.33745706799842934,0.3084438068015286,0.6801232217888424,32253.962926277527,22051.37917928512
1289,-1.8305667549381142,-0.4465285333762664,0.30759417196789246,0.6783964979479079,32804.1840333231,22431.223676646183
1290,-1.3815955083842808,-0.6315410157117749,0.3059754045265087,0.6755323431611485,33037.058637588234,22595.968407618402
1291,-0.8753936413368287,-0.28704118834308057,0.30417934887941883,0.6744638366085601,33122.53552865008,22747.335296324756
1292,-1.0090718239856975,-0.377832218158645,0.3023602673072446,0.6731871514795158,33528.41188757679,23074.759516846098
1293,-1.0202826414203374,-0.3795462494941536,0.30029825949392963,0.6718760450826026,33876.13027895544,23248.506705482916
1294,-0.8902657861221526,-0.45804068089250477,0.29858627682002203,0.6703254073968982,34164.40482368527,23452.46011871689
1295,-1.403148774899475,-0.5563121820497534,0.29695771384044106,0.6685746273467577,34694.652662529996,23812.24191147732
1296,-0.3832874145009612,-0.33108248608371615,0.2959398733589819,0.6674648753082714,34689.1125788325,23918.255842895564
1297,-0.6627665705040312,-0.4423881213705428,0.29459761902929266,0.6657470832202445,35059.516885167825,24298.96054441912
1298,-1.2409613289659642,-0.5649366792522402,0.29321209321213465,0.6641403631925413,35675.63689054455,24493.441897437115
1299,-0.9032583658007376,-0.45694052327529844,0.2916873703532728,0.6631550673837248,35933.41309535237,24748.97449322676
1300,-1.592164903881157,-0.42970392201383867,0.2904779092442659,0.6626507576662318,36513.538839824105,24981.659135537415
1301,-1.058332706478719,-0.45907233537021136,0.289113779594729,0.6625792317397834,36731.05114406937,25281.164796852914
1302,-0.744387858135208,-0.4651814601361963,0.2873552801296662,0.6613239934616566,36935.440662787565,25463.52927403745
1303,-1.1006928632941,-0.38275791669229287,0.2859953791190836,0.6602146560026085,37452.733352194045,25719.885578132038
1304,-1.4240826517054044,-0.3927967210813065,0.2847235767791302,0.6594697732052285,37956.269159982614,26052.492756875443
1305,-0.9534798211117682,-0.47294157991852864,0.2831663762200812,0.6586556630889993,38159.66998457682,26239.869323923638
1306,-1.2902418379530478,-0.4050785634197726,0.28176122349196525,0.6576052682421906,38670.51581665157,26519.95537331246
1307,-1.0583883918057906,-0.42160846241757977,0.28051053885649135,0.6570942277843884,38972.79811559786,26759.08384871695
1308,-0.9526194155187572,-0.6412231191043208,0.2787571324804359,0.656344939424448,39299.30594344575,27165.785972764344
1309,-1.1116904383441923,-0.6066508924040268,0.27713416509846106,0.6558680345169106,39771.06940692923,27319.105162011107
1310,-0.964755378826846,-0.48956376442363536,0.27568512793321753,0.6552490645275026,40102.50248559009,27572.003569399032
1311,-1.749877732588876,-0.49449471260885014,0.27448447451011293,0.6546289949758012,40819.91318619668,27975.10498385801
1312,-1.0872760198111404,-0.5269559656534983,0.27235576629927294,0.6550323141817492,41002.3903624993,28279.578276575267
1313,-1.2544705358750552,-0.506052278908734,0.2707159087513217,0.6554855314234947,41433.00353126591,28479.46515324852
1314,-0.9327216229431385,-0.5341683962752373,0.26955962876025563,0.6559969475428291,41756.500822070644,28813.081114667377
1315,-1.7585733362888707,-0.5330622703137465,0.2679373935413248,0.6569304914111385,42465.644812813065,29003.750680880887
1316,-0.8402872650953775,-0.540680498304403,0.2668603046854214,0.6580449159271318,42603.190481750564,29320.459085575556
1317,-1.2089245838988287,-0.3601130682700841,0.26581701005476877,0.6580974074385824,43059.4123551051,29480.438918531552
1318,-1.3433090511554993,-0.4254105271777371,0.26407003690311437,0.658711956068939,43679.4902690761,29847.378639669518
1319,-2.0086642628270717,-0.38506744914281604,0.26283741253131804,0.6592117851323523,44274.37217396754,30062.43029475092
1320,-2.1601353622977064,-0.49267516552298224,0.2618163000664903,0.6598387197861987,44917.399816401245,30481.945806814227
1321,-2.063827227603268,-0.534486096679305,0.26060762005212584,0.6614529196148174,45208.809147324355,30738.264477377703
1322,-0.8133802480780704,-0.5277862546304961,0.2591938670571912,0.6623062502580439,45226.38636833853,31111.093505266137
1323,-1.7305242629521327,-0.4652434371034648,0.2576582559024477,0.6623952783759363,45960.677707592164,31343.4274209659
1324,-1.5429561482639491,-0.3785798055110526,0.2559669522711689,0.6623248821030084,46463.501706655385,31671.167579562683
1325,-1.3345364594082199,-0.39563615157313664,0.2545916644705693,0.6616916529075361,46725.60088264203,31966.655777772747
1326,-0.6314785724096691,-0.4201631763185035,0.2530810002378535,0.6614961507367355,47002.09198315709,32364.342952953037
1327,-3.022234450701635,-0.5210719768651789,0.2531282138322506,0.6610798965328745,48375.68197692157,32658.468293064496
1328,-1.5952437674039597,-0.4847089931015729,0.2519988365739208,0.6599167871561212,48421.20568781052,33016.007279298065
1329,-1.0983434502088782,-0.5006272914463031,0.25043199823863554,0.6585667313382814,48499.94842289134,33295.05344245682
1330,-1.1604196876174726,-0.3899390296325743,0.24905245758606734,0.657839900611721,49182.6717517812,33633.474301680275
1331,-2.298334012466545,-0.44603810252983833,0.24835389215312875,0.6567785427386598,50000.12754960896,34006.26248094957
1332,-2.3950720965627488,-0.3809372474487836,0.24769660462083545,0.6563335981043975,50752.95350154435,34377.69588797116
1333,-2.130322880877789,-0.6522576349407151,0.24648870696608333,0.656590011999975,50962.981331083916,34744.743976036756
1334,-1.6825085118562766,-0.5692296733947965,0.24485877639345666,0.6563945259313934,51425.10101127183,35060.34341321835
1335,-2.782888541623272,-0.5135276896854448,0.24454362419422276,0.6559432537968782,52262.18182180901,35460.39379103372
1336,-1.5762022250434675,-0.38410343928330304,0.2428720275218773,0.6556540994546454,52424.36236776739,35750.59432382478
1337,-1.6412940395774729,-0.4537313656677028,0.24087853312340435,0.6553344958070111,52795.498545286944,36112.759247134476
1338,-1.436084149994082,-0.4707342349741259,0.2389715097878689,0.6560603453873233,53408.7568390775,36458.30122653278
1339,-1.1840758989946052,-0.43532969350336903,0.23723827730238456,0.6562140988905228,53649.152216171206,36737.746351663525
1340,-1.9749262105958232,-0.4294655360533216,0.23566429782643716,0.6563513116927794,54740.340501432634,37197.648592860525
1341,-1.382081506378241,-0.5177034742122905,0.23335939351498639,0.6566947601211157,54852.23598665237,37525.85523882951
1342,-2.061435559260223,-0.444022939232218,0.23164157629948573,0.6571131234671576,55844.467640944684,37956.41718148399
1343,-2.332090871900426,-0.5320812589609014,0.23062494142194734,0.6574761457896913,56449.73820275468,38336.444243849866
1344,-1.731903310677932,-0.4577687142091144,0.2289363992185886,0.6579461629377785,56807.8829367482,38690.34512967355
1345,-1.865157725541389,-0.5308895022613492,0.22739942825200754,0.6573203084147163,57341.95544520598,39238.97907206233
1346,-1.8334167211288805,-0.3017908592417537,0.22548222184129418,0.6569401126471928,58021.05036071218,39556.507654990026
1347,-1.9189153944340192,-0.6110529798705536,0.22395810030026755,0.6563932906586922,58519.11533632446,39985.54374455127
1348,-2.4441169543342904,-0.6362656036173493,0.22307544702661433,0.6558870088979422,59480.47637292304,40347.7820349262
1349,-1.808987522916005,-0.3152547109254432,0.22207345006676524,0.6556270819018242,59660.22743489457,40655.1704327415
1350,-1.5721543454058229,-0.4197886728179267,0.2207639529201791,0.6539089343963888,60261.723316870884,41029.25518940059
1351,-2.950505386898136,-0.4369195809466882,0.22172837643139157,0.6524086134382387,61408.05361533269,41517.65066802753
1352,-1.4188003955551913,-0.5905650620266749,0.22043815854393725,0.6500911944841026,61420.84272683449,41907.075396595916
1353,-1.3735428702379218,-0.5253641815883172,0.21890216967110773,0.6479815663390339,61832.149975540575,42341.442848385996
1354,-2.594946520047568,-0.5430358321070539,0.21793330454432086,0.6459187091419764,63238.24054152231,42778.36730166779
1355,-2.1571487970393783,-0.4336115340504265,0.2162114733645855,0.6443459795552131,63491.84735083624,43170.891425112146
1356,-4.559361797454283,-0.44435798098695484,0.21767326874958648,0.6428388376733447,65507.03121260387,43567.30517978342
1357,-1.9503355036815202,-0.43685761561012076,0.21631677709634456,0.6410299515351676,64711.939163775576,44054.46304900023
1358,-1.2039542232140754,-0.6431644170672223,0.21527287609978663,0.6385824155848958,65058.34336711067,44559.89333810097
1359,-1.5598437587438756,-0.7792853077107716,0.21370653818746926,0.635701364098976,65768.16027291203,45066.19983330006
1360,-1.4276268939282741,-0.5422915890435526,0.21224626929331356,0.633206978387084,66494.63744072757,45524.27219535619
1361,-2.968012593835597,-0.7318027524534821,0.21257457150551443,0.6296720322640597,67823.99671503222,45985.877707767264
1362,-1.2110018371493725,-0.5141135853275921,0.21130193500050876,0.6278543308078509,67742.0943454537,46314.41194428671
1363,-1.852668624561185,-0.5444761242351862,0.21024399552409015,0.624919490573151,68600.71441021907,46995.43774753184
1364,-1.425856081265772,-0.4195911095783559,0.2093370705344947,0.6226437536499927,69254.34853492545,47244.32932308585
1365,-2.6161125178823097,-0.6500675937199966,0.20983310184078383,0.6190344334104478,70372.33894964046,47830.80563289335
1366,-2.0787464747015525,-0.805882827250153,0.2099000474991229,0.6149804957384353,71023.75852120861,48305.96236020478
1367,-1.8276488352399036,-0.6457418540028269,0.20924310190999315,0.6117651148115735,71377.08174685971,48781.363960455215
1368,-2.6056763809077323,-0.5114875607646244,0.20942927651285198,0.6082581084399317,72732.33852647197,49134.02129975407
1369,-2.113619696309793,-0.4780180898692354,0.20859913975140154,0.6053159734578103,72976.68274475372,49761.7517195
1370,-2.073405381195911,-0.6156385821252227,0.20778786247367054,0.6023052522919097,73885.99094851062,50194.78047022613
1371,-1.3375192387179535,-0.6417513676004014,0.20629373711395058,0.5998589548954909,74014.28032962541,50760.40656828814
1372,-2.382993140098248,-0.6884758176369841,0.2060043069231634,0.5966697420825048,75538.34494251982,51458.12372769215
1373,-2.1409059994207706,-0.7545202875679426,0.20533035960821333,0.5934923225059686,75994.55500104626,51939.452388316015
1374,-1.8311821501168657,-0.7911249602997389,0.204723147205936,0.5896849244296162,76734.15174653118,52322.23035607058
1375,-2.446596618088492,-0.6657947123098343,0.20439436165649139,0.586619308086298,77677.45188195763,52823.54381655447
1376,-2.788434591600036,-0.7666489565630105,0.2047651424688704,0.5822686672541457,78830.36079759807,53370.909191135936
1377,-1.9454177787272422,-0.5343807942325298,0.20494929730914377,0.5790193156045413,78991.87199988724,53818.146168269675
1378,-1.7468487002168953,-0.6192387352530081,0.20387792519046602,0.5755858375479511,79803.03943279195,54419.16545503339
1379,-2.0116973305169457,-0.5083038623513066,0.20326013039091592,0.5732417161095744,80635.34046858514,54886.302591679254
1380,-1.8800005510853504,-0.9273215518759365,0.20245532233438215,0.5695195096526007,81495.02315919526,55778.934250174694
1381,-3.330707544672214,-0.44222309915567937,0.20339195931923315,0.5666975036891082,83012.00824954236,56081.29424950337
1382,-1.3247800177858322,-0.8115831841585499,0.20245472790030006,0.561871838292019,82828.50868657831,56647.859236789634
1383,-4.795449546569747,-0.6180440126684131,0.20516804136733102,0.5583884253906218,85481.99584051108,57183.35508071176
1384,-1.5646182926188543,-0.7181631451579868,0.20461599598971547,0.5551988465704604,84676.31294493358,57809.33746261921
1385,-1.9493563918089,-1.071921510982119,0.20406056260867836,0.5511570676360328,85577.26379752887,58668.306118974084
1386,-1.401962459840676,-0.6539744444096229,0.20371997222952165,0.5484793385463075,86268.95751442408,58949.10652514266
1387,-3.6143040162585476,-1.0557445507929948,0.20563991270391285,0.5454624387667059,88272.09480578125,59763.5989722205
1388,-3.2816293782825525,-0.721419490796603,0.20686478550956255,0.5430357750801795,89167.85181588352,60240.27528415492
1389,-2.0967304396667896,-0.9330267359514017,0.2067566087574507,0.5402542314268569,89123.39708859977,60854.67235262842
1390,-2.554174062422032,-0.6012000522107186,0.20736309889069618,0.5383573011159212,90490.0263709642,61407.86109087551
1391,-2.896986238215534,-0.7982854576876935,0.20876128694505997,0.5359257368829842,91411.48353797915,62199.32907796444
1392,-1.9681784249439307,-0.7705224413740275,0.2089038853677581,0.5349012573145608,91967.23805454077,62598.64014169772
1393,-1.6675911974248634,-0.7396681434231775,0.20888769036078975,0.5346154703090487,92501.78759442852,63257.45767357686
1394,-2.707564591880721,-0.7655329981214603,0.21028667972400752,0.5350405493965515,94264.47439169198,63954.676828835436
1395,-1.8377571199844436,-0.9122859717123939,0.21099456912493436,0.5352504440540256,94472.8597665531,64690.31843246397
1396,-2.145080797713119,-1.2679716631902547,0.21200969256642213,0.5357548899106319,95815.86719953614,65486.28935684982
1397,-2.18200380324928,-0.7941860496542897,0.2133508517355322,0.5367590920491759,96605.1929057451,65858.33209557993
1398,-1.891593004423159,-0.6569269715653702,0.21423566476651107,0.5376913294587004,97568.33077963149,66445.84301387082
1399,-3.1167343995197325,-0.8308501598577742,0.21718592452702173,0.5384657880678122,99135.9877319699,67207.95703135755
1400,-1.629427534145429,-0.798303596170014,0.2180996766697116,0.539457548452908,99394.87397135611,67843.07971922122
1401,-3.985123594021582,-1.2275604514228289,0.2228632643446396,0.5411384093055883,101669.13642245658,68795.74789072855
1402,-2.7340357290282236,-0.9054863757337778,0.22571382407396948,0.5407154292715248,102136.04862122744,69405.2449348604
1403,-2.0182447607397673,-0.8101948193398536,0.22699548815926637,0.5399941409963367,102437.2962767493,69954.9989301366
1404,-1.2972204361023028,-0.8180543810534465,0.22758926341014188,0.5395185555930574,103242.76111824105,70737.07189210759
1405,-2.189986576469187,-0.6263277589390418,0.2287969283487879,0.539194293337654,104611.19527634922,71280.2476349264
1406,-1.8610836245907212,-0.9312382504663105,0.22959243798048548,0.539643718882493,105699.37832591259,72268.29385899736
1407,-1.8227632333564752,-1.3584922400853976,0.23051889555311125,0.5415299996518627,106472.57259428917,73032.80480269392
1408,-1.9072529626719914,-0.8373910996747307,0.23163423423011056,0.5421707099348752,107845.37727225802,73662.48015143674
1409,-1.9894272009923595,-0.9367125803217848,0.2333026238652894,0.543288580299643,108730.04540198858,74337.66069958186
1410,-2.634735590112786,-0.7510446509391695,0.2356323589095735,0.5442417016060848,110524.74988017025,74985.69792171303
1411,-2.011476815705199,-0.798510529527993,0.2375624024237379,0.5464172177900278,110960.44055973135,75779.73877057112
1412,-4.95320663677088,-0.9013567967919106,0.24513519763359765,0.5473408664279845,114281.2926074991,76579.39049294517
1413,-2.5127075082872534,-0.6904679405885749,0.24862169153093264,0.5486603042070328,113568.20135851513,77235.60294264911
1414,-1.5313598391580894,-0.6848321325467515,0.24992442971428463,0.5497227298724862,114239.8525163595,78083.11277416043
1415,-3.840841851227366,-0.6686834048778422,0.2558846378904531,0.5506391328899056,116742.60648687798,78828.87384872111
1416,-0.9512118526494913,-0.6494855268860724,0.256117314999533,0.5505400584904312,116148.86320852545,79505.06180771353
1417,-1.3218922084111155,-0.5524310071128173,0.2572889952948775,0.5502885350533804,117379.67530583082,80252.28125885021
1418,-1.2864437353630973,-1.1601066453242652,0.2587275436765539,0.5509745498415086,118751.20274504235,81508.53656140463
1419,-2.3308535700221418,-0.6400959333672428,0.26178809839917727,0.5506417853493849,120398.78843567311,82014.13267707151
1420,-0.8074711200225122,-0.6426153227383595,0.26188527668731953,0.548835833156167,120832.8334053532,82704.81601874581
1421,-1.1610895242932293,-0.9559386711737133,0.2620061956302604,0.547740791533267,121965.6429153134,83787.97395047944
1422,-1.6796870257800431,-0.6360132255308117,0.26206535591954466,0.5458474328118514,123905.6224661073,84569.56312902602
1423,-2.304605586499999,-0.7160916402370905,0.26374794079596664,0.5442426899319988,125268.39069458275,85290.38918432557
1424,-1.4340403983775176,-0.7217954253355472,0.26362238297916374,0.5431290078839646,126231.4494990633,86310.23807618018
1425,-2.5340244887019425,-0.8925713351442723,0.2649994671326362,0.543170319044852,127948.88525125594,87098.84591649764
1426,-1.3710077116853407,-0.8809999335136459,0.2642553290066404,0.5439244828523214,128743.52048966727,88202.76076599193
1427,-1.7023883344055817,-0.7129552307514959,0.2640630518274586,0.5446338461268493,129937.97967285058,88765.4357312562
1428,-2.0473553803456968,-0.8243727606299229,0.26402237823664887,0.5466504809667426,131808.13286268822,89755.1127182531
1429,-1.6470021457929593,-0.8041284396092657,0.2629287669211441,0.547281725082636,132514.13397697583,90752.53929948751
1430,-2.3907434385612802,-0.6932969976315071,0.26311233648853377,0.5469733608839163,134698.4454264127,91399.71272078215
1431,-2.3370923288257837,-0.7381884612574887,0.2634169078627617,0.5478012248170313,135708.37525434475,92517.86480837411
1432,-1.4771112392692596,-1.0471173386221204,0.26300814370764847,0.5477308613639138,136707.19566695733,93563.31163472969
1433,-2.37978759140755,-0.7231953959348291,0.2640850593024911,0.5468194448023737,138464.21549086273,94363.62711339464
1434,-1.9036338049105384,-0.9051501472306251,0.26361508259103955,0.5452985159558555,139817.76605273347,95380.51701868158
1435,-1.9949169866351124,-0.8522058854100044,0.2638535329995673,0.5447518342677836,140996.04002478582,96276.64868265549
1436,-1.8976806605974528,-1.0257267461872686,0.26326301196570034,0.5427070543319065,142615.76973516488,97441.55243301793
1437,-1.553398812702612,-0.6849920627137759,0.2625147238961266,0.5412946136951984,143532.60193303952,98071.0616208827
1438,-2.110488507931815,-0.8799011583408105,0.2614276477498902,0.5392790764998389,145650.1181328384,99197.13696399219
1439,-1.9080150320882385,-1.1891536305609198,0.26115076919574415,0.5375381542376297,146678.80324500962,100366.92934256436
1440,-1.7486645333493036,-0.4598156636653108,0.2609484612460171,0.5364966816778381,148275.5177460645,101077.85726126168
1441,-1.7798475248690346,-0.7703373389720205,0.2612909663146357,0.534468499491982,149579.5848716302,102241.15636868503
1442,-2.186542712004775,-0.7415971237777398,0.26148084134578825,0.5331795968693221,151615.90903138815,103237.65245396235
1443,-1.412089724985438,-0.9769947570760673,0.260868925885877,0.5288624401410343,152269.5121689009,104487.51893225979
1444,-0.8949055896418263,-0.7491182875304555,0.26055482743174124,0.5248553657994609,153619.64416008527,105427.5509991703
1445,-1.0628018383576856,-0.6552415692740265,0.25952223786441697,0.521745836217212,155067.13297464556,106181.4279210248
1446,-1.957680769046498,-0.9089959607813415,0.25953814269850756,0.5170001316582553,157567.49356728888,107493.91871245643
1447,-1.0508437121814789,-0.9097294226551453,0.25831545467917183,0.5124732622528914,158225.5894335417,108660.97916259039
1448,-1.0102871904892834,-1.147878506590181,0.25729161265028866,0.5062489802396979,159937.8044370533,109817.26091596688
1449,-2.101282255367994,-0.6953913123077664,0.256383072589229,0.5019052284269322,162224.9123560493,110747.96507832357
1450,-0.9824026311063242,-0.93366111346294,0.25522615251878145,0.4958725555686156,163165.93772530265,111842.86316909062
1451,-1.9165580017811539,-1.041772844790103,0.2541987533204708,0.49044783055226543,165338.08052392225,113184.57870489369
1452,-2.2835220430048984,-1.2992040909440925,0.2530337699277255,0.4853128301642361,167560.3959093427,114471.22755599224
1453,-1.3852854417014333,-1.370800603031004,0.2516304129845034,0.47981702817413907,168265.56594914806,115752.68259718412
1454,-2.1040252664975845,-1.2651467065769442,0.2493628045872217,0.47441199502625025,170760.7056653151,116746.76610043875
1455,-3.2311080402643255,-0.9544806971809295,0.24616492522227415,0.4688943954365063,173201.06671841824,117764.62292914126
1456,-2.116001648873164,-1.2727888952016375,0.24376060761736884,0.46002495874996785,174207.18135867224,119126.81650154002
1457,-1.8283780159346714,-0.8388477471047018,0.24158972404870319,0.4527629184860104,175504.14373190605,120019.64694575912
1458,-2.0107472271406768,-1.111426958996467,0.23890120826344885,0.44463492985907166,177652.04413630703,121268.13147415606
1459,-0.9354137456665216,-1.4355624905630573,0.2376162081135483,0.43480344315339853,178328.36469883268,122917.56918370957
1460,-2.244788795301653,-1.4219095105015795,0.2351295135257923,0.42749379780931834,181356.83469036044,124124.26893281526
1461,-2.371266515557841,-1.337561440356504,0.23104093054918745,0.4191694097506024,183173.72545208194,125313.71373189561
1462,-2.100644088693894,-1.3098396167143929,0.2284299428626166,0.4091620716185013,184932.26477799928,126313.98976225723
1463,-4.741432322320205,-1.2727891099231594,0.22315678053497678,0.40171160752926244,188925.37110614908,127666.22875993069
1464,-1.554427945956273,-1.6260896462238907,0.2215746925964773,0.39469895707405855,188172.12876587833,129306.95465463193
1465,-2.7536740517925558,-2.1870422886170444,0.21719005442344,0.3827712809666237,190904.7025741257,130887.82546698279
1466,-3.0823418850880953,-1.5842963652564344,0.2125255545217774,0.37414961019954374,193344.5624252359,131692.93621547418
1467,-3.067926853198067,-2.8308771436916667,0.20794406048666914,0.35889368615102996,195042.08220186864,133994.25173958385
1468,-2.268224732525174,-2.416486891117835,0.20604025823617048,0.3497861911441911,196506.98293307098,135150.3246775525
1469,-3.180166332720374,-0.9662463153582924,0.2019909263274254,0.34800096050655943,199098.77647840776,135309.57792093485
1470,-1.2565907915199446,-2.795616005430007,0.1997126284983025,0.34213313648484495,199586.62872334552,137974.5754226109
1471,-1.4496671692842253,-2.687045279328875,0.19762281376737073,0.33657142163738646,201511.1563323099,139458.49700343807
1472,-2.0313682097508816,-1.7983718501972663,0.19556593677634004,0.3311513056730185,204308.10588081228,140062.29312633435
1473,-4.8095110623648285,-3.078290814156819,0.18864896748415227,0.32462301608440025,208709.7819860714,142493.24102572532
1474,-1.5757323295790284,-2.453742549207437,0.1870632481769906,0.31727595623986593,208070.6189725436,143455.8207894913
1475,-3.408228122654667,-2.40206020787465,0.18178023646104463,0.312823372051691,211543.41156420327,144854.26569737392
1476,-2.882733357102796,-3.618998741542825,0.17780017178887433,0.3125900562599175,213482.6605313381,147252.2259697207
1477,-1.5723754584323497,-2.5165093695521916,0.17661806286111745,0.3136468094317242,214077.15454343834,147857.85335000907
1478,-5.159960781532542,-1.9555857299665453,0.1690846711289021,0.31547449884522266,219831.40109736242,148821.18688131712
1479,-2.896659226272731,-2.6990917235336185,0.1658392860804302,0.3202426955682134,219651.57346819725,150955.6619261098
1480,-3.0709944687122044,-2.9927548041729315,0.16224243440318098,0.3260551261462763,222293.58849548455,152715.76294828882
1481,-4.8505224040812855,-1.3020314053065813,0.15699626440424538,0.3277850596421876,225915.68614836608,152916.06762081938
1482,-2.821647083631582,-2.144281390616894,0.15462638898125292,0.33036060113218646,226558.16308466005,155017.74777736422
1483,-3.0005926353784926,-3.1044882716453466,0.1514854054389886,0.33556505857118196,228729.98352042452,157404.3636923867
1484,-4.178110018321111,-2.469934060108735,0.14829000128505332,0.3405956749878574,232425.17185126033,158428.99969837166
1485,-2.4625295242769853,-1.8255381886757804,0.14705978041683174,0.34289116115394147,232832.8997283232,159581.6538260426
1486,-4.38396842061106,-2.0364771742926178,0.1432432072507389,0.34544689219192465,237258.65243399533,161306.24161748932
1487,-2.3047270529894743,-3.440870627343938,0.1418991144090994,0.3542628576685759,237408.41780733436,164062.8159404909
1488,-3.5588750715789494,-1.6321687836954728,0.1384327050714019,0.3571947700409582,241180.82910980625,164195.6173451062
1489,-2.2067734358743283,-3.7075724600580062,0.1376392652169696,0.36657825906615404,242113.12089764597,167548.62419383827
1490,-2.1193531864937167,-1.6812698069744998,0.13638023170110947,0.3679426032258557,244634.94268141995,167662.4649784514
1491,-3.858279030190836,-1.4789046731190023,0.1332975117246926,0.3681173538100033,248641.03659371642,169082.28756572207
1492,-4.824040178380694,-1.56230687934761,0.12937575632017054,0.36908880246795184,252310.9933879024,170964.6616499809
1493,-1.4403629483578138,-1.8900747819952404,0.12910028550601424,0.36961726270887474,251219.26209635613,172810.22670212478
1494,-8.455383233616612,-1.7995942127587004,0.1185925275484048,0.371549286542354,261029.0892841722,174565.05540524548
1495,-5.284149414325992,-1.4777063396613825,0.1114915795563356,0.3710150197762686,260282.11478906526,175971.93758002782
1496,-8.40699435679547,-1.923720115434008,0.10086451555394213,0.37232042575639074,266277.449966937,178156.2250442976
1497,-4.129798217072669,-1.0074719346067844,0.09601687249210748,0.37169710992740923,264354.3025458903,179133.7934093897
1498,-8.543762034820649,-1.1234558666257684,0.08431064555277147,0.37137779201521764,271760.232832703,181001.0558968728
1499,-6.11848186090436,-1.73741579936334,0.07825027653832031,0.3718374632244167,271704.44157102256,183422.831055249
1500,-8.236832587483896,-1.3081290040081548,0.06923799353038033,0.37163744587383024,276836.510841393,184874.2197714657
1501,-4.340379592281399,-2.7974597548253968,0.06546165144456266,0.37429393963975144,275379.58391136647,187989.27713495318
1502,-14.406942822430345,-1.5482952447165126,0.04987031304408814,0.3755573620302871,289354.41362496186,188828.4097883928
1503,-11.519154296877263,-2.045260323515912,0.0352062738453471,0.3781117721559739,288476.84744611103,191047.92590199292
1504,-20.683918289630856,-1.6521009645998908,0.005857722551737018,0.38117145754827936,302148.1115232032,192776.9055993237
1505,-17.569546602192464,-1.6555846557007534,-0.016637193513184798,0.3844869112910002,300868.24800169276,194563.4907740122
1506,-79.35655308084328,-1.5434476395574461,-0.113260624332562,0.38692231955025586,386316.1233114468,196547.79861850254
1507,-134.70563015426941,-1.0744840206028499,-0.20353431684424114,0.389107153136803,480297.4423414878,198024.97383071602
1508,-205.10497852327134,-1.40910603576402,-0.234515617544294,0.39287004235840417,809197.1352898976,200345.52532690187
1509,-310.2368877250774,-1.5303969725206317,-0.11830303085195806,0.39755335399002084,1099836.496261987,202413.0131573563
1510,-11.700405610253041,-1.0551552649426508,-0.1251090558404753,0.39956409253582453,311669.2881595827,204031.07494832212
1511,-124.00190083254259,-1.3366332285482518,-0.21618167735495136,0.4005963971793123,486526.1730346776,206290.67389087778
1512,-1101.045950314523,-1.2764099905644766,0.057014454660476485,0.40078833100312167,7372853.313093864,208375.38650993066
1513,-3150.7779103261464,-1.7922934844991572,0.9315663079000921,0.40326287695431634,66819271.2326079,210906.72164321094
1514,-0.2558472126506242,-1.4106865805832325,0.9324001681105248,0.4062998009145119,328846.0612166488,212747.41297532324
1515,-0.2780742019513678,-1.098900129048514,0.9326157757803895,0.40755865833462296,331794.9351026756,214512.29084974062
1516,-0.3280385980659128,-1.5434535209674025,0.9328866287202244,0.4101464185249159,335555.18394982116,217103.87532136013
1517,-0.30345676704739644,-1.1401802735230713,0.9327747198091012,0.4104633498579597,338523.68102909124,218927.4016277771
1518,-0.2757766854596922,-1.7117265988175168,0.9328534686049156,0.4143685047215938,342159.2109624882,221586.1455871198
1519,-0.33165103268235635,-0.774749224660595,0.9320480149325706,0.41524537072102075,345395.7412209784,223000.69064245303
1520,-0.3240143130333943,-1.4629134130068022,0.9320213039901858,0.4189268464079742,349176.3173917755,225761.74417155402
1521,-0.3885262621382275,-1.4760599568454849,0.9311844275104887,0.4220867016771165,352467.38013644284,228255.94821797352
1522,-0.3620621638902373,-0.9371303017673732,0.9294187262958645,0.42222726057293875,356203.2575183272,229880.53277476347
1523,-0.297120021369356,-0.9682874152431004,0.927478329957066,0.42246387978972577,359501.66872368805,232300.58374012297
1524,-0.29237272285151894,-1.0962830613736931,0.9263577567501446,0.4232902134947427,363295.6483476035,234669.99246430374
1525,-0.33274326736636883,-1.9354997050994849,0.9247641588538507,0.42480015444399766,366793.5026728384,237941.50533015424
1526,-0.33554454531518335,-1.0771754473037354,0.9225316490913339,0.4244489411458279,370688.51869404776,239443.57036445872
1527,-0.26885429080601253,-1.0091188384787384,0.9203465849251906,0.4242481926335294,374125.85471058235,241653.88506413213
1528,-0.2407161744227611,-1.3856618082705594,0.9182046204509869,0.42315017117946674,378021.8137129834,244529.0482455342
1529,-0.31261085998528076,-1.0069220549512592,0.916016774063626,0.42401216050263324,381649.0570817325,246634.13938473625
1530,-0.29044041022904943,-1.0049313476232102,0.9135655663387975,0.42285779873809515,385698.37412299984,249136.89594227006
1531,-0.38376109721255536,-1.26459663897882,0.9112832664442897,0.42286824791635874,389473.75417287706,251865.0958959775
1532,-0.3446632074351552,-0.8872966570764709,0.9081215069426392,0.42330069878079757,393556.3851864016,253955.1433220157
1533,-0.33229242217276095,-1.3180609358730933,0.9050656385545268,0.42213880094560235,397251.612057932,256924.66129314777
1534,-0.3429921303458318,-1.1890852650937551,0.9017507122390624,0.4189595774613372,401431.6043671692,259531.96011692157
1535,-0.3571975131600428,-1.062477851150423,0.8975318446480285,0.41286946097221544,405305.4434588858,261853.6282787444
1536,-0.3875344288878216,-1.1038089241516715,0.8928518229691926,0.4095004845647322,409608.0932606494,264652.77509687806
1537,-0.3464838730177021,-1.308991154644096,0.8889712582481334,0.40538668582024084,413469.3250195267,267384.027961087
1538,-0.43794856399253507,-1.1311120720887295,0.8841116604398098,0.3968479242492617,417936.68102913763,269985.24435942026
1539,-0.40731749065446327,-0.8829442379593968,0.8793504930164543,0.39077761917612974,421921.2298018823,272407.7493272392
1540,-0.41422645599000724,-0.9186576055958171,0.8744578095342264,0.3831833189808473,426290.8128264871,275163.3742484682
1541,-0.4113783708928025,-0.946813524080859,0.8696788384120606,0.3774009586586479,430435.8506139921,277894.1252441119
1542,-0.33254041839099346,-1.3857005246285417,0.8658935695948514,0.36960119337848196,434715.4601026183,281199.72496527614
1543,-0.35237815225712,-1.8191393542629921,0.8616905486064488,0.35758727912916805,438986.496761265,284540.6603470752
1544,-0.4636675857238873,-1.2004675381041359,0.8552501763804262,0.35189091339915435,443705.9361821528,286703.6888752394
1545,-0.43656596537972714,-1.4160073555085273,0.8501468934531254,0.3430773819162501,448002.103416473,289730.2541462854
1546,-0.6377150700034921,-1.8789066610329075,0.8419970598835066,0.33132200222736735,452801.57738927135,293243.397855716
1547,-0.6229405064735423,-2.6646315720767553,0.8338120746164581,0.3171923018660712,457319.9394299602,296955.5017237346
1548,-0.44825012354897253,-2.2567853179743906,0.8273935043597199,0.3107221043339505,461736.7721602601,299451.99186703336
1549,-0.45733793162537556,-1.7829878057761819,0.8202097500827498,0.3051501441438058,466242.5562251554,301785.85861438024
1550,-0.6246350801693011,-1.3670343634288014,0.8112158401714192,0.30112368624218383,471277.61127339053,304481.0516064561
1551,-0.6382235883455135,-3.1442612452331677,0.8023339699147971,0.28950058262512346,475980.40559672465,309481.4237665265
1552,-0.6121813839549469,-2.36622912528041,0.7931590650869607,0.2849066368333138,480760.49039662955,311962.70591248426
1553,-0.4283228856804585,-2.2035900500725605,0.7872494333997859,0.28396555581738087,485178.6805623865,314705.8802103768
1554,-0.4603303050147267,-1.5484650095322026,0.7801613861988026,0.28442861064847647,490189.6844059948,317304.61832095013
1555,-0.6107924199322987,-1.8428041479736537,0.7715365141550665,0.28425748950601176,495279.3196183953,320556.7968220826
1556,-0.5190221206920003,-1.4434176044921654,0.7638867890052272,0.2850620770995373,500148.66524759366,323580.54077407514
1557,-0.5416696900267428,-1.814226917557739,0.7558273266471496,0.2840958883369755,505141.25423624716,327024.9061933706
1558,-0.7813025206268206,-1.679574704554,0.7456947490312608,0.28314588558548615,510597.5009810555,330475.90087206825
1559,-0.7135831180296058,-2.148037454366226,0.735946033120924,0.284712706056945,515615.43780285155,333981.5700265944
1560,-0.7544415988095106,-1.2443443915929706,0.7263025524971548,0.28453938749865954,520838.4484549707,336599.8213263786
1561,-0.7527298941557803,-1.6482379712474378,0.7153415001624807,0.2842122410598214,526081.447877639,340040.8743668368
1562,-0.9519937247531041,-1.1274873258060971,0.7035037255151559,0.2842881641691889,531681.2601580115,343130.1970017672
1563,-0.8201750153844137,-2.3378100720705306,0.6918735349142737,0.28903589156762644,536750.4508269022,347780.9180896801
1564,-0.8882245498908051,-1.9680567772347108,0.6793620290988704,0.294176699387177,542368.8099884727,351147.76424894977
1565,-0.9317294238967185,-1.676909472146341,0.6674347175516345,0.3012234008473985,547738.3786909314,354170.4483961439
1566,-0.8937431487183052,-1.8598813981277584,0.6554095387172766,0.30701396159405875,553238.2157698079,358176.7027089172
1567,-1.091064454773496,-1.3863932158048684,0.6423504828651587,0.308257253249072,559040.9126443742,360854.1176549255
1568,-1.1649228812771812,-1.4235514061424215,0.6300530306949227,0.3087218302943693,564839.7900087077,364661.4220691399
1569,-1.0758332914137347,-1.8243058125347444,0.618342012225314,0.3080272591395372,570217.5496507146,368748.0228975795
1570,-1.0799969508004008,-1.4437588041141511,0.6055089416126938,0.30377122344759294,576067.1573354683,372048.8366126102
1571,-1.5122047349345875,-1.322131936718271,0.5895734005816992,0.29893383406080304,582447.2546650323,375580.949753155
1572,-1.4522027140012475,-1.1229494370034698,0.5746201241569916,0.2951604268248392,588286.6859750064,379134.1493017208
1573,-1.9162829385283346,-1.284795855169428,0.5567517030876741,0.2908851468957554,594782.1220623461,383133.6727147416
1574,-2.6195204968162886,-1.396306744383354,0.5368446492852135,0.2856219576024699,601922.3833502339,386865.3239409622
1575,-2.3951005742150837,-2.04157540392745,0.518246844514078,0.28091882540028046,607516.6485959963,391536.1752819857
1576,-2.296389039968077,-1.451272279138562,0.4987730959334461,0.2786176980521358,613582.3254998852,394928.74419181544
1577,-2.541584789806195,-1.6719671024151916,0.4788338883694838,0.27218388298232454,619999.438726372,399063.6148504101
1578,-2.564263574696006,-0.9976692188211951,0.4573278547091115,0.26788792720399496,626415.8625438483,402339.4070000739
1579,-3.5641421424399047,-1.4507149886652029,0.4305789580473897,0.2625505379437116,634098.5725020784,406866.89554963127
1580,-4.753425366002495,-1.870249625001337,0.3987892461279116,0.2516846284760243,642582.9619557546,411785.50879999786
1581,-5.865917137236649,-1.776958008285274,0.3641655688251869,0.2439096740078523,650619.0030670025,415458.10361411044
1582,-15.178894917547918,-1.728251354555609,0.3176733399529625,0.23566510304663296,672502.4512903682,419745.5730064177
1583,-21.952240724379344,-2.106308745269049,0.24261962888525468,0.22629887115038533,690736.3540537872,424307.9062887985
1584,-96.68077609263727,-2.8297831869098116,0.10211641074668065,0.2159776018737347,832356.111810459,429687.718139037
1585,-2060.4425415926466,-2.62187824185268,0.16731062392141385,0.20930674828173682,24339440.219985165,433544.32744233275
1586,-43.03035510660192,-1.6205350616738776,0.16398898854039928,0.20843377170192687,764507.3032963643,436771.7195088656
1587,-74.44279980526727,-2.674880393422696,0.23255443444929677,0.20879534289733315,814868.9680643748,442295.933584433
1588,-36.74680996623608,-2.943687252451523,0.25397055056865026,0.20874764234131854,769070.1392832237,447277.86785657064
1589,-52.67042393049096,-1.7957240945695476,0.2320068032905861,0.20870727716210602,796868.2040778326,450088.76273108966
1590,-113.63666819540767,-3.628763227846107,0.2284438313218836,0.21134192563289528,953914.6676252341,457180.2646563946
1591,-96.07949193140814,-2.207291786927736,0.19602592012863873,0.20917803483244687,908351.7067851844,459752.86660289863
1592,-235.55221200309023,-4.855466863193961,0.3211101052701165,0.19733618634661867,1254677.5979359457,468070.1492667775
1593,-10.195337520293137,-3.253789522621681,0.28669966949235537,0.19789831678494257,758123.5669029816,470498.4397889382
1594,-36.2760203590329,-2.4781367718754725,0.24082185867655204,0.1939101324507827,812291.4130339698,474187.3675753407
1595,-96.49079065884415,-5.094781776717041,0.13150075335042238,0.19332853307392794,945391.1479021622,482617.5550986961
1596,-1519.9805714319389,-3.906363319760444,-0.0455587730757417,0.18642396704925757,12753180.62437954,485747.1573826169
1597,-2688.4600189140833,-8.13486680756936,0.11042137965219659,0.17724966974250517,52029343.43933452,496475.68481833395
1598,-2946.5453880119,-12.30081333876759,0.010428093796224449,0.18047498529873746,58070231.51247859,507245.76851053844
1599,-11666.295503551672,-12.448943347069083,-0.06150772910097284,0.15846695080813614,921750121.0889493,512632.3117575477
1600,-11495.43043518887,-24.06822814939257,0.19741002427109303,0.14624971198665987,571254516.6572789,534434.9782736201
1601,-121.6387462930762,-29.82063339947333,0.25483989121249795,0.19239099834778864,1286977.5535903827,548747.4032257706
1602,-90.25185290306521,-13.58194929226354,0.19597143486324006,0.22878498494591362,1191924.1369591018,529871.4455841735
1603,-101.94840165494045,-5.043550647944334,0.12617766439382178,0.23525147821049538,1254010.858667912,522689.772651032
1604,-326.1612554676428,-4.271184996869387,-0.0031863681243547936,0.2381229858239145,2003918.3577961705,527041.7075654533
1605,-841.8674771738642,-3.552594008568526,-0.019495255053433164,0.24151978139696037,8188213.001974255,531212.7145296726
1606,-42406.46733148636,-6.5100530319594725,0.9484680814877168,0.25037341389280166,10527993146.711529,540962.1823627758
1607,-0.3998206754387268,-5.913958663322255,0.9690525887189905,0.2518805540149582,1331426.2525708557,545616.5175497832
1608,-0.30341650682063,-6.315537638945587,0.9807816629656114,0.2555761836655775,1344511.2977709654,551600.6429617488
1609,-0.34317476308719724,-2.303802098823696,0.9868343482486724,0.25694581838058284,1358221.0499205354,551110.8644080625
1610,-0.3002147058113559,-4.758217190716936,0.9881891457062567,0.2587300713913036,1371701.4255510184,560201.4336866833
1611,-0.2673987947663416,-3.281386479061569,0.9858230370026947,0.2524720090109975,1385242.4077504745,563760.1201516904
1612,-0.25951192381693017,-4.1397507706541,0.9769897291273207,0.24199034365208516,1399575.0503607746,570482.8296027639
1613,-0.3269062486786446,-6.686706157072429,0.9625653359050774,0.2361998933528247,1413445.2805812461,580302.7590103997
1614,-0.45521132389662033,-9.539650113681335,0.9355271681766605,0.2356851253103509,1428312.9868773038,590368.1831892635
1615,-0.4863839165691237,-4.297322921991514,0.9039936890925763,0.22619982475423742,1442289.2443769707,588330.4260530936
1616,-0.33523837877373514,-5.170328473883952,0.8784671084079656,0.2060762049656958,1456462.1127116717,595394.1007488113
1617,-0.5307331296340464,-8.608860304978366,0.8336954302696483,0.17146763032755938,1471357.7023925453,606623.951079003
1618,-0.5390079294064992,-8.183361042134514,0.7850738240562662,0.1461146252607868,1486501.3597386794,611968.9062473859
1619,-0.7393771697963988,-22.880318762741634,0.7223939772121551,0.095100843129239,1501510.2970998862,641340.558106419
1620,-0.8110337959246424,-78.62097321079762,0.6583953611252212,0.10410183441568127,1516795.6491771936,752790.0292467932
1621,-2.0827690938730865,-169.0359968486555,0.5459511433379443,0.259842946881357,1535277.2094691903,947964.377250056
1622,-2.390122151709493,-6.377540731923906,0.4290320361056952,0.23732723586973153,1551529.9208158066,635357.4403201037
1623,-6.3757186367287035,-18.918226957895367,0.2667424311773824,0.15965458285817696,1577369.6536362474,661842.0857598193
1624,-97.12566025908004,-86.62986968588733,-0.01469376704532993,-0.02572263287996051,1846021.4125282005,800065.3210017737
1625,-78346.72849171028,-74.487693558764,-0.0028739486946327167,-0.011161494976068779,34361710338.35509,774808.0931424224
1626,-6965.224688166736,-638.6178642122089,0.05307394440294657,0.13718983237253005,473657013.9083658,4655566.156836285
1627,-17216.24666777308,-181.12795015543938,0.6831211199841153,0.017173943660371647,1312223826.634023,1101722.533062305
1628,-0.617854771931792,-538.6977280830118,0.6897771660207388,0.09993372766678031,2493953.0433066143,2190270.7797007235
1629,-1.3367361194162204,-1385.7909337638484,0.6100353159907099,-0.05714751652412037,2520707.364252708,16481423.816577908
1630,-1.6252896753279773,-4041.928025323783,0.40219904631465236,-0.026250834194989657,2546561.3723526117,92495209.52216941
1631,-4.072418077817084,-14802.050368425065,0.06422889729557502,-0.026215156338453012,2580442.8168180725,1620877616.9883413
1632,-1232.0003571437342,-50982.964880323045,0.4815539077319167,-0.02693661187358486,11335230.815515663,18704808892.34271
1633,-2.5685978907572964,-42323.22786956005,0.76304187663436,-0.028182870939280055,2640811.1640241714,11371145353.667492
1634,-0.5579261180273863,-74625.67602664499,0.8530103446663968,-0.029254310461547153,2661264.642095889,43004450493.663506
1635,-0.6267265630930765,-40584.31468370526,0.9256432432925554,-0.03171507875194768,2687035.423659245,9720472366.798187
1636,-0.24707524890357666,-101676.88494605679,0.9173354964015513,-0.0332076320331634,2714312.429500072,85864011748.61336
1637,-0.28586537343513,-57358.83750556216,0.8691887342522726,-0.036268595785099715,2740932.515337702,17847455766.16767
1638,-0.3760254965719309,-58354.68805734482,0.7735616103889926,-0.04001834358297889,2768993.2336996165,30248035290.89159
1639,-0.5115756405030378,-60194.259809637166,0.6535147698362217,-0.04477477919959833,2796100.045066566,17885355709.546665
1640,-1.4394937630144036,-62600.41222858469,0.382217316086132,-0.0496306409780211,2828324.870041634,38091429817.136765
1641,-9.168120738246442,-79285.41580912202,-0.0033481554791725005,0.04963981258804016,2881355.502947624,27785747971.142437
1642,-42209.74187172286,-262.1337340734534,0.12961836482195405,0.14080646890522278,12246708069.083237,11064772.147912703
1643,-350.1300708153296,-402.1704147664778,-0.026382448954851593,-0.013862567156146142,5244489.070827606,11339635.848818218
1644,-6222.2687807678,-194.3151898125625,0.04178459850473235,0.09393366268877132,297684154.55754113,10338446.97684391
1645,-4.386394256848019,-105.81207022968489,-0.007899790351009146,0.0015008940644114957,3565442.0114847375,9653442.338816958
1646,-1742.6295443990107,-10.504882020317899,0.013960681044267512,0.010771514940682155,36092866.568191156,9183635.528648827
1647,-556.7468861806127,-7.686200608954335,0.36929497841264336,0.03418357563554166,6726929.472695305,9259181.98678752
1648,-1.318572659209895,-4.424136288219782,0.5545319434548872,0.027981775783324402,3698671.2291972144,9331257.82016436
1649,-0.5321422316687412,-6.1282421222812316,0.5581953959775359,0.021701260982594697,3730724.616888422,9435588.27751704
1650,-0.43855385554812515,-5.094867393473491,0.5335604360331526,0.047092026793447296,3770029.594240768,9523757.969584694
1651,-0.5817642110603287,-4.847560457758524,0.4339302908448197,0.06337446890672159,3805207.205740702,9617667.19825417
1652,-2.6292666349704437,-3.1206684223199384,0.14666547158271,0.06235331723711389,3852161.8652321566,9703556.46116011
1653,-663.488527348975,-3.889122427552732,0.25605119999126497,0.07955565879154827,7241390.577298574,9806190.24391522
1654,-8.94629051870128,-2.9951154551817756,0.5930228547449077,0.0843769411993087,3964460.4459687565,9898391.921540646
1655,-0.6788651171443396,-3.4925545928088066,0.6130849647874652,0.10583551695096287,3970245.911574642,10001196.208886418
1656,-0.7346672653026257,-2.201110994233251,0.5887818785614257,0.11155832771829859,4011616.7227823604,10093016.658667646
1657,-0.695022417861728,-1.2133113314101762,0.4963947814469469,0.11566741634805765,4049550.9279064396,10188026.222101513
1658,-1.0270103060677735,-2.064625595058052,0.3140066624790963,0.1176731168973162,4091094.536866085,10295518.630376905
1659,-2.0089354894867255,-3.3069982898878534,0.11004845724415555,0.12545680727982136,4134867.6604696233,10406766.31140972
1660,-37.62549041334177,-2.3222621683069344,-0.15429617997557812,0.1265887265504352,4323805.732563087,10504519.864162365
1661,-595.2039988241177,-2.216213530914761,0.02992667108445534,0.12413783458019796,9339015.440787284,10609798.524879904
1662,-478.080315512699,-1.8640131827680253,0.06841018058428848,0.13102374217732693,6618697.857315012,10713100.719620781
1663,-1.2927750077285207,-3.60608874882178,-0.07456656320426171,0.13063768052962071,4316971.962037794,10832631.708467972
1664,-982.314594507783,-2.606047434833335,0.2072227063597674,0.1458400357900565,13072844.286536004,10933985.46457109
1665,-8.79216256106129,-2.606575246856634,0.5829407393291334,0.15006921648746332,4447797.909245758,11044026.66937318
1666,-0.48756703959912484,-1.1067577188574118,0.6497250080249382,0.1574766542877646,4460326.74956296,11144167.114623372
1667,-0.3982911847168136,-1.607245373845125,0.6893628186459659,0.16036873258667564,4503097.289853773,11259390.681522302
1668,-0.22082336451393542,-2.339459715345984,0.6774743457754723,0.17383850523867175,4545561.209089454,11377687.136195268
1669,-0.3689755895806327,-2.1784917136568556,0.613466244221475,0.1794170097664813,4591518.3959146235,11490323.568655822
1670,-0.35126500990633425,-1.1334015844358694,0.5275471119661268,0.1830762175085234,4641329.110331016,11598601.42379454
1671,-0.8523271566544781,-1.6327841899021909,0.3518417287903765,0.1888693625924787,4688471.081810848,11718099.82454693
1672,-1.9418382352341148,-1.5842561894406628,0.08749187881268294,0.1929975440362211,4737985.171885999,11835786.685480691
1673,-47.12181673929036,-0.9355241656158523,-0.15736847794128492,0.19339988556867554,4989265.327047546,11949107.058509093
1674,-229.80849542900557,-1.0002192979814934,-0.014797970496857757,0.1930810498633532,6364606.106421009,12069620.141935557
1675,-416.86007639143793,-1.9635644340787175,0.7061654142951851,0.19526452777472753,7011104.253541356,12197505.616319641
1676,-0.697866771824329,-1.2320380277398117,0.7334294743579652,0.19415499749815648,4936626.779706894,12314808.179755056
1677,-0.6254255608611816,-1.1454485026973207,0.6933184543137341,0.1949246802303941,4985341.7987954635,12437343.830917172
1678,-0.3875705396475157,-1.3344110885663478,0.6456688697759891,0.19027881322098064,5034500.221235288,12563509.469435664
1679,-0.7601241005392337,-1.958795205902979,0.4928592351738009,0.2034142961998047,5086043.953556138,12694386.106175035
1680,-1.205957235166891,-1.2090864448800844,0.2521309542409543,0.20402346676518637,5139966.476322579,12815929.70446393
1681,-7.19870221371082,-1.3724630305222423,-0.13675790838205865,0.21067735946207225,5218618.529035752,12945418.026999941
1682,-13266.446408131076,-0.9513437972250636,0.226040965710106,0.21606902541694498,1324803719.8371456,13072191.359935528
1683,-46.07493766820771,-1.3312630507889531,0.10701740147003531,0.21851533385325553,5715839.365900599,13206027.577317445
1684,-1819.6747863082403,-1.3204410406656484,-0.029415908085371475,0.21701931131523858,27518499.406397346,13338386.047704991
1685,-2151.476912619647,-0.9484021182916856,0.4084223585569369,0.21718269014247066,38192300.40157605,13469382.981753755
1686,-2.2523604422393486,-1.6979999581662093,0.6749477612961634,0.22449027705966232,5752798.055514047,13609718.638396218
1687,-0.7380799278809032,-1.3827270313411129,0.774986104507354,0.22664480493566486,5800932.595960405,13743930.89086304
1688,-0.5250933310382373,-1.2563369932379926,0.8231335649468219,0.2254993229396229,5858242.8492557015,13881099.163004603
1689,-0.4788972420267501,-1.8040881449040638,0.8119699456404557,0.23068239072205113,5916620.11024064,14024387.235111283
1690,-0.46716020848349765,-1.3541736421552546,0.7526652829764063,0.23976787206451883,5976045.94073044,14161684.663550174
1691,-0.5748358484209803,-1.1250645324034694,0.6361589380524469,0.24021773429432391,6035779.285800843,14301638.294024508
1692,-1.1386204907087984,-0.9821397836115564,0.4430441649040148,0.24424611764009257,6098441.922211108,14443881.96851268
1693,-3.589652498222612,-1.1678177173524935,0.13701133415813202,0.24481785752906904,6170209.414085324,14589870.879741251
1694,-784.3472538155879,-0.742167499132198,0.10282448948673828,0.2498452752249544,11901020.177391721,14733237.324675675
1695,-382.8341670402722,-0.7297165606958974,0.8330308734746779,0.2513523927615698,8811266.299378838,14880504.551145703
1696,-0.6027803670872063,-0.9816289003541435,0.8815159409537998,0.2564415641154602,6366616.3066949975,15032306.852803348
1697,-0.561602137337533,-0.8114672260058166,0.8505402791535559,0.25904171396828807,6427186.683227809,15181151.84393143
1698,-0.6921905343749233,-0.8048185780771234,0.7321603295030911,0.263228706340089,6492752.0987157775,15333320.173129609
1699,-0.7623202230281356,-0.8110525150477618,0.5813547951382529,0.2616171091118727,6557993.384592956,15487441.692542357
1700,-1.5388993155494461,-1.1005493644319668,0.33202222349230537,0.2584112550606527,6629751.668487822,15644962.632307129
1701,-9.402365671296586,-0.8986327159882074,-0.032885089681719624,0.25650955132219694,6735434.732117973,15800215.617841132
1702,-44464.661096805765,-0.7343951499107608,0.7753565136613629,0.254438803680032,14290318926.174114,15957134.141647017
1703,-0.5345273081822125,-0.9152426168261611,0.8244011193993261,0.25379486854461564,7630561.009241244,16118394.279342387
1704,-0.6707653856016857,-0.8683976248295544,0.8431160920039082,0.25292455862123503,7707151.034174772,16280080.85793548
1705,-0.336394172488479,-1.1031086139507298,0.8307696966254917,0.2490482691020237,7781668.699468307,16444424.066376073
1706,-0.5366332748543803,-1.5630775562619652,0.7748318644277307,0.24785243157196538,7859850.407481386,16614106.3734482
1707,-0.7000553044027709,-2.191961224528765,0.6780266895151008,0.24423035613793617,7941075.192133166,16785472.508883756
1708,-1.1922386307862953,-0.893654230778131,0.5048573998945152,0.2388831778999242,8022593.229708489,16942992.003333617
1709,-2.973156075770307,-1.2604798845965273,0.23432652732986683,0.23466698978918463,8112833.545075495,17115476.62475191
1710,-154.9870404623896,-1.213019083130837,-0.03403542693391596,0.23368108301177073,9073971.82173862,17287168.71626714
1711,-4649.1589382338525,-1.7091615035057408,-0.12881126155265696,0.2259216699932251,176855700.92950532,17464369.922945753
1712,-62111.36919584151,-1.2938647878168335,0.10579158150638866,0.2207989648169533,17022851727.65345,17636178.81499877
1713,-2910.705433507419,-1.4314930271431119,0.16890518172583793,0.2198308784278567,69586389.43310551,17813693.31591088
1714,-14.249889104250382,-1.4151374125369895,0.3603771381484194,0.21372849991622306,9699563.663169552,17992443.99482454
1715,-6.319560122397615,-1.4243580809941148,0.39282806597883135,0.20870070451160325,9745672.865048097,18172581.44323327
1716,-5.541506348705333,-0.9686051801187987,0.26005680286572,0.20772252658425205,9842174.520670535,18351237.51661822
1717,-32.15173553516953,-1.5663079378296283,-0.11988153431481272,0.2016710604442979,10106286.577831948,18539828.8760853
1718,-16255.550044573194,-2.853691950966492,-0.03599167384130342,0.19088013031158776,1569829995.1760254,18737412.862188082
1719,-41181.208267607915,-1.7524127307648905,0.024833731553751008,0.18481230662170087,13670189738.861132,18915465.46403025
1720,-15082.297260800979,-1.4527311168629857,0.9813875019160163,0.1822347828723789,2211764960.332307,19102468.488990173
1721,-0.2920452350297633,-1.8520622370345758,0.9693646589892367,0.1847210158487895,11967794.259043155,19297625.364491798
1722,-0.32073628402694043,-1.5427362286784954,0.9310224947153564,0.1802603176836751,12090307.174051523,19488286.845473986
1723,-0.35089268013230496,-1.6085373510323506,0.869748942210106,0.17354338276503384,12208146.946426865,19684117.55265825
1724,-0.5667049554102305,-2.3910522633135023,0.756535109496889,0.1689969697614623,12331002.953113463,19888269.232127488
1725,-0.7858530661470131,-1.370877321236043,0.5856418703489998,0.165093778110619,12458588.491391504,20078652.812345114
1726,-1.0795398907138904,-2.2186375350370287,0.41227046555069596,0.16103594524385412,12588917.87899523,20287745.095604412
1727,-4.880151908267582,-1.6183643890419352,0.10993561453150755,0.16342665723123595,12736453.95240443,20485779.82587541
1728,-3724.5503247590304,-2.8173164964984925,-0.10507567434875137,0.16133708809386316,95011685.65329617,20702797.051187415
1729,-22291.635462686878,-1.5986684784007725,0.08206881337781873,0.16806116787627803,2720548510.785639,20898923.963204723
1730,-2721.8495473490357,-1.799245508647055,-0.0649817778806219,0.16572674625555964,71312560.64070456,21109425.73688454
1731,-9.677469073658525,-2.3042257089905633,-0.0745979776410382,0.15783153473458472,13904980.51385143,21326415.4384153
1732,-6428.3283264389365,-1.055179675837755,0.03518108902368639,0.16160679464238634,344868792.18110263,21527547.438402347
1733,-1013.2472135836089,-2.71588052124516,0.1444822968052379,0.14620077689410402,28882867.014565505,21759759.409489885
1734,-55.31746642756326,-1.8653683246984323,-0.11171524646124611,0.14505809749753734,14864222.645941036,21970222.538370904
1735,-1027.1941316628315,-1.619803772381209,0.038343825602831234,0.1400924001373851,33210302.404879358,22187927.20237374
1736,-712.974950151115,-1.076646317453923,0.7981347186256311,0.14063048821001,21011344.259619765,22405198.59562001
1737,-0.2674759819322681,-2.2281382216706613,0.7977869804919776,0.13403017825008312,14937403.073243966,22641002.27616539
1738,-0.3618936915922101,-2.862463506068859,0.7666100147390532,0.12933969117536095,15085727.33786283,22873495.60684226
1739,-0.5718775598564566,-1.8254371391401778,0.68245628655305,0.12071715352070417,15239160.129995609,23092959.33096849
1740,-0.47952219175433874,-2.511342153176009,0.5805501772942951,0.11276390496843064,15394123.166897587,23331392.282277767
1741,-0.9609184509786681,-1.9667739134203222,0.40795725954426354,0.11163363113829691,15546014.060108572,23559438.520282805
1742,-2.224990691790791,-3.779878370270374,0.1465669167367486,0.10222965039171629,15719090.273221668,23813905.903139107
1743,-88.75136247288017,-0.9996710555128304,-0.07873025672582078,0.1030104410836428,16618400.695406597,24025369.78407464
1744,-9675.128074532706,-1.59842823281005,0.4416436885583823,0.09699802141711122,443712133.28730756,24271832.372757375
1745,-4.003796056950521,-2.576112388747217,0.2622599661675373,0.1034397120287778,16419617.889828626,24525157.10046292
1746,-6.862979506710799,-1.7424204341190865,-0.0992434184607659,0.09657707172341715,16607397.130053915,24763058.82860826
1747,-1658.0944833740691,-2.8203269753175264,-0.19193424967895042,0.09730360266432289,42505304.031861484,25021636.38496696
1748,-40127.13549725611,-2.2962936606664495,-0.011195644277614323,0.09578046580972113,7201262259.512889,25266988.91626223
1749,-3847.181321756312,-1.677045100095752,0.6696695302257285,0.0920788084889909,120861493.97306335,25514526.785622448
1750,-0.6971672546492448,-1.7398783684393155,0.7423041513907397,0.08291529090669696,18280741.708934464,25770389.997988556
1751,-0.34094601911801553,-6.552395760206028,0.7539301063135505,0.06085917782231757,18458554.46969714,26078413.26022505
1752,-0.4817486374303423,-4.092799583237136,0.698963735467284,0.06192547643314215,18649110.21275815,26314981.029729705
1753,-0.5746971053906552,-3.8970145514434864,0.5753511563301785,0.062262066549178645,18836547.13168262,26576223.96522876
1754,-0.941663027491458,-2.7704934249434627,0.37192086955241377,0.05982007178600825,19030416.13802732,26831082.304248407
1755,-2.1354976111224007,-2.217474707847262,0.10037364501253819,0.053182756727279505,19226504.822167754,27094354.389493268
1756,-35.8628541559704,-1.961407881550429,-0.12673656780041387,0.04475249876071582,19712978.581400894,27363325.196514264
1757,-8258.35443658247,-3.1332776983824506,0.01192014478703528,0.04466559487338312,515390272.78453666,27649544.715661813
1758,-17946.979519910452,-2.6745112266484257,0.02845399105685435,0.04535840101038174,2294377098.073121,27922981.78250167
1759,-13547.624891369207,-4.864548702810183,0.3801653847936454,0.05534663154615502,1322623180.1796858,28224856.837988347
1760,-4.474916918291022,-4.0426347426797316,0.3982146278792121,0.06694579627067956,21414284.826150194,28500050.49903064
1761,-4.268921740385844,-2.7782109364681395,0.26600097486049606,0.06263128241058055,21632336.723865014,28771257.142164562
1762,-15.035692067155155,-2.0498416989320796,-0.01317735122457749,0.0710442826595637,21942472.222008348,29052955.832634017
1763,-524.398614046519,-2.745080377822456,-0.029263737255489815,0.07650802734099542,28364286.859371047,29350811.66194375
1764,-441.3739137480114,-2.1064589670076903,0.7458079746161796,0.08183435483629344,27515032.767115545,29638334.373027842
1765,-0.31625681055766963,-2.283559713882425,0.7620194501032111,0.08846858344616365,22501877.14938795,29937407.538234025
1766,-0.2713735543529637,-2.1781747298827248,0.7644642823098207,0.08670491736184674,22722616.33777515,30236915.192870416
1767,-0.3134618804830431,-2.251020006803203,0.7347022900902048,0.09615147279533716,22952826.34022234,30539851.543634094
1768,-0.5437675670966743,-1.8332098195498725,0.622036451863315,0.10437389876316762,23187112.152858954,30841943.07690139
1769,-0.47416504358461775,-1.3932855254825878,0.5102871780574345,0.09785698768614373,23417188.852017008,31145730.853160672
1770,-0.8316403263695784,-1.912958860858322,0.33984328674038855,0.09665516484969686,23656326.130051162,31464420.459052306
1771,-3.1470460360404195,-2.0132043408952645,0.023902112036746734,0.0910811498049383,23916063.263152465,31780714.773378287
1772,-500.7744640917154,-1.660314322152204,0.20645814437458493,0.0883487096738045,29320381.04813004,32095584.75643344
1773,-15.629777638378563,-3.0127234955448485,0.7104028133157705,0.08840265312298927,24537305.82343433,32432249.822076168
1774,-0.5220379814293464,-3.523872654860331,0.7578568417446184,0.08752075992434519,24634310.869263697,32763881.86251902
1775,-0.4790242057570624,-2.9555386555560843,0.7428924832402175,0.10236710328039503,24879359.13850259,33085175.68835887
1776,-0.376701073978825,-1.7378703913975428,0.6896295060811608,0.1000765318585795,25127853.288221728,33403528.92529786
1777,-0.6192018040030185,-2.0029298554880013,0.5693197809826271,0.09708360487926807,25382927.542038094,33740927.79414927
1778,-0.7613103568689449,-3.3169643355478833,0.4252659498869184,0.10229315882029132,25636286.18714368,34095508.39690769
1779,-1.3629941374349328,-1.9792050011551108,0.19916215312369953,0.1109759964095956,25901773.797322296,34420656.23874916
1780,-21.4368024596793,-2.5608802787904326,-0.18952988825787864,0.11960139044805677,26367852.303189673,34772943.823137805
1781,-17519.615965307734,-1.8207401456414511,-0.09636418195533647,0.11740471600264152,1706976009.497877,35112118.0187148
1782,-5685.952480333196,-1.6196221486203457,0.43491533998825443,0.12128245050894929,296521416.72774875,35462342.0048873
1783,-0.3738111256260552,-1.8752216282052072,0.42482373208744934,0.12350509456678199,27639469.809255876,35821180.672405876
1784,-0.8684986441693032,-1.9198864755046845,0.2573537449503622,0.13458201802541706,27921925.15936685,36180761.28220281
1785,-1.376781090532128,-1.2450035064629303,0.05241402730803412,0.1365850824632227,28203689.30314007,36534381.28228402
1786,-75.95254726699869,-1.397828132076669,-0.14832772230067498,0.1390963167641112,29322144.529874515,36902880.59739511
1787,-1489.8899141212783,-1.7727846988051583,0.22497418120496546,0.14474844639732,55644272.487181276,37277397.17943786
1788,-0.3044705357455677,-2.6285225666348877,0.19406304494121623,0.156866817709408,29104886.56947714,37662240.24865436
1789,-0.4080137668988882,-1.656157167202746,0.13118308861787178,0.16038758277987178,29401490.9900829,38027334.17833401
1790,-1.893385121058427,-1.1198632443144048,-0.0339543600384407,0.159929795977201,29708054.0221701,38401814.317680284
1791,-53.86724812683262,-1.4821824191741895,-0.09077302943491339,0.16464967558645013,30567552.64804933,38790938.19390362
1792,-21488.492564582484,-1.243842228857383,0.3728440308449681,0.16831086655690783,2939558987.7242594,39177943.6618169
1793,-15.422537955212643,-1.2305789835481864,-0.011467740916190764,0.17429606464517053,31501635.623973735,39569481.45284339
1794,-5306.223950150295,-1.1153022977826148,0.7178388463528853,0.1737989265050117,191613329.7562024,39964695.873104535
1795,-0.7219471329574991,-1.195956723854781,0.8485067848572206,0.1723705531825704,32148851.96305188,40366958.64131107
1796,-0.5790797679829915,-1.4699644484495535,0.9430903540973254,0.17227829440085593,32472916.56766636,40775649.60822676
1797,-0.26682080747894643,-1.4609496949895602,0.9571639858711256,0.16270925418418836,32795527.78943394,41183388.87930101
1798,-0.34493222080976055,-1.6740697661427346,0.9251048117216942,0.16252757126318895,33119852.602393877,41599640.650069185
1799,-0.2960278680553078,-2.1015186485880433,0.8515255860374216,0.1640472225604752,33455998.979481846,42021814.88195013
1800,-0.5476178436457568,-1.4372898358266266,0.7032381249321636,0.16144774350535374,33789704.68599667,42434379.47785681
1801,-0.8444475371499411,-1.5438923509706253,0.4973533277554133,0.15301905221508727,34131958.798982486,42860966.178173155
1802,-3.324084570278116,-1.0700602342946473,0.1558656641831777,0.1525964091299032,34504165.34114735,43284460.73374908
1803,-1457.7752965710513,-1.5517048207080406,0.4712821552531052,0.14878102439707666,59287573.051835895,43724700.31764432
1804,-2.123613911367375,-2.0969811265272846,0.6300901892925762,0.1472287327737936,35242819.09500197,44171417.69888037
1805,-0.9043263980180168,-2.1911798869074723,0.6696525015247162,0.14943333971593847,35581720.83348935,44615144.11355011
1806,-0.9680290355708348,-1.5397188830536208,0.6435391628225637,0.15783646659219247,35943205.80781463,45053381.22652277
1807,-1.1471951085237808,-1.352744383803514,0.5371156451304967,0.15614405277338,36303067.556284405,45501602.150265835
1808,-1.4832554011292483,-3.341611111350232,0.3844214284573461,0.15180928764291698,36675633.071625724,45986685.1354587
1809,-5.13004492683416,-2.338568300384939,0.10165233650353324,0.1404661324623673,37085040.90623027,46432281.689236976
1810,-1211.1490627611693,-1.962893092756175,0.2593452430100131,0.14114653396820584,58274970.95523075,46893875.517308235
1811,-9.822619974205722,-1.2964042964461693,0.5940591257085707,0.14774914119836752,37933256.807408996,47354258.70284205
1812,-0.8720948260945727,-1.4111014142591995,0.6417776331756766,0.1528859355435183,38205346.2699415,47830161.520079054
1813,-0.7988687981920475,-0.9496662439838606,0.6593773497808102,0.1559116381011704,38589732.35329663,48303718.1894688
1814,-1.2370887598677651,-1.8759637093901536,0.6086546288325926,0.15794369711129927,38986191.44325008,48801235.059065185
1815,-1.5129234675042669,-2.196675241370861,0.4756254843770062,0.16841872019910106,39375846.725407355,49295088.47307983
1816,-2.9498858177832306,-2.2082392945913143,0.2458383593349802,0.17182404323218697,39790280.14763941,49789338.83640128
1817,-75.47945098534439,-1.2096559101595095,-0.09464495576336597,0.1728988894635161,41086114.43501783,50274013.77739451
1818,-695.8150705930551,-1.7187617816178171,0.023170187940265135,0.1711139140949174,54520978.498700015,50785232.87862282
1819,-2489.6109083051088,-2.0599198091973,0.6836858020001546,0.16526645542306925,97717748.21862955,51299718.06429582
1820,-1.080139708230597,-1.5425898804424505,0.797591749596104,0.17024131041175927,41518928.73794995,51805889.88284177
1821,-0.5361088960145636,-2.17952099620534,0.841353786144611,0.17544276870636322,41920769.53459191,52335234.1573366
1822,-0.373045352105751,-1.7063624299229105,0.8503760041648284,0.1807371137478949,42349353.679962374,52852279.19741307
1823,-0.41649784248053606,-1.0753216848112763,0.8069566326733734,0.17449035695345352,42773905.501027696,53373139.771019466
1824,-0.47777314395483866,-2.146426483154615,0.7341484523745337,0.17093838554972493,43196621.548935026,53923386.76484245
1825,-0.6859497695386862,-1.5513153018850294,0.6020230681478093,0.17106181008017113,43633015.88002301,54456766.60464109
1826,-1.1795175669391997,-2.3460537282720133,0.4072189265415151,0.15936214561927695,44082890.35821227,55013142.852506496
1827,-3.7187548042733267,-2.1586111593489186,0.10593555611283942,0.15867131745219631,44557636.47962088,55563188.91158244
1828,-1071.433154998522,-0.9970980789350845,0.4306354645833155,0.16407431472460765,62222069.30889022,56101717.017579995
1829,-4.2286937369474575,-2.1181670694325567,0.7286509717564338,0.1593509182125734,45509442.709285036,56681487.930249095
1830,-0.656950169486798,-1.6288265980766887,0.8251283422710872,0.15763843064904215,45914167.03237539,57242177.13962827
1831,-0.37176853526299636,-2.250946145677503,0.8718230469911712,0.15464625380398422,46369132.93025295,57826231.230137765
1832,-0.5355465383192132,-1.623298956574879,0.9002235875144264,0.15927653212167378,46837869.59755533,58395806.79835565
1833,-0.27755777483295946,-1.45096895128859,0.879174984037864,0.15890183731865995,47302575.30296773,58978265.172886565
1834,-0.36659811840388534,-2.283329585278791,0.8260145757407528,0.1520092171774928,47777742.629971385,59582345.767689
1835,-0.4984815933063086,-1.155236294466476,0.7177551754790822,0.15384666346290068,48260580.43888552,60162120.97778528
1836,-0.781961974088537,-1.5690904932617877,0.5590820473303814,0.15632577380815574,48745279.10117354,60771448.121036306
1837,-1.077258077444841,-1.404263448388056,0.36565158237920137,0.1595190966646545,49239966.617318824,61378661.831561305
1838,-4.312079752647151,-1.3184674913422487,0.06437398961312246,0.16288335442792493,49777562.28068982,61991365.101400524
1839,-1205.4984506362002,-1.2147406332461674,-0.02275673998505223,0.16126154163863343,74671209.67097868,62613083.52530642
1840,-1298.8115509835088,-1.3577662557724521,0.6660442007904744,0.15944676997236698,76936225.48408587,63241747.5857472
1841,-0.955805171418163,-2.040994715018016,0.5511187652522581,0.16081534189913438,51376555.08165867,63887992.750451855
1842,-2.512866853327184,-2.3119929058183253,0.3082441251775615,0.1593413957709305,51906209.89931372,64532755.142316304
1843,-26.892466381504157,-1.116469662589413,-0.08130888575775014,0.16176606036750044,52780853.71110667,65159518.84462644
1844,-70712.2852294353,-1.8261004541542523,0.17626887320853524,0.17144892492454336,31235830776.19504,65824717.651206926
1845,-347.0302467125963,-0.9085509251276725,-0.005909079364124128,0.16900038506324852,62904784.40876241,66469725.37110198
1846,-11397.00472429412,-1.800633593732426,-0.06952932039565475,0.16752656576977656,695959082.437301,67150073.28015032
1847,-30649.3034536413,-1.8261371339953887,0.17943996249793015,0.16050242560407826,6463253411.1165285,67824996.31580424
1848,-94.03313239391716,-1.8505468724793028,-0.012442005992627219,0.15873472136111932,61578924.25456466,68503918.52838734
1849,-8324.472711489294,-2.8879776648805686,0.09274338540900638,0.15365425425403428,672490883.9533775,69208205.54672262
1850,-2857.802593034971,-2.368178476635221,0.1759227911664921,0.15571123377305116,130349596.56683065,69893416.28647423
1851,-0.42206540414468036,-1.8848677347761518,0.166278458087473,0.15814426960181405,62546066.211491056,70586585.13382225
1852,-0.5344173348864253,-1.7602450181894567,0.12553543245393015,0.16558638615066062,63187231.88700801,71291189.09460431
1853,-113.85519968953201,-1.343794138788496,0.02572479784632692,0.1654354485257648,65680722.00032025,71999103.68103221
1854,-2841.0776145148084,-0.9334937071877558,0.07846399501812058,0.16593964655456905,152692872.54643947,72714479.33551803
1855,-3148.37169575042,-2.374611180441504,0.6811587833505431,0.1796398604826563,185201396.68498296,73469065.46089669
1856,-0.3511168218427434,-1.1425819541098685,0.6934740409013828,0.17517003913475065,66076599.700319685,74182638.82690148
1857,-0.34487773927472676,-1.0361766637127898,0.6524677513489979,0.1721336453945647,66735094.5572024,74924402.00281577
1858,-0.3415405251535897,-1.4525886102407917,0.6158198752525716,0.17185742797661452,67406880.91293629,75683800.51188721
1859,-0.3163733746275344,-1.9546284283178477,0.5679034271255456,0.17583529465470743,68078476.42906585,76451152.75948232
1860,-0.6026106597279338,-2.4076280673173533,0.4593873645559521,0.17108912666300016,68772269.27857041,77225160.30107392
1861,-1.368856610422187,-1.5163032113307917,0.27139676253080186,0.17693999170067132,69470720.29257087,77984268.05194473
1862,-10.96134679102751,-1.6153330500387313,-0.048524436625714616,0.16834408793289582,70328122.02574809,78767033.85365771
1863,-14872.821400237579,-1.5178253051727453,0.27873228433412867,0.16925415198680738,1617155193.9928815,79555226.6573287
1864,-8.724345637591748,-0.9743101593492576,0.11829874255251152,0.17223185804372712,72517499.3316826,80343179.23291399
1865,-141.4815454853104,-2.2121861538617615,-0.050257885962779775,0.17625257368237524,75625383.50121112,81172552.8179406
1866,-5359.76874071401,-1.561679196169994,0.17872978211760684,0.17365108668055826,299614549.3537338,81972930.04160829
1867,-4.100425951492479,-2.000096991762269,0.25426734171916215,0.16564720739869349,74898547.64837293,82802444.83625644
1868,-4.85284475710823,-2.2297631674266736,0.13325350478179307,0.1691158653689475,75659796.32639869,83637429.77086161
1869,-4.802440650459594,-1.5172449197460667,0.04847350034464662,0.16807990727565061,76425269.61388803,84462174.83871983
1870,-554.1285982980736,-1.3866276932793715,-0.08767090636914092,0.1629302931139359,87161279.9643435,85307145.58106823
1871,-4156.200753535374,-2.8749364739222734,0.5511054730734343,0.17459274639930383,271692757.9734971,86190245.7588333
1872,-1.4601173739331,-1.1786723264201673,0.5493991527069618,0.16885531570398268,78955086.41575557,87021808.91344847
1873,-0.8478297017623325,-1.9067905222928148,0.4982967402774048,0.16782800161087777,79744420.37317602,87907585.20421869
1874,-1.273031810629151,-2.30141007304492,0.4183714222245829,0.16926902451031764,80544018.76671192,88797606.20674048
1875,-1.547905302955402,-1.7538027696888012,0.26827609323705265,0.1710425632564036,81362065.7731977,89676689.24106565
1876,-2.0167420636634827,-2.6867748222298258,0.09715653025652929,0.1663069429501715,82184784.13769914,90593372.92203377
1877,-10.30459306052755,-1.7022547553463958,-0.2154983419437989,0.1671319108928406,83152539.20727085,91482918.65908091
1878,-2522.6949984198623,-3.065076200294184,-0.17531122406257219,0.17789163051633558,157741725.10494822,92426145.45707972
1879,-310.54709768196307,-1.549805427270348,-0.008199840362348703,0.17725264977785452,90469400.804952,93322548.11636917
1880,-7584.472858569101,-1.3675494936514387,0.010106534139545263,0.17549430168971566,707353960.3564402,94255516.19672309
1881,-2660.4778759505534,-1.5724894589365928,-0.002741275172311892,0.1730409820780895,180787949.47240642,95203879.64848295
1882,-1017.0695296317377,-1.808585977517279,0.015004655942207493,0.17181139815908286,112341637.45166077,96163071.42332739
1883,-11483.728990202284,-1.3130612144173288,0.008903219395301835,0.1788468115191841,1200183119.4470303,97117782.98801745
1884,-26304.347732024846,-2.690079483541217,0.11369926020692322,0.17432312640886868,5160983941.237915,98118927.3018858
1885,-9.990239917851234,-1.5431711433843451,0.0868017862393985,0.17769177862088303,93330468.01400091,99079078.90022178
1886,-347.7233175081969,-1.2963547250511833,0.032117920631279384,0.17671037565798942,101402663.21223816,100068033.29316373
1887,-2232.4908878267543,-1.544401054266742,0.41573020567043184,0.18571617374561336,174642532.3551691,101075232.8983399
1888,-2.845923188285477,-1.5671172113452907,0.5442541238791642,0.18663933017043127,96189593.57078037,102089591.77399619
1889,-0.6110127979491592,-1.9439583020883864,0.5672849652707616,0.18036289484785825,97111400.5649421,103120621.23436454
1890,-0.8196812808344835,-1.780614300801307,0.6185319196994702,0.17915508562995755,98086758.72807361,104151844.07284592
1891,-0.42892467219367925,-1.5488851002869979,0.6397642236601025,0.1758116083387566,99062847.80783825,105189936.36237022
1892,-0.26547750324121466,-1.4774442633306133,0.6412915378923166,0.17183767178997214,100051203.96480963,106243995.5403168
1893,-0.2731911930658201,-1.4156154668382113,0.6375682801416158,0.16707977999620272,101056808.7196803,107308251.5332425
1894,-0.27486377627945663,-1.7181516523674218,0.6319880114358799,0.16687263084359935,102069845.05485,108389736.455304
1895,-0.41443830918521146,-1.0347581313436718,0.6014654107995953,0.16663834867524138,103098058.28064713,109462481.17040977
1896,-0.46229792165995504,-1.797090726211206,0.559951106375539,0.16624820527907566,104127489.47689211,110576064.26186503
1897,-0.3605822891939552,-2.358742974990137,0.5308963977388531,0.16759219256292912,105170223.26034519,111696973.71953568
1898,-0.7473079008792722,-1.79865752185871,0.46835769854085374,0.16566364815611542,106235004.5802699,112803360.56246242
1899,-1.638963223837915,-1.3623894787530544,0.3723410211263514,0.17031302773892334,107317472.0723869,113926505.38632001
1900,-3.5422679795243512,-1.5895357344305945,0.23472396798736722,0.16935726699743772,108433027.86941543,115071814.04028395
1901,-39.939943350247574,-1.4500284738395797,-0.01224171078538548,0.17377318179925041,110276820.41763218,116222933.70341936
1902,-41092.040761694836,-2.5308356794707554,0.04541349416166143,0.17116348054801425,13801029996.8702,117410599.86223722
1903,-860.0247601048696,-1.6000875732441768,0.0038020346207476878,0.16813084314178547,145132862.13771182,118568420.79483005
1904,-3575.624032869215,-2.292455398974487,-0.00796503657880089,0.16635763578563897,207350798.035605,119771670.09604341
1905,-1138.6923591709194,-1.4532886936600493,0.04061351701453081,0.16585258605097436,158227794.14909893,120953815.194289
1906,-1731.1976912560372,-1.869688150319235,0.23746421900630846,0.15676060040850395,159912764.64660296,122174615.81578457
1907,-1.8561685815763467,-1.8253104104277236,0.1720228760111462,0.14849610042730718,119809004.63561043,123401939.59742822
1908,-69.52270987652338,-3.7355671400702843,-0.03592782533112643,0.14852457834175062,122494336.14093722,124678636.64277114
1909,-705.2177184052455,-1.742692711769563,0.042092281530503234,0.15260239916591198,142904672.4775039,125886285.07411136
1910,-3173.8163253734883,-2.2058400536676905,-0.04381649403668729,0.15641668501952927,256122120.52527905,127156423.59370911
1911,-18427.073927419522,-1.619311654644148,0.05901441355041962,0.15660248606698784,4618053996.1564665,128420039.0779504
1912,-16688.003116936565,-1.9828913692390135,0.44558613526533647,0.14657206052533767,2515944048.7823052,129713367.79723063
1913,-1.8620220227000437,-2.2391940047746366,0.33574814596378644,0.1551327957524191,130595600.94720025,131022585.17002094
1914,-15.496334018084697,-1.0054205344710727,0.0965073088854696,0.158545858153037,132204379.48990251,132304232.9610181
1915,-6259.200122983126,-1.281411334131371,-0.08494208482671363,0.16550412366909276,516891667.9965643,133639309.91930053
1916,-2467.3841580019484,-2.099409438096305,0.04451154673032009,0.1617860454543346,243451069.88732854,134996477.31997836
1917,-558.675416229204,-3.155633307296003,0.21711038763548937,0.15599912797216736,156350911.58679074,136377319.5600566
1918,-73.11637352347637,-1.5106849335084638,0.2608476618403627,0.1613163208700063,139527279.94739097,137702572.0169262
1919,-4.618351184308989,-2.939364394133995,0.21696782845827947,0.16365348354560266,139503776.0181949,139119722.79016745
1920,-2.651751726128954,-1.9516903562679178,0.13652979643748547,0.164045056584416,140850124.15857828,140488474.11674395
1921,-2.886258887021271,-1.5967112951762814,0.03365147898428154,0.16239800665348672,142268880.90414566,141891193.9446222
1922,-4.236600211667634,-1.9155643995831115,-0.13608947792431056,0.15581584118563022,143720708.61926016,143318812.88339922
1923,-7.692520274550514,-1.262500955492159,-0.34003466792695763,0.1520239340585505,145249282.79178926,144741418.74300253
1924,-276.076997490714,-2.188262388663887,-0.4914946524175526,0.14135389369861232,153359809.40220252,146213722.0261849
1925,-5465.385586488724,-2.321546418333513,0.7846800797959265,0.14257204942703117,393160066.25635153,147684727.08398834
1926,-0.3174339800746048,-1.1680429404585546,0.7941168509342297,0.14366684947878353,149908462.43724793,149135431.69645128
1927,-0.31416749649036557,-1.9103107334716296,0.7954210049369244,0.14561406538905772,151414862.28142014,150650337.30338985
1928,-0.3311501750307533,-2.2289902178268024,0.7779187221840177,0.12910113762523687,152940338.07009032,152165748.7477865
1929,-0.42967151664307274,-2.169002307177761,0.7344323668243002,0.1362543118846293,154481428.6655564,153692412.38739282
1930,-0.41470669300767216,-3.0930341430578703,0.676382777653181,0.13936476409956633,156014626.09599322,155254089.52985173
1931,-0.6573715192862704,-2.3572651849053217,0.5684196267343544,0.13781807613578667,157592976.6793723,156793408.9311147
1932,-0.8676168626665552,-2.3739970115641555,0.4303438557055581,0.13309484827053797,159178845.68411538,158364137.5341641
1933,-2.5225549427148763,-3.530492739805753,0.2241934857816024,0.1183655547808294,160819919.14577556,159982411.61432177
1934,-54.560325979635415,-4.8725001269556705,-0.01958245231914293,0.09829157112651178,163776081.6001468,161618225.0935164
1935,-1309.3827677940246,-3.6757317615146876,0.03425257269754133,0.08792301694248868,206776848.32357,163213639.76254958
1936,-30888.82430346198,-2.9030593029612297,-0.04562746389102401,0.08515389045777354,6935269078.128193,164823772.3599828
1937,-17870.901210910102,-2.0926064605752788,0.00901755078560006,0.08172189205564141,3552471210.6750937,166459360.65718374
1938,-15244.171463454099,-1.5811913605858468,-0.005704737236725372,0.0900294043724138,2312874664.032612,168111239.64682224
1939,-21731.45075314979,-1.568219958443202,0.04913378006608156,0.08722442206813799,4347892865.602383,169796827.29097313
1940,-16560.598529710463,-2.209219375770542,0.5681510661002075,0.08797145231615179,2600807979.4955616,171515832.39055362
1941,-0.7633043017551033,-3.122139989474657,0.6379257519005128,0.0849238695246357,183531349.1625841,173262789.4043399
1942,-0.5657804604958601,-3.2147742527748835,0.6968314584853261,0.08902941291914022,185374568.93501586,174998894.19065008
1943,-0.3674474790791298,-1.133797274295275,0.7027156214254965,0.08821963061329503,187217321.15259436,176700500.597151
1944,-0.3162219979956481,-2.766461695935448,0.722088442667815,0.09412870876718372,189091630.2848098,178513653.46341407
1945,-0.3155527108967908,-1.506054321579264,0.7034928248877913,0.09257292570599397,190987414.85467386,180269767.53767177
1946,-0.3831966096421851,-3.3814982869011376,0.6592571421388523,0.08998607587190227,192906683.84225067,182124472.04922068
1947,-0.5294658411591627,-3.567894023188976,0.594278849567715,0.09627600156898858,194849170.00518793,183958044.62568533
1948,-0.9695071074655841,-1.5807159495022776,0.49464226945615386,0.10072210470982794,196812639.11880064,185747213.7783066
1949,-0.7072746827210953,-3.331471247751614,0.43038049067094425,0.10230337973748335,198779126.80433214,187660269.56627178
1950,-4.452181727574933,-2.033692559752875,0.26484585144378464,0.10790829052494173,200873204.27681074,189502607.203899
1951,-69.63928585171242,-2.451296655764367,0.021190686275297063,0.11018455515471462,204645176.84007117,191417601.44067705
1952,-4506.60974624887,-2.1237015393918326,0.3548160293548117,0.10529709094879619,541907990.2040904,193322970.0485058
1953,-13.262187959867246,-2.5876632258524452,0.49697652543034826,0.09997092591096544,207724874.1847271,195278599.06239703
1954,-2.7724971533426856,-2.363892524479865,0.5404241478004388,0.10675752479567631,209498594.21442378,197225489.46839187
1955,-1.8524954131633908,-4.037376285726354,0.5642644165446943,0.0916241857035038,211577011.20934278,199255069.264887
1956,-0.8353478127428127,-3.447712425022068,0.5722464758972712,0.10631124457641776,213664541.39883143,201230061.44643128
1957,-0.9488611512561964,-2.3233055616831746,0.5705290569621696,0.10407328086058332,215815363.27555192,203220481.36749086
1958,-1.3846705459605415,-4.488704000514637,0.5648848893306769,0.1040808656159285,217984843.36368877,205314163.8546112
1959,-1.0579571193615434,-2.12347482277989,0.5407740029816465,0.10954659565779504,220160858.60560533,207307510.41843382
1960,-0.9978018922401194,-3.90209840949276,0.5103075688223832,0.10534534584880183,222369092.56397453,209435512.51289028
1961,-1.1923452065196987,-3.5495947811672406,0.4985275441191928,0.09507041942876043,224606453.05275542,211528476.31075716
1962,-1.428393327588573,-3.211857156650972,0.49030429240108503,0.10458658022731257,226860506.68308258,213635606.44682086
1963,-1.2221531428163912,-1.251938014662056,0.465413106835244,0.10403017870881416,229127548.25209802,215720262.36705285
1964,-0.9746291395297585,-3.3874833340561636,0.4363401456070592,0.10608524719167683,231415895.48505524,217946186.62938392
1965,-1.489246203932736,-3.5110106697738512,0.3821974188946479,0.11045586384523637,233756653.80568835,220140037.72114962
1966,-1.637252802556477,-2.544800014906456,0.3251899221757861,0.11667400667629023,236101685.97021174,222311504.08909884
1967,-1.5295046473226648,-4.407522087536748,0.25597741554045594,0.09967090250770437,238467789.34050232,224602127.1390987
1968,-1.8601980972395595,-3.3757172864339164,0.19012521759306375,0.10882059517423066,240865862.79373384,226816378.68633518
1969,-3.365857923970516,-2.7260849781274294,0.12573984332905996,0.11610689354475445,243326783.01692155,229076737.08360267
1970,-3.2809795882107626,-2.421931860900715,0.050129528213976045,0.11373528565993067,245773598.76210606,231358965.085607
1971,-4.947547763180246,-3.8159581448933366,-0.009407706603785322,0.1231230268457741,248280075.19081753,233722068.52001733
1972,-6.03250917355824,-1.9559763979483937,-0.0696252661494611,0.12895958059762466,250807885.1516893,236006451.13460815
1973,-11.335905021121668,-3.287947189817177,-0.13726661745204288,0.12612733987809038,253483019.88145694,238419001.2967235
1974,-24.337355535614243,-2.043992081410899,-0.24944942857623817,0.12506272567888144,256454339.53900853,240765060.58905542
1975,-95.29784819245624,-2.2586174536831805,-0.5259003056422811,0.12004198066942173,261288225.21457186,243190274.39475545
1976,-3792.966007476406,-2.011808873612268,0.271470923144863,0.1237097104980281,470064764.86123085,245616394.31860846
1977,-90.4090935782153,-1.8731899334044042,0.03625498508463817,0.13510942275256374,267072306.33478618,248076811.3133516
1978,-2301.0709057810927,-1.0434885182438787,0.31711435042789515,0.13390314689861926,351483254.82915705,250534878.76922825
1979,-15.820857036193164,-1.9870251193548054,0.2992413659426483,0.1396572650742372,269951995.10997385,253080034.64133137
1980,-30.88456645882635,-1.6008386088182855,0.3071634505695422,0.14395286040539473,273084948.3137809,255601819.65189523
1981,-20.572549223525225,-2.9835468323473395,0.3614505346690397,0.1613130428485059,275544118.1315969,258212745.66139853
1982,-9.887864331003566,-1.3173793597804482,0.4082248469487116,0.1617058109245702,277931379.18147516,260743401.8106886
1983,-6.374343554109134,-2.1142514432547532,0.475392350962862,0.15872737024153039,280601717.9151666,263387284.82572863
1984,-3.3367594347352836,-2.375628340882657,0.5435677047753545,0.16189522599036563,283314955.8211784,266032268.19631675
1985,-2.7850720278401804,-1.6528577155453676,0.5836289778809475,0.16984343668599372,286133744.1647656,268677585.7704266
1986,-1.2263795094874725,-2.2864603835412125,0.6098400432344004,0.1639848600223508,288948469.0779757,271389573.6515028
1987,-1.0352430510856712,-2.549884548263406,0.631860871095529,0.1710948462193598,291841999.41400677,274123700.0340691
1988,-1.0022283175999132,-1.3030215771547695,0.6333703563934077,0.1681169478692045,294763053.2641682,276826895.992774
1989,-1.6543224537126433,-2.3717813125701537,0.6306170582622229,0.17522112526641923,297740928.12198436,279639987.3416091
1990,-0.9108222598126566,-1.656481563797851,0.6272733941580334,0.17558502772766504,300700912.265579,282415939.4207738
1991,-0.9805374622047779,-2.2792223480549785,0.613960094359853,0.1672232667547057,303718036.0248662,285271331.11387163
1992,-1.7880480147257838,-2.260327197998431,0.5952635494522038,0.15824994248499044,306791827.8085316,288128240.6318945
1993,-1.2334457426927585,-2.410729265103969,0.5745320215921773,0.1704496969500104,309846090.93269324,291025063.0340709
1994,-1.8869630083127185,-2.1584664924179395,0.5442920923123892,0.1765303295832996,312975588.45126987,293931669.6733977
1995,-1.854342123018264,-1.9316332665452538,0.5095667705860046,0.18401495874700766,316114155.72643894,296871928.6640089
1996,-3.2865534264110567,-1.5473539925086923,0.4985371083039063,0.1760903132733808,319332728.586787,299832363.2010706
1997,-1.688608731654571,-1.8464386543948825,0.49142734262722415,0.18621019708927786,322476855.8986307,302850723.1125589
1998,-2.259738524349903,-2.389368284955979,0.4832897945317643,0.17399163178176447,325731812.5550844,305903024.31259143
1999,-2.895692572015073,-1.9006204520350263,0.5042529105470082,0.1761916154183334,329017852.1299022,308954112.4471086
2000,-1.9042987305838637,-2.549173193170026,0.5186856996404542,0.17733203984670112,332279747.36114234,312072346.4132646
2001,-1.582918306090015,-2.10619393492396,0.5207119102861412,0.1780171381799944,335597796.9513939,315184288.4178897
2002,-1.9646666467890446,-1.8190613993269298,0.49899861019997144,0.18162969236626958,338980038.7069047,318334494.061618
2003,-2.0661749198687303,-1.5408418960356556,0.46055324436838213,0.18829701986703876,342380150.1591991,321517549.86675847
2004,-2.8957932529263015,-2.6057900037574964,0.4177194910402108,0.19873317065201493,345848265.0932417,324778492.5974442
2005,-2.6421611168920394,-1.7827153158089832,0.3991156675442205,0.19818116846915262,349300329.94700515,328007733.46182567
2006,-1.741412423096618,-1.7251181958211081,0.391595620461494,0.19875858498266366,352772293.2187034,331291446.8802683
2007,-2.051810128823451,-1.3026441932804185,0.38480630644742697,0.20161121542458668,356310923.4349246,334597537.0033728
2008,-2.1988597156856926,-2.0862343506249186,0.3480806787487526,0.2011211533272129,359894337.6285521,337979802.2720781
2009,-1.3092536901745138,-2.616803379908166,0.2878505149448401,0.20845848427161595,363468212.97341126,341388540.907825
2010,-3.774577256906855,-1.6903918845164112,0.13838823024398744,0.20112970918464448,367213830.6781661,344774896.48300797
2011,-6.518735886887323,-3.074076965089496,-0.023892068869820492,0.1966569888118999,370996094.2045588,348286610.95150787
2012,-22.98592360432302,-1.480774223435506,-0.1834484508021097,0.1979532866937415,375347921.0620799,351716612.9603688
2013,-2879.0248809557033,-1.859384861332159,0.5986735972357167,0.19088771232029253,544343450.2761524,355259445.149805
2014,-1.7093712954964444,-1.3042573917321323,0.6878481725076071,0.18684643779204752,382452299.5321793,358796445.69767874
2015,-1.0057906017881975,-2.199448196875704,0.7502964173854488,0.19926083749288964,386264913.14821047,362427432.6056608
2016,-0.6733536243101373,-1.6356627180524264,0.7901045581451969,0.1988170108633348,390115947.89977425,366040614.9439498
2017,-0.7401133947278796,-0.7371785493770923,0.8332260888397048,0.200526874303698,394030667.12577295,369675418.33773553
2018,-0.5237675847865702,-1.312429263928645,0.8741827724387228,0.2031182100181996,397967870.6599089,373403010.1766104
2019,-0.4331054483333861,-0.8521674466947773,0.9058629617867674,0.20249637852341287,401966708.80124396,377128324.34908307
2020,-0.394730793214645,-0.8187441367110906,0.9227251246003636,0.19793877023455717,405981095.4096847,380907731.37241876
2021,-0.333931229461047,-0.9390734272560148,0.9323726861848541,0.20103392512178261,410048400.2873338,384732395.4977787
2022,-0.33569790273438416,-1.9762247809446172,0.9163312143891568,0.18907465302040957,414162455.3667202,388628318.99305564
2023,-0.4092147102090676,-1.592216530986178,0.8729610212557335,0.18610974821170254,418326658.09629333,392511965.7243692
2024,-0.45066198061547175,-1.6107233261353504,0.7992961442461303,0.19037240328121108,422529101.72318727,396444240.6677187
2025,-0.5789597279671325,-1.2937284762908128,0.7107575195179187,0.1901756410321314,426764020.3741739,400408848.23739827
2026,-0.7126328471547961,-0.6499382968660491,0.6174445549522265,0.19187969006742073,431042772.79847246,404395753.5039343
2027,-1.165256010906925,-1.6389614990586931,0.49672128270038435,0.18846309084597793,435388150.01072186,408490244.5308639
2028,-5.08175807741192,-1.681118990907779,0.24357675840277587,0.18846455540388007,439901238.6473738,412586726.3174282
2029,-66.4765494834894,-1.531839966165025,-0.004738404799993623,0.19098452383543116,446781719.226994,416716425.34503067
2030,-46241.41487106951,-1.8121098820277541,0.008297526796015465,0.19249270031844679,21756601831.369892,420907555.81080234
2031,-7354.69176794533,-1.2487684964784411,0.06554259837443546,0.19227488719583796,1100232333.4029663,425104176.34443057
2032,-5438.363718390037,-0.8949405372447686,0.0653696596343765,0.19286589453210523,895559779.9458044,429348226.28889984
2033,-17.004081731802973,-1.5068055185655675,0.010559817322851633,0.1976574531888404,471915580.6431155,433679160.3649953
2034,-240.90096561757179,-1.1103713446013235,0.0006303686456990937,0.20216194582707772,486601572.1956942,438011122.7775311
2035,-2514.0057304198376,-0.7163152737688653,0.3014658394632839,0.19976298077778004,614609938.2858754,442383697.6812535
2036,-1.3184734035530363,-1.0254607898156392,0.4289157505639331,0.20350383146734263,485879610.365897,446834002.02109426
2037,-0.4708011146672344,-1.3013059166718908,0.3861209135539869,0.2024252875481264,490717509.7854417,451326586.9422429
2038,-1.6443333608178874,-2.1362881875514885,0.26720160912920865,0.21003178401304884,495665331.24770117,455885863.9367496
2039,-1.6516738417099759,-1.9046281350355032,0.18094237241698663,0.19938214010017477,500645328.40979236,460446387.7117697
2040,-31.743372804639172,-1.0821213490969235,-0.01425844414508951,0.20110781666924918,507142623.9027601,465025313.09614193
2041,-10840.01535392037,-1.2418147125599557,0.1678112994621892,0.20347792838867423,1453699600.5579867,469696614.28739035
2042,-759.9514237034534,-1.5077506484219731,0.2894158572698279,0.20220825035523013,549230385.0462471,474414555.0130677
2043,-41.678431930109134,-1.2791787038995321,0.7905411682120951,0.2071991143267543,524314561.13900054,479161823.9659948
2044,-0.3883771174436061,-1.2285662430606115,0.8278122171917636,0.20309970555031762,527614167.9765815,483961155.58580846
2045,-0.38515106720320913,-1.2239961319144619,0.8615675733788104,0.20388450657483517,532905963.68322444,488815032.6105081
2046,-0.3301432715204714,-0.9671522516982045,0.8814869565272104,0.20609292834904197,538239003.2313333,493701890.71034396
2047,-0.3987522208801198,-1.8215188318474658,0.9055051802931444,0.19938948168334153,543633256.0234429,498690820.27304256
2048,-0.2640411372961411,-1.1409262596765877,0.9156143762500515,0.19662494987639806,549070829.3377326,503659040.6557836
2049,-0.34673109229162735,-1.6032577556372103,0.898048666828687,0.19351355205302614,554591271.1804994,508729359.9956489
2050,-0.3597631911196542,-2.8955718812617035,0.8170847329538622,0.19180522390952254,560152787.0073136,513888133.86232466
2051,-0.5442608225089859,-2.0164942361658476,0.708006064980678,0.20062408947266255,565795325.5970292,519001844.5760377
2052,-0.850172086648997,-1.0370451041857904,0.5679550859035549,0.2006462471630407,571458199.0445416,524156237.77074665
2053,-1.7093408719660348,-1.6077259950305733,0.3682773787082504,0.2002140682576753,577212347.5175098,529437379.3103203
2054,-8.251490217315938,-1.6814926055271366,0.02581469950335304,0.19410132118506376,583343777.6974041,534749319.33432066
2055,-41558.388099425276,-1.3619946866101156,0.036832351802394976,0.2002385067078838,15561647087.166454,540097902.9420178
2056,-842.3162278512502,-1.3627584795086976,-0.012980927203612047,0.19819823945295542,647487762.8882842,545511254.8983024
2057,-5529.895829483835,-1.420228243254466,0.007984712626054125,0.1896009358727739,1201417515.492118,550981096.5977165
2058,-94854.9456916688,-1.8806489619381028,0.9110390126836201,0.2012134152117335,67378032896.19302,556527520.2259815
2059,-0.39656879550178814,-1.3987983006422755,0.8698231455668816,0.19468539425059653,636085875.3854172,562084518.9684228
2060,-0.41119963319146224,-2.701682110728125,0.7319686132939847,0.20270397807171234,642514196.8412846,567778708.9700298
2061,-0.6340145286518456,-1.0107649591848402,0.5394859221278829,0.1991248498638551,648954032.8095704,573391260.9085397
2062,-2.4123449763995057,-1.7423475597996276,0.18991998987244021,0.1977975189957519,655510679.8378062,579173853.9235603
2063,-479.7899673876797,-1.8079971492301834,0.3887958733466407,0.1900526068079414,689611276.6246607,584986940.4317747
2064,-5.752518050496948,-0.8599093897889968,0.8626947553602076,0.19144752804085102,669040456.7191937,590800903.4676412
2065,-0.42036302079427,-1.9206613860935966,0.935448879415543,0.202925948989564,675439375.4101377,596779934.3292009
2066,-0.3507100284132148,-1.720704498239575,0.9181030623060312,0.20193815151652264,682189996.9377706,602751141.7846099
2067,-0.37684226019085626,-1.8790447337626257,0.8132173489562085,0.20055033703394276,689056425.5971558,608803251.1637033
2068,-0.4441896860437085,-1.0628981199943381,0.6477776371145629,0.19864085278100663,695934627.1325914,614860205.9503539
2069,-1.042055924312988,-0.8024979757084689,0.36510041947058575,0.19812717259334517,702966759.9209183,621013067.6588748
2070,-9.607771025548002,-1.474483927707739,-0.010649709329238862,0.2005537253113994,710472160.215118,627273560.3680122
2071,-4874.890165711011,-2.126998511690253,0.11634075312155559,0.20506067544004586,1162259335.293578,633598220.5756891
2072,-692.9043396189891,-1.279985299213336,0.20030173602032614,0.20108192522924814,761650144.199871,639903429.6601341
2073,-24.005345624514607,-1.7183917815633574,0.7330785508475771,0.20166010910551682,733757227.5098743,646343801.5768055
2074,-0.3336764340725937,-1.284377833515841,0.7203871500798029,0.19753546090138308,739861462.972013,652800069.7578208
2075,-0.36017479213150055,-2.1929397407989635,0.6187502432720077,0.19679323348432892,747297516.0815437,659394387.1848474
2076,-0.6697757868838523,-1.3192087748405716,0.3617521786077196,0.19946271391869091,754799409.49108,665952670.3954246
2077,-1.832537717777402,-2.181428074239781,0.004363042802128919,0.19818905441401688,762382746.9950039,672677760.9242642
2078,-473.20768298651694,-1.938916396860694,0.2876510946793539,0.20402913230983175,795051007.3396466,679406305.5822033
2079,-2.8020713378387954,-1.4566126923934808,0.681447466442427,0.2039335469886333,777901249.6863341,686195794.6820493
2080,-0.5763648268960427,-2.0498985748587564,0.7097319392171582,0.2004961575692799,785631346.4230394,693102899.2646655
2081,-0.557519773952006,-1.8155609922611284,0.6066645741505293,0.2059667317804425,793446614.8806442,700043263.2624279
2082,-1.0502775379392562,-1.0319989803733678,0.2953655886103639,0.20668600966521247,801417859.8845872,707017177.3349541
2083,-5.128559606948828,-1.1337697903141393,-0.10994790625163595,0.2106275152537089,809787716.9659383,714110709.3364767
2084,-10997.42067770776,-1.3274798390441507,0.2462724763609642,0.2033025504452584,2425391905.442916,721278225.2416656
2085,-11.08435832703993,-2.0160260391168077,-0.10358811477553546,0.21119576515659227,828503701.4449941,728548715.6081454
2086,-10414.704534019182,-1.5430643136204212,0.13950928277937502,0.20885622355463193,2422846484.473058,735825019.6908866
2087,-54.65035687088637,-0.6542916770502996,0.27159751998282455,0.21251477880770217,850233937.0587721,743150562.300469
2088,-2.835206727088875,-1.378428865669552,-0.19787492827696976,0.20716559592484496,855508710.4419373,750644922.9521769
2089,-9360.105940277763,-2.031557569111013,0.4525418511939424,0.21553583377518104,1560868521.151698,758206439.2819803
2090,-1.119142055864385,-1.4184407493196232,0.6686736285188951,0.2169914377714452,874067867.4212104,765771270.3722453
2091,-0.5219208440031502,-1.4428775963813119,0.42029154779863026,0.22068786667807966,882791774.5833457,773452930.9540932
2092,-0.7640980791434852,-1.5498311140849774,0.03411460458175569,0.22333853597935677,891682482.8419037,781209629.1799934
2093,-28.131176266380265,-1.1345799215387617,-0.10755984366460765,0.2240143183056419,902197134.4270662,789020405.9848312
2094,-363.8227403439279,-1.0436302421848485,0.6582862054431292,0.22188841893924074,934201926.5474285,796924078.4333873
2095,-0.45937330142549887,-0.7892102600869283,0.4592045067535505,0.2253382848820569,918757422.5694265,804895008.1582952
2096,-0.9761044172454751,-1.5145392956913661,0.057694809529377986,0.21923250635864386,928046921.7163054,813005974.1046319
2097,-18.309491745146538,-1.3007205256839218,-0.23694936429400829,0.2160395727440515,938412632.7652465,821148486.0264884
2098,-5217.443106624625,-1.9026706085814886,0.5750736195412882,0.2195901439934809,1437153809.0817502,829415481.0532504
2099,-1.491447037084179,-1.6844901431781922,0.35483186553850804,0.20909240712681468,957349971.4210888,837715917.3111724
2100,-2.987548201812721,-1.5330325318937608,-0.1119937927087859,0.21106953113021362,967056269.8125741,846103194.4841323
2101,-4098.313461346546,-1.442448814020275,0.7392550943131317,0.20407799056019804,1281178506.0811965,854584231.1299242
2102,-0.4284289543613145,-1.7551451641897033,0.8431199636548025,0.20904086267128422,987146786.7409663,863165780.7516252
2103,-0.3054996501877114,-1.655137240902584,0.8663243412522409,0.20336876107656196,996966193.4941595,871814256.7652037
2104,-0.36799022111690727,-2.0181604546093683,0.7824714190232711,0.20827220529604787,1007034441.7350954,880573297.3246881
2105,-0.46460237694790885,-1.5226041602308478,0.6092527319511711,0.206919865450562,1017156115.3705249,889375889.534571
2106,-1.168636956763379,-1.8598686579669288,0.28107485404829285,0.21675285719995838,1027352963.9061353,898310517.9666749
2107,-31.22288404761083,-1.1527215943708258,0.05610638442608904,0.2143087583755811,1039602854.3767546,907273886.7229526
2108,-5298.266009148065,-1.3872867929513888,0.7451125305651456,0.22143359131846346,1530188354.223921,916380456.9406457
2109,-0.5767185757303238,-0.9978686315999785,0.6581356611605541,0.22168305504704386,1059670796.3964908,925546257.301782
2110,-0.8299273977623487,-0.8816447158405674,0.4750516645234007,0.22541099073121215,1070265439.6413624,934814581.2244763
2111,-1.2918491124271603,-1.1529647277844546,0.2024686660720471,0.2225939157569433,1080997643.3366773,944207682.6811594
2112,-17.80846777034847,-0.4783225367930844,-0.12578332234984213,0.22423520251325024,1092937265.5182257,953629665.7646806
2113,-18250.183303971564,-1.3562973584743154,0.038482674877399176,0.22324643332422445,4369340366.593489,963247021.7063564
2114,-257.99688986360445,-1.186947769465443,0.0038903830988727063,0.22060917551243797,1134387363.705409,972891615.5632446
2115,-12505.30519641491,-1.1889513940532572,0.6562901626961294,0.2190778936647763,3573479551.3347178,982647865.1218512
2116,-0.6331544341157879,-1.6240461725667648,0.7071414456277276,0.21136630223480338,1143373400.140225,992520059.1825503
2117,-0.6471599676463591,-1.9532786047795185,0.5993142156746589,0.21596668576971867,1154888025.2001984,1002495226.5071213
2118,-0.9301783612154081,-1.851222412919112,0.3626855478020068,0.21350716236079598,1166417663.9606934,1012535569.3170208
2119,-3.9226337024298075,-1.6460588295442944,0.0031312167118009555,0.21796191621211694,1178332372.648373,1022676327.1779116
2120,-1806.3035633058591,-1.3823575856231443,0.5243177234604437,0.2140454383890761,1313559790.695052,1032909220.889419
2121,-0.8513905108808169,-0.8673413543937961,0.7267796886815265,0.2104072169842516,1202212789.5448205,1043232097.9251618
2122,-0.3829496920310975,-1.632583847955069,0.8000520946871846,0.21583663288713845,1214255159.6015813,1053739450.0942116
2123,-0.2501099732768863,-0.6791949950191689,0.7777624058617498,0.22019322266362626,1226433180.9083736,1064241319.589084
2124,-0.2854702179648657,-1.2699353437221166,0.7308314648219361,0.2165739419826559,1238708412.085652,1074948080.3215117
2125,-0.3885883011717813,-0.9638664946336808,0.6359939960526283,0.22149804307308793,1251096068.8367212,1085707069.9457846
2126,-0.6851456758062814,-1.0438979254976934,0.4488782957018081,0.2168953056068334,1263642090.6650467,1096593416.7119172
2127,-1.529885479698633,-1.4893127437257325,0.1453744335462021,0.21569713326921158,1276412571.8563173,1107622781.8719916
2128,-67.6371303598439,-1.7361623474350263,0.026078892820787722,0.20420310216060533,1293821155.1219027,1118741812.513018
2129,-1919.5569798390932,-1.0618223573928016,0.6989224224770887,0.20690810928996656,1453736231.3473985,1129907482.7808309
2130,-0.7735675388233137,-1.3741411622108846,0.6313463503352306,0.19840867976191856,1315595270.8644924,1141258113.4030156
2131,-0.593386880392019,-1.5591815502369404,0.5305426970582644,0.2016867174323999,1328794591.311491,1152715785.2136738
2132,-0.6469329753701729,-1.0264320575606953,0.409914543061018,0.19872998339596834,1342095954.5265384,1164229788.543409
2133,-1.1001763078034912,-1.6531248581387967,0.2581187965538921,0.1951153633864437,1355577166.4656389,1175945280.8267615
2134,-2.911224281206115,-1.3558775059752797,-0.05767130146572518,0.19631637679549918,1369301589.7211936,1187710281.4580338
2135,-24.743539487056374,-1.1746534168544123,-0.26612004667414035,0.20171239828596582,1384836853.4854221,1199609436.9247248
2136,-71416.95813526015,-1.1539718812072348,0.8613096161763518,0.20132856453034362,19637561401.956123,1211630407.6602447
2137,-0.5145938422793613,-1.3641592628199528,0.8378619204775074,0.20356212391631195,1421917974.1271,1223795250.1820514
2138,-0.48030115395223916,-1.3199460608414086,0.808861261322725,0.20719841461033928,1436167916.8477347,1236060468.122724
2139,-0.4838333497001594,-1.2449872765138799,0.743628205555318,0.19875135914430592,1450565656.8686342,1248446765.4144065
2140,-0.6881668874241125,-1.164024993277762,0.593805722965225,0.20164820306409634,1465104494.9759667,1260952694.9764512
2141,-1.677398888272986,-1.1226152352932655,0.2816564975337953,0.1972919457565194,1479922555.370378,1273598010.868263
2142,-42.38294171159822,-1.3143846300112279,0.0065397682467056234,0.19599138275634415,1497695086.7975948,1286371790.8324533
2143,-5108.454833048586,-1.1343938954826656,0.1699720696625405,0.19789637464449922,2161943788.1688905,1299261732.1156774
2144,-165.7503922791739,-1.039517756193827,-0.11671324020149323,0.20409308353443534,1538162413.9294214,1312273482.8779583
2145,-5732.344417054245,-1.150787406955062,-0.022331112166342208,0.204575643180379,2272953516.333505,1325438956.3638859
2146,-1.2486640165224292,-1.135120172085179,-0.19202689821741686,0.20953974809034787,1558688355.0289838,1338723207.5789526
2147,-1030.3089824332535,-0.8900441617769711,-0.005860306715711301,0.21352031547136896,1665071041.1899445,1352130096.1904721
2148,-9997.18692298426,-1.0978857314491934,0.2372937292785422,0.21305651580459387,2718596788.746774,1365700608.822733
2149,-17.969103391748156,-1.2019976859634949,-0.22077165178821287,0.21439931289522557,1609925028.5794702,1379398922.6829383
2150,-15315.942961804214,-1.0239162329342062,0.25873914263800263,0.21801750166403588,4495205895.6951,1393213710.627214
2151,-5.070804384292654,-1.0754310636702573,-0.16354439711217023,0.2205853921144013,1645235825.7730074,1407184901.5219934
2152,-23896.292234781376,-0.9438670509302622,0.02353384151158428,0.2203667712598684,6961281368.586294,1421280043.5811841
2153,-2943.445712269748,-0.8466004287828113,-0.0360355383119997,0.21935627466823063,2000252751.4935834,1435525787.1679995
2154,-970.6141591790011,-1.2350879205717473,0.4802720709113366,0.21768371759590294,1783534728.765109,1449945694.1904168
2155,-2.2975978966454784,-1.2075732103658001,0.6536362605253591,0.21577919672328186,1719313877.200509,1464478998.7701368
2156,-0.48702815925531695,-1.2143451803136753,0.5929981567864546,0.21408261610216445,1736376773.0889058,1479162721.3251028
2157,-0.5602981641614668,-1.5360346241714233,0.38686059535358286,0.20793044471699323,1753817525.643297,1494017790.9220674
2158,-1.0544831160969868,-1.195315490028124,0.05143019872837234,0.2049537936200368,1771353974.9000227,1508965938.3377137
2159,-5.355367148981912,-1.6544035088854327,-0.2767418876224546,0.19546004393173874,1789523188.5203629,1524132030.2555299
2160,-50116.774666595986,-1.0226359705352626,0.40605522397969646,0.19540469173935246,19799884025.637707,1539361666.5681493
2161,-2.3652855945796825,-1.582703652736553,0.11482488426209336,0.1983779831904068,1837768704.5018208,1554838516.3429089
2162,-117.86410390382844,-1.1686478034067147,0.007590964174261094,0.1954730797095893,1865015724.5800607,1570387849.4718244
2163,-955.830833123271,-2.0887874011855128,0.8262459919659566,0.2022126000714557,1966943130.721346,1586208282.8931332
2164,-0.41066299232162745,-2.243218507237158,0.6654858121326213,0.19830368830758732,1893711581.0331113,1602120841.1855235
2165,-0.696864665658736,-1.662599061241765,0.37423492924658663,0.19424898349294173,1912699076.3451476,1618132986.1428034
2166,-4.500890988939145,-2.097282031697511,-0.049968182796471416,0.1976944111489256,1932256729.4699316,1634392620.6183805
2167,-1530.8251993257302,-1.2429943794205796,0.4627142808788652,0.19512257112510034,2107902632.5626128,1650707108.3683977
2168,-1.0006868808795604,-1.3000526564100199,0.6615932680051309,0.19785692307797467,1971278847.5508933,1667257563.0260603
2169,-0.3149666793787332,-1.6155259433129057,0.6152231823872228,0.19422022708158657,1991121304.292096,1684001091.8460555
2170,-0.5506467855895246,-1.189535917597074,0.40462585585447064,0.19929804848280255,2010973093.4882183,1700847546.294038
2171,-0.8006417452617346,-1.0231227970799002,0.16549623351352782,0.19477551921496994,2031230880.5713198,1717886142.2519143
2172,-4.972440138994458,-1.955405133866803,-0.16305669405377862,0.1986324421698483,2051934699.354908,1735185114.2439065
2173,-1917.4002503637844,-1.054785395809403,0.14071291340719644,0.1987869676291296,2300638291.0866423,1752503562.4714537
2174,-33.31504780793857,-1.0276829703647765,0.4986213775169683,0.20210980577834373,2096490819.7466292,1770067235.535531
2175,-1.5328752486610655,-1.0492419717377754,0.36867666751709355,0.1990939366576676,2114588521.883036,1787818723.3340445
2176,-2.502758697549609,-1.6189998042867306,0.0729940010127585,0.2074988930625278,2135824199.827193,1805786037.0145795
2177,-37.70581713748461,-1.4482443677307895,-0.06518180994540679,0.20789933415061537,2160720107.2376156,1823876269.246357
2178,-7297.018313665503,-1.0404399538890687,0.5004231213769637,0.21085616052893874,2943615532.0630364,1842127053.2774553
2179,-2.790808906625076,-0.880092688396886,0.20681357700513253,0.2110122883485584,2202659170.000959,1860581250.2092326
2180,-51.85553250953659,-1.2159909884318596,-0.07070256093648322,0.2061103089701301,2228940644.9347625,1879259836.7024727
2181,-7311.645452647266,-1.1451273725771487,0.6292766773083346,0.20888833335720672,3395449657.863335,1898098617.906687
2182,-0.7298340623054304,-0.8883914065461558,0.4228986345119518,0.2066397119154838,2271859139.7864723,1917099290.4053638
2183,-1.57602745191676,-1.2334781921324756,0.027450340961837308,0.2070032368666994,2294836397.4558573,1936355746.153373
2184,-640.6009089365186,-1.8101115460725552,0.5916366725612373,0.19754490694805046,2367712678.1279855,1955811581.647142
2185,-1.5469078764778024,-0.8502055168330835,0.9076070046216081,0.2005981381140891,2341273815.1710176,1975336573.4725125
2186,-0.30453822556593313,-1.0624088852110687,0.7049569132910648,0.20551945040707403,2364557265.445831,1995156814.4367862
2187,-0.5995626509319867,-1.304459534131325,0.3217341806441815,0.19983247003993013,2388337073.7227283,2015180701.228845
2188,-15.350055969394498,-1.2264902337920176,0.10219045051416441,0.19881935102463527,2413675920.842182,2035372607.3719194
2189,-2983.082803770467,-0.9283471729805046,0.8946225750310611,0.20480059148675397,2857885101.137089,2055754026.2926328
2190,-0.29045551885524357,-1.2035417374687472,0.6635320534564708,0.20171365609865063,2461941029.673975,2076385799.4650965
2191,-0.8912960880797289,-1.9864024645493716,0.18406217271481545,0.20776196319606613,2486676877.3718157,2097278097.9922733
2192,-156.90883303240966,-0.6975741283414397,0.5144302569210677,0.20415067964084274,2525315571.2182446,2118179588.4844139
2193,-2.2023670300911773,-1.2663409613484118,0.9662420003691212,0.20317950409784494,2537004028.3420444,2139472021.991725
2194,-0.311988170164151,-1.7871445247402042,0.8057879134491023,0.1992630120525549,2562237435.3939085,2160966763.7141504
2195,-0.7180824128635239,-1.6682382288364133,0.28225387064605484,0.19776999767668355,2588048686.898303,2182618889.049666
2196,-11.747328792879028,-1.4432163623244232,0.10473715655802389,0.18659740119578097,2615252754.941486,2204479089.2040596
2197,-2494.076725990517,-1.3062208532994672,0.8938867301221606,0.18442146126722073,2979557281.9957514,2226566393.5890102
2198,-0.34516945630729,-0.8096574207800445,0.6112191374939935,0.17715199796454334,2667647210.669168,2248834641.263401
2199,-1.457587464150031,-1.0023365066995973,0.10770277607074559,0.17801075784796558,2694512002.9573503,2271403328.6597543
2200,-805.1931511249005,-1.4464031813479643,0.6031848677142384,0.1730445768309214,2788667818.947268,2294218332.5296836
2201,-1.7288915061303847,-1.4796204622816331,0.9218241261825674,0.16909046639363326,2749024118.3977795,2317219606.8343964
2202,-0.3658508315807155,-1.6690708295820156,0.8987514372909426,0.17210151043861496,2776418476.405031,2340469477.7649884
2203,-0.35360265357898313,-0.793307186151151,0.73504724304921,0.16806862769688277,2804250954.508896,2363847243.534057
2204,-0.5770721834838713,-1.446761072828653,0.4426600118934976,0.1701976753620317,2832439459.56479,2387609191.929732
2205,-3.066967088422732,-1.4898963386924864,0.02283040278917195,0.1626659812770244,2861089900.9550242,2411548363.3150725
2206,-12986.61908967544,-1.2104324387633798,0.8732311879197999,0.16389427267631815,4715539583.514597,2435695646.9159555
2207,-0.44816715281414876,-1.409849144644144,0.952440913685836,0.16993562273381146,2922098132.7140346,2460137463.2245336
2208,-0.40653240569996113,-0.9799842281817737,0.8612078477539257,0.17412925338860774,2951439063.6256094,2484752830.2269893
2209,-0.39381949327035576,-1.4316457256067907,0.687526369875033,0.17205105641187246,2980994332.871616,2509707831.372811
2210,-0.6814766578450405,-1.043787318804002,0.4843579998795746,0.17400356958781452,3010854833.622205,2534825959.9644446
2211,-1.9475940026359486,-1.8166035878443227,0.16222661704265526,0.17888384371542604,3041160692.1204715,2560317865.224182
2212,-652.6475873675403,-1.0693950238462337,0.5473052783376167,0.1733614207726871,3135743896.0658555,2585908561.191206
2213,-1.0264243469174406,-1.3634558947693711,0.795892462139522,0.17707883543316733,3102571478.8700485,2611865525.737463
2214,-0.6526449555564616,-1.2549503211515074,0.941150891870041,0.17827133865972394,3133639970.850728,2638037243.5609636
2215,-0.3073790296468086,-0.9922361508440979,0.9011928371126943,0.1788697162380288,3165028398.272065,2664454148.049806
2216,-0.35670139610593854,-1.1527951099324631,0.695901834752179,0.17921321978385524,3196856029.456183,2691182938.488974
2217,-0.6568868970435457,-1.2123413303633148,0.45550628424431633,0.18040953330678092,3228825529.6017823,2718175030.2519665
2218,-2.17755048042806,-1.2267655331246692,0.0401031272945336,0.17705251817331402,3261389854.974352,2745420506.9431205
2219,-1603.4692343035613,-1.0653858767421867,0.6643910961287453,0.17463759418045288,3520567842.2074533,2772929630.9566417
2220,-1.2464803667174515,-1.9103906030650872,0.9440265990815492,0.17531301182197814,3327706901.7826924,2800816847.3030696
2221,-0.2997395915669255,-0.9465151825172546,0.9317773597275841,0.1689046945095512,3360955761.669376,2828786285.832311
2222,-0.30129216323163716,-1.387537228285762,0.7974570521809361,0.16769292368168381,3394570503.3672476,2857194018.8116326
2223,-0.5625107039077222,-2.1241982133545116,0.47060569257354545,0.15490623100059606,3428700477.181964,2885923070.452162
2224,-2.328442236726055,-1.2700429261941726,0.01595320073081586,0.1594595420242737,3463203649.602028,2914754563.6090374
2225,-4218.670648373258,-1.7772928066259128,0.7484418455573372,0.15534688192676724,4030450560.5628033,2944037882.8600097
2226,-0.5835802870643443,-1.4938846517249567,0.9157956446394765,0.15889877207986275,3534288048.586581,2973519712.529933
2227,-0.39430948524643145,-0.8415243032906444,0.815117140664108,0.1582231912551017,3569741804.1212378,3003259415.999749
2228,-0.5366022825125224,-1.3807410975113834,0.53773052347549,0.16523954430944793,3605372579.396425,3033421514.9966817
2229,-1.8216016723918058,-0.9742732423487146,0.021791648465765725,0.16283885007127946,3641601563.624719,3063785285.4853125
2230,-2526.0070756347927,-1.091183038907391,0.7777466351866688,0.16960703096901644,4067719317.900063,3094514390.374446
2231,-0.5545520800865362,-1.6486844656036355,0.897078531909312,0.1661353289244826,3716341609.1821246,3125603027.0316916
2232,-0.36878206502530225,-1.4317377370266924,0.6463545907147444,0.16974201108952208,3753429645.8656263,3156908007.4990005
2233,-0.9325244155815016,-1.0967934979749494,0.20162900991887597,0.166079769073941,3791333963.323859,3188518507.998131
2234,-55.02766434787758,-1.614087678715358,0.1597052269375643,0.17176238211621145,3836173248.2147503,3220541207.2460995
2235,-214.51967333339232,-1.718920146388374,0.9279108734133226,0.16983828929967287,3892703990.9473004,3252850067.2304792
2236,-0.31038516834888275,-1.3276377162675077,0.7422013786123134,0.174261291726558,3906236429.7634745,3285405615.5833354
2237,-0.8197607810647352,-1.171792333144526,0.3467722082249989,0.17258877893932925,3945597736.85199,3318325774.0464
2238,-6.057726315489192,-1.1735938162464252,-0.04550254928997893,0.17789782023297382,3985644962.1512923,3351586308.0146666
2239,-11722.339572638633,-1.678237804157314,0.1569381131672908,0.17644284171992397,6511609616.7272415,3385259029.5770392
2240,-125.82118550191777,-0.872661297050723,0.10994207194804412,0.17871198916938322,4085289756.033095,3419092016.955199
2241,-0.8221092849260989,-1.9743778337097337,-0.13353328188144561,0.18239734671911167,4111002591.0458236,3453502711.4645743
2242,-17.426038359891802,-1.224331079582713,-0.3493923452271047,0.18891404534714223,4154254116.4413366,3488034847.379675
2243,-8820.408118655741,-1.011569341104516,0.41042301547897475,0.1881425465203266,5688615027.979706,3522978852.604555
2244,-0.7329464053756525,-1.9723765565500655,0.24554522911296844,0.19827672066833307,4239367746.9890165,3558402634.81951
2245,-0.7452496251076175,-1.495296737229671,-0.06400590616703665,0.19939102081392418,4281799519.4244437,3594024756.472355
2246,-10.82450804953892,-0.9022769107542292,-0.34652543095352484,0.20023774512963213,4326129385.360221,3629979528.0905485
2247,-16750.125931225728,-1.6457172412044323,0.31068194546165934,0.206176679094178,7990616704.907687,3666467860.795288
2248,-10.348467597052977,-1.2837527482573625,0.029989937652890087,0.20118920966068451,4420054770.867664,3703177464.7479143
2249,-38.06175743939673,-1.1783694267594274,-0.33174681073517787,0.20287799536666049,4468113642.615818,3740285204.5052414
2250,-47143.3023392226,-1.0264632049288527,0.1348672474970491,0.19904681113321296,27886126960.357567,3777761531.732386
2251,-739.2271500763326,-1.1159614726478373,-0.10596057309005165,0.2004103910677434,4682459640.012391,3815650930.4123178
2252,-31461.5333923947,-1.0182955901452524,0.2621514040389062,0.19768694320232255,17255480093.020237,3853887850.1763306
2253,-9.249153538530456,-1.1022967763646367,0.02339756086529472,0.19872588622127618,4682334114.730315,3892532793.047217
2254,-158.02324972690963,-0.6306997943078364,-0.0343230917877171,0.19812616383977188,4751641013.438521,3931499375.5446157
2255,-694.0422993435506,-1.1688004805622991,0.3309810893394742,0.19722764605897505,4872671544.893477,3970980206.7461486
2256,-2.3114510155830423,-1.1139535967984695,-0.008217439884103936,0.195642052440358,4824007424.580417,4010780428.75343
2257,-95.32115203615977,-1.2727381516209277,-0.06991936161208495,0.20215539679081965,4884754349.824035,4051008316.312794
2258,-892.9156663113964,-1.0909377660322621,0.531896860027106,0.20118029241572277,5053194664.663337,4091594023.091897
2259,-0.5311459093243168,-0.9913110679270436,0.29615726915997653,0.20548407845674857,4970677597.173764,4132602109.375124
2260,-0.9914266593641348,-1.3026715892376537,-0.10530089940948216,0.20190755447616984,5020606043.826049,4174065780.943309
2261,-101.95077614471892,-1.4955992047597988,0.062188285518307504,0.2054344962797021,5084661829.300693,4215942255.588815
2262,-12.194793442688972,-1.737734182470843,0.5817483847292698,0.20411699059584598,5123355721.282029,4258238663.197769
2263,-0.8961608142737609,-0.827527792154003,0.10445389117947929,0.20464238123560166,5173399316.200148,4300811771.125069
2264,-17.846185906766742,-1.2489835987475084,-0.09027820779411863,0.20053438389193148,5227442144.614754,4343980448.665865
2265,-4749.051343715909,-0.8717972418922714,0.5425579098502495,0.20119975121208838,6002076227.383602,4387481325.892406
2266,-0.33767965090463087,-0.5584602240558009,0.3301513059589319,0.20079711127213457,5332470148.889273,4431421674.37365
2267,-0.7906845705270755,-1.4201050244214202,-0.07677124325912749,0.1996736727562495,5385716088.999453,4475967485.431252
2268,-58.16755115113964,-0.9305900223135349,0.0778232537149858,0.1975205353084957,5448814996.788059,4520766744.943519
2269,-8.402967988758824,-1.5826097456123256,0.654560891032252,0.20421629090592477,5495461038.601747,4566184587.084597
2270,-0.3086304114517493,-0.8756558499855712,0.3558003857128645,0.20281110629538796,5549395105.223313,4611852882.311194
2271,-1.3650195484558592,-1.0939182071635518,-0.22360235885479526,0.20789325801310446,5605188239.679506,4658119259.382972
2272,-305.9036146729587,-1.2580687327680133,0.23970642311416115,0.20458285805032358,5702917882.159579,4704840402.415812
2273,-2.402868536905209,-1.3699429950875106,0.6652018542469201,0.20656864994561347,5718489143.711973,4752026150.044593
2274,-0.43123243032424374,-1.0516923399882085,0.2968022763073371,0.2021856854804647,5775321164.966519,4799620365.977972
2275,-0.882097507261881,-1.242303507862474,-0.22768406287872558,0.20488578960318163,5833595018.839304,4847760356.993593
2276,-376.25081524439884,-1.0436703846905666,0.4322117174547046,0.20870328219964365,5946217382.465625,4896331544.649724
2277,-1.0383257622803868,-1.1201539501845041,0.5836269699283767,0.20474759037249698,5951154015.686763,4945429269.413579
2278,-0.5117780881870192,-1.907111967856517,0.24940866339495804,0.2087338784118891,6010983150.619508,4995121103.27958
2279,-7.346686449880476,-0.5694671658854454,0.011933988802636531,0.2069047617037606,6072208578.458906,5045002356.488292
2280,-4085.313788990159,-0.8230920569669197,0.7594096528723879,0.20965199764884904,6804164445.27779,5095615390.540606
2281,-0.46710725031779804,-1.0789425802151182,0.2574105550428726,0.20714221723493514,6195374930.085127,5146736520.904416
2282,-7.143438646032136,-1.3477214503728872,0.08275830145272653,0.20606412903500304,6258567752.631392,5198369694.447223
2283,-855.3047434611618,-1.0953696308779244,0.6641150767532199,0.20134654322776915,6463306254.646217,5250448034.108207
2284,-0.7013763322741144,-1.0701976958740662,0.07922073704387139,0.1996207969588424,6383927021.732357,5303085518.084967
2285,-226.7106585823369,-1.3041638818126218,0.5162715063715134,0.19161161967562232,6485516129.391526,5356280346.655996
2286,-1.7761537413501782,-1.146485940190924,0.7096948719489183,0.19253957506570207,6513348150.02665,5409948967.36117
2287,-0.7496971704793933,-1.1513254634754366,0.05108997563891274,0.18587035669179494,6578267997.813414,5464189915.392052
2288,-130.90823985540342,-1.583544810157964,0.5523003278262485,0.18559044247584527,6663659382.907775,5519028488.672774
2289,-1.165898400229451,-0.9714926721179192,0.8384555839839302,0.18026384419064914,6710906562.326113,5574275490.094069
2290,-0.3395709918657752,-0.7247735384420505,0.31645998574884987,0.18118093568874044,6778154733.174958,5630110892.780897
2291,-7.733939213807806,-0.9722671502495787,0.13697188316637818,0.17560002415939588,6847359778.160638,5686594328.294081
2292,-720.4465515472004,-1.2507527376641165,0.7920392468727302,0.17487764333562758,7029159151.65107,5743643293.32387
2293,-0.44987710155934507,-1.4765268550536383,0.2630600665755985,0.16740565773169366,6984570552.927963,5801259279.1511135
2294,-18.807087360643372,-0.8935210018880904,0.26718181091600945,0.16685409507004498,7057721700.212575,5859322935.418871
2295,-26.693839490725402,-1.5216789722594124,0.8265123565744372,0.1618267314573654,7129832142.593939,5918164796.073797
2296,-0.48707111395108654,-1.1717936965911941,0.3567562922861833,0.16113067221485267,7196507135.72519,5977433943.148041
2297,-5.83153350253949,-0.8440876375899204,0.014091716396494302,0.15999426552819604,7269934565.379279,6037311072.127411
2298,-20552.467420009445,-1.2511923639809301,0.7569518927986827,0.15688739916294137,12218382427.269777,6097902485.339729
2299,-0.6020602178777866,-1.4429783876974303,0.39948433466913086,0.15858328655674309,7425311056.829008,6159065914.34187
2300,-1.6274365230994732,-0.811482077555574,0.0007109918851345737,0.15629227652016556,7499819536.64682,6220707941.623133
2301,-21.068498062239623,-1.4781211613593135,-0.020758684295037796,0.15729051957452483,7578843766.658519,6283176983.649035
2302,-781.1609141395614,-0.9079175141049738,0.5950484495250371,0.15522467512841703,7775966160.148257,6346075543.577997
2303,-1.3549079083335047,-1.4434945164944688,0.8801539786343444,0.1549428026915365,7727954245.177819,6409786077.422636
2304,-0.24927419820452218,-1.869783429100442,0.6982461563214859,0.15431716890457978,7805475097.072403,6474101649.760475
2305,-1.061415581486168,-1.2467097793311832,0.24747740184151062,0.15342672810963134,7883400637.989909,6538908844.672131
2306,-17.890473197539972,-1.1148214416747644,0.17646023060321572,0.15557866834079712,7965779534.828415,6604440100.399666
2307,-199.58742187442525,-1.1625557838562588,0.8555282461990589,0.15708963167950882,8079711773.459217,6670658603.362945
2308,-0.34084449724261756,-1.4451303406021052,0.5378127447957308,0.15964017500968028,8123259770.072669,6737580894.914136
2309,-1.5470638753701764,-1.6016216651286965,0.0017271175496763739,0.16620751780137266,8204932800.0283985,6805147936.582483
2310,-1115.3852646856976,-1.8554987356152786,0.7021545343088599,0.16312322550757077,8471817115.643875,6873416854.252255
2311,-0.6962616359913275,-1.486932878549487,0.9127950725163405,0.16982667659930967,8370334053.054765,6942259611.046852
2312,-0.3445058527245558,-1.3254473724703704,0.4660324983115474,0.1656253703120223,8454372253.244986,7011823177.965797
2313,-2.3640502221932227,-1.1926801014756199,-0.01905800150572776,0.1691470040687922,8539783581.190661,7082100800.670251
2314,-49841.299456801215,-1.2085388501453338,0.5276147279616181,0.16695908352589853,28046357648.52918,7153095196.367282
2315,-0.5064697906662932,-1.1737537315314093,0.30311650438626037,0.16878703327270286,8736581119.383059,7224805555.330223
2316,-1.5769012315602067,-1.5642421622005138,-0.17250327712096034,0.1660830135040902,8824017469.951042,7297294442.062368
2317,-569.0150243543088,-1.5138646638149316,0.3520043734258443,0.1672194579585513,9034584178.150404,7370450025.343753
2318,-1.57867881107445,-0.7516028686147551,0.6256736409095516,0.16383739836017,9002396361.36083,7444195493.424224
2319,-0.41758548448487853,-0.8699133109164257,0.3787411416608598,0.16528382879546255,9092448700.129894,7518849174.205579
2320,-1.3403419907299312,-1.2568170154467249,-0.10944053198711191,0.16085087374613635,9183633214.937506,7594294372.685524
2321,-157.1048029471956,-2.0729446521980175,0.1700682038463074,0.1659292321654638,9308583468.10937,7670574497.857762
2322,-4.610435596810312,-0.5568719922204122,0.6880891413695388,0.16268485901568017,9369401984.016424,7747197571.031903
2323,-0.36198287917441285,-0.7850900558187865,0.6724596518367008,0.16326578226241656,9462765905.916061,7824911839.209146
2324,-0.48320126439585254,-1.1552927736927023,0.5532553213735608,0.15707869868544577,9557432125.427761,7903420758.083171
2325,-0.5341115558786467,-1.2960174362181605,0.4267918450839418,0.15381637438743825,9653243966.076897,7982676068.993426
2326,-0.7070280676505681,-1.6881088822078605,0.18929816446496533,0.1502540677312933,9750140692.931173,8062771918.135542
2327,-4.467480349888508,-1.1353730428142084,-0.16768314448999594,0.14304862614010744,9848609278.499014,8143502117.32215
2328,-1098.478686418394,-1.6664078386902412,0.18126210653903224,0.14676719137986788,10131041776.963041,8225228214.54628
2329,-33.2323008320894,-1.0968515903321783,0.29215828889267415,0.14480640380595172,10053609115.791885,8307593001.35218
2330,-2.7539673323028357,-1.0389133678844393,-0.05201636993944629,0.14485538845333287,10148096837.540945,8390859574.095364
2331,-499.28579298963615,-1.1189841751326248,-0.007882294635496818,0.14648854957379592,10360000619.056313,8474996187.7932625
2332,-444.89943617060305,-1.428096012638267,0.5349313419329789,0.13679815051567987,10431609777.3281,8560014291.694552
2333,-0.9973135894027157,-1.3592425090180538,0.47619455457796644,0.13630015156554018,10456600522.146778,8645825842.020845
2334,-1.0643328511868126,-1.4094749402871503,0.29100394223199394,0.12866224936652604,10561250967.612946,8732504243.621397
2335,-1.9181278612707513,-2.078291818976668,-0.01730346426815233,0.13267931780044528,10667358259.238884,8820178487.876373
2336,-191.88737247722008,-1.4749211669157163,0.007110811088289362,0.13041849530724675,10810459237.394335,8908482403.662756
2337,-61.147118341879754,-0.985702756770847,0.5239965950549934,0.12969347021892003,10895871414.088531,8997692647.31638
2338,-1.9531487612263623,-0.9091378857484553,0.2853879708002201,0.1276537095708351,10991815918.193295,9087875503.937105
2339,-3.0505480217499077,-0.7999910963933876,-0.08306637968407266,0.13001525418074725,11102280405.60576,9178963024.419012
2340,-11688.79743703717,-0.9600556801737294,0.5909344366976154,0.12728942808499322,13910950623.63664,9271013645.394659
2341,-1.1002378999138573,-1.6407736864493132,0.7871943738145577,0.127601339701707,11332209617.050783,9364095253.22993
2342,-0.4202595127718649,-1.4819216687347077,0.8178364073101861,0.12333917225083518,11445735833.715036,9457935894.454876
2343,-0.32681086383948577,-0.9734685050607244,0.6694533997770614,0.12678598454220344,11560394842.567822,9552651496.388906
2344,-0.5205965497045091,-1.0250419562698247,0.37929609623165894,0.12371916653295756,11676632679.515327,9648425874.232208
2345,-2.9507885710267354,-2.8903857085885427,0.0671528877132894,0.1287147517148784,11793965585.551128,9745532466.490557
2346,-345.98813649968145,-0.7453473872026658,0.19731391850922594,0.12911157952920368,11979261561.313545,9842788346.96574
2347,-57.8564720731956,-1.2453571136817052,0.7425436626793044,0.12848085678704574,12044495801.33969,9941582390.550592
2348,-0.5373721077697953,-1.2428776874761411,0.6751348500087242,0.1274964192629628,12152018861.073795,10041228451.480854
2349,-0.5605380574776992,-1.0588222260395292,0.5473825606541219,0.12622945346478687,12273896209.38262,10141857876.424711
2350,-1.5403800254138045,-1.9391475582368876,0.34978904101410596,0.12289754771741046,12397037394.913153,10243718140.448153
2351,-18.561509409502026,-2.369103061448546,-0.047532958366331104,0.12472963235981578,12525127103.482548,10346492311.275454
2352,-105980.44095640449,-1.2569186728386954,0.1520208207770645,0.12455349673194034,78511735138.32364,10449984922.457613
2353,-1177.4266788932919,-0.6258245875841301,-0.00978278457012724,0.12531030516797195,13157804967.83746,10554619256.954996
2354,-412.0682294841659,-1.311822116392712,0.19720949393486686,0.12556706388401354,13040722977.565907,10660567951.174826
2355,-152.85260153990777,-0.8850077237475074,-0.1423114310988588,0.1270725702277357,13131830665.374523,10767358095.87236
2356,-1582.68234344656,-1.2602220093240946,0.7701266321035144,0.12767563729486037,13509997287.209688,10875380358.624392
2357,-0.4729627626340617,-0.8869000384091945,0.4257444446368993,0.13053739691935623,13357186536.408724,10984330682.97374
2358,-3.482393528358396,-1.9953849601842641,0.0008974075193451743,0.13101249249449376,13491426823.903976,11094679403.935602
2359,-877.1109540342372,-1.3968471980398778,0.4228185673714622,0.1335298543698623,13886650084.73603,11205776389.274565
2360,-3.676863343074669,-1.517421295162287,-0.10117734205402325,0.13561705571276794,13765383546.387669,11318139695.6971
2361,-5113.85121626675,-1.0846854722987984,0.3765232996409075,0.13720437646018538,15634296635.782686,11431513993.066929
2362,-1.7692172098549686,-2.1688994179450867,0.04915002836455875,0.13707040853300848,14045961713.830328,11546336183.512777
2363,-5081.883297068836,-1.300592498482888,0.47269868597082254,0.13926812406325365,15567789709.717598,11661911018.88752
2364,-1.448767556127552,-1.5986314339891965,0.6333334414646531,0.14223626730050662,14333025463.520416,11778881921.831024
2365,-1.0027168500512775,-2.025770460101702,0.6170637954725384,0.1462207087544538,14476639862.558361,11897071015.211254
2366,-0.820167616207559,-1.4015472730982184,0.5511217421735057,0.14783331229424593,14621630175.365292,12016186856.759125
2367,-1.098217140517974,-1.6834185668346382,0.3737742855948053,0.14914099931267344,14768324043.667301,12136713939.32305
2368,-2.1224482187664186,-1.6313207229266298,-0.006636752472214375,0.15307037365662518,14916621850.817926,12258378382.107882
2369,-204.9244066716032,-1.2227313771323807,0.3074806085401426,0.1536647510810664,15118131324.915665,12381175219.912788
2370,-6.403993445701997,-1.1151851554349028,0.8160045094462777,0.1561749250257863,15218468519.429785,12505270797.055132
2371,-0.5681901887217579,-1.1501610049953999,0.5580043287795704,0.1555683585800324,15369590482.122366,12630651587.75474
2372,-1.1454917699239222,-1.091062246415885,0.027204447374631353,0.15894460843489303,15523572569.88363,12757254625.918728
2373,-1491.3997677716961,-1.6110003051266713,0.6309752106276127,0.1593613966953371,16091508922.886158,12885265661.866743
2374,-1.1181083314435136,-1.4693999069767916,0.8212530062245557,0.16740884206277895,15837859411.369287,13014407767.945927
2375,-0.33539066400113965,-1.7290284863318104,0.4103721297749183,0.16730683731054646,15996590233.00211,13144953188.15068
2376,-1.8398360380352756,-1.8746628709503594,-0.09900524071962036,0.1758952714934123,16157404844.26008,13276748043.62159
2377,-20049.10762356036,-1.356000058340568,0.5067846890279778,0.17341794819377016,25357149954.14621,13409729559.011248
2378,-0.44968208422449063,-1.5360499288128904,0.4545509259622433,0.18192798059035445,16500595777.59769,13544202024.270788
2379,-0.7876205186568104,-1.0816209204779128,-0.07502115690176786,0.17894155964735653,16666461930.96381,13679871620.347572
2380,-695.6663216367342,-1.0904579188938988,0.3223176379987023,0.18448578106585498,17012742629.29259,13817017675.123629
2381,-0.9321180729312293,-1.267623580151745,0.4840699775967097,0.182806143297729,17002466513.475376,13955588032.093607
2382,-0.7792527324702199,-1.623923938908257,0.22365747965692254,0.1911641922089503,17173032946.472837,14095560286.360573
2383,-6.455311021569877,-0.9834872832570081,-0.27497425872169984,0.18807024719941398,17346619571.658318,14236720126.227352
2384,-21442.730200840473,-2.1719041650138666,0.28004411304509824,0.19623037695796886,27725950898.782246,14379733340.042908
2385,-21.639636021037173,-1.8263972498646193,-0.11608562568434273,0.19247855685966483,17720291443.031643,14523813947.08081
2386,-5949.796823897078,-1.6721120572866324,0.279715460733934,0.18978200933515077,19958387300.935493,14669369122.270073
2387,-0.40033735804067866,-1.7931470802883278,0.36112728097318747,0.19695723691257735,18077509757.554287,14816468669.93845
2388,-0.4523877603878398,-1.5494492009843353,-0.03934974980815235,0.1933856046155832,18259279417.447258,14964935494.298254
2389,-72.19093015890714,-1.5266239712663714,0.2267827471719992,0.19769511445859644,18461366837.006817,15114961785.522133
2390,-6.121632152055361,-1.126699033050325,0.7583988771721077,0.19514661924940707,18628672390.61123,15266372899.943466
2391,-0.39103849699059434,-2.3577091048596364,0.684102712559766,0.20561034992597035,18813735269.292698,15419742207.53156
2392,-0.6533448849338217,-1.0036839564181816,0.36867619550925335,0.20276907112907638,19002295497.875164,15573977232.89303
2393,-1.9523500101640248,-1.3551682224044053,-0.08314996210904126,0.2087786194193712,19193185682.996853,15730189549.401838
2394,-13544.641103998194,-0.7357950890906251,0.665594833043638,0.20684269856234558,24282976018.706306,15887727809.941229
2395,-0.4272449533986675,-1.0615399791320297,0.6937072462814325,0.21292843057854136,19592252926.17841,16047098688.51394
2396,-0.5614168027391621,-1.553523928230151,0.4850187740043079,0.21228073653759738,19788342094.199936,16208085477.460546
2397,-2.4278009281762203,-1.356452956063237,-0.10247323660206964,0.21732072989103832,19987758421.9997,16370528868.32218
2398,-74302.719305831,-2.0371564271357494,0.15254336890381962,0.21872101831145815,83622201016.691,16534804584.83553
2399,-660.5434915965322,-1.3009747487518484,0.006548116570792284,0.22477517743170966,20616595326.319714,16700389394.436861
2400,-1003.3850602338377,-1.2874333931204132,0.31504875050443387,0.22481330892225562,21011616009.851765,16867796482.227396
2401,-17.659879167815088,-0.9450208910975313,-0.12462566001813111,0.2284815695981509,20879295168.459038,17036804357.042116
2402,-36578.92069511529,-0.9150507980825405,0.2951012822237969,0.22860927436292428,49759862209.42815,17207594582.574112
2403,-28.603443136604955,-1.0927866729484415,-0.07138753418381885,0.23264900972489508,21346758473.24576,17380164040.516735
2404,-8776.37268635714,-1.3502097298012943,0.313907604016422,0.23475673845855924,25275646240.84704,17554459907.282906
2405,-8.60563970212494,-1.4273595062086493,0.051520258713529554,0.23398526777224848,21780610304.93348,17730469441.18388
2406,-913.4039173520997,-1.2914874013292998,0.2965563848590942,0.23496489495280456,22275464376.051075,17908169952.503777
2407,-3.918070356331402,-1.0046245472644268,0.4896931428312603,0.23408967247078138,22219388826.450104,18087623331.163254
2408,-1.3289131374842125,-0.8586053931241759,0.469850574148969,0.23467872238993734,22441022160.188244,18268915522.62829
2409,-0.8042359832053304,-1.7871703207847616,0.30267809509999305,0.23377502413946002,22665629616.309597,18452317347.059914
2410,-3.1373039925780803,-0.9541080194888423,-0.14323708855129147,0.23295779146985965,22893990164.45943,18637059779.26137
2411,-1457.4487136983641,-1.7554691410531438,0.5224551972995496,0.23494251782508951,23560969941.364006,18824122590.86142
2412,-0.5005266702181145,-1.4893293339749727,0.5265816883631104,0.23780441505619926,23355506305.72606,19012770543.923695
2413,-0.7882729164293218,-2.006186124577754,-0.03756894444034539,0.23841259959557803,23590199598.420773,19203512495.726982
2414,-268.8209819675886,-1.8531757897745638,0.3638173504138707,0.24372741315500412,23914754475.062717,19395983993.130383
2415,-0.8020899813748075,-1.4377545408803554,0.6415245628999168,0.24360796328757897,24065087774.877403,19590323684.67409
2416,-0.3257330741201474,-2.070056456035364,0.4289049989178565,0.2513643594781804,24306249254.16034,19786890304.767017
2417,-1.8183715128305074,-1.5928732580775404,-0.08056608750184162,0.25015283336144695,24550307170.595245,19985115053.437206
2418,-4645.928293266819,-1.0172922350790494,0.37245651916343875,0.2512444496252758,26522500859.061596,20185304060.21566
2419,-0.5058329581941502,-1.8463894712159712,-0.1289766419744032,0.24853658629777803,25050311356.564262,20387904706.465073
2420,-2.8658195906731034,-2.058047766948068,-0.4471020084475655,0.25412157518416306,25301932581.701775,20592344267.886017
2421,-466.64121349052647,-1.3745159430857148,0.3318886907463828,0.2505676857894017,25691933444.270393,20798592872.628597
2422,-0.8343083891766953,-2.3310964576329436,-0.3195753101370886,0.26009946034873943,25812189289.57114,21007368670.329395
2423,-34.87229731041891,-1.3390528766778136,0.22424916368276246,0.2563617990138443,26081932436.214817,21217680068.30419
2424,-0.7048678032930641,-1.671832159152714,0.6268186386922132,0.2662654189749775,26331380849.084934,21430481590.688972
2425,-0.42716411466680265,-2.0546712334435533,0.0796824191770434,0.26444131004761734,26595675065.783478,21645447280.114033
2426,-22.7425859415807,-1.193600734698113,0.23237512610661706,0.2718293047845107,26869936744.128464,21862184708.486343
2427,-4.776514573995351,-1.6438873355549068,0.7344977769370576,0.26940096087708937,27132305417.291573,22081487498.1524
2428,-0.40506897289370536,-0.9957107965075349,0.06411714633551913,0.27571556092145844,27402520209.749638,22302645623.823414
2429,-74.32314217717797,-1.939321034985486,0.4572873322114833,0.2748414786518033,27703807060.194534,22526529570.302467
2430,-1.3818647268610424,-1.8907379451362971,0.7398110366279754,0.2843183964784287,27956115396.820503,22752325431.435104
2431,-0.3578771291224294,-1.1849813649770309,0.1352760391192137,0.2814086604114064,28236335268.312027,22980220387.34407
2432,-40.282624035041394,-1.6548901028360143,0.3126660970620202,0.2903287204999709,28532751261.361164,23210742559.892944
2433,-4.423858939891259,-0.9846107208223656,0.7044583211059517,0.28793185427312895,28806778133.72248,23443211877.792107
2434,-0.6579431715777657,-1.5082416032584458,0.08645516439965564,0.2911534580084172,29093826188.11948,23678402714.0183
2435,-97.25525765619057,-2.9377711417831986,0.32983639672157766,0.29798221386085183,29417928680.22757,23916229824.56855
2436,-4.1239231891605765,-1.037539907453618,0.5254570874560289,0.30059413937045126,29681525641.530544,24155393064.07876
2437,-1.3806947624980348,-1.704309744432678,-0.07955709195195505,0.31254750286858013,29978186335.11189,24397758275.07594
2438,-2514.4902988436966,-1.6641647349644806,0.573109651541521,0.3115655365197248,31245976054.476906,24642325638.474644
2439,-0.6802699130097769,-1.2719694734093774,0.4374304770922348,0.31984130325673005,30584570498.19078,24889243779.946598
2440,-2.3196555353418438,-1.7130027985441485,-0.17231465298610807,0.3196909058861876,30891197445.805733,25138895648.361744
2441,-6728.8382825122735,-1.274041614697679,0.8862383100361078,0.3284669092719951,34503028669.311844,25390786152.802876
2442,-0.4328806668166702,-1.3790161334288604,0.2414899087424172,0.3265106837525423,31523001312.091026,25645342824.298336
2443,-24.734385571851703,-1.9558571872244999,0.34926374931537957,0.34006541175126614,31847091536.040527,25902636404.866932
2444,-6.366649141918124,-1.1770578911224396,0.6379685674570514,0.33800432819459136,32160417455.99532,26162057447.23075
2445,-1.097251013882608,-0.9357865205857954,-0.0043112553097916645,0.34532656440281384,32480733215.189487,26424264248.320095
2446,-7298.832858814673,-0.7396406135602137,0.9169904891640341,0.3443025973330555,35179249989.957085,26689090543.78708
2447,-0.3542084322220249,-1.2685919982925873,0.14744706904007035,0.35290328313072383,33142162709.842285,26956834428.352573
2448,-293.4577830734816,-0.6989410217899774,0.659251196947759,0.350344670571683,33571962348.600895,27226872291.521084
2449,-0.94293353029628,-1.131238734746768,0.597755408829961,0.3587214890463381,33809731557.758507,27499969992.73384
2450,-1.1209698063313736,-1.3109117683832112,-0.009768426810489662,0.3555840792681066,34149978144.229225,27775720968.00794
2451,-19635.677807789813,-1.0465560284379454,0.8453347201715404,0.3623069075534289,46067325305.911804,28054079105.677723
2452,-0.37702351231088505,-0.9895955908976887,0.154083320344265,0.35907140214329436,34864378553.97856,28335295248.33184
2453,-39.61388360039751,-1.111926015974677,0.47203637114981156,0.3665956832694424,35228797826.72264,28619406053.48858
2454,-1.6663469357064484,-0.9282572373234971,0.6554730679151141,0.3652833531564683,35567590369.37185,28906258537.52682
2455,-0.6572293071296472,-1.1127409197315514,-0.09793429030252171,0.37315658984236194,35924359980.98909,29196105356.532875
2456,-92.17305499222839,-1.2298639858174598,0.8721805893457412,0.3706064119539367,36312547671.94148,29488838762.79538
2457,-0.3282251792540146,-0.766392946233288,0.1595929853018948,0.376036357391018,36647846444.27286,29784308442.916306
2458,-105.93512814517811,-0.9431013743062647,0.5828205540264609,0.37509387117858806,37052187965.30314,30082961429.22618
2459,-1.2269172557637704,-0.8359752177460915,0.7047975928166585,0.3816209448091858,37385436409.10988,30384500347.55952
2460,-0.6141173069422526,-1.1994997628368318,-0.050485217802734295,0.3893452922276628,37759395236.71576,30689227322.319786
2461,-2135.7981753823115,-0.9384718927140526,0.7847208347111033,0.38687323192687173,39144649665.88964,30996800637.249043
2462,-0.43022234826274053,-0.8282370747113873,0.17863466677162226,0.38996199924507613,38525642424.39256,31307506464.56109
2463,-13.548957841260624,-1.3393245919143362,0.19434499984318593,0.38553715906691294,38917393968.722885,31621536842.95776
2464,-13.598144957774691,-1.0068120501334703,0.6288932149382327,0.3924274765222844,39306211434.18252,31938421549.440453
2465,-0.6657823016779291,-1.518900214402684,-0.0900153023323975,0.38990379130020264,39696019197.06211,32258808369.655273
2466,-3869.1500413271438,-0.9300457927864348,0.6783140684069529,0.39704803534962435,41521587669.59432,32581984124.090233
2467,-0.8231227085838024,-0.9709505432480098,0.5235453300726257,0.39420325104787346,40498977613.258,32908630960.676746
2468,-0.775007710692752,-0.9076362239044548,-0.0940782961355662,0.4011858085119044,40904142110.45846,33238515832.622307
2469,-10571.919050981158,-1.0894711449884553,0.7749082884032877,0.3994829952205834,46982292741.12351,33571811241.570545
2470,-0.4540525045441318,-0.708039755450045,0.2988477948375988,0.4045579540926325,41744982125.690895,33908208520.08123
2471,-1.5043996924146559,-0.909528100188026,-0.011020948542767712,0.40174459402140744,42164398219.4044,34248217437.750675
2472,-1719.6673349065043,-0.9523362325067615,0.8241041835348349,0.4093778311490124,43286817828.79496,34591571990.11972
2473,-0.3749025627095216,-1.0779505074944211,0.04212518275015456,0.40643516173540206,43016504178.77106,34938394666.87402
2474,-530.9670321775201,-0.9402733025939403,0.6937746287869109,0.41545433663018255,43651294692.882034,35288599869.72128
2475,-0.5552262682451481,-0.617390617198667,0.5234617313960636,0.4137144275262302,43882773112.197075,35642250124.336266
2476,-0.9348694006979814,-0.8036968056684576,-0.06683927748782743,0.4203619986886713,44321636017.03086,35999633605.83485
2477,-1756.9254594518438,-0.9985091427790348,0.7562302314779517,0.41930037669006914,45604142281.92934,36360608802.59694
2478,-0.31350833786910964,-0.6851045075506351,0.040039062491027295,0.42490151379002034,45220023221.84071,36724996230.81062
2479,-61.15348020386787,-1.0973726005970632,0.31672337338066947,0.42197899430449487,45698013664.4178,37093314056.04599
2480,-3.0861606269282182,-0.8036316885310797,0.41037300025222556,0.4287856918203784,46130252204.586,37465084457.36479
2481,-1.7045554871308668,-1.1547602173222318,-0.1024014508167906,0.4258278710945614,46591351675.19639,37840809014.5769
2482,-10908.417034517244,-0.7928363882011559,0.7251679934621194,0.4305093431021316,51390103966.764565,38220020614.38201
2483,-0.42464673533103103,-0.8268249451129736,-0.11998284515992778,0.4295678700201789,47541392886.655426,38603191372.38165
2484,-695.2031819556596,-0.8129226591151775,0.7345062433502415,0.4362707051161988,48277475652.05352,38990168432.07991
2485,-0.5378935083603456,-0.5813633141623806,0.18136710217848528,0.43451325447475375,48500435414.99771,39380952880.712364
2486,-31.99028297967803,-0.48780085468406753,0.42659495385357593,0.4375809498683491,49003936515.431595,39775714031.33875
2487,-1.8843937936693447,-0.9452455696736597,0.5533705202973498,0.4351338392762554,49478766155.54347,40174654325.83566
2488,-0.8387048930036152,-0.963435861446747,-0.05163746734834475,0.4420043289459238,49975892637.28517,40577425421.571335
2489,-4250.668438170677,-0.8205702426365203,0.8026944642090788,0.44033779006026824,52813594340.637054,40984134660.60973
2490,-0.3529194215674737,-0.7014784999929173,-0.037530131091456705,0.4441320006932053,50991200635.43468,41394963028.60546
2491,-1583.2779939392558,-1.1038804740231465,0.746074277264057,0.44161497841194775,52358739733.06282,41810113907.94361
2492,-0.4390142072462173,-0.7377860738420151,0.3378548709728626,0.4464333110598207,52019381026.91478,42229122589.1949
2493,-2.397919448940925,-0.49348391663053215,0.13960425588091066,0.44468393329104966,52539431717.32461,42652361521.4913
2494,-100.60780457174513,-0.7412409133637615,0.6368238902359098,0.44930069515912496,53112010030.79181,43080043949.54579
2495,-0.5751424938780016,-0.5544948771491006,-0.07639785470699971,0.44781736086090973,53597679028.917496,43511840179.27138
2496,-8831.775799724346,-1.0039699864724325,0.8156359929808927,0.45395699262217887,57797234998.69365,43948252017.23588
2497,-0.3807194722889602,-0.5826664214306759,-0.02255717883683998,0.45182186091571547,54691594911.89073,44388637732.26646
2498,-455.13914457849035,-0.8419268790983144,0.678963032024995,0.45731673365725756,55421607218.10183,44833753757.30524
2499,-0.513113183998983,-0.5855201395693512,0.2775306027438629,0.45563486974042783,55796845088.99892,45283099460.62615
2500,-2.623148749671698,-0.5735275855424411,0.20806581147811287,0.45928167051483637,56354639535.87238,45737050005.63076
2501,-9.59389897512021,-0.6996849014002475,0.615514031967147,0.45830731451187595,56923570505.90846,46195613262.56912
2502,-0.7483782306045085,-0.4944690542766588,-0.05489710775397236,0.4611219307563971,57487442570.73459,46658651971.054924
2503,-5929.481343756286,-0.8817311518433602,0.8062596700750081,0.46052389317740733,61639898679.50027,47126572187.76327
2504,-0.34028760153509346,-0.8069277725615244,0.06493202400954019,0.464183154282347,58658643089.8675,47598991815.84692
2505,-37.7969186908546,-0.6203188053289801,0.5721511778389773,0.46271583856605786,59271193194.285995,48076091788.79204
2506,-0.6000249695613906,-0.9806447258545054,0.43781386653361676,0.46656154630632496,59840846915.59739,48558214656.14693
2507,-2.8401162045156845,-0.5827923738622103,0.09850979345438628,0.4655221712227944,60442375440.30604,49044819526.510605
2508,-169.83203004223432,-0.6052165304237679,0.6672865826861051,0.4666001142697297,61122843711.90661,49536523854.29765
2509,-0.5195894882598525,-0.7221818574015234,-0.05907736847200642,0.46767459427622365,61658653383.858116,50033161968.88329
2510,-601.1173584077337,-0.7825692352933984,0.8908730553990886,0.46868628540046936,62516766298.830574,50534770856.25715
2511,-0.3757996812936398,-0.4893746221789994,0.17123568432168762,0.46818901921726125,62903478052.57546,51041260388.00702
2512,-77.34019854815065,-0.8697408976649721,0.6010572937032236,0.4677984174007929,63567040211.680084,51553127259.73538
2513,-1.0751811288291555,-0.8228159872181313,0.5998760263844761,0.47124800461363814,64169893579.8396,52069912646.9813
2514,-0.6748014178448654,-0.5019800028969243,-0.04233114155052447,0.4712412045204806,64814971149.145874,52591769537.4325
2515,-25502.535375332613,-0.6353868442343978,0.9309397412768888,0.4742101378737077,86414219031.2288,53119061117.62814
2516,-0.4035232287968045,-0.8684283388958686,0.18944205325142918,0.47260295713267275,66170322054.11318,53651693637.2543
2517,-221.26385760095854,-0.6364271393490684,0.6139560365563166,0.4742111274148086,66957771747.27864,54189431456.40979
2518,-1.630829469137655,-0.5528925390533133,0.8334414949608234,0.47481218348451465,67500967779.990005,54732647400.76369
2519,-0.4485515866997909,-0.7757172943536298,0.23010045866632528,0.4781841409075652,68175747123.359276,55281453172.44833
2520,-45.78500271731882,-0.48261690767905113,0.5321257517987492,0.477970917102588,68883270553.2313,55835510597.93564
2521,-2.754584838778908,-0.566573676907407,0.6138768359287727,0.47955134266422583,69552394583.16364,56395293569.438995
2522,-1.2856733892914136,-0.5507844495870621,-0.026656297837043434,0.4800581327289365,70248759180.31316,56960660811.02181
2523,-60732.64176702883,-0.7117189982477599,0.8558486281365963,0.4841749290895455,143343635228.87766,57531759962.82486
2524,-0.3944585763355237,-0.588983705196303,0.16537541914297565,0.4819062550643699,71787046170.94966,58108483215.544754
2525,-72.16228220879756,-0.5782005492892694,0.6023624466351413,0.48688466980815504,72547591555.19269,58690988868.007164
2526,-1.0758553852015793,-0.66423856108299,0.7868869996131105,0.4842492861655926,73233151221.22739,59279440128.47231
2527,-0.597555063488292,-0.546515843770165,0.017349303229780948,0.48885337805452284,73966464343.63086,59873626458.82735
2528,-69.85946504062501,-0.44284386671572634,0.5326215209911231,0.4879275409627796,74737362314.50966,60473822024.51284
2529,-1.0050474191493168,-0.5557190821713468,0.6144780780246143,0.4922923894470288,75457644025.7482,61080128409.34901
2530,-0.9582837473778142,-0.4937474098347615,-0.0063921371492494765,0.4905021611289114,76211277342.32344,61692438394.98684
2531,-5499.885893483072,-0.4600903763886269,0.8224432751711229,0.4937016541965422,81115232397.61668,62310867585.971245
2532,-0.26428488157801466,-0.5835973054524561,0.14037849667574484,0.4915410985017912,77762585479.05658,62935599974.40527
2533,-28.976272844249046,-0.6229526496223803,0.46852226296504573,0.49623207118645435,78559280923.41068,63566539509.25906
2534,-1.6460458335483121,-0.6342713965513571,0.5782447577470694,0.49467281474879493,79329621465.73175,64203825328.30621
2535,-0.703629687020312,-0.6065848640267861,-0.05241578408070898,0.4967843565848736,80123156181.31706,64847434757.73965
2536,-2130.0044869573194,-0.7348781362942883,0.7562885978079378,0.49561647612768006,82069112700.10924,65497610752.362305
2537,-0.28377598869693144,-0.5816754054600085,0.1607055990792114,0.4974415070847327,81742928744.10812,66154139159.58678
2538,-20.13026913216438,-0.6598361487705241,0.35694697429928224,0.49630862264863634,82572855108.17159,66817379063.54212
2539,-2.7760091468266763,-0.5459620694825302,0.5078021195486104,0.49632067350387493,83392240256.84053,67487150521.18834
2540,-1.029966135773673,-0.4298475779553659,-0.11259126342282118,0.49645617475919196,84225321856.21013,68163661056.08788
2541,-7284.479343607062,-0.44379682080082555,0.7165168137382635,0.49521286931898284,89629202488.02759,68846993658.16788
2542,-0.3524870132674826,-0.3959092005447533,-0.06796287021216822,0.49592329570837573,85936214876.5769,69537179490.8905
2543,-417.26100232698576,-0.4515330227036559,0.6017068674306278,0.49479445645017756,87036486928.36885,70234312722.18172
2544,-0.4984478160751153,-0.48746839900334726,0.33980729136399856,0.4944067705992788,87670906401.63484,70938434334.87686
2545,-1.3804670309293945,-0.6377842735050746,-0.03108348829417059,0.4955263161306173,88550251591.22676,71649683861.64287
2546,-1025.0236454309766,-0.7368749051103757,0.6834316316025549,0.494635629903086,90092794491.7501,72368006003.91298
2547,-0.5384663129620735,-0.617324036055488,-0.08061307300413925,0.4960199016438477,90334698623.26965,73093434385.63853
2548,-89.28154438912476,-0.5991934250850806,0.5444760067807265,0.4953401800658931,91290331640.73096,73826201839.3179
2549,-0.6565569589487659,-0.6263408140204179,0.4874219253970277,0.49633234155312644,92154233632.88101,74566294969.66835
2550,-1.1257066062348395,-0.569066517878179,0.052561865470720046,0.4958001861089354,93078898961.9488,75313808573.15102
2551,-2507.158803797765,-0.7574249812259334,0.650264894693286,0.49692792503423766,95684005345.1566,76068913514.9019
2552,-0.31010278412073183,-0.7288367713599401,0.11910547497168716,0.49540773936323734,94958969377.24449,76831528000.71338
2553,-26.562077745068656,-0.8829035146986299,0.45818908955563087,0.4987947054384154,95926357388.97906,77601851256.79214
2554,-1.426588319602989,-0.5376944235266679,0.5157986298807827,0.49851575101037376,96876364883.40489,78379612318.22726
2555,-0.889345515455513,-0.5816825318726079,-0.12233774147642228,0.499709169470489,97845961264.39691,79165366849.31769
2556,-17840.847594001138,-0.405002115581968,0.5241364452582298,0.4999735970592487,113913091277.37105,79958928811.73134
2557,-0.3300908334094594,-0.6793449208946118,-0.21560039470403666,0.4989872389932476,99855070699.86041,80760640852.38715
2558,-112.2958539701922,-0.642921442664427,0.3067416082719378,0.5000985695607824,100935314082.22816,81570280438.51224
2559,-0.9792567959372759,-0.7594608870084285,0.18810263241296477,0.49964368856164154,101866042081.20538,82388070987.23088
2560,-1.8021002935945598,-0.7472543725312357,-0.07024883850821113,0.5005434245564917,102888262319.20444,83214016969.51584
2561,-116.4092359979611,-0.480097766809961,0.4790875661833405,0.4985977637329898,103994537002.4178,84048082142.92664
2562,-0.4639762116299953,-0.6273220035999996,-0.2199593753635963,0.4990054272460551,104967032869.82877,84890756008.7859
2563,-1859.8141007587647,-0.5479686161483072,0.6509283836480666,0.4967658105714314,107008511765.72826,85741715450.91145
2564,-0.33596947781527403,-0.5379219975550897,-0.036140781460173334,0.4974369217987072,107081728322.51936,86601276028.19481
2565,-31.303904405495523,-0.5012612223145796,0.2907117993304794,0.49590500505467805,108172051993.29178,87469433643.8397
2566,-1.5797194930849292,-0.5869933290603905,0.2629596464829865,0.49615121234537773,109239316804.55232,88346364581.38248
2567,-1.4124521108090622,-0.5471932624161077,-0.14675659930839013,0.4963294033296264,110333386686.73273,89232027662.67302
2568,-1456.1359493225955,-0.5129513678563112,0.5025806132513871,0.4963700896729546,112461109403.1951,90126544922.43292
2569,-0.6829411614636017,-0.5499833747489439,-0.2839314514345415,0.4924766516750322,112562715344.96556,91030077933.53604
2570,-44422.74694446678,-0.4908526410537122,0.4663537686838761,0.4941827265676098,162301731622.75793,91942647928.92648
2571,-0.8373641124144963,-0.5474428815510208,-0.2572776465690894,0.49108137457746004,114932346322.43826,92864376122.45874
2572,-149.87168617096665,-0.6494712214630258,0.574740529688886,0.4942796546351186,116201631533.53831,93795403153.27257
2573,-0.39547209753749246,-0.4513090801855754,-0.2678230252820627,0.49069123432175527,117251205851.85985,94735596061.91307
2574,-584.8719899108139,-0.5269344483815052,0.5082919192727031,0.49295282763544596,118861067940.05443,95685371015.54755
2575,-0.5267264871111679,-0.5686082481025506,-0.04053626955568661,0.4907795159595779,119610506129.23506,96644635401.63559
2576,-31.07281365176713,-0.5116253559554059,0.301377319538064,0.49268658494531337,120834661042.42926,97613471825.58923
2577,-1.2190580593238163,-0.4275189778414988,0.20013793046170933,0.4912941623245943,122034029539.75703,98591984869.89603
2578,-2.1240451801081117,-0.39143074230460695,-0.04709410133927859,0.4911249407085631,123251599653.12123,99580355918.55489
2579,-20.985138856745667,-0.6000273127169614,0.41824979130489437,0.4909489206720431,124491684494.01256,100578766020.15938
2580,-0.7242053924145722,-0.5673943710170618,-0.2662417435736874,0.49120853240091167,125725088430.76042,101587069100.39922
2581,-30675.590114556122,-0.47070663504143206,0.38433196303058953,0.49008638088183903,153017796627.30176,102605406628.98811
2582,-2.30231154110808,-0.682000725715096,-0.22351488373935793,0.48936544511870933,128335383083.04076,103634161412.81805
2583,-46602.653676485235,-0.5639297891533408,0.9341005099571461,0.4896372136472592,177724461145.06973,104673024227.61649
2584,-0.29070887454136857,-0.5681089648027192,0.007714246702572638,0.49066611245273567,131022693505.37965,105722366926.82022
2585,-792.1550175831023,-0.549779430682064,0.9242757109570987,0.4900269686291336,132924364476.12279,106782236591.45264
2586,-0.26583450084818316,-0.5361749184038047,0.12993277632438677,0.49259345992767056,133663738776.30165,107852733164.96106
2587,-539.1751293566832,-0.5299329391484398,0.7526918162258798,0.4904993663448178,135360356972.30188,108933929355.57994
2588,-0.6232963113777683,-0.48151275306871366,0.2958918040200807,0.4916730502761112,136366528230.26678,110025970557.15735
2589,-24.307121487171308,-0.6594401399583992,0.5745597933703003,0.48853242955999643,137756389352.93085,111129079843.11949
2590,-1.8852563522020005,-0.5275460424149593,0.46234159409691616,0.49126445555038323,139126048272.14188,112243080755.31664
2591,-2.1277080013573144,-0.5242534031747578,0.31307680792854375,0.48890401535231726,140507812700.09412,113368301336.33368
2592,-19.71942800785114,-0.550719482156479,0.6549286202503818,0.4918554996932645,141929495870.86487,114504827841.06458
2593,-0.7613771636179278,-0.6829456913047497,0.11296181773772515,0.4882676746698708,143341490237.56363,115652835647.86748
2594,-1669.374465649052,-0.5732919552547351,0.8306791320234744,0.4918836294317289,146129567203.22543,116812190316.959
2595,-0.3401729260476019,-0.7477431798562683,0.0036828176297532414,0.48858730889856705,146238610424.4174,117983347454.60751
2596,-34377.76243086102,-0.5864485783527255,0.8784479379491708,0.4915454584156069,185318450317.08005,119166031484.78262
2597,-0.33871988385269775,-0.5298230179915908,-0.03145981153561384,0.4893468681827603,149271183197.3344,120360612811.39331
2598,-1077.7156342017036,-0.5404008771244838,0.9554886223006076,0.49144136294385804,151724567815.91193,121567253009.96956
2599,-0.3301043287449603,-0.5142392886570871,0.066421931652239,0.4892042141043462,152285157657.6423,122785931273.95248
2600,-342.0977582826936,-0.48320736796144564,0.8570097872303611,0.4903589644803025,154108491107.97968,124016856671.59988
2601,-0.4619988470979316,-0.5202976507608497,0.27163863264763366,0.48854540862909424,155340340899.78412,125260138342.46738
2602,-28.306123302926487,-0.756282057883667,0.6476424978700109,0.49340367444664684,156927891146.1638,126516048853.93513
2603,-1.0039268195645343,-0.5442751807479176,0.46914140098133933,0.49061971104140994,158480900304.66248,127784208487.0113
2604,-2.9119345833500474,-0.4616013020300224,0.40923677660280694,0.4925125781121087,160071319467.50662,129065191719.04697
2605,-8.153925327025634,-0.6986669997949273,0.6274974538142194,0.4883109574391134,161675143059.1272,130359239844.07512
2606,-1.2432676360161383,-0.4190540841918957,0.22703018606817008,0.4897952433027172,163292271239.67343,131665888736.84306
2607,-316.06790682091264,-0.6472294787240472,0.7649806306117951,0.48611773201197944,165180691755.82782,132986041364.49295
2608,-0.4792499632685098,-0.5945743876609285,0.08090466991761867,0.48812217593442647,166581108201.32098,134319177331.39035
2609,-9749.024635575213,-0.5503293115046356,0.8990884489084241,0.48450030623496626,175437636591.04852,135665692294.60039
2610,-0.36488316259555703,-0.5403455153224622,0.0292830331235156,0.48586026411835354,169967480564.06036,137025721151.72136
2611,-14563.66403225225,-0.5709081388753299,0.9297991142336374,0.48312777032474563,182770214014.47845,138399417526.57922
2612,-0.28122989705881696,-0.480908538659555,0.06821679879724317,0.4844425098197506,173412445550.2107,139786813386.08432
2613,-87.87218182258408,-0.4819271259717347,0.8399148050908648,0.482169277211273,175224829909.21802,141188169709.68045
2614,-0.41449042881802395,-0.6020823521284693,0.19218724806603976,0.483639512827145,176912754523.90933,142603708909.4759
2615,-84.45060443740883,-0.6022688225531758,0.7551951646015824,0.4806841463366894,178783067628.71896,144033265967.9209
2616,-0.5895551164471226,-0.3904559715687244,0.372764697609035,0.4819440470271752,180482371952.3648,145477079045.96445
2617,-3.149927515768071,-0.5436890026298777,0.4638384221095929,0.47893852174113843,182299154668.285,146935585987.732
2618,-3.581216921392064,-0.5936538188490672,0.5768092792760187,0.4811530104774745,184129696975.76175,148408642953.69943
2619,-1.1443661879940976,-0.5962622141999429,0.2253826511984302,0.4787287919403174,185973096829.68716,149896439748.05948
2620,-129.86458059401997,-0.5159523436883486,0.7096807582475008,0.4811416811455242,187946709795.2389,151399096704.8514
2621,-0.6845294546636584,-0.5184851929803999,0.09778994827784654,0.47915874433374755,189714836149.35208,152916871599.78308
2622,-1151.2651061908946,-0.5297970776085092,0.8543918832163685,0.4816404232297685,192709878463.83023,154449886268.44815
2623,-0.3509582457480962,-0.5629279724232479,0.10237445453574656,0.48014896281937164,193534579408.72382,155998259556.40103
2624,-431.25079658937625,-0.5809725341307903,0.8482615598555473,0.4835221352922724,195904017861.53333,157562180170.4385
2625,-0.3148528463903388,-0.5363674936679457,0.16580216656951652,0.4814481553110503,197432301944.8409,159141688876.6551
2626,-85.48765479579777,-0.48515901483174173,0.7710939956128888,0.48419630238776284,199501911472.47894,160737058292.338
2627,-0.6091797842719797,-0.5526583790645875,0.33057981733500524,0.48069540982848374,201412764380.64923,162348485712.1819
2628,-8.974838070817018,-0.5855771683092456,0.5846001894363549,0.482963252077484,203443477125.23157,163976079119.81973
2629,-1.980939827810095,-0.5920801373891923,0.5001133058704545,0.48565269991702315,205479462058.1939,165619932314.13266
2630,-2.271104327613828,-0.6593252618651333,0.3947028523750181,0.48249565033951886,207536597251.14642,167280343684.67422
2631,-7.377453163836933,-0.6628114667044409,0.65223597135498,0.4859047322081041,209624435028.6875,168957304691.3151
2632,-0.5179845216202569,-0.4853116174747523,0.21694303432345863,0.4819243927576499,211726569814.63837,170650951131.27426
2633,-240.1998234141104,-0.5620549958421355,0.7829217788238911,0.48481888338831197,214068388302.43866,172361779373.50156
2634,-0.3703015764754779,-0.5617895727760028,0.12237581722027766,0.48181857767404684,215983119367.4922,174089735816.46887
2635,-590.9949469195118,-0.586759760343334,0.8771943504462919,0.4857020064484478,218678995534.31943,175834992687.89008
2636,-0.29331479941186445,-0.6770976882360358,0.17164199272350314,0.48225693761620664,220340497288.67026,177597822613.20236
2637,-11.326278289733894,-0.568063033129658,0.7148727524584941,0.48515719157210807,222557279587.24927,179378150548.13852
2638,-0.42759008172678564,-0.5608559970584672,0.35246478214713306,0.4813596447059922,224770684542.16177,181176407467.32874
2639,-1.8233403223428972,-0.4671972366599321,0.5094769452899153,0.4842981749173701,227020588136.83548,182992623114.20575
2640,-1.6159743410625647,-0.42617902444053685,0.5197127750789755,0.4809230236888028,229309584189.11807,184827094465.8266
2641,-1.227811951314969,-0.5253385929059132,0.3303130466894749,0.48383554987667127,231618659721.99606,186680070970.86438
2642,-5.855176284008248,-0.58366203787301,0.6719558491969033,0.48035171053157427,233941812428.54028,188551593490.92557
2643,-0.3166154006774172,-0.5578868717110077,0.22684893259003452,0.4835237717620862,236274476525.2812,190441787143.25082
2644,-5.6324670849878515,-0.5973563917982275,0.7756763461140674,0.47987632851671064,238649667252.2021,192351019017.14923
2645,-0.35794688848123846,-0.6615181191674079,0.19711502681274778,0.4842848918281403,241026964906.8746,194279385744.7556
2646,-0.28312552910593997,-0.6186670654645605,0.7328383730351445,0.48060477633579846,243461241677.15964,196227008146.87292
2647,-0.3097969547231529,-0.5115583379198572,0.2237200187663592,0.4839161439807227,245887323927.8517,198194079399.78915
2648,-2.987980233042263,-0.515653495158581,0.7274159088723623,0.4795031993649516,248369117742.3973,200180951227.08438
2649,-0.3728364232467219,-0.6431509343299895,0.24565712589688776,0.483755284971948,250861204844.77405,202187889094.96133
2650,-4.426929963586405,-0.3981774237164664,0.4937025846274929,0.4817846189668179,253370706501.39304,204214610138.46075
2651,-0.6781384896798922,-0.4757038101472552,0.4766128176350647,0.4847745040044992,255889606138.2947,206261910592.293
2652,-0.72851811066575,-0.44510250309121285,0.2817744458113521,0.4810134196386166,258472446306.7039,208329700227.11182
2653,-4.206784886134801,-0.4445071030050604,0.6257408273655375,0.48458079478644356,261069448390.585,210418175897.21
2654,-0.2688425511419823,-0.525539339245727,0.18379351844523187,0.4809993859858386,263698363219.9139,212527707589.469
2655,-1.281935345298664,-0.6049250843886725,0.5188080499964147,0.48475172442255005,266322602243.12112,214658355031.00208
2656,-0.4817275025979475,-0.5872892136035073,0.37062622245021254,0.48064964881529604,268986906278.96768,216810311200.24902
2657,-0.48230762353764456,-0.569467356530193,0.29344035442857835,0.4844025302687394,271697537608.75504,218983815800.2409
2658,-0.4470236188435309,-0.6292207579915416,0.46009025185428326,0.4810627542932672,274399398648.9003,221179174851.4978
2659,-0.37605510744854065,-0.4867345912901009,0.3693602042027706,0.48415063402633524,277175326308.1079,223396364550.56998
2660,-0.46381725135843294,-0.5208062960428477,0.5361397768638538,0.480660765793498,279946498145.26135,225635978909.77454
2661,-0.3107593342722737,-0.5779827251822628,0.3258412022171421,0.4839708590480968,282727831149.1745,227898020677.2532
2662,-0.3968590664313635,-0.47729936960602126,0.48105147299616985,0.4807277959524265,285573542361.75134,230182609488.41293
2663,-0.3277704591630554,-0.48324294277431873,0.2796875821220827,0.48349557850583474,288449362391.3755,232490164964.33875
2664,-0.47797861198866165,-0.5924994478319879,0.6102593519640626,0.4801303488948606,291345575076.676,234821014186.16678
2665,-0.36239431914384673,-0.6653178592202699,0.2555132231438269,0.48419339473429374,294256660245.9437,237175145511.2715
2666,-0.6035133966673254,-0.516853870029087,0.4890000919106301,0.480942479636318,297211660032.78595,239552708427.90402
2667,-0.3474361033521389,-0.5097697989351541,0.30997241706805095,0.4828518082649671,300178225217.8016,241954191200.1246
2668,-0.7973410767466247,-0.5404717511892319,0.48460964982403565,0.47993640736365734,303197997325.0641,244379845202.20386
2669,-0.4254924329240188,-0.6201309832207949,0.19649087904867255,0.48432801376771806,306239821577.5133,246829817734.22836
2670,-1.2199882486805715,-0.4762844450606414,0.37714929983206125,0.4816739823233797,309299868618.6526,249304149265.44147
2671,-0.9313229569229623,-0.4833502884343615,0.3944242203448536,0.48484560291171064,312423389175.45514,251803397071.6845
2672,-0.5595467114339956,-0.6232798622644379,0.14101006401879562,0.48272256111311074,315550845795.8594,254327877615.9155
2673,-0.6500603493893369,-0.6402289426184236,0.5250674144804015,0.4857805969125632,318704798194.73987,256877535604.2399
2674,-0.3297352518884946,-0.5239389711046037,0.09394624049163552,0.4814495260476677,321899890733.3241,259452655207.4894
2675,-30.680867784826937,-0.5013963363319349,0.5440775106345023,0.4844756077298758,325165558351.4999,262053614326.8205
2676,-0.37512915355417614,-0.5267163319403428,0.06259151873661671,0.4817803986811218,328368949764.4209,264680750419.21066
2677,-2.9776339749791996,-0.5971864776995387,0.4292968660316713,0.4842935612545333,331677950167.5806,267334223306.84415
2678,-0.8310918334547773,-0.42402787060664227,0.28273426159565535,0.4816007960525279,334996654598.19135,270014064956.58435
2679,-1.5714793465855437,-0.40800108478185143,0.1240080890740597,0.4837352272921887,338371611396.87885,272720945099.896
2680,-25.674650638359104,-0.5086475933072854,0.5150661573716071,0.480046347632898,341783212311.63696,275455081603.2323
2681,-0.4615373486910656,-0.5336849638668555,0.076668762591045,0.482775426868222,345168003703.5462,278216544139.1266
2682,-13.632107240537156,-0.5946449616210195,0.6846437784956881,0.47990322628646165,348663354581.93787,281005754280.85565
2683,-0.44977429803791075,-0.5963972293982016,0.12643076905996686,0.4830621710319994,352131226348.92035,283822802189.34375
2684,-11.29453102731328,-0.4149246727777678,0.4288643445681975,0.4805734510079104,355666313134.5343,286667932106.02795
2685,-0.5809053316927731,-0.8085183863531158,0.20714928905242555,0.4851961149888166,359234985360.5595,289542196315.97186
2686,-0.2590718983839323,-0.46413164032938103,0.35733612887690225,0.48299326171023427,362824175810.3579,292444479826.7593
2687,-0.84869782644636,-0.5787878392040434,0.02089084664878709,0.4857871695857504,366461011604.8553,295376394587.11975
2688,-1.0679201264468587,-0.5753190400712075,0.38551675251305867,0.48320908631570536,370139494736.91473,298337558672.8214
2689,-0.3493989920365367,-0.5129709794028595,0.1465113502372005,0.4858282107238656,373834488807.82556,301328318337.3092
2690,-0.4389793471686549,-0.6253072397253009,0.48092142078327965,0.48297136171961963,377623758891.0161,304349247118.8143
2691,-0.32670298228648387,-0.5704389273836319,0.13549423684797285,0.4855159185324864,381374760446.28375,307400288624.3072
2692,-1.206458289842873,-0.598731760218219,0.34494173841847947,0.4829595536539053,385227824131.57776,310482032438.07635
2693,-0.5217052237517866,-0.5379967513906502,0.2708010661739388,0.48493264105521744,389073327479.8158,313594521011.52936
2694,-0.9484211163216719,-0.5473151722438062,0.2693462499122615,0.48258141755316436,392969102084.5061,316738317249.8603
2695,-0.470408548685078,-0.6118695477198782,0.45804092451062084,0.4852283202192364,396906733701.38354,319913713413.8515
2696,-1.1274663911782348,-0.5216434885854588,0.056547278775161906,0.48245163937012603,400890127105.5068,323120732510.0134
2697,-25.926151769700876,-0.6035809529830942,0.5453698786407822,0.48433697696726286,404940014492.6271,326360088972.63763
2698,-0.3928782869770666,-0.5356495789372708,0.031002404556551216,0.4818241539372335,408978464772.1384,329631796243.02435
2699,-2.7114834002271384,-0.5285167160544595,0.7608016998392614,0.4843141910440302,413075802945.65906,332936322942.93054
2700,-0.25728641330322904,-0.5933990634807121,0.016713047018099236,0.4819090951907036,417217891414.5114,336274098872.48016
2701,-31.153469779949237,-0.5283905715682737,0.6786162552018598,0.48388962180280515,421434959257.2805,339645150474.4992
2702,-0.41086333978472905,-0.44976335101378345,0.3643225999924318,0.48154244339598806,425611358401.629,343050024639.0727
2703,-3.604134795132385,-0.5187386117770125,0.4084160927281322,0.48407921160836737,429887648335.1308,346489171518.2404
2704,-2.896560366237033,-0.615915640851683,0.5770184323820694,0.481089849067036,434194986081.7905,349962877485.5651
2705,-0.8012760237874293,-0.5697444306275972,0.13953011357381495,0.4830744340279191,438549773285.7594,353471164278.3958
2706,-530.5029487443741,-0.4885162620769456,0.7709253331688231,0.4810977948264253,443654004467.8252,357014610597.0992
2707,-0.4030945393330687,-0.6159103414095503,0.059946967796560766,0.48402097978543773,447377778373.9392,360593857137.5125
2708,-1440.1895381915037,-0.5523430011585472,0.7659359486184758,0.48154796314107473,453864372530.6475,364208732136.3586
2709,-0.36551963721880204,-0.5154138166087002,0.00846080208965991,0.4840977489770707,456405620478.34674,367859849449.4314
2710,-36.774190017870666,-0.6248748979969484,0.6262893213169196,0.4822232438169786,461030906296.908,371547832843.28485
2711,-0.33222905907082967,-0.4957971976652891,0.23306348881084019,0.48475587472370085,465608447530.5356,375272432335.3166
2712,-10.634624770795567,-0.644860928786961,0.49982807905247933,0.4828356355988559,470289300930.0229,379034728257.1746
2713,-0.8324334025561204,-0.6774820969307331,0.5225336705918912,0.48581480900124957,474987800323.0166,382834555651.2622
2714,-0.9118241649697607,-0.6528375815549882,0.17877709749445994,0.4831513175012943,479754341929.05554,386672472252.38727
2715,-127.78463279082744,-0.5198299758396803,0.6381208287761385,0.4854777103430263,484716252134.0823,390548701542.6075
2716,-0.47518394486650245,-0.6547616045653883,0.02067971557820423,0.4832435392489736,489409025332.4065,394464102678.05505
2717,-3100.390904322887,-0.4960035031773405,0.7589677241084319,0.48453317379995736,498658949316.7376,398418399773.8204
2718,-0.38532502986657213,-0.5612895763620397,-0.0012273844614227643,0.4812670926837602,499280501348.30426,402412629566.0079
2719,-607.6311631929065,-0.5535071533040333,0.8284602230161474,0.4831554858365454,505143642353.206,406446785245.68585
2720,-0.2985265914541457,-0.6628288252975058,0.07090227143390583,0.47982643349559145,509336185888.7085,410521593243.8833
2721,-396.11401453642486,-0.686150610406364,0.7385886551974009,0.4828147476221429,515036097518.13464,414637089697.15894
2722,-0.423958468051268,-0.6198804345817835,0.23055396207309467,0.4805791933306116,519589975424.58,418793759486.1832
2723,-8.993012456749005,-0.7150368075101942,0.5510504281326405,0.4836802095448216,524838663551.73486,422992308794.6764
2724,-1.1026917079418967,-0.6575386152062224,0.3774540985342594,0.4810069746284124,530080102836.1897,427232686399.1833
2725,-2.0622271848789597,-0.6480102191901984,0.3703709996293454,0.48313922307025814,535426226297.92365,431515676623.6605
2726,-3.9586520077703904,-0.6358714171013254,0.5492901768898786,0.48113976554173343,540783201486.8903,435841652876.69
2727,-1.0612575371314878,-0.6091680166845053,0.19278263318854133,0.4833298755970978,546189614195.3066,440210885106.52094
2728,-121.33781349903597,-0.658905082784915,0.6887774346166557,0.48091662939071683,551847808008.3262,444624083408.44824
2729,-0.45372657429020563,-0.6355353177657906,0.029157693691719198,0.48193639996709703,557195781145.2107,449081405352.7395
2730,-7425.593098238953,-0.5494546095793476,0.7844645082454761,0.48015810283365595,573792622239.1145,453583372150.18024
2731,-0.37436036423959446,-0.6217398452140529,-0.08191291865064673,0.4822629771657686,568460097825.5352,458130618287.1781
2732,-18984.155045615622,-0.4730156701111433,0.6820424184422259,0.4797456734195682,604416588535.7003,462723152346.50464
2733,-0.4774593674762453,-0.6476523156860656,-0.02416598213644814,0.4820578978523911,579999504520.7343,467362219075.7906
2734,-165.9646081860442,-0.5273174058340252,0.8506967066629093,0.4797355188767844,586067087154.0691,472047397045.2541
2735,-0.36619033801286877,-0.6652636694969638,0.008507337183538646,0.48310620713905095,591704755065.2458,476779865606.466
2736,-194.9685028847605,-0.577270661660448,0.8282895175059641,0.47999768927431435,597947735280.6497,481559410546.61774
2737,-0.4576819169917762,-0.6030105268939502,0.14503619567508383,0.4828561202477945,603612875550.7686,486387098968.6265
2738,-128.74895617438654,-0.6268598838958728,0.7384554375145679,0.47946392027636364,609878211350.7502,491263210640.8981
2739,-0.6154684862686052,-0.6442322110573524,0.2908491589918692,0.48220729074057644,615786345269.6614,496188096148.7866
2740,-16.50193551083298,-0.6231713048223692,0.5815597548253311,0.47835755909383004,621999341899.1603,501162369468.12024
2741,-0.8789311855361929,-0.5441703340050328,0.4782864665656328,0.48046252578852194,628192381059.309,506186394938.7177
2742,-1.802754353135752,-0.6820564316274713,0.33995258249924265,0.47744036727891004,634501003246.6318,511261147184.1107
2743,-10.31755503688268,-0.6942063916055349,0.6250917129020648,0.47904902052368065,640855825982.6785,516386519587.7509
2744,-0.9778947813077706,-0.6166135063162755,0.13400096906080128,0.47546714000782736,647285776576.0498,521563227041.2655
2745,-617.2011465624806,-0.6418291560943441,0.6581390631419979,0.478080754662596,654759047557.2689,526791863099.76056
2746,-0.7410159474392578,-0.6752458625172221,-0.014511141234161197,0.4740173018918638,660324355087.204,532073064821.4085
2747,-8053.863281641177,-0.612949555265992,0.7973171597718365,0.47647237290238104,680314017663.9467,537406984828.4793
2748,-0.2818999598285634,-0.7006560466215844,-0.025364489160758907,0.4723601694037408,673655145326.9052,542794631325.3172
2749,-157.65100640899402,-0.5504465346985001,0.7807923423653417,0.4744622031265886,680674154055.506,548235912135.12946
2750,-0.32364709057434243,-0.5636897430200638,-0.010003747868039576,0.47025114026208703,687248880447.3502,553732001142.4509
2751,-245.64783985395286,-0.7857323333632296,0.7083848401466797,0.4735143700484001,694554905825.351,559283477120.255
2752,-0.5103170521437412,-0.5407286390391479,0.18198785663638328,0.4703401280274945,701099419820.6052,564889957212.5187
2753,-20.602578644356335,-0.6945423860117962,0.5274954275982915,0.47380249809087216,708146624434.2952,570553189597.3113
2754,-1.2340279014915643,-0.41927801853910873,0.3498242295920569,0.4707876272098189,715232255970.7253,576272559749.0376
2755,-2.225372570821252,-0.7033432947363145,0.3205588187904367,0.4742683461891122,722392075915.7344,582050165886.7803
2756,-3.9172773337142472,-0.6737791569955729,0.45867260617766725,0.47045825688412884,729633490366.7443,587885144231.5906
2757,-1.7618013253267335,-0.5158057241014894,0.18094758054294324,0.47272842018269895,736954739064.511,593778455201.9008
2758,-26.788388737191287,-0.6219999901693221,0.556806685434541,0.4686769239091843,744406114374.9203,599731279558.1017
2759,-0.8056942305605459,-0.7429831629202821,0.03761171808487487,0.4719311824485534,751781367608.9683,605743744800.7886
2760,-809.2503157196949,-0.7200689438317547,0.6482281198886062,0.46773820075630573,760771501450.4893,611816316480.4258
2761,-0.47324531684595855,-0.6406083404402091,-0.07886861445716208,0.4701793418969004,766956560294.5695,617949581341.3341
2762,-3881.8901692561103,-0.8843799860602314,0.47626803219258906,0.4666294606386054,781601692250.7751,624145027865.7382
2763,-0.3602940135137976,-0.7971509928181728,-0.21839735904714522,0.47003264008137746,782430131758.7161,630401879395.7997
2764,-2.7335398082950135,-0.5060591860908431,0.484448711639717,0.46671923321132686,790298688185.7882,636721223499.025
2765,-0.4053740981525793,-0.5895769581162398,-0.2543790061575987,0.46977279800970706,798220074898.9176,643104477544.7805
2766,-176.1827945566002,-0.7646868881963901,0.5705007466762017,0.465303116763342,806504744604.2152,649551855746.7588
2767,-0.45836524153647357,-0.6101705453553554,0.045679976738698926,0.46886282308572985,814287445902.746,656063357616.8903
2768,-1.977854441496785,-0.5529427661792975,0.3177093683137606,0.4658902615118195,822458123178.7361,662640346620.668
2769,-0.6808260839785367,-0.5509843979688616,0.6578163920486613,0.46671208785237206,830698838892.0483,669283271946.0543
2770,-0.46754269905882756,-0.8115176928662745,0.05464266991755854,0.4639183049972486,839024664452.184,675993289202.4415
2771,-101.01139225843049,-0.7607148278192529,0.594292738931378,0.465879705778439,847631097864.5642,682770055753.4125
2772,-0.806574564323382,-0.5675711167477908,0.6878938959490981,0.46340534231493163,855927132066.7366,689614493384.8795
2773,-0.572447199012099,-0.6129625194524595,0.06546116445042463,0.46509505861234474,864509454111.0792,696527930970.0459
2774,-113.18326730262841,-0.7666610216474783,0.030105057987532963,0.46197589203889844,873357007688.8208,703510902018.0746
2775,-0.4054494872620154,-0.9971767178093348,0.08611813313460612,0.4637469643504312,881923941704.558,710564003467.5647
2776,-0.63397063595037,-0.7770901540879167,0.01215394803462244,0.4606055387985725,890785410485.855,717687057484.5496
2777,-1.6273319870779681,-0.571325179824258,0.23160294732544331,0.46202201105862795,899699137909.3834,724881505359.6097
2778,-9.450654917245645,-0.7270676039301065,-0.008525804402331708,0.45918688548791475,908742811017.2539,732148726360.2588
2779,-1008.9133591771985,-0.7455165611356276,0.29918880273798826,0.4612755377082398,919766769144.419,739488511175.3953
2780,-5.102704825192284,-0.7819532320822732,-0.1238944889715478,0.45905365529607295,927041328015.7749,746901955242.9434
2781,-695.066827387328,-0.5935443173432378,0.8122047502489241,0.46077480855572983,937790321051.1412,754389285215.606
2782,-0.33483916245806833,-0.7646613059747517,0.5815955788388621,0.457591779412872,945717014534.6927,761952360632.8723
2783,-0.9218238033762018,-0.8272273701136074,-0.06073825261610154,0.45958923146015945,955206552900.3793,769591053750.0662
2784,-57696.475151605955,-0.8786533007558806,0.12050418099966785,0.45636026259963297,1073702085097.1927,777306367333.5778
2785,-167.71499812866915,-0.6735560322603524,0.07420986561724216,0.45791501074271684,975064465207.7212,785098394784.2885
2786,-34.76702360590987,-0.6817151036795208,0.8065808332405963,0.45579377828620266,984594706444.5746,792969076127.7115
2787,-0.30806831455267253,-0.5218930660371021,0.48105403526614104,0.4564359054190501,994389197035.386,800918297705.8751
2788,-0.7064572926964485,-0.8142186954088836,0.0019727587575067503,0.45381700976139167,1004357699115.8219,808948018835.9436
2789,-789.5014011685938,-0.6999443232701312,0.20209140410824217,0.4551704420158193,1016134268926.865,817057506890.6808
2790,-38.7010909996769,-0.7053187016296535,0.41094300593710353,0.4531222679958731,1024673478374.3987,825248547076.9574
2791,-1.5528874073435326,-0.7086422425808164,-0.003997955897099422,0.45431515672024975,1034870229819.5143,833521629949.5352
2792,-6771.410263900964,-0.6562836093825238,0.7181901073657564,0.4527797358225967,1057389437470.5831,841877655596.4683
2793,-0.6934135248782858,-0.7855904058519126,-0.05875434882020756,0.4543284501592554,1055758301168.9391,850317681633.0043
2794,-36282.586552326145,-1.0375773992226194,0.38095105413066604,0.451528677491016,1135630828457.9995,858842626629.0363
2795,-2.622428195940024,-0.6378993712846271,-0.208193149138582,0.45237525751712326,1077235031547.7618,867451755687.0104
2796,-14889.201066200685,-0.8542048834744256,0.6674233878046764,0.45002083311103375,1116221634970.1758,876148365670.5175
2797,-0.5030548254265854,-0.872757000228683,-0.11115874518519892,0.4520002655374095,1099038733659.1472,884931798847.7131
2798,-69.72598143001132,-0.9300147289568867,0.7853741683399906,0.4494777492687797,1110181677110.2087,893803348401.5525
2799,-0.30936934644084546,-0.6308170916552378,-0.009744268705690841,0.45095248090039153,1121177586491.4988,902763090018.6301
2800,-514.2813264406913,-0.5275572203853671,0.64937528104013,0.4500130306893147,1133462888324.1316,911813154126.5139
2801,-0.7791840788485408,-0.901337495158784,0.24140103399462068,0.4521089873958654,1143788797474.4978,920954818371.2384
2802,-10.534918641640378,-0.8337368177587458,0.41882429889703665,0.4506719659944538,1155260446938.1929,930187259558.1665
2803,-2.895683181535958,-0.6727437235731333,0.4983345198571317,0.4516703353794562,1166861343427.052,939512060704.1636
2804,-1.346642779581407,-0.8106027081572158,0.014880192709916444,0.45010832287851327,1178526167967.2483,948931023751.9364
2805,-6371.289170854262,-0.7510090853049823,0.4618188473040554,0.4510124889289236,1204698096333.186,958443833769.1923
2806,-1.6915950204775134,-0.8292404360761525,0.007582978334719162,0.4488013392409027,1202318867169.195,968052428396.5184
2807,-1154.4791839313489,-0.9115621875016686,0.75351412416254,0.4498928606900667,1216781217630.677,977757268619.1373
2808,-0.42855435293911304,-0.6267896195073948,0.10179833126048629,0.4481037323461169,1226532052879.4482,987558782249.4924
2809,-195.13375589333103,-0.9190509041188611,0.8628610949206361,0.44999881048067736,1239278949139.8572,997459580777.7086
2810,-0.2942122184383839,-0.7748924808051565,0.14096119016285968,0.4480406664006522,1251261560951.622,1007458934605.1252
2811,-9.594807866654126,-0.9060961531361388,0.7477354986408264,0.44929325695776534,1263835831073.818,1017558899417.3365
2812,-0.324523474372469,-0.8760360747294819,0.2556367617075008,0.44778112001208115,1276486623066.5017,1027759901230.9751
2813,-10.864382638989404,-1.0125954556909247,0.5420556520927531,0.4470851728302245,1289299480136.3484,1038063449861.8643
2814,-0.7941383951271725,-0.8075393057411457,0.3839394704794009,0.4451129480982161,1302206032730.3123,1048469662927.5195
2815,-0.6157950387177589,-0.8286326564068304,0.34438401109298616,0.44448357811211703,1315281681991.5557,1058980555942.0027
2816,-1.3969656911589188,-0.679429468437282,0.5766892956134777,0.4429984916491604,1328454578099.7788,1069596523119.4714
2817,-0.6616062547298212,-1.049992502612478,0.2538990605040332,0.4422498041487424,1341757703798.8557,1080319986461.9777
2818,-12.49112748507367,-0.6761068303785785,0.7439545341160552,0.441238151594645,1355252441206.1414,1091149396092.9135
2819,-0.31662113351806775,-1.0339018369964361,0.2030319896154401,0.44206761411197654,1368823931852.1433,1102088930381.521
2820,-1.5042820661599496,-1.0110496508888716,0.6251523490096179,0.4409305980836048,1382541492698.09,1113137431349.1687
2821,-0.3395371617569617,-0.7600246879834306,0.22656584991145862,0.4409347734563605,1396403867567.513,1124296035851.7314
2822,-4.172424134266087,-0.799485121688356,0.5123470607232281,0.4395267861379074,1410382781520.0024,1135567191559.02
2823,-0.46946648793782686,-0.8173859442172768,0.41757350965154627,0.4386317010021849,1424545282426.9268,1146951275834.2512
2824,-0.7032182228258834,-0.9108684946546652,-0.021178051160581798,0.4372289662194717,1438774390540.7463,1158449738764.6611
2825,-6.814761939613167,-0.9840717908800832,0.7477042592138949,0.4369276890947444,1453191685712.5603,1170063317179.1804
2826,-0.4884094478490115,-0.8321356040312582,-0.05651427830377508,0.4361747931692222,1467797183427.164,1181792863966.9937
2827,-11.724263703978739,-0.6902586465174636,0.8792505686994947,0.43552721167992403,1482519102443.736,1193640010158.5024
2828,-0.27205332992998366,-0.9907486690127802,-0.04399645940034316,0.43455970029994334,1497373622223.1377,1205606935991.4055
2829,-2248.3089339627045,-0.6470495044975897,0.7674924470218669,0.43340414281601924,1517139642277.7188,1217692361104.7542
2830,-0.3856908453042568,-1.0822733272945166,0.008481553813976582,0.43138009729519455,1527614568896.533,1229900728337.129
2831,-1021.9774460521869,-1.0084846652575308,0.5179776049546717,0.43190675713842314,1545182255446.6382,1242230342438.526
2832,-1.5588726309822574,-0.821618683520076,0.01098961162404379,0.430270993178161,1558387519583.867,1254683291209.7505
2833,-273.532632958015,-0.6485927971425128,0.5022222207426598,0.4303869630142584,1574616694585.542,1267261066115.0063
2834,-1.4360685670416005,-0.8225673518139681,0.02741311350584269,0.429481823857672,1589739555149.1384,1279965764642.8174
2835,-128.0993698997937,-0.7324699172112089,0.47590617410990194,0.430221469112926,1605974543276.471,1292797171200.543
2836,-0.5333703413009596,-0.7219584647519649,0.15572253474877423,0.4290943028569562,1621781499281.6228,1305757476923.326
2837,-5.889127934739049,-1.0899474567078495,0.37700983733751575,0.4290123186880265,1638056727003.8582,1318848514526.3813
2838,-1.5929913631391834,-1.0743630352280091,0.3372212575630891,0.42776029601264226,1654455799752.878,1332070036089.016
2839,-1.7129508179063426,-1.1952462346169372,0.19051682738690473,0.42768082090968107,1671088122026.2856,1345424274242.749
2840,-5.847774902717464,-0.8540081413933895,0.6494297848999304,0.4269488987948199,1687768594452.132,1358911348867.7502
2841,-1.0277592982769992,-1.256942635807055,0.17701597415638423,0.426320741089915,1704740495184.2773,1372535405133.053
2842,-96.26837213358857,-1.0972255005729958,0.7599522161881551,0.42533641427657554,1722036204549.5762,1386294731741.6184
2843,-0.45632853671126816,-1.0934335999900118,0.10334354965457114,0.42342192241746057,1739021533215.4111,1400192279538.3103
2844,-424.7132218930194,-0.8665247180702723,0.8139689998955804,0.42291813473174844,1757686206854.4785,1414228743391.7844
2845,-0.36701289296836354,-0.7755269006714199,0.08568530659909102,0.4218851034340347,1774147650232.2612,1428406044155.4692
2846,-384.7081519564465,-0.765868360944128,0.8202586375310811,0.42134703594908157,1792911339526.9917,1442725877464.1216
2847,-0.4207143466588501,-1.0670490654771585,0.05052160361322547,0.42015250459093184,1809859517943.764,1457189890632.8755
2848,-58.955789508644564,-0.8965499252053186,0.8373986797151215,0.41975558158906817,1828207115709.1829,1471797851111.1567
2849,-0.5027645168039958,-0.8896616381042154,0.04233453905850593,0.4190018638961126,1846343105358.452,1486552598744.6396
2850,-30.343256732048932,-1.2781033846283263,0.7983723537384414,0.419200555412762,1864998757148.957,1501456266194.5745
2851,-0.34752025750420373,-0.724504706228975,0.09702667223209424,0.4182107286468168,1883485527800.114,1516506892534.2126
2852,-35.065206397955684,-0.6778789665871453,0.7557094225174461,0.4172869737284105,1902592832198.5845,1531709794700.9841
2853,-0.4152769104846472,-1.2108844877067921,0.19139130698951143,0.4156395024544413,1921422560386.1409,1547066494601.9143
2854,-34.284385601042274,-0.9700257057132542,0.7049859010888343,0.4150329139478079,1940909233055.2805,1562575385195.7974
2855,-0.6004593907281335,-0.9911713118429412,0.28271144878586785,0.41443459206598754,1960165663429.3462,1578240113281.014
2856,-13.581389990783045,-0.9832153347840692,0.6259451408620382,0.4144990185351841,1979914631009.8389,1594062053262.254
2857,-1.043779700974839,-1.2353437227759272,0.35923608551297187,0.4121588000158026,1999707787036.896,1610043157295.8174
2858,-4.557494532872441,-1.2794510668809544,0.5433499669003755,0.41222202595328117,2019862578200.7578,1626183975474.9136
2859,-1.4301451208481903,-0.8068217765266852,0.45521413392156374,0.41116726538733944,2040093996080.6912,1642485134086.3936
2860,-2.169909650950366,-1.2304747172033335,0.4491685441701543,0.4110314484077497,2060486718698.707,1658952257863.2258
2861,-2.06272295198067,-0.9789688301859246,0.5240961070341437,0.40973939626643535,2081194520756.733,1675582557146.0317
2862,-0.6302803237779088,-1.1430323078632931,0.3426232695560213,0.4096596431632812,2102036942177.4185,1692380728569.7258
2863,-7.488644869556159,-0.7915670742828657,0.6433743501604113,0.4085617336043345,2123136240473.88,1709345891917.9414
2864,-0.4291820594619897,-0.9385805466293926,0.26578431765340205,0.40917582981127304,2144380445363.3767,1726482473090.6057
2865,-20.865210387651807,-0.9996467467572567,0.7201358741826985,0.40784321218481095,2165905695550.0076,1743790649756.117
2866,-0.3298861702603543,-1.2574112761637406,0.22906830734054812,0.4073492700402613,2187515486185.1448,1761272911731.0696
2867,-7.4281147699352115,-1.4360365379357523,0.7564630774683078,0.40434909054797413,2209528589445.4585,1778930021945.3538
2868,-0.33831933599639774,-0.997460843193019,0.17064058889330827,0.40469099898870914,2231634602699.506,1796762693125.0374
2869,-1.1001371267063036,-1.0278398951068888,0.6291048871870702,0.4034964190506787,2253978154295.886,1814775277509.1875
2870,-0.38840640755923117,-1.2317449175547817,0.19708511903014622,0.403265168617849,2276635334634.2217,1832969082139.1833
2871,-0.4063705142983738,-0.962452657291279,0.7004573425039786,0.40241180154450323,2299458206568.4243,1851343750615.1353
2872,-0.37217846158743584,-0.9734014286496461,0.18582603368341566,0.40273053458410946,2322465416760.456,1869903560193.3782
2873,-0.6174537777889253,-0.9566162977182467,0.6998836548609169,0.40288034676243134,2345825247207.6465,1888649255478.368
2874,-0.390726569172036,-1.426813307444275,0.25867801774443344,0.4033884752222298,2369266201869.998,1907584311984.9482
2875,-1.5989887465020065,-1.2005089833747853,0.5037120839782285,0.4016018396268761,2393096802303.361,1926707091293.934
2876,-0.48584798717573735,-0.9889278898891454,0.42191464224692643,0.40213037847431193,2417015584619.7354,1946021841729.1785
2877,-0.3870803462457338,-1.281154152429517,0.4317171010621381,0.4011290957383352,2441196613323.734,1965531539135.7705
2878,-0.32266816272706206,-0.9600831823972088,0.4260072410886538,0.4016566366092809,2465682728755.7935,1985235138899.8862
2879,-0.2924095801677306,-1.3820974151553322,0.36281339041491617,0.4006365579932096,2490428299880.049,2005138247505.9124
2880,-0.4564892950193772,-0.703664741356405,0.4550626831003569,0.4009752382020627,2515481672717.8335,2025237872739.9688
2881,-0.49672986631888033,-1.213223443421844,0.4184516248669997,0.40064068299523253,2540611448538.0513,2045542278616.699
2882,-0.6227168589977433,-0.8676368791638929,0.4210208389496926,0.40121527364826703,2566081271216.726,2066047995406.3516
2883,-0.3912155684570154,-0.9472129063132759,0.5198365890212078,0.40062158767802597,2591834945403.376,2086760243536.828
2884,-0.4876622573652458,-1.5159079645061815,0.3539017413575699,0.4007611755656492,2617873145378.553,2107681720250.324
2885,-1.5810547608726893,-0.9054425115637917,0.6177441297013816,0.4005746586991424,2644002291788.1123,2128809440077.7725
2886,-0.3300484774402777,-1.1429385032803354,0.20054649754939788,0.4012941312490726,2670514023288.241,2150151411184.7476
2887,-1.6775380968617606,-1.200245041670182,0.5511012096211524,0.40078263331965047,2697417294141.9585,2171706861582.707
2888,-0.3749713706123876,-0.9458668103759675,0.37179626863691756,0.4011003944224806,2724291121427.6787,2193477484402.6255
2889,-1.3631109079975285,-1.3646400131732426,0.3283445903715641,0.40010162118248693,2751691938248.7285,2215468340509.486
2890,-0.888099599697367,-0.9142853910396446,0.4965772585357966,0.400383915365371,2779256321737.027,2237677106008.097
2891,-0.32007307254920125,-1.1701899015068051,0.155388814176633,0.400283965183665,2807126262064.954,2260110482869.572
2892,-3.820827401742382,-1.0276264062841876,0.6331458799777634,0.3994981132562719,2835232877248.652,2282767787815.1133
2893,-0.2951029434819673,-0.9574958869104349,0.22560893827360917,0.3989535157204824,2863720172878.997,2305652235238.8154
2894,-1.2714198159682333,-1.4957742940163723,0.5530612114978779,0.3976373575068064,2892390123763.4023,2328768162050.1597
2895,-0.33903317560369706,-1.1225672529001856,0.25740891386437803,0.3973056390044731,2921472595605.7583,2352112851830.8643
2896,-1.2579582876921325,-1.3283053529162137,0.582393707849343,0.3959520231242365,2950499646258.636,2375693481383.5054
2897,-0.2782427260350619,-0.9079109657993493,0.15395685433949322,0.3949412291198706,2980489582659.4814,2399508364275.038
2898,-0.3734671807823944,-1.3206595488306347,0.6468653864360533,0.3946789868633782,3010182109752.7075,2423564887449.0225
2899,-0.30041282847509826,-1.178170824750224,0.18256196255594206,0.3938237202157269,3040398373238.876,2447860570255.154
2900,-0.5902967722705224,-1.2343352340660185,0.6796751603472926,0.39289105091352927,3070780748043.2563,2472400554879.3306
2901,-0.33461060361809747,-1.2186200707285795,0.00015010099881551523,0.3933393906518094,3101641670668.9307,2497186340524.191
2902,-0.3759682583921483,-1.8051366930163604,0.6721649156537512,0.393541590278916,3132601132031.6636,2522222476105.8374
2903,-0.4368267876994992,-1.6298450325613953,-0.06735612645566849,0.3931429042497634,3164153174350.414,2547507224339.8843
2904,-146.64505638756378,-1.3146584365775558,0.7157708261053664,0.3919239981130689,3196362311844.4653,2573044999486.3096
2905,-0.2506777550609491,-1.0827253984652834,0.04437037542933942,0.3911888060802781,3227738613499.49,2598839002261.922
2906,-193.30192756400183,-0.9985370804910124,0.6929822432762616,0.39004461675111207,3260870622863.0903,2624892150157.953
2907,-0.5972707325154145,-1.3111309348167528,0.08424648955139666,0.3900575813654468,3292809842963.04,2651207629849.094
2908,-2.383142489176161,-1.434031256505488,0.5602563592047034,0.3889024379509529,3325902187225.3477,2677786550818.0903
2909,-0.5240777093275207,-0.9146638719648307,0.14842561549562736,0.38859194744520204,3359202682758.1943,2704629570175.6626
2910,-34.955770090386935,-1.12216595298282,0.5022883535367191,0.38747883869634026,3393079871803.498,2731744224043.361
2911,-0.6819053950039641,-1.3605306247264197,0.16248807235010188,0.387286248098985,3426833511007.0825,2759130721436.0244
2912,-3.0003296584760677,-1.2224080913061117,0.30670045340951246,0.3862071242974134,3461421649987.838,2786790544016.693
2913,-1.2602235676280975,-1.4822104237952294,0.21475830385928713,0.38606057892155915,3495960209935.271,2814729001120.221
2914,-1.1270994285070404,-1.142415091213406,0.14703910650733082,0.38540634003980184,3531138011040.549,2842945445407.609
2915,-2.431845251983903,-1.0464926210001402,0.39646582180425033,0.385899643298576,3566351238768.113,2871445651816.3145
2916,-0.8563775475159822,-1.5484855998039395,0.10681116648150944,0.38565678884598065,3602245055471.925,2900233620397.7964
2917,-5.951215129317934,-1.1612325766387568,0.4948310155336981,0.3855983523913866,3638277430317.8667,2929307129404.2886
2918,-0.49133058977265365,-1.4421530362975243,0.015408576102249284,0.384254997355234,3674837877871.4614,2958674577009.4346
2919,-76.62311571874392,-1.7479351544833692,0.48412620048952837,0.38395409453417595,3711907373329.7495,2988336206604.8936
2920,-0.37424138327602546,-1.0403945312908551,0.02210594767008572,0.3834815944394738,3748771627096.49,3018291948548.6504
2921,-9.959000352915009,-1.499494994833078,0.4143696805291749,0.385508386098162,3786366112077.3696,3048551878893.3574
2922,-0.43633854810381734,-1.8157924016813791,-0.0745540219114783,0.38536576271568374,3824298097350.7085,3079114749435.3247
2923,-1.492873591218555,-1.3585487575733481,0.352555971698298,0.3868338028311657,3862794349435.793,3109981187811.4546
2924,-0.2988321809908722,-1.0758442992800068,-0.029786052132251405,0.38627334484610865,3901325243332.442,3141157796220.929
2925,-0.8087753261487374,-1.1960112690111993,0.454438575721669,0.3859086890566133,3940539140648.784,3172648320149.2314
2926,-0.414656194299038,-1.3485583506880452,0.09572219528297284,0.38572023060535593,3979988548029.3535,3204454660274.6616
2927,-0.6733091956143646,-1.0937033936211034,0.3971297153635402,0.38537639476295377,4019920311570.4155,3236578429014.5854
2928,-1.0599735722715005,-1.2694222617876108,0.08952241163090831,0.38551734931314996,4060273920619.8906,3269025781840.3755
2929,-13.471187390315336,-0.9632846963938229,0.2927324891479857,0.38605341103179264,4100879217920.8354,3301796630119.907
2930,-0.31039057150841626,-1.1233074670891485,0.15750085101227337,0.38563407092903695,4142143999560.005,3334897790062.7754
2931,-1.4790452835017462,-1.2912626940522667,0.305436333416879,0.3870939942804196,4183707947944.781,3368330682508.226
2932,-0.37148884403118804,-1.703419131608306,0.10642219211479872,0.3877525663104006,4225401542077.6196,3402099782987.6533
2933,-0.7673710705870646,-1.3922622868632184,0.20854107982686046,0.3883380682146861,4267971050670.4917,3436204690319.0737
2934,-0.8831927453950607,-1.5071427751375814,0.10585310414167565,0.38896829269747674,4310657891805.9487,3470653146914.519
2935,-0.40121647170514346,-1.230026015738496,0.23798144532414747,0.388146663508109,4354028100253.289,3505445187234.4023
2936,-0.4448380190252376,-1.4711958547101245,0.07987958451526647,0.390817362595538,4397520862914.55,3540588387072.6704
2937,-4.019788839845972,-0.7847245515797265,0.2276855938232014,0.3899833442216296,4441605708833.261,3576080087523.9214
2938,-0.7818085306252336,-1.3723666314456486,0.013937034123000324,0.3914998042372871,4486335131233.558,3611932661966.6465
2939,-0.9136204599397585,-1.1157831267222114,0.16912413511389085,0.3903835260846004,4531108772382.956,3648141167973.386
2940,-0.7856264790496232,-1.856353227222975,-0.05991116223511204,0.3932422282003171,4576646449562.518,3684716737202.8726
2941,-0.8115644730024612,-1.3857201023832535,0.16950041206516697,0.39168706204011394,4622372423884.374,3721654016334.18
2942,-0.789875392236028,-0.9652865463356113,-0.09744404824182591,0.39335860224099245,4668746647465.107,3758962082552.7954
2943,-3.9979163233704487,-1.5372384801223744,0.13273563957666015,0.39212542175677295,4715596413559.761,3796647854318.4507
2944,-0.33572312850221236,-1.000698614080033,-0.18292773904453657,0.39365500843477924,4762852935564.797,3834707286620.127
2945,-0.9029499615217469,-1.1095858590448253,0.13127642437301912,0.39364109152696464,4810645871230.332,3873150646000.988
2946,-0.6684798577011806,-1.1975250533008717,-0.00867018558033701,0.3957674273499807,4858740206336.616,3911979408035.552
2947,-3.377548063434484,-1.1368429728859728,0.09055829918979026,0.3967353516084484,4907447850324.601,3951196614325.449
2948,-39.25990959434233,-1.44496737139981,0.08801347750875094,0.3982492480554733,4956711256447.037,3990808640481.533
2949,-25.6892314260927,-2.075105141305596,0.2200669278763183,0.39863275812412674,5006525636880.319,4030818929560.8447
2950,-2.662054118099885,-1.345445429679661,0.2142664709336843,0.39972267125733596,5056599526500.935,4071225090921.2715
2951,-2.26945038926068,-1.3631391123423786,0.07993406487336759,0.3985993546907676,5107337034426.679,4112039152549.295
2952,-14.08057203819708,-1.1780992145591982,0.24072114524378727,0.39895885948168425,5158624907989.336,4153261760580.694
2953,-0.5574272182049215,-1.5021552022825888,0.06125708326443933,0.39922202521262357,5210015749847.569,4194899429493.799
2954,-3.944592702237071,-1.0166300888547035,0.1972797967336626,0.40009646732648874,5262708244475.109,4236951308722.2524
2955,-0.8598775588067008,-0.9057911694992512,0.11780055095654095,0.3997964675447171,5315189708492.187,4279426184280.467
2956,-3.142010641048121,-1.4955345172393073,0.17623086834083393,0.40162777518348597,5368730322996.881,4322329975089.782
2957,-0.5679153613847475,-1.125940913228805,0.0017405958331897383,0.4008358385856566,5422393248827.744,4365659713665.233
2958,-1.01344658838625,-1.2107618829434708,0.27392081780851624,0.40173215923546896,5476443135819.394,4409425958773.061
2959,-0.3996546231746988,-0.6768598913724044,-0.10186302867887403,0.4005625586667484,5531465643797.119,4453628117485.887
2960,-8.241074981922017,-1.1417736709884727,0.3409241951404024,0.4017521559752471,5587027391512.598,4498277657486.548
2961,-0.43046282474688824,-1.4054496502855887,-0.13953579423913637,0.39974147199820337,5642892631320.477,4543374079143.123
2962,-49.88960634257068,-1.3259380772924965,0.3963475101226376,0.40190013239338596,5699681725110.047,4588921090472.056
2963,-0.3368709974415804,-1.3148136623099098,-0.1634154467979624,0.4028476095022613,5756658925432.777,4634924952267.279
2964,-33.01343832587321,-1.0212020461847295,0.30814839974942576,0.40408444245330527,5814604596805.204,4681388799875.34
2965,-0.6490811587460477,-1.505546364002965,-0.20237607629333992,0.4026938747001186,5872876065055.628,4728321716861.261
2966,-182.7649724108983,-1.274266064697532,0.23590642027245184,0.40462201410999116,5932300017948.829,4775722311445.26
2967,-1.1908251632538447,-1.081566514264996,-0.07591443453107984,0.40281527336850165,5991107437910.733,4823598039528.538
2968,-0.8833015516733601,-0.9072692138875194,0.3941227053272399,0.40377496185861605,6050782207776.249,4871953928434.252
2969,-0.5872582367978973,-1.0758592533693787,-0.08875113067816112,0.4031137160254374,6111492569851.641,4920795937976.452
2970,-233.89293097782598,-1.4917182986372008,0.31416930368113516,0.4054167969509113,6174213216001.858,4970128786852.263
2971,-1.1206716926085998,-0.9518953143060461,-0.05763800090694102,0.403823111749189,6235175165816.292,5019951826949.215
2972,-44.22471030268957,-1.3077411027906534,0.290637020303715,0.4060626599814912,6297772614363.409,5070278698087.244
2973,-0.35246249221387965,-1.4819517372619653,-0.05034469974959484,0.4064423235007897,6360700381611.888,5121108787831.12
2974,-0.4883672307325335,-1.0399375535450792,0.376295986899761,0.4077265299508112,6424740909727.152,5172445986814.538
2975,-0.3253188719115051,-0.7554301574096758,-0.01387175412189862,0.407379778999736,6488572909391.747,5224298451265.233
2976,-1.0096157395356482,-1.9337761730653866,0.41407097127589737,0.41081266646948006,6553945807205.218,5276677523011.017
2977,-0.40297390026809243,-1.3944697587726413,0.01929349787525711,0.40960304636728195,6619906156343.798,5329573675410.185
2978,-2.1058604108078742,-1.8363686690041379,0.38846683594139186,0.41222567270506355,6685852807165.521,5383004830357.808
2979,-0.4122564097378074,-1.5837201035185609,0.005537472358530941,0.4117411171159886,6753130482823.218,5436968045585.892
2980,-0.43997854800414027,-1.005492591355275,0.38521765009953146,0.41350518747466464,6820659586521.928,5491471231841.873
2981,-0.40904698600591505,-1.1394542354992114,-0.06377346648440654,0.41302373189646735,6889078157678.278,5546523701629.114
2982,-1.282287051104796,-1.3824573771249324,0.46020224765729156,0.4148607998771369,6957914584575.724,5602128710870.478
2983,-0.326580128046589,-1.1139928717905183,0.0815109081146148,0.4137001648002091,7027749100425.11,5658288801210.413
2984,-0.7283863600911491,-0.9032976943402752,0.5144840741722598,0.4152906217552362,7098194554018.268,5715012204709.823
2985,-0.5615017669492494,-1.4509151078584368,0.1762859974928665,0.4139122314714605,7169674911645.733,5772307663853.807
2986,-0.856695602478974,-1.4516897251957954,0.48860701890322256,0.4154599084743026,7241137299012.332,5830175182697.084
2987,-0.4855452759616066,-1.6745990649162916,0.2163516603846935,0.41404536345434867,7313721469090.269,5888623806124.201
2988,-0.4204339635920636,-1.0625910367089795,0.4500385266837106,0.4157889550136945,7387443853666.372,5947654392181.827
2989,-0.3292426078096823,-1.9002472242156478,0.3246489171364941,0.4127151181246292,7460867608968.301,6007283484453.736
2990,-1.2646270928871608,-1.1965907873710644,0.3971415951867582,0.41502995932524867,7536307908599.419,6067503141208.953
2991,-0.49936943318572113,-1.190622590801043,0.35531614357061975,0.41283735155747797,7611642242475.156,6128329847928.136
2992,-0.3844337519409279,-1.3210406533853734,0.40641981189365195,0.4154296313754443,7688176795755.229,6189767152577.869
2993,-0.4642559359261257,-1.0400845432450598,0.3813475470558578,0.4141114588590655,7765284966861.037,6251818020705.055
2994,-0.35202026527661323,-1.205021801634594,0.44473257212116674,0.4168394793415487,7842867593224.971,6314493387253.209
2995,-0.3207568782990831,-1.3264917440901334,0.3899830644282557,0.41585955801608854,7921014893146.32,6377796840913.369
2996,-0.42432342862532485,-1.1046840538816394,0.48408741094213104,0.41752609574857885,8001007120783.641,6441733226243.361
2997,-0.7698283675322206,-1.6538285154194041,0.3854065896638655,0.4155389367624637,8081334447088.037,6506314287960.412
2998,-0.5282842624013012,-1.2672633260396517,0.5031083594018414,0.4177124213253489,8162043207653.133,6571538195259.815
2999,-0.4040520690598751,-1.5379239321343148,0.4117627536344868,0.41571913898764623,8244076515572.028,6637419111415.873
