iter,down_reward,up_reward,down_cos,up_cos,down_mse,up_mse
0,-1.4521378949913442,-1.1898725294015575,-0.12361230931977159,-0.13186069315879628,0.009378458327191532,0.022562512682225845
1,-1.9240139048878964,-3.9340574842441436,-0.11925784725298152,-0.15199828789379252,0.01716628472242707,0.09458741561195491
2,-1.524104378178547,-6.044612202900657,-0.11621190170759477,-0.18197506662656582,0.01325897404555814,0.19132842622602642
3,-1.8516452727028587,-0.9056910618796191,-0.1119823668152581,-0.18540485310585872,0.01714024832024723,0.016835398719096915
4,-0.41847543693518097,-8.869278865316403,-0.11168176520925227,-0.22659534869186967,0.0014525943351249707,0.604466705978119
5,-0.5716215909604169,-22.05733313601896,-0.11063433293831514,-0.31673657582766845,0.0019026620604896385,6.932131862863531
6,-1.2291510992006391,-2690.7953962556626,-0.10810051601667252,-0.6736968499758682,0.0067962646143818655,34388852.30171194
7,-1.7079391148715257,nan,-0.10471512309599953,nan,0.01648153730074443,nan
8,-0.5892741600399506,nan,-0.10386182916322748,nan,0.0022037211717188736,nan
9,-0.6582966022074437,nan,-0.10274984350992197,nan,0.0029021243497004494,nan
10,-0.6587876240305216,nan,-0.10162870834161414,nan,0.003098911082393545,nan
11,-2.571467388382147,nan,-0.09547772318449042,nan,0.028209376847460124,nan
12,-1.0134000038217386,nan,-0.09333880630941382,nan,0.005561864849213972,nan
13,-1.7029356123317694,nan,-0.08934340679449054,nan,0.012024958731155055,nan
14,-0.6824778928677184,nan,-0.0881793564831296,nan,0.0024295998088037394,nan
15,-1.1524365214147434,nan,-0.0857459010198075,nan,0.006773732888429523,nan
16,-3.566438566466484,nan,-0.07771778472032474,nan,0.07210158857608903,nan
17,-0.740526117988273,nan,-0.07670981605582812,nan,0.0027386867603681076,nan
18,-0.9866445180620796,nan,-0.07465173949740718,nan,0.005344062101403318,nan
19,-1.62847182238615,nan,-0.07060445413643222,nan,0.012891826036150389,nan
20,-0.7918815838522194,nan,-0.06929445750247978,nan,0.003499741526104774,nan
21,-0.5320720937388453,nan,-0.06852902534955249,nan,0.002166426216024907,nan
22,-0.8726443014264788,nan,-0.06716993380188628,nan,0.003753390440385087,nan
23,-1.1009056549184586,nan,-0.06526980364804855,nan,0.005544500555794602,nan
24,-0.6505138150207518,nan,-0.06403420614216276,nan,0.002987004474960133,nan
25,-2.5034284030130656,nan,-0.057749176590965345,nan,0.02824163392670662,nan
26,-0.6104647318205245,nan,-0.05680932182279787,nan,0.002343958164097608,nan
27,-0.672229743618308,nan,-0.055751548624326006,nan,0.0028212210184472486,nan
28,-2.1787108852162125,nan,-0.05048184454158957,nan,0.020905933260398787,nan
29,-0.6579056403973308,nan,-0.04956000884814664,nan,0.00260475399564037,nan
30,-0.5383874443844481,nan,-0.048824467954075176,nan,0.0022023011871366476,nan
31,-1.0574081666014363,nan,-0.04644289224525866,nan,0.006000157391101976,nan
32,-0.5268657701537517,nan,-0.045888162633018516,nan,0.002204457853255885,nan
33,-0.43089072825492214,nan,-0.04522372030450488,nan,0.0014997711468480437,nan
34,-0.8301880732363841,nan,-0.04357626423648498,nan,0.003237692020504324,nan
35,-0.9061373035073914,nan,-0.04170433377773758,nan,0.004692552688365206,nan
36,-1.565656970434587,nan,-0.038240623730933156,nan,0.014522377777752404,nan
37,-0.3958586194886075,nan,-0.03785023372302151,nan,0.0014444586383911768,nan
38,-0.472943188929392,nan,-0.0372660850553924,nan,0.001685637037373778,nan
39,-0.8534514712754032,nan,-0.03563857527402052,nan,0.003580749300296447,nan
40,-0.8344360594789919,nan,-0.033917885380302805,nan,0.004031339394242704,nan
41,-0.5000849762980469,nan,-0.033340310867448625,nan,0.0015532400148010371,nan
42,-0.5477941091335793,nan,-0.032571229981394625,nan,0.0018156257979168148,nan
43,-0.5703359335436449,nan,-0.031731333287447365,nan,0.0021700417673762807,nan
44,-0.5928873715668788,nan,-0.030741240174057907,nan,0.002488080341398621,nan
45,-0.33993786199424364,nan,-0.03039370432181213,nan,0.0013255069296112091,nan
46,-1.4829329304937973,nan,-0.02717982686864992,nan,0.012313858514735938,nan
47,-0.6706020819445689,nan,-0.025923168280554413,nan,0.0033905974563704553,nan
48,-0.3953195722290235,nan,-0.02533595364347952,nan,0.0011991509322523887,nan
49,-0.7005089876742981,nan,-0.024340832186240516,nan,0.002725657524935858,nan
50,-0.6213741380489615,nan,-0.023489188747393502,nan,0.002340995529484549,nan
51,-0.39031057447553974,nan,-0.023042307308208984,nan,0.0014079688851096083,nan
52,-0.6721597008652859,nan,-0.021873185332017132,nan,0.0024100957538484755,nan
53,-0.8505300380167259,nan,-0.020273496120320277,nan,0.003734104598546167,nan
54,-0.7446732743548254,nan,-0.018848611393599272,nan,0.0030533205302956936,nan
55,-1.002897058400342,nan,-0.016765823854833117,nan,0.00602965710765116,nan
56,-0.8949451682230106,nan,-0.015184965947445934,nan,0.004549714643977178,nan
57,-0.6621135834200921,nan,-0.014197831525417677,nan,0.00244576102335214,nan
58,-0.9071978857148619,nan,-0.012653451332572235,nan,0.003779363083921922,nan
59,-0.6076092782367188,nan,-0.011768610522298538,nan,0.002644496009820898,nan
60,-0.4668285306857903,nan,-0.011137618637369515,nan,0.0018908686372403744,nan
61,-0.7380666380930441,nan,-0.009733143145947847,nan,0.0027800714215286616,nan
62,-0.3926362016984954,nan,-0.009343070466144729,nan,0.0014111970187955106,nan
63,-0.8362371680246515,nan,-0.007739235293708141,nan,0.0043282646805883705,nan
64,-0.3909990229620884,nan,-0.007335700746011352,nan,0.0014755365300584472,nan
65,-0.886672996248109,nan,-0.00570466122983698,nan,0.0038475594429110203,nan
66,-0.679499573739651,nan,-0.004533628404119269,nan,0.002649344454406294,nan
67,-0.6756435801982845,nan,-0.0034697365319990565,nan,0.0030071667202748874,nan
68,-0.48727148690872,nan,-0.0028025278798499815,nan,0.0017448435049331257,nan
69,-1.2543167312243122,nan,-0.00013170498707600731,nan,0.007338714859856094,nan
70,-1.2789773531457724,nan,0.002640221537565838,nan,0.008251459025220367,nan
71,-0.5369465454802103,nan,0.0035513559053487443,nan,0.002304194438124712,nan
72,-0.5940624596420425,nan,0.0042285192662477955,nan,0.002101241491359829,nan
73,-0.40211369029735133,nan,0.004670182714359467,nan,0.0013642461308455767,nan
74,-0.6543595170080564,nan,0.0056524654148160415,nan,0.0023327981827826103,nan
75,-0.414237427783355,nan,0.006101335618443622,nan,0.001567530063440557,nan
76,-0.5793100233969223,nan,0.006876127096683317,nan,0.002202454391460613,nan
77,-0.9651347460632631,nan,0.008728517700487992,nan,0.005139899618864049,nan
78,-0.8612049368585695,nan,0.010486800244504256,nan,0.0036527627853442947,nan
79,-0.5845461005490256,nan,0.011527455170910552,nan,0.002227059956993945,nan
80,-0.40211286856758643,nan,0.011908403100538843,nan,0.0014365727470290193,nan
81,-1.1331369149117887,nan,0.014373231792665843,nan,0.006931268314594727,nan
82,-0.9562255408496723,nan,0.016281892224116107,nan,0.005881345909078743,nan
83,-0.3541047351566958,nan,0.016779361228285196,nan,0.001241044327847183,nan
84,-0.5757898262487231,nan,0.017693568068999414,nan,0.001829126535854227,nan
85,-0.6348883861000822,nan,0.018626300306302232,nan,0.002514844269651625,nan
86,-0.46432745525739244,nan,0.019148594260190548,nan,0.0017499129683904476,nan
87,-0.4307429444180344,nan,0.01969661156402464,nan,0.0017542694977215785,nan
88,-0.7597899619931541,nan,0.02107041382333883,nan,0.0031022291816652937,nan
89,-0.7232101474635915,nan,0.02229078630188882,nan,0.0030609562206022787,nan
90,-0.8431344793233824,nan,0.023940623180093858,nan,0.003731099788780653,nan
91,-0.7262439528141137,nan,0.02517386079614486,nan,0.0032208336243558207,nan
92,-0.3695711975911587,nan,0.025728070456371217,nan,0.0014356018932452377,nan
93,-0.3336881495893603,nan,0.025941347270540177,nan,0.0011310335357740944,nan
94,-0.6012722494010685,nan,0.02690990793488244,nan,0.0018995977373128632,nan
95,-0.8259601884815426,nan,0.028317751983673783,nan,0.003077973230916804,nan
96,-0.5590459831906366,nan,0.02914648602652627,nan,0.0021023416789350997,nan
97,-0.6428409777386239,nan,0.030050052756474353,nan,0.0027096965664129787,nan
98,-0.42462507944793354,nan,0.030429560173405805,nan,0.0015599024884004027,nan
99,-0.6666847515137958,nan,0.03158223159545542,nan,0.0026924861593539437,nan
100,-0.2732085991376603,nan,0.03178130518318936,nan,0.001368842595013285,nan
101,-0.7448229959325603,nan,0.033129671568262645,nan,0.002999757058021317,nan
102,-0.5730178590661582,nan,0.034051050194246896,nan,0.0024091531137190067,nan
103,-0.5898825018856892,nan,0.03484493704821845,nan,0.002262211654993171,nan
104,-0.3702428396900424,nan,0.03516035288758001,nan,0.0012808038287585061,nan
105,-0.4447471570117273,nan,0.03567161581324862,nan,0.0012762053347445271,nan
106,-0.8886305919954431,nan,0.037457181273028974,nan,0.004050929230972374,nan
107,-1.0677543628586876,nan,0.03978937700387487,nan,0.0053954356339252635,nan
108,-0.8470154641492782,nan,0.04148888321079544,nan,0.003444893144979411,nan
109,-0.7170589132501273,nan,0.04278640279263015,nan,0.0029040841903654547,nan
110,-0.5460245847171482,nan,0.043578895980960326,nan,0.0019609485560479344,nan
111,-0.36963134009442505,nan,0.04401634873544875,nan,0.0014214328594490486,nan
112,-0.5277650374669848,nan,0.04458549971115451,nan,0.0020947607226668974,nan
113,-0.7723639382618933,nan,0.04590194724561956,nan,0.003285288147876863,nan
114,-0.38479305519588053,nan,0.04642887404582006,nan,0.001368581386324691,nan
115,-0.5580723447827597,nan,0.0472471933426262,nan,0.0028209513516866016,nan
116,-0.7766884847698474,nan,0.04857940024589149,nan,0.0033703947276877864,nan
117,-1.3769007181171482,nan,0.05123594161456824,nan,0.008379413289835784,nan
118,-0.570140322556809,nan,0.052085778625262875,nan,0.002040407677139124,nan
119,-1.6423327119459548,nan,0.05566118784904186,nan,0.013633764540215353,nan
120,-0.6157445550897697,nan,0.0564472928824386,nan,0.002246361803440533,nan
121,-0.40456999591372467,nan,0.05677135440461734,nan,0.0013066187188698378,nan
122,-0.4782911391294996,nan,0.05745832558086037,nan,0.001272775187393248,nan
123,-0.37399904968011133,nan,0.05784369007825964,nan,0.0013410315319915386,nan
124,-0.4692018477391863,nan,0.058438601397082575,nan,0.0016313467387154008,nan
125,-0.49374560246607324,nan,0.05920934561113396,nan,0.0016382816155118892,nan
126,-0.44276530338367337,nan,0.059691227524411396,nan,0.0016820313401198915,nan
127,-0.36482141704162274,nan,0.06003655783342921,nan,0.0012561435844395546,nan
128,-0.3808504886801852,nan,0.060510604673576364,nan,0.0010788705351455026,nan
129,-0.45211375804965026,nan,0.06119574426416455,nan,0.0017164126347655254,nan
130,-0.44650363311069313,nan,0.0617342360523749,nan,0.0016269783314186955,nan
131,-0.33786976889541104,nan,0.0620581026204314,nan,0.0008809183436464789,nan
132,-0.4035418687985312,nan,0.06249141142216191,nan,0.0013697783954099317,nan
133,-0.7321430265898402,nan,0.06381409088145758,nan,0.002825601140460484,nan
134,-1.0324584261496064,nan,0.06591045516338202,nan,0.005748159389918541,nan
135,-0.31270740773380623,nan,0.06616046446729189,nan,0.0012472860389255535,nan
136,-0.509061722370532,nan,0.06674596575728621,nan,0.001875456028606894,nan
137,-0.6063558264151058,nan,0.06755420623763503,nan,0.002029339971479246,nan
138,-0.47553120863536197,nan,0.06827297670480055,nan,0.0018734307155372362,nan
139,-0.47863453580922743,nan,0.0689568916847046,nan,0.0018967020300169957,nan
140,-0.4311795311149323,nan,0.06941041683740079,nan,0.002224622204483883,nan
141,-0.5591624479921888,nan,0.07042711953656429,nan,0.001975510971909901,nan
142,-0.3719788724627274,nan,0.07082469725631942,nan,0.0012120926972654686,nan
143,-0.443053894970653,nan,0.07141658094458256,nan,0.0018032513099815227,nan
144,-0.4632528567373246,nan,0.0721611365978867,nan,0.0017992877966899817,nan
145,-0.7283358752083342,nan,0.07303534118951105,nan,0.00319617793875681,nan
146,-0.5675717476967104,nan,0.07394445386852781,nan,0.0018122993175833553,nan
147,-0.5728322291666137,nan,0.0746664075954158,nan,0.00229701863504852,nan
148,-0.5208326454082057,nan,0.07547245623757254,nan,0.001862121510058429,nan
149,-0.3569863952852547,nan,0.07595553948494019,nan,0.0014395946097156432,nan
150,-0.3710284161697737,nan,0.07626102955619621,nan,0.001394801695303526,nan
151,-0.5146728074988878,nan,0.07684656675683472,nan,0.0016046206042537687,nan
152,-0.4768620095284762,nan,0.07734180932883636,nan,0.0017713966135793054,nan
153,-0.4298736570858758,nan,0.0778774136173574,nan,0.0015831105622774073,nan
154,-0.33813557698324226,nan,0.07813361728334697,nan,0.001259614874583624,nan
155,-0.47566672073391303,nan,0.07866025642024246,nan,0.001570844843925001,nan
156,-0.5481437295903532,nan,0.07925121723197467,nan,0.001966914988070193,nan
157,-0.6973449900737183,nan,0.08064377126249692,nan,0.002853167016922797,nan
158,-0.42165425106797955,nan,0.08117699111314744,nan,0.0013798315044266033,nan
159,-0.3578614020056315,nan,0.081493887279045,nan,0.001072834039018469,nan
160,-0.3046733050949308,nan,0.0817455742205755,nan,0.0012276805527683637,nan
161,-0.4058335230387743,nan,0.08224257680119623,nan,0.001503689313220166,nan
162,-0.414814058567492,nan,0.08257239768806474,nan,0.001182822220427369,nan
163,-0.6526073079673567,nan,0.08363522156458102,nan,0.0029413820727218886,nan
164,-0.3176541373644561,nan,0.08406388975550708,nan,0.0013074759242561042,nan
165,-0.8725650119043874,nan,0.08566152018205868,nan,0.003694204118666787,nan
166,-0.36370820911088314,nan,0.08592314781811204,nan,0.001239068561522113,nan
167,-0.4214587426344347,nan,0.0861735619345257,nan,0.0017766976423615438,nan
168,-0.5469243936228382,nan,0.0871573856136324,nan,0.0018087111875157655,nan
169,-0.5016007330712432,nan,0.08796025427431635,nan,0.0019361018350547452,nan
170,-0.322868770821576,nan,0.08821832079619708,nan,0.0012424394306199274,nan
171,-0.7782661325353724,nan,0.08960892213512998,nan,0.003423108912402684,nan
172,-0.5221869409442943,nan,0.09043264489431128,nan,0.0018750134828143512,nan
173,-0.32127014092697964,nan,0.0906293700323212,nan,0.0010552733076183692,nan
174,-0.747290183287202,nan,0.0919528930329732,nan,0.0029697201810842872,nan
175,-0.4096885221377386,nan,0.09243555521657407,nan,0.0015985042948065376,nan
176,-0.39567080893509404,nan,0.09302197713556834,nan,0.0015319847366895855,nan
177,-0.44960946486244413,nan,0.09366335598417916,nan,0.0015198073921860148,nan
178,-0.5058093499039206,nan,0.09444027389700456,nan,0.002050937059256427,nan
179,-0.2932002149614553,nan,0.09471200789618749,nan,0.0009381672186533564,nan
180,-1.145174499371651,nan,0.09711681790610961,nan,0.00548587786439959,nan
181,-0.6475594336937243,nan,0.0981671760742596,nan,0.0027124680935665143,nan
182,-0.5229431791120676,nan,0.0987976498172052,nan,0.0016602317838000282,nan
183,-0.41048647172214137,nan,0.09902715767897505,nan,0.0011412941131333709,nan
184,-0.6148464592065164,nan,0.10009530340206835,nan,0.00248051342608465,nan
185,-1.2313768649659875,nan,0.10284742198514105,nan,0.007084835038962279,nan
186,-0.42776835477408964,nan,0.10310464801730743,nan,0.0017123136029075078,nan
187,-0.7257536548966905,nan,0.10439189532423954,nan,0.0038853731591473734,nan
188,-0.42335968679717845,nan,0.1047792851884523,nan,0.0019975834868494243,nan
189,-0.7235351567482669,nan,0.10597486087517516,nan,0.002821463617953003,nan
190,-0.9299790546052519,nan,0.10788109483652057,nan,0.004047215574436276,nan
191,-0.5254552977279185,nan,0.10870140141651842,nan,0.0017601888706797481,nan
192,-0.9148437943748408,nan,0.1103997548703475,nan,0.00400054405555061,nan
193,-0.349637081750678,nan,0.11063943853940443,nan,0.001023903676586591,nan
194,-0.5893819948555169,nan,0.11163769129985239,nan,0.002446105980055281,nan
195,-0.33875435949804306,nan,0.11190923934545974,nan,0.0012144973272817418,nan
196,-0.29854504113476843,nan,0.11216882887935568,nan,0.0011614615018337728,nan
197,-0.6671647965873954,nan,0.11341629350810678,nan,0.002646380477953772,nan
198,-0.7235921704096995,nan,0.1146050013792009,nan,0.0029796419088222535,nan
199,-0.6470732979626175,nan,0.11551304498137648,nan,0.0029806273891365012,nan
200,-0.428053183957526,nan,0.11596016671599281,nan,0.0018103556698524335,nan
201,-0.6986470911710337,nan,0.11706908065448682,nan,0.0026118410676671706,nan
202,-0.5606518304119398,nan,0.11790117538619344,nan,0.0023187355252912685,nan
203,-0.49103863096399447,nan,0.11867803411192192,nan,0.0015225718166692003,nan
204,-0.4239020671723295,nan,0.11915402298075939,nan,0.001614472607168211,nan
205,-0.3354563815021074,nan,0.11938447449270859,nan,0.0012945414011808316,nan
206,-0.7110132616819045,nan,0.12043833723276742,nan,0.0027342975034392114,nan
207,-0.6675930166406858,nan,0.12166560214512465,nan,0.002537608526770427,nan
208,-0.45893537743171275,nan,0.1222802236033496,nan,0.0019340636631927745,nan
209,-0.48741930470923545,nan,0.12304674754686877,nan,0.001723034460661307,nan
210,-0.5618228024592752,nan,0.12381120481597142,nan,0.0019977372389109564,nan
211,-0.332350824006243,nan,0.12416215122777487,nan,0.001187634316583579,nan
212,-0.3837155760487497,nan,0.1245844696522979,nan,0.0013339913908370746,nan
213,-0.5975777086844659,nan,0.12536865171634326,nan,0.00207149419981619,nan
214,-0.3741902718331928,nan,0.12588892463539295,nan,0.0013200984171501183,nan
215,-0.4620752270896062,nan,0.12658585983081372,nan,0.0018143699176775565,nan
216,-0.46053307076373573,nan,0.12728197521117451,nan,0.0017813515933392773,nan
217,-0.5307293955594998,nan,0.1281553859877053,nan,0.002449433440658126,nan
218,-0.36116475913662993,nan,0.12839223528382443,nan,0.0012457646324583358,nan
219,-0.40636638814321907,nan,0.1288405871565282,nan,0.0011967128031628907,nan
220,-0.41088063623321214,nan,0.12923655013143906,nan,0.0015806587390291469,nan
221,-0.5555011222517139,nan,0.1300647555700281,nan,0.0018281619457148337,nan
222,-0.537607525426231,nan,0.1308799464512105,nan,0.0020909938544462934,nan
223,-0.3915804027091422,nan,0.13134400207124558,nan,0.00172139597894942,nan
224,-0.48753541091402997,nan,0.13184986164748194,nan,0.0018126806250318406,nan
225,-0.4688250826374414,nan,0.13244119429992945,nan,0.001803438237515176,nan
226,-0.5721517116696944,nan,0.13322863247551242,nan,0.002003880406134655,nan
227,-0.32115897152566786,nan,0.1335278491503237,nan,0.0013509985898010916,nan
228,-0.45452180460144614,nan,0.13395023565104738,nan,0.0013114059847484543,nan
229,-0.6089620518651258,nan,0.1348068347218813,nan,0.0022267375180694215,nan
230,-0.7782749083971434,nan,0.1361944960476708,nan,0.0032675738302964494,nan
231,-0.421514722101948,nan,0.1366913988643551,nan,0.0016183127762245703,nan
232,-0.6332824978788898,nan,0.13769109456653417,nan,0.0029233372854513264,nan
233,-0.5967670304818573,nan,0.13860408057688245,nan,0.002550251932969428,nan
234,-0.3409388622542008,nan,0.13896400669955916,nan,0.0010798515808028253,nan
235,-0.500031380941421,nan,0.13955526084065317,nan,0.0018557189403571807,nan
236,-0.42303217541597676,nan,0.1399839580351516,nan,0.0017385368546937916,nan
237,-0.8559334976031634,nan,0.14188315125431064,nan,0.003735307890069749,nan
238,-0.4674221448841631,nan,0.1425217648903414,nan,0.001489002616582045,nan
239,-0.8827390088654482,nan,0.144382758004388,nan,0.003515183314015045,nan
240,-0.6426358071232141,nan,0.1454594968814938,nan,0.0024559656921342237,nan
241,-0.3624775359394792,nan,0.14580395772001542,nan,0.0014418383520897213,nan
242,-0.3949828836332171,nan,0.14630043040455537,nan,0.0014607142014344224,nan
243,-0.41040284120347187,nan,0.14668460869594108,nan,0.0014572359510992134,nan
244,-0.37144719483052757,nan,0.14704486361738214,nan,0.001353498099175248,nan
245,-0.4113993273401352,nan,0.14742648099341113,nan,0.001526318708864009,nan
246,-0.4799758041604638,nan,0.14799628645286686,nan,0.0016536779165390498,nan
247,-0.7832015027103628,nan,0.14952574160416895,nan,0.003237740329932562,nan
248,-0.39675846128682823,nan,0.14979415306545216,nan,0.0016274443097284914,nan
249,-0.3893043040821965,nan,0.15009817248107718,nan,0.0014353558148044677,nan
250,-0.45247331403074514,nan,0.15064126717211898,nan,0.0017441050114530216,nan
251,-0.4341301167300889,nan,0.15115739309856033,nan,0.0012932134959726075,nan
252,-0.4895973638058921,nan,0.15173492606254735,nan,0.0020610013117774357,nan
253,-0.36235446448096664,nan,0.1520329479213724,nan,0.0011094455719335042,nan
254,-0.5504778409418173,nan,0.152824761286481,nan,0.0020057509912868,nan
255,-0.3844147518892395,nan,0.1531167314490503,nan,0.001591470811365993,nan
256,-0.6308868852551375,nan,0.15418260314984927,nan,0.0030436570178844196,nan
257,-0.39925732879073905,nan,0.15454939132198955,nan,0.0014836684555150903,nan
258,-0.6587097456874528,nan,0.15557556250574103,nan,0.0028769396200217802,nan
259,-0.4137830291301483,nan,0.15595932746171323,nan,0.0014060344096410802,nan
260,-0.5000810335248409,nan,0.15649711599976965,nan,0.0019241720371589647,nan
261,-0.42545426379978635,nan,0.1570536631677667,nan,0.001541821894017307,nan
262,-0.2807193268986891,nan,0.1572507958243386,nan,0.0011662947458090565,nan
263,-0.5703740161347508,nan,0.15799713276054514,nan,0.002469896183305271,nan
264,-0.3351266633222184,nan,0.15825080835405161,nan,0.0011474977604383572,nan
265,-0.5104257063594547,nan,0.15885667578555612,nan,0.0018377691310144503,nan
266,-0.6051872567944359,nan,0.15983658248949809,nan,0.0020996607417780155,nan
267,-0.5594640734930671,nan,0.16065327822374478,nan,0.0020656335644416175,nan
268,-0.3332684127862746,nan,0.1609372504237329,nan,0.0014359477931208166,nan
269,-0.5336732138123591,nan,0.16172340657221274,nan,0.0017412684754251266,nan
270,-0.4855645524005587,nan,0.1621813215374676,nan,0.0021291561777019804,nan
271,-0.4546374947359393,nan,0.1628034301107758,nan,0.0017115414948560839,nan
272,-0.39666553373450586,nan,0.16316600727197342,nan,0.0017192228451878696,nan
273,-0.8206637823677504,nan,0.16454418815722735,nan,0.003046927009099721,nan
274,-0.4316352660808218,nan,0.16511323857242494,nan,0.0014492823660561904,nan
275,-0.3533630477402898,nan,0.1653110622340084,nan,0.0013059835257680779,nan
276,-0.5937026285925673,nan,0.1660077625880412,nan,0.0021118953058950657,nan
277,-0.4045055833548255,nan,0.16659020138402583,nan,0.0012181532803372454,nan
278,-0.40515032834436715,nan,0.16686002609394718,nan,0.001685393223020055,nan
279,-0.4213163825361481,nan,0.16748815534485176,nan,0.0013587841402429581,nan
280,-0.46754258804633025,nan,0.16778429903113137,nan,0.002010579932769863,nan
281,-0.39125101562681314,nan,0.16823230436860398,nan,0.0014063234799271444,nan
282,-0.42699170265378605,nan,0.16852829248474413,nan,0.0015567400172237461,nan
283,-0.2916133790422041,nan,0.1686964565090275,nan,0.0011799427052753496,nan
284,-0.39908206254996725,nan,0.16910804461951576,nan,0.0018287039312126442,nan
285,-0.41664053904228454,nan,0.1696271326262777,nan,0.0014859808134822753,nan
286,-0.515980185970634,nan,0.17037895774000203,nan,0.002268167830397407,nan
287,-0.3696327183281844,nan,0.1708396067949313,nan,0.0014595498928253613,nan
288,-0.5281739009457685,nan,0.1715684968308026,nan,0.0019888108746371944,nan
289,-0.44795043161955517,nan,0.17216782817204346,nan,0.001561835034022241,nan
290,-0.5036390761827688,nan,0.17272179759300343,nan,0.0018725622193405415,nan
291,-0.395436393630225,nan,0.17318272056304096,nan,0.001354646410014328,nan
292,-0.6263152437336832,nan,0.17417685743561642,nan,0.0023196428138301662,nan
293,-0.6348340263191546,nan,0.17517763046285056,nan,0.0025787954003990295,nan
294,-0.4165715803279698,nan,0.17556124815160906,nan,0.001561895711103163,nan
295,-0.28536825905003715,nan,0.17585978886506848,nan,0.0011483164559476966,nan
296,-0.5012027501470829,nan,0.17649301528886635,nan,0.0020315602429581063,nan
297,-0.47064641456846457,nan,0.17691434414428991,nan,0.0015701125385054273,nan
298,-0.44188811550824186,nan,0.17747284923348916,nan,0.001713165081137072,nan
299,-0.33799779479438374,nan,0.1777097539664737,nan,0.001101209044451767,nan
300,-0.5490954743455184,nan,0.1786332522860702,nan,0.0020026296608700363,nan
301,-0.48902440350276527,nan,0.17941396126118653,nan,0.0017994785795074299,nan
302,-0.3220460012649156,nan,0.17980552593828142,nan,0.0013755640716091237,nan
303,-0.3933112128668611,nan,0.18028885859019625,nan,0.001810136769157221,nan
304,-0.48807659831442834,nan,0.18084039482730818,nan,0.001699290346341353,nan
305,-0.4777036129786475,nan,0.18150477140942275,nan,0.002091656428851961,nan
306,-0.3968916740265355,nan,0.18195602976861067,nan,0.00205102667699415,nan
307,-0.2712611314745679,nan,0.18218209256966814,nan,0.0013435546182392524,nan
308,-0.3067664421010934,nan,0.18234458428055822,nan,0.0012559242940225846,nan
309,-0.4086102311392228,nan,0.18294190977017027,nan,0.00151043836598603,nan
310,-0.6119039888303748,nan,0.18387318159995591,nan,0.0024162577215224215,nan
311,-0.35126285675856983,nan,0.1841707244631516,nan,0.0013212040054638378,nan
312,-0.4001457538734223,nan,0.18451720300570074,nan,0.001654304994030788,nan
313,-0.49826194196116247,nan,0.18503475909009526,nan,0.0017546871208361091,nan
314,-0.8092804454737521,nan,0.1865425647232923,nan,0.0034411365247176786,nan
315,-0.44382022115973657,nan,0.1871035541457514,nan,0.001458776571288363,nan
316,-0.48415325663812336,nan,0.18762784509008718,nan,0.0017487330670303569,nan
317,-0.7463512249155199,nan,0.18894956285022738,nan,0.0030786630901786373,nan
318,-0.4341074088204841,nan,0.18941500331120478,nan,0.001421999186898716,nan
319,-0.4001445691383599,nan,0.18966596096191338,nan,0.0017282289188478585,nan
320,-0.5700953029847494,nan,0.19049835805852847,nan,0.002382648385664092,nan
321,-0.3406671249144268,nan,0.19074319284338537,nan,0.0014718542708338845,nan
322,-0.5659822692742902,nan,0.19158328642922412,nan,0.0019037205926771838,nan
323,-0.5104085187304234,nan,0.1923032709494696,nan,0.002000880132230639,nan
324,-0.6913897173046836,nan,0.19347038782389983,nan,0.0027913046643057438,nan
325,-0.31716020459932515,nan,0.19366419412325522,nan,0.0011772474225705135,nan
326,-0.44873363438269553,nan,0.19409962248070972,nan,0.001606646004838203,nan
327,-0.5300788245133521,nan,0.19474799061017853,nan,0.0022287179601385445,nan
328,-0.35414437042303815,nan,0.19502941199576784,nan,0.0012793143913960292,nan
329,-0.4135009439447549,nan,0.1953717309322251,nan,0.0018672475673921784,nan
330,-0.5912456231169214,nan,0.19609803967513126,nan,0.002046335611679073,nan
331,-0.48862616814595683,nan,0.1968827297103406,nan,0.0014389663808959405,nan
332,-0.3561609605381503,nan,0.19710679918457538,nan,0.0011639765554075704,nan
333,-0.4854549309368432,nan,0.19768576719926745,nan,0.0021756054053057397,nan
334,-0.47764012082941365,nan,0.19818542039846015,nan,0.0016125608245683835,nan
335,-0.3088724095771055,nan,0.19836255055887292,nan,0.0012085161050627439,nan
336,-0.4090359448561018,nan,0.1986942412527708,nan,0.0017913857149984373,nan
337,-0.5319740618198,nan,0.19943174811594547,nan,0.001959378717329962,nan
338,-0.418970757494435,nan,0.19988509239226404,nan,0.001594952501547875,nan
339,-0.3616033311824941,nan,0.20016320757030343,nan,0.001647535249130929,nan
340,-0.4845823957519336,nan,0.20088143210124793,nan,0.0015448630500527008,nan
341,-0.3505098318035887,nan,0.20114066721377152,nan,0.0013988405335118464,nan
342,-0.4762878386439371,nan,0.2016260039645585,nan,0.0015607096572585976,nan
343,-0.6828893994159921,nan,0.20258755172251136,nan,0.0030774843988816123,nan
344,-0.6581196326946073,nan,0.20368481723309345,nan,0.0027313680132527176,nan
345,-0.4006349588522877,nan,0.20394305114911926,nan,0.0012956805381612055,nan
346,-0.3848446955047813,nan,0.20429390606592768,nan,0.0013170032097412645,nan
347,-0.4341254023779844,nan,0.20476050683681477,nan,0.0017037251786585796,nan
348,-0.37888457289934135,nan,0.20516644086350475,nan,0.0014596131736630033,nan
349,-0.4199102151567571,nan,0.20568874093894443,nan,0.0013868486808239864,nan
350,-0.2656931707965076,nan,0.20586219588327373,nan,0.0010230443466346893,nan
351,-0.36521925658111865,nan,0.20609139621544295,nan,0.0018333636541483119,nan
352,-0.3917364309611549,nan,0.20648470186078807,nan,0.0014436639708407587,nan
353,-0.3770285507366173,nan,0.20688129168292696,nan,0.0011739977498221937,nan
354,-0.6431127850548042,nan,0.20781437150611665,nan,0.0023602928072632423,nan
355,-0.3912233165400037,nan,0.20818259593632651,nan,0.0014064805629019684,nan
356,-0.48029769760685864,nan,0.20849213141828624,nan,0.002010670715271547,nan
357,-0.3163711371169494,nan,0.20869733656639763,nan,0.001121026312183186,nan
358,-0.37245985291863587,nan,0.20904420260095025,nan,0.0013940774910399174,nan
359,-0.43075297309284805,nan,0.20935899608920946,nan,0.0017485720562597884,nan
360,-0.48413765637825307,nan,0.21011025274113165,nan,0.001750847262013354,nan
361,-0.38492722959920456,nan,0.2105343510353765,nan,0.0017498089815946723,nan
362,-0.520352313293716,nan,0.2110964845748312,nan,0.0021678846187767943,nan
363,-0.4524140944510143,nan,0.2113917208653942,nan,0.0018063134908905603,nan
364,-0.49632431572525615,nan,0.2120683869112776,nan,0.0016191845898867756,nan
365,-0.45933375711122143,nan,0.21264905545194088,nan,0.001654665989685631,nan
366,-0.6864055590822686,nan,0.21374865735308765,nan,0.002455651500291385,nan
367,-0.5138119775991639,nan,0.21434315585512295,nan,0.0017053316053385508,nan
368,-0.359673031362896,nan,0.21462456918948308,nan,0.001612564011064755,nan
369,-0.2995379671831675,nan,0.21490935440501596,nan,0.0012463892301429191,nan
370,-0.3030396558392066,nan,0.21526005473292947,nan,0.001616902225635873,nan
371,-0.30345928773818365,nan,0.2154085008781653,nan,0.0013110281758563005,nan
372,-0.5571655795715899,nan,0.2162622400080724,nan,0.0018693056451805107,nan
373,-0.708427415732194,nan,0.2172999116733955,nan,0.0031795671952646602,nan
374,-0.5173673096570879,nan,0.21773679674429802,nan,0.0023962179459106605,nan
375,-0.46549007680286153,nan,0.21823374747190494,nan,0.001997305987396851,nan
376,-0.34583629856746584,nan,0.2186258241470226,nan,0.0015320300245072467,nan
377,-0.4079234350736838,nan,0.21898299079266845,nan,0.0015137112264393597,nan
378,-0.3786365968458054,nan,0.21922770765367797,nan,0.00153360703363394,nan
379,-0.677274281956372,nan,0.22039853632025627,nan,0.002711146558140734,nan
380,-0.4370475706501266,nan,0.22075653475931092,nan,0.001454976045264249,nan
381,-0.5024931422067166,nan,0.22103477022775417,nan,0.0019906991213338773,nan
382,-0.4276301733193714,nan,0.2215387743779437,nan,0.0016360664342804357,nan
383,-0.4182375049938034,nan,0.22194358626586902,nan,0.001719996558082214,nan
384,-0.5943926107496262,nan,0.22278210045826263,nan,0.0023340734782475022,nan
385,-0.5440411455562171,nan,0.22355975967024924,nan,0.0024868303689758024,nan
386,-0.3272731761463815,nan,0.2238770011338982,nan,0.001284320233463762,nan
387,-0.38980689937378304,nan,0.22439410884160035,nan,0.0016792818691290466,nan
388,-0.3469379755119703,nan,0.2246422108676052,nan,0.0010869498754123173,nan
389,-0.6242206678105596,nan,0.22551581217443897,nan,0.0021404574873290115,nan
390,-0.40843349663818174,nan,0.22598239315153693,nan,0.0017399307448866949,nan
391,-0.4870962073959083,nan,0.2267620398136012,nan,0.0016597468836978128,nan
392,-0.4221435869008173,nan,0.22716108600037035,nan,0.0016479374700850142,nan
393,-0.3951167681163894,nan,0.22759899303606784,nan,0.001613780714403141,nan
394,-0.353018843997407,nan,0.22783102032799293,nan,0.0017178877291187987,nan
395,-0.3958371088954923,nan,0.22828984973895297,nan,0.00164448085354186,nan
396,-1.0143064577961265,nan,0.23027904372819624,nan,0.004911835215324672,nan
397,-0.3742766223283107,nan,0.23068134278824554,nan,0.0016616614667734914,nan
398,-0.35809924763599743,nan,0.23100310395387413,nan,0.0012191910898397978,nan
399,-0.5874401445993894,nan,0.23201063970186617,nan,0.002353679639005418,nan
400,-0.5389817084073816,nan,0.23272275332026832,nan,0.0019552468149159016,nan
401,-0.347875915265959,nan,0.23292060959701294,nan,0.0015548969937898803,nan
402,-0.3172478045712195,nan,0.23323074735093302,nan,0.0013987162400746307,nan
403,-0.33546001145987203,nan,0.23337292173160182,nan,0.0014322785761806847,nan
404,-0.4985719336587247,nan,0.23381987852552688,nan,0.0022071844507067493,nan
405,-0.32580195759088465,nan,0.2340559972905828,nan,0.001489710964222061,nan
406,-0.39113071951192446,nan,0.2343533537567857,nan,0.0017218220386642708,nan
407,-0.44706657831635993,nan,0.234735363616774,nan,0.0015662065209311711,nan
408,-0.37818768527284485,nan,0.235057936503544,nan,0.0012853482243748856,nan
409,-0.5193549444694622,nan,0.2356860566029995,nan,0.002006524047264144,nan
410,-0.6168807094587672,nan,0.23658527173416433,nan,0.0025865984939962908,nan
411,-0.4462259808339762,nan,0.23714312607322338,nan,0.001561151769442044,nan
412,-0.30991991878783587,nan,0.23738110231280085,nan,0.0013711515922967855,nan
413,-0.3531904565833377,nan,0.23763840582252482,nan,0.0015033730776390667,nan
414,-0.9629665749646579,nan,0.23955912446329683,nan,0.004802742495646696,nan
415,-0.2939969592039718,nan,0.239777114810507,nan,0.0014275897068531127,nan
416,-0.5042850392896283,nan,0.24039081471670096,nan,0.0019134034085422134,nan
417,-0.557272074154301,nan,0.24109471232566695,nan,0.0021817338947605685,nan
418,-0.34228884711599966,nan,0.24132723108474566,nan,0.0018533973161932317,nan
419,-0.3634844326943238,nan,0.24165472676409547,nan,0.0016339332536528248,nan
420,-0.4476993750136501,nan,0.2420526965514293,nan,0.0016755514297214526,nan
421,-0.31439459010810694,nan,0.24225053928221263,nan,0.0011537358282304538,nan
422,-0.34245425712456834,nan,0.24255231375738595,nan,0.0014920688934980688,nan
423,-0.4878120677278465,nan,0.24319886968860213,nan,0.0024028832075386566,nan
424,-0.538742049422492,nan,0.24398170998419025,nan,0.0022191201954809498,nan
425,-0.38487194525931173,nan,0.2442884173572583,nan,0.0016873509762983351,nan
426,-0.3646552341293304,nan,0.24470581442834663,nan,0.001228640135238449,nan
427,-0.31550331667679143,nan,0.2449031091226395,nan,0.0013173378240572415,nan
428,-0.3248812928217856,nan,0.2451711994703848,nan,0.0017598539385390109,nan
429,-0.6347582919637296,nan,0.24611602512513542,nan,0.0024084379834210397,nan
430,-0.39501803916839023,nan,0.24647454682110506,nan,0.0016130401615953769,nan
431,-0.4476385585798782,nan,0.24684545071083966,nan,0.0016629435529553717,nan
432,-0.4442427725514638,nan,0.2471872342377948,nan,0.00202471987376964,nan
433,-0.25637163560511045,nan,0.2473169992594668,nan,0.0011115668295299818,nan
434,-0.40035688746702325,nan,0.24764968052063313,nan,0.0013334063224863324,nan
435,-0.39333278914508196,nan,0.2480086892653858,nan,0.0014628820390555476,nan
436,-0.5185740830653938,nan,0.24870472962468892,nan,0.001889264536647274,nan
437,-0.5221503525074751,nan,0.24929679353646986,nan,0.002314124848801228,nan
438,-0.413999773073923,nan,0.24982038587433275,nan,0.0016959472267255747,nan
439,-0.3177034441816437,nan,0.2500340105810529,nan,0.0013578022320175317,nan
440,-0.5798301710861463,nan,0.2509216181954218,nan,0.0021743384815211546,nan
441,-0.44039981429134334,nan,0.2515032203065196,nan,0.0017976713796408687,nan
442,-0.3814505123406945,nan,0.25179445390319655,nan,0.0015471467085240505,nan
443,-0.3858673501836836,nan,0.25218936593255725,nan,0.0017471213830492075,nan
444,-0.34684155053362936,nan,0.2525042853957062,nan,0.0015861935649980003,nan
445,-0.3240482844662014,nan,0.2526176900397488,nan,0.0014569490536219813,nan
446,-0.3683571180292812,nan,0.25294918605020644,nan,0.0016547742756670798,nan
447,-0.6289254751078746,nan,0.25401716205845615,nan,0.0024038037769870636,nan
448,-0.41768738231967895,nan,0.254570629841001,nan,0.0016285351445524713,nan
449,-0.5061383006148161,nan,0.2550387752802837,nan,0.001966188618771401,nan
450,-0.475220873913103,nan,0.25558775001371015,nan,0.001809147295573655,nan
451,-0.467852330228773,nan,0.25613807744117134,nan,0.001366837915236412,nan
452,-0.2908536296563907,nan,0.256263429957987,nan,0.0012833036587386667,nan
453,-0.3392103810798571,nan,0.25651950851187677,nan,0.0016799482214988328,nan
454,-0.33825172163228895,nan,0.25672175122429464,nan,0.0014612229794288942,nan
455,-0.24989498510163752,nan,0.2568979988230961,nan,0.0012838244112197213,nan
456,-0.4282722260591825,nan,0.2574526885836881,nan,0.0017644362190678397,nan
457,-0.34223243470220993,nan,0.2576041577438903,nan,0.0014512278732822868,nan
458,-0.299300552199654,nan,0.25785513741496263,nan,0.0016619103656877814,nan
459,-0.24658869802046735,nan,0.25798659183715117,nan,0.0012829677522843874,nan
460,-0.5988091330277874,nan,0.2587858729931083,nan,0.0019146596332486963,nan
461,-0.44042088111513716,nan,0.2592619709839957,nan,0.0016541992186023063,nan
462,-0.2948432158152494,nan,0.2594706139794138,nan,0.0013159110101067205,nan
463,-0.380285757526822,nan,0.2595989255190478,nan,0.001511371221052803,nan
464,-0.3425720877959898,nan,0.2599271431677383,nan,0.0014446053228811407,nan
465,-0.5425285447155275,nan,0.26054429337091706,nan,0.0018972783357672658,nan
466,-0.5526492868838678,nan,0.2613586123049805,nan,0.002262272577299784,nan
467,-0.4322076245274031,nan,0.26184913358834083,nan,0.0022101173636238118,nan
468,-0.3542901249477348,nan,0.2621689386592106,nan,0.0014973572851786211,nan
469,-0.6294654408027818,nan,0.2629736909027257,nan,0.0027136447185876936,nan
470,-0.4052417073594665,nan,0.26347093192376986,nan,0.0012911335618498707,nan
471,-0.3779319427008878,nan,0.26378871576470897,nan,0.0016300436193829486,nan
472,-0.32002000961711125,nan,0.26394222014720425,nan,0.0013343656842650345,nan
473,-0.33767538343074327,nan,0.26430931841390376,nan,0.0012336832033333777,nan
474,-0.4707541905570813,nan,0.2649103223793785,nan,0.0016711485584869883,nan
475,-0.7676993766195187,nan,0.26625122201431717,nan,0.0033107576171301583,nan
476,-0.46456540595895474,nan,0.26675637125471097,nan,0.0018890530156996366,nan
477,-0.3980597967846151,nan,0.2671120616039563,nan,0.0016258714328068677,nan
478,-0.29451641186583855,nan,0.2672234879791974,nan,0.0013761556857941114,nan
479,-0.511614433792042,nan,0.26788132659963215,nan,0.0023377351339578987,nan
480,-0.4436086702202131,nan,0.2684272247188183,nan,0.0017777800689027898,nan
481,-0.37224419466873776,nan,0.26871435339254846,nan,0.001548355853383009,nan
482,-0.8098897659382142,nan,0.27013534769953523,nan,0.00355838808466137,nan
483,-0.5745132914842322,nan,0.2709846685217423,nan,0.002235898714893472,nan
484,-0.3770144817546328,nan,0.2712678854870926,nan,0.0016382065008731627,nan
485,-0.40420665067703826,nan,0.271628993389998,nan,0.0014227743767886928,nan
486,-0.3300416171780145,nan,0.27178940061990825,nan,0.0014537057483440172,nan
487,-0.35250331294758436,nan,0.2720316748208245,nan,0.0013669523511153608,nan
488,-0.5082150025850526,nan,0.27235802695577516,nan,0.0016280551873949826,nan
489,-0.45033817364215617,nan,0.27268218230757296,nan,0.0016730425419595588,nan
490,-0.5465054659288282,nan,0.2734989042907876,nan,0.0023545303170625395,nan
491,-0.6621299358940576,nan,0.2746488375825641,nan,0.0028028966446672623,nan
492,-0.45456201003283536,nan,0.2751165020586942,nan,0.0016247213204709013,nan
493,-0.4348116051573114,nan,0.27542591037228015,nan,0.001972947229361026,nan
494,-0.5588390726460839,nan,0.27632256173769676,nan,0.0022603302853745374,nan
495,-0.3663882761210988,nan,0.2766712133766856,nan,0.0015888059873007119,nan
496,-0.3380807179420374,nan,0.2769739621084454,nan,0.001246646952062355,nan
497,-0.5128162303958613,nan,0.2776019452799029,nan,0.0020522086966034995,nan
498,-0.33830352481089326,nan,0.2777912418851064,nan,0.0016165593714852725,nan
499,-0.5171531659378419,nan,0.27846970233901785,nan,0.0016754871869595212,nan
500,-0.38003983343029996,nan,0.27884897448900126,nan,0.0017475195837931164,nan
501,-0.3577939482596734,nan,0.2792111994503428,nan,0.0016949673505236426,nan
502,-0.415853796183443,nan,0.2795622777755422,nan,0.0015712346623489382,nan
503,-0.48279349143534445,nan,0.2799415033351278,nan,0.0019390443252685307,nan
504,-0.4196234569557237,nan,0.280357871389014,nan,0.0017228268986731275,nan
505,-0.42822767361208314,nan,0.28075823195965105,nan,0.0021905791881713,nan
506,-0.41540944943574426,nan,0.28112735634519176,nan,0.0016904911284615204,nan
507,-0.4701020836998734,nan,0.2815740679391845,nan,0.0022356668714091517,nan
508,-0.6569107462790478,nan,0.28262490657243955,nan,0.0028696823804776556,nan
509,-0.4669077070562,nan,0.2830751927633242,nan,0.0021161049677176674,nan
510,-0.4958952641040442,nan,0.2837407195735896,nan,0.0018803272497069274,nan
511,-0.36142410030287,nan,0.2840527358152332,nan,0.0017350355239002784,nan
512,-0.31533346885997376,nan,0.284260281770646,nan,0.001369046784392628,nan
513,-0.42569836605833716,nan,0.28462154392277034,nan,0.0018966179241186123,nan
514,-0.41609360698542536,nan,0.2851099696132985,nan,0.0019424627211747085,nan
515,-0.31653006266241257,nan,0.28539254328048724,nan,0.0014954331778597822,nan
516,-0.47293802437566773,nan,0.2858429755389158,nan,0.002137834351963759,nan
517,-0.5005663478786406,nan,0.2864815126432424,nan,0.0018419182394511572,nan
518,-0.2877505480099317,nan,0.2866042150198572,nan,0.0014025228073478815,nan
519,-0.3917542401471783,nan,0.2868402693500975,nan,0.0016967362162204566,nan
520,-0.33733670676526367,nan,0.2870474738171166,nan,0.0017616660555488963,nan
521,-0.2742832703677712,nan,0.2872601583141467,nan,0.001347231812985006,nan
522,-0.36700684014661394,nan,0.2874968927044727,nan,0.0015820222488177813,nan
523,-0.35672383317192136,nan,0.2878132286005343,nan,0.00161498280151697,nan
524,-0.31792938231367085,nan,0.28791667510546953,nan,0.001949876019215281,nan
525,-0.410282776508789,nan,0.28831293973690114,nan,0.0019407928078059408,nan
526,-0.3563404035504866,nan,0.2885255489737158,nan,0.0015640723797776433,nan
527,-0.34488794706465564,nan,0.28876045928183647,nan,0.0015774138003555873,nan
528,-0.6130233212269032,nan,0.2897318321195632,nan,0.0023582142448372785,nan
529,-0.3473406059588766,nan,0.29004078304257774,nan,0.0019615891119067427,nan
530,-0.5157389648910666,nan,0.2906366569045514,nan,0.00191423121461604,nan
531,-0.5563457697401777,nan,0.29131201621151465,nan,0.0022034075012197668,nan
532,-0.343155142289529,nan,0.29164504124504337,nan,0.0016235439129719661,nan
533,-0.36841684468742936,nan,0.2919587155136534,nan,0.0017312341654942677,nan
534,-0.3189258045741157,nan,0.2922767959393882,nan,0.0013736216934712457,nan
535,-0.3152161839732614,nan,0.29248575755277684,nan,0.0014688904864017852,nan
536,-0.398547731108245,nan,0.29294866140708714,nan,0.001824490864262599,nan
537,-0.42295568401516936,nan,0.29331353610484173,nan,0.0017924181061990893,nan
538,-0.2709943211921832,nan,0.2934114254541855,nan,0.0012739057965828475,nan
539,-0.4568751613464751,nan,0.29382226211614165,nan,0.0016946163085683496,nan
540,-0.73844874667413,nan,0.29513541640871366,nan,0.002816687337261715,nan
541,-0.340659348620895,nan,0.2953977558972286,nan,0.0014451256789474807,nan
542,-0.40606238066368167,nan,0.2957933828280556,nan,0.0020554650595126524,nan
543,-0.5160637799482237,nan,0.29650794209956866,nan,0.001672684596193172,nan
544,-0.35180924789654283,nan,0.2968603766104411,nan,0.0016074553680991198,nan
545,-0.6230305333479031,nan,0.29787557903461254,nan,0.0022859098868843867,nan
546,-0.29273031246696046,nan,0.29813139697110563,nan,0.001533486843362714,nan
547,-0.618463485504091,nan,0.29900371697442424,nan,0.0024652719736945375,nan
548,-0.5772049616091657,nan,0.2997497718335489,nan,0.0024497625019622485,nan
549,-0.34840841087210384,nan,0.3000421232329483,nan,0.0016531678465066862,nan
550,-0.39710457848606917,nan,0.300503466858106,nan,0.0017188288751699007,nan
551,-0.5493602313859764,nan,0.30108010100538796,nan,0.002284154773445811,nan
552,-0.4899782258294964,nan,0.3017809060606807,nan,0.0017769861442041282,nan
553,-0.3439305054484968,nan,0.30206240982789573,nan,0.0015848520522172955,nan
554,-0.4897387348685708,nan,0.3025339572046406,nan,0.0024431013723350496,nan
555,-0.5651552629228327,nan,0.303124889055846,nan,0.0025722838836676506,nan
556,-0.5348552653234213,nan,0.3038567844546677,nan,0.0020524096698437966,nan
557,-0.36518273360055337,nan,0.30412376916949374,nan,0.0016405893934332493,nan
558,-0.5847957749036534,nan,0.3050897677448522,nan,0.0027911725728228132,nan
559,-0.49309649455435633,nan,0.30583235425556227,nan,0.002265987171708041,nan
560,-0.3124955380712189,nan,0.3059675134569511,nan,0.0013294380491433,nan
561,-0.361181675097762,nan,0.306197639929275,nan,0.0018292476652123815,nan
562,-0.2977067078647034,nan,0.3063793196330014,nan,0.0015684488754887404,nan
563,-0.33484455845597627,nan,0.3065221339934693,nan,0.0014861168589571207,nan
564,-0.4015985381918721,nan,0.3068833576740097,nan,0.0019414377436686172,nan
565,-0.4959992219491853,nan,0.30747415640692416,nan,0.0021342893480514225,nan
566,-0.33409856122311304,nan,0.3076056557600278,nan,0.0012719862148539247,nan
567,-0.4730410690548981,nan,0.30824088782873726,nan,0.0016441811000846114,nan
568,-0.5287627468092302,nan,0.3088249779610884,nan,0.002114177209701675,nan
569,-0.3355675072975382,nan,0.30913341659121885,nan,0.0015495511285703906,nan
570,-0.505767195261273,nan,0.3097010616535291,nan,0.0022744397193514756,nan
571,-0.33496825437815314,nan,0.3098905632484863,nan,0.001452917818965354,nan
572,-0.4074994755058259,nan,0.3100968313235551,nan,0.0018654957335417848,nan
573,-0.8092769559802961,nan,0.31163350834898645,nan,0.0034291242744483013,nan
574,-0.4533725669025218,nan,0.3122928151163434,nan,0.0019446791237149865,nan
575,-0.2608306379811148,nan,0.31255214181735425,nan,0.001401360529840094,nan
576,-0.3579304497919512,nan,0.31275198612555677,nan,0.0020559978859194783,nan
577,-0.5037679788996191,nan,0.3132304959607972,nan,0.002269431633186749,nan
578,-0.4618162735184292,nan,0.31378576458405594,nan,0.001836723725595107,nan
579,-0.7285170868997731,nan,0.31495938697617826,nan,0.0028578811712315377,nan
580,-0.3157936398213852,nan,0.3150838930785143,nan,0.001583657708506401,nan
581,-0.3652448187836713,nan,0.3153505965030605,nan,0.0017736613119271373,nan
582,-0.4298112284233193,nan,0.315838049517955,nan,0.0017220281587970643,nan
583,-0.3430730144879175,nan,0.3161189123782986,nan,0.0015104140156745676,nan
584,-0.6223976792415529,nan,0.3171029867742263,nan,0.0026756521439489475,nan
585,-0.4158911017112458,nan,0.31747075294339316,nan,0.001765669790681743,nan
586,-0.38476704137843204,nan,0.3178130130775925,nan,0.0017550876068435878,nan
587,-0.394570703202315,nan,0.31806258384806857,nan,0.002066294143881499,nan
588,-0.3179814226792015,nan,0.31823960576127336,nan,0.0017894426201552046,nan
589,-0.512723933624511,nan,0.3187205914613823,nan,0.0023115096546333816,nan
590,-0.35350802709488993,nan,0.31904675486075873,nan,0.0017049918774108368,nan
591,-0.3052033077377424,nan,0.31919337630052286,nan,0.001380130368554375,nan
592,-0.35020405237703583,nan,0.31947496036338874,nan,0.0016954436648405832,nan
593,-0.5372849072502183,nan,0.32014125792902365,nan,0.0021621202799919984,nan
594,-0.5048262715574539,nan,0.32072789843966837,nan,0.002158873422073106,nan
595,-0.39006233637985144,nan,0.32117367089378673,nan,0.0015388509444000703,nan
596,-0.41656456092671185,nan,0.32161469921490443,nan,0.001506434332189481,nan
597,-0.31028558816168206,nan,0.32184552313310366,nan,0.0015339847366778504,nan
598,-0.3337272155344934,nan,0.32214961618558985,nan,0.0014979402196011312,nan
599,-0.44681297860661234,nan,0.3228347821362807,nan,0.0020107620369418026,nan
600,-0.3469661059337161,nan,0.3230361065617989,nan,0.0016966594334564382,nan
601,-0.3507410223061462,nan,0.3232997912212582,nan,0.002011155638310126,nan
602,-0.5723799104826812,nan,0.3242142695035065,nan,0.002394630817332997,nan
603,-0.5794743254788431,nan,0.3249343226733231,nan,0.0022518173936887653,nan
604,-0.3576006581425141,nan,0.3251108978654526,nan,0.001668456587190875,nan
605,-0.3067387412517457,nan,0.3252996248396066,nan,0.0016581497430227007,nan
606,-0.4032855090250395,nan,0.32552406167894987,nan,0.0019820639351516723,nan
607,-0.43536733130714694,nan,0.325918914568344,nan,0.002050273808178848,nan
608,-0.486402692797505,nan,0.3264035906167878,nan,0.002134712340370736,nan
609,-0.5792860711386968,nan,0.3271403669045559,nan,0.002441173752705415,nan
610,-0.4430324846315979,nan,0.3275678562017066,nan,0.0019323598976792506,nan
611,-0.36985315673809155,nan,0.3279293869375546,nan,0.00150559743810431,nan
612,-0.4648236904862074,nan,0.32830971438663537,nan,0.0021525125267727796,nan
613,-0.4355800407516908,nan,0.3287622292511132,nan,0.0019041488068479192,nan
614,-0.40449408217000915,nan,0.3291111286043504,nan,0.001992731493608083,nan
615,-0.5302930409310109,nan,0.3298041362322776,nan,0.0021264513022864143,nan
616,-0.32450090523003733,nan,0.3300254713294961,nan,0.0013702398887162125,nan
617,-0.44153886652739815,nan,0.33043742998783066,nan,0.002084425783944898,nan
618,-0.27844277382383725,nan,0.3305667217628335,nan,0.0013912039082653166,nan
619,-0.43396970366358983,nan,0.3311472090080757,nan,0.002136254900923258,nan
620,-0.3404032382277319,nan,0.3313716402268698,nan,0.0018857994884900696,nan
621,-0.42816281121044825,nan,0.33172210085780396,nan,0.002001239029890152,nan
622,-0.376607353264982,nan,0.3320424443435664,nan,0.002120518781262896,nan
623,-0.5575489889164421,nan,0.3328971032047245,nan,0.002087681453778949,nan
624,-0.49538052741476124,nan,0.333420663902839,nan,0.0020544024651851568,nan
625,-0.5447560727675558,nan,0.33404858214145716,nan,0.002224831244661214,nan
626,-0.24161517983142006,nan,0.33415241850812893,nan,0.0013561895946879795,nan
627,-0.4175949137541512,nan,0.33465827427040673,nan,0.0017552955306756727,nan
628,-0.39670610813257584,nan,0.33485945762626146,nan,0.0017844159891473848,nan
629,-0.34344582771463916,nan,0.335013229791676,nan,0.00183232898472516,nan
630,-0.41043849752533607,nan,0.33517489412419255,nan,0.002124985015012758,nan
631,-0.5586713812975479,nan,0.33567074012018266,nan,0.0024405367151797927,nan
632,-0.5448866452795769,nan,0.3364397394356181,nan,0.002209944710060136,nan
633,-0.35157101436433735,nan,0.3367308839960981,nan,0.001897820523539278,nan
634,-0.40311429185622244,nan,0.3370305316219201,nan,0.002129650721803412,nan
635,-0.4279639676038413,nan,0.33736337435694697,nan,0.0019952893250513226,nan
636,-0.46649099526081905,nan,0.33780181394710956,nan,0.0020238632145142604,nan
637,-0.3958845716081687,nan,0.33818627500140064,nan,0.0020185792092250418,nan
638,-0.545311148240108,nan,0.33889135964987466,nan,0.0023989827630543532,nan
639,-0.3737325871576879,nan,0.33922701405704697,nan,0.0021491204686108567,nan
640,-0.3781427122168157,nan,0.33955815750995105,nan,0.0018358485457573325,nan
641,-0.2795419304339092,nan,0.33969973335705045,nan,0.0017615818635959262,nan
642,-0.36615192646000555,nan,0.33988076806016587,nan,0.002048270040562253,nan
643,-0.6723752820243747,nan,0.34071571049787097,nan,0.0031007377265288233,nan
644,-0.36261621061896965,nan,0.3409663846106629,nan,0.001865387705255991,nan
645,-0.2566500046215496,nan,0.3411001562382199,nan,0.001412703059562052,nan
646,-0.4383212680908687,nan,0.34140447545044644,nan,0.001968905384775902,nan
647,-0.3718497856477855,nan,0.34163400999249227,nan,0.0020977142652929565,nan
648,-0.47138652650043944,nan,0.3422451868230454,nan,0.0024442316084371477,nan
649,-0.3530346523773217,nan,0.34260145201654263,nan,0.0019856627769522938,nan
650,-0.5108391005804472,nan,0.34330358161154684,nan,0.0025094133123147433,nan
651,-0.2630648904086821,nan,0.3434166187059281,nan,0.0014549540524724342,nan
652,-0.5955475920774917,nan,0.344297303130966,nan,0.0022378429491053337,nan
653,-0.25663490889077645,nan,0.3444056800573311,nan,0.0018081906752556874,nan
654,-0.37136800750135457,nan,0.34475867493831097,nan,0.002141736048436388,nan
655,-0.4900893285329441,nan,0.34527819581675423,nan,0.0020784626024226032,nan
656,-0.38525714299578184,nan,0.3455939310137273,nan,0.0019553204776836535,nan
657,-0.3457625647023847,nan,0.3458061016578967,nan,0.0017358257821861718,nan
658,-0.5128164320054175,nan,0.3462745951578247,nan,0.0024277508956581143,nan
659,-0.3599702899983192,nan,0.3465459389418458,nan,0.0016597396729074734,nan
660,-0.3104588959683388,nan,0.3467022210211283,nan,0.0019789942906063684,nan
661,-0.32199581596512267,nan,0.3470215693804646,nan,0.0017775509198953206,nan
662,-0.32727663019647457,nan,0.34727881706614266,nan,0.0013662805760858378,nan
663,-0.3621479754829131,nan,0.34773817885801495,nan,0.0016282920708131318,nan
664,-0.3037173361512686,nan,0.3479765162454533,nan,0.0016813854297245742,nan
665,-0.4298699122301872,nan,0.3484471308573564,nan,0.0017454049794015357,nan
666,-0.453268819155374,nan,0.3489144565618556,nan,0.0022066620699824784,nan
667,-0.3741243140107956,nan,0.34917862298138097,nan,0.0018905278833573455,nan
668,-0.41350551243849215,nan,0.3495763922536231,nan,0.001867659448081729,nan
669,-0.3729551539790828,nan,0.34985697952103106,nan,0.0022635197741350138,nan
670,-0.4459232663655367,nan,0.350284354620742,nan,0.0016766363768317767,nan
671,-0.37463662777730816,nan,0.3505165584351287,nan,0.0019609940324847907,nan
672,-0.5893513375845664,nan,0.351344962501376,nan,0.0029114611698014947,nan
673,-0.433009041921462,nan,0.35166870306424736,nan,0.0020626047048503686,nan
674,-0.34716739824331583,nan,0.35194648684360647,nan,0.0015345150616664586,nan
675,-0.41496006424165033,nan,0.3523759885936529,nan,0.0019404602399877551,nan
676,-0.3051920185768091,nan,0.35258603408579603,nan,0.0020248063605648593,nan
677,-0.5624572268167554,nan,0.3532997565861861,nan,0.0023609817599192025,nan
678,-0.31845475983349275,nan,0.35350044727314467,nan,0.0020461031141270633,nan
679,-0.3579524677170468,nan,0.3538219606769499,nan,0.0021877249374188785,nan
680,-0.5123469423390635,nan,0.35437938936694835,nan,0.002376807092981737,nan
681,-0.34371300107686426,nan,0.354566321056497,nan,0.0019570238712418985,nan
682,-0.6777821992220515,nan,0.355557130261188,nan,0.003032399296246209,nan
683,-0.39215895171533294,nan,0.3560864674277549,nan,0.002130835668038698,nan
684,-0.35842178834617877,nan,0.3564721550623572,nan,0.0019942904554595777,nan
685,-0.3644529345601924,nan,0.35682417995696647,nan,0.0015579691618946457,nan
686,-0.49896242634471843,nan,0.35724762245027536,nan,0.002074751207670645,nan
687,-0.2847564497416132,nan,0.35739576992008654,nan,0.0017535489246124382,nan
688,-0.2923476595732453,nan,0.35752375245677864,nan,0.0018591983452585538,nan
689,-0.5079083744483025,nan,0.3582483218033377,nan,0.001940650644200609,nan
690,-0.4352890160263651,nan,0.35864001159810804,nan,0.0023622004390172883,nan
691,-0.34390967725002625,nan,0.35876017638749347,nan,0.0020020293115242125,nan
692,-0.34928546084742507,nan,0.3588685763585591,nan,0.0020344163677314835,nan
693,-0.36239040969751735,nan,0.35923315802268185,nan,0.0018861353326356863,nan
694,-0.3878055718481403,nan,0.3595090134983214,nan,0.001896517451880021,nan
695,-0.31241807055432347,nan,0.3596811902034671,nan,0.0018376171649526305,nan
696,-0.45907511573539894,nan,0.36006586467334556,nan,0.002021296155793539,nan
697,-0.3467592327502169,nan,0.3602189961261604,nan,0.0017185742553411066,nan
698,-0.3373254249607901,nan,0.3604223219605546,nan,0.0017311823413297938,nan
699,-0.3191147034699553,nan,0.36052674218999736,nan,0.001999662166688699,nan
700,-0.34762280645597277,nan,0.3608218661673519,nan,0.001730666762439222,nan
701,-0.5107066059406592,nan,0.3616653007455796,nan,0.002174340041256877,nan
702,-0.43267985577489887,nan,0.36189626303803435,nan,0.0022698726124966238,nan
703,-0.43089954393989927,nan,0.36214295087370885,nan,0.001928017702968296,nan
704,-0.3953723680097412,nan,0.3624061989472833,nan,0.001731450822671619,nan
705,-0.3026533818809985,nan,0.3626003575167512,nan,0.001544493502529897,nan
706,-0.42152143916236906,nan,0.3629376505856974,nan,0.0023499408316790715,nan
707,-0.40350914811815564,nan,0.36328684337876155,nan,0.0022168339273568012,nan
708,-0.44540631599037794,nan,0.36370897017948184,nan,0.0023365808282365293,nan
709,-0.45464112598218004,nan,0.3641459559579359,nan,0.0024053087559181246,nan
710,-0.39275005192058693,nan,0.3645821236950895,nan,0.0021879143457744885,nan
711,-0.42095828203251984,nan,0.36495544580153355,nan,0.002164395020212338,nan
712,-0.42450791789073383,nan,0.36522782608268023,nan,0.001961007917386617,nan
713,-0.4128612336566707,nan,0.3655047517302156,nan,0.0020757318978765573,nan
714,-0.3715112695262881,nan,0.365632685864109,nan,0.0021922485726435354,nan
715,-0.43569112012127287,nan,0.3659889988809891,nan,0.0021502322506242234,nan
716,-0.36611353330080587,nan,0.36626878096518534,nan,0.0021071927818707204,nan
717,-0.3089036642268086,nan,0.3664265014308958,nan,0.002167834697680937,nan
718,-0.40184336771485984,nan,0.3669089518891868,nan,0.002095152484240145,nan
719,-0.3431473484366388,nan,0.36721588368829466,nan,0.0016176837133914793,nan
720,-0.44028041516482525,nan,0.36764705850476403,nan,0.0021309058904748776,nan
721,-0.3670847150536235,nan,0.36791683037946876,nan,0.0019020101756492343,nan
722,-0.3315879892895687,nan,0.368137364729228,nan,0.0016313665003507497,nan
723,-0.5394326635679452,nan,0.3687324761709922,nan,0.0021681144625981604,nan
724,-0.33683178935562946,nan,0.3688228805277398,nan,0.0018760180455575212,nan
725,-0.4940519520733865,nan,0.36948976212948137,nan,0.002058680659345306,nan
726,-0.3894820306491031,nan,0.36977483479301526,nan,0.0017515008243170148,nan
727,-0.48396952309290225,nan,0.3703971238036016,nan,0.002019150318337715,nan
728,-0.36413023557858776,nan,0.37055723470604235,nan,0.002218109076567121,nan
729,-0.2386967972793082,nan,0.3706261309422709,nan,0.0015098446622358321,nan
730,-0.4033460027033039,nan,0.37083526468419337,nan,0.002489593663677124,nan
731,-0.5474041155935376,nan,0.3714228210029049,nan,0.0027076429350339605,nan
732,-0.3961873787268833,nan,0.37185767805890035,nan,0.0018254643627043574,nan
733,-0.5114949186570841,nan,0.3724620792377032,nan,0.002354436273764454,nan
734,-0.2514624764191292,nan,0.3725546871023541,nan,0.0017434947086171616,nan
735,-0.35033090401958716,nan,0.37273984211631767,nan,0.0020194989704625716,nan
736,-0.38811787412282706,nan,0.3729873906487033,nan,0.001833510877019427,nan
737,-0.3381525186625364,nan,0.3731710740429639,nan,0.0018605116441088735,nan
738,-0.42261967506481596,nan,0.3735057904725148,nan,0.002025103599640318,nan
739,-0.2880134458852061,nan,0.3736373028342767,nan,0.001747172359855852,nan
740,-0.5318022051790305,nan,0.37409443802297726,nan,0.0021688621440417027,nan
741,-0.37788435408971427,nan,0.37442983494401794,nan,0.0021136229638899088,nan
742,-0.3416093991147517,nan,0.37457156908738076,nan,0.0018778848577426681,nan
743,-0.35666392035414474,nan,0.37477301005575664,nan,0.0022271586991416893,nan
744,-0.3740170336958601,nan,0.3751573287304029,nan,0.001503922737536124,nan
745,-0.3780037545674301,nan,0.37537401331440057,nan,0.0018486566269742875,nan
746,-0.44945664424914195,nan,0.3757362433154523,nan,0.0021720904998506194,nan
747,-0.4063108300135982,nan,0.37606650728526814,nan,0.0021575548618370365,nan
748,-0.4172093697483184,nan,0.3764625254582314,nan,0.0023620777403140793,nan
749,-0.37338790284877565,nan,0.376887339508462,nan,0.002000423142110884,nan
750,-0.35352646175906827,nan,0.3770625194222664,nan,0.0020392122529984823,nan
751,-0.39231936337696843,nan,0.3774081785354267,nan,0.001960484044893178,nan
752,-0.5353181019649708,nan,0.378079858486894,nan,0.003115130102511945,nan
753,-0.4418651329288991,nan,0.3784064143917132,nan,0.002156897792795911,nan
754,-0.3462468270164918,nan,0.3786974050153641,nan,0.0023287906259234024,nan
755,-0.29062815461898006,nan,0.3788391353278081,nan,0.0016198530922826445,nan
756,-0.2928421285117361,nan,0.3790298181372578,nan,0.002104551946257345,nan
757,-0.360655673465637,nan,0.37925396002893225,nan,0.0023000349738455,nan
758,-0.38578510027712504,nan,0.3795438244969898,nan,0.0022816882907555794,nan
759,-0.40682158844835903,nan,0.3799318150165705,nan,0.0021492913538463305,nan
760,-0.4248208988874766,nan,0.38033274355864616,nan,0.001989899642459607,nan
761,-0.3925902072448501,nan,0.3807591311928379,nan,0.0017878538400680417,nan
762,-0.3905514394097939,nan,0.38108459914846565,nan,0.002163168307098682,nan
763,-0.38314833867483494,nan,0.381302275702181,nan,0.002088013502228241,nan
764,-0.39720939875096134,nan,0.381564524461375,nan,0.002407167485568723,nan
765,-0.3268620070601505,nan,0.38166616178783735,nan,0.0020143260396250323,nan
766,-0.3396562802534281,nan,0.3819956181162511,nan,0.0025072778452445454,nan
767,-0.47280215351417904,nan,0.3825409857121745,nan,0.0024675849780376904,nan
768,-0.3224320263271535,nan,0.3827475647251392,nan,0.0021330649711965694,nan
769,-0.357783818285837,nan,0.38295296775598886,nan,0.0019729252892241467,nan
770,-0.3586379078392429,nan,0.38309160599163516,nan,0.0018388727247926433,nan
771,-0.29343272157546835,nan,0.383240782245046,nan,0.0018307629065757113,nan
772,-0.381511497629883,nan,0.3835030412276837,nan,0.00203608519262622,nan
773,-0.3673827296566441,nan,0.3837258155489315,nan,0.001931267664244549,nan
774,-0.40916430229463263,nan,0.38405141565249906,nan,0.002271448729867088,nan
775,-0.2855814376436767,nan,0.38419367855463,nan,0.0021474990040488023,nan
776,-0.34777343541199207,nan,0.38438894408979946,nan,0.0018590517533516148,nan
777,-0.2873662207716684,nan,0.38452124864432685,nan,0.001870568694989076,nan
778,-0.3178616678550093,nan,0.384685041473779,nan,0.001959173864802288,nan
779,-0.34315850908947676,nan,0.38502296324500446,nan,0.002323476359233259,nan
780,-0.35997908160062253,nan,0.38546403085980335,nan,0.002244978311836304,nan
781,-0.4033800658105501,nan,0.38577205550536736,nan,0.0021521970067559875,nan
782,-0.5903658020397925,nan,0.38644012437329633,nan,0.002452953374296513,nan
783,-0.34442816922849023,nan,0.38660027806201064,nan,0.0021021836554771215,nan
784,-0.3263017002018241,nan,0.3868717082728171,nan,0.002256278873704267,nan
785,-0.45034779151355353,nan,0.38728405115041764,nan,0.0024747421543085263,nan
786,-0.4007419417556364,nan,0.3875984963880634,nan,0.001957895248109057,nan
787,-0.3205917819429226,nan,0.38787325915210225,nan,0.0018100693181186873,nan
788,-0.24450333395129978,nan,0.3879845026840019,nan,0.0014926748042333683,nan
789,-0.36255752980801803,nan,0.3882758963897487,nan,0.0017216938586388567,nan
790,-0.388065970193932,nan,0.3886484190953185,nan,0.0020574226689833532,nan
791,-0.30924388760591986,nan,0.3887471153960248,nan,0.0020078049779560527,nan
792,-0.4200808095900763,nan,0.3891761336568087,nan,0.0019838246404413496,nan
793,-0.4624367991582866,nan,0.3896637246049051,nan,0.002131096978314869,nan
794,-0.4476682045939856,nan,0.39003551443075635,nan,0.00219824964595876,nan
795,-0.2533400975300778,nan,0.39014415323957763,nan,0.001797309223767709,nan
796,-0.42356659710267286,nan,0.3905891050093354,nan,0.002165380714781815,nan
797,-0.3609319954325914,nan,0.39070422715456044,nan,0.002061996389649086,nan
798,-0.3999340933272763,nan,0.3911901222545107,nan,0.001985376719897829,nan
799,-0.3114577029824729,nan,0.3912642066105611,nan,0.002165495216862641,nan
800,-0.4042273246447502,nan,0.3916561566481301,nan,0.0023456528348845276,nan
801,-0.31746745400110604,nan,0.391842787236368,nan,0.0017776189552781878,nan
802,-0.6529430085476131,nan,0.39243822312363597,nan,0.003272158337437297,nan
803,-0.29490212107237324,nan,0.3925744586193317,nan,0.0020541140730463143,nan
804,-0.42759710930556716,nan,0.39284721315861604,nan,0.002213365386548561,nan
805,-0.3756489626761662,nan,0.39303372450274865,nan,0.002231103848928563,nan
806,-0.45061789577160666,nan,0.39332804434972557,nan,0.0022356372272085284,nan
807,-0.3682132967783409,nan,0.3934818206579376,nan,0.0020265269375763025,nan
808,-0.34086972117756487,nan,0.39361842032527894,nan,0.0020162802519645092,nan
809,-0.3357359682786841,nan,0.39379231992425207,nan,0.002102259160800281,nan
810,-0.29776566064346843,nan,0.39390666538468366,nan,0.0019733965241592166,nan
811,-0.37206097712557434,nan,0.3940705201767167,nan,0.0021022293712859206,nan
812,-0.4917541803542196,nan,0.39466484500966026,nan,0.0027802026806058866,nan
813,-0.392602134294192,nan,0.3949979010817807,nan,0.0022129513041139305,nan
814,-0.33409549299075614,nan,0.39517472575862195,nan,0.0018100087247282443,nan
815,-0.6729377090027544,nan,0.3962311324120746,nan,0.003084127167022662,nan
816,-0.6103769973762275,nan,0.3969835369395928,nan,0.003443592397256265,nan
817,-0.35594156065890087,nan,0.39711857608640505,nan,0.0023359243825032457,nan
818,-0.3939519067504783,nan,0.397388319476203,nan,0.002794148924478805,nan
819,-0.3295371659064643,nan,0.39762685183089536,nan,0.001870170079879029,nan
820,-0.3779928827058045,nan,0.3980144658654294,nan,0.0018612261337664334,nan
821,-0.3734431856107346,nan,0.39825708188317455,nan,0.0020518343859827885,nan
822,-0.39815462449908845,nan,0.3986016071583065,nan,0.0018965688232445961,nan
823,-0.41612056946288384,nan,0.3990257965439245,nan,0.0020926583233287174,nan
824,-0.3844598409395668,nan,0.3992105031012861,nan,0.0025338933622806345,nan
825,-0.6722101605700166,nan,0.40020734226236837,nan,0.0029910703988589903,nan
826,-0.3935838014796714,nan,0.4005621962651207,nan,0.0026232652865701145,nan
827,-0.352951895997969,nan,0.4006758969202812,nan,0.0020179817400123945,nan
828,-0.31409177764881163,nan,0.400899654883707,nan,0.002175119278961533,nan
829,-0.31297394273975965,nan,0.4011472636331929,nan,0.002077509476899561,nan
830,-0.5547644450103378,nan,0.401858569491952,nan,0.0024475010315868216,nan
831,-0.42919511818565087,nan,0.4021965116580611,nan,0.002571033430429861,nan
832,-0.3387846900770875,nan,0.4025027403622728,nan,0.002128966311164575,nan
833,-0.4238600817643463,nan,0.4028362282696776,nan,0.002227507771706352,nan
834,-0.3381102669226225,nan,0.4030595176940207,nan,0.0022084870056998376,nan
835,-0.3722338782475364,nan,0.40333154654852066,nan,0.0023394960644018046,nan
836,-0.701226296908041,nan,0.40448571266614025,nan,0.003033313020648437,nan
837,-0.43178475691591744,nan,0.40483294095220507,nan,0.0021473989734954887,nan
838,-0.35186171701055463,nan,0.4050827489398928,nan,0.0021533028518209403,nan
839,-0.27286640314787797,nan,0.4052322106153227,nan,0.0018164012794730246,nan
840,-0.4226744869849871,nan,0.4057142676836634,nan,0.002314840676603268,nan
841,-0.3264823800453916,nan,0.4058650968688045,nan,0.002032674051618108,nan
842,-0.4808061224388605,nan,0.4063915737910865,nan,0.0028110199370541765,nan
843,-0.3437816677568659,nan,0.40661732358991703,nan,0.0021089458421892134,nan
844,-0.39200668725420906,nan,0.4068197076601806,nan,0.002338955665184868,nan
845,-0.42334567485292385,nan,0.4069720056650843,nan,0.0024531732715004206,nan
846,-0.3601101857612196,nan,0.4070504420089463,nan,0.002382482018334068,nan
847,-0.459300093887412,nan,0.4074561183302726,nan,0.0027185473189082618,nan
848,-0.3226940801874535,nan,0.40764156952665487,nan,0.0022270344408383733,nan
849,-0.3077517792314537,nan,0.40779502951296004,nan,0.0018619272406731951,nan
850,-0.32208369028487044,nan,0.40790582824823246,nan,0.0024736988968062246,nan
851,-0.36281386911917024,nan,0.4082277960381458,nan,0.0023133677173918167,nan
852,-0.34383175199273713,nan,0.40836219852633304,nan,0.0021696429760467654,nan
853,-0.2980604875942627,nan,0.40845365688015856,nan,0.0021247063565196836,nan
854,-0.498706036297973,nan,0.4089048952449669,nan,0.0031231494774660515,nan
855,-0.3305098139309302,nan,0.40915579484637393,nan,0.002427754211663217,nan
856,-0.2967823169601769,nan,0.4092980350130708,nan,0.001779614348315575,nan
857,-0.3433881480467836,nan,0.40954831790474194,nan,0.0018303726135971445,nan
858,-0.536195797942786,nan,0.4102096102357537,nan,0.0027489605551714626,nan
859,-0.38181098751569664,nan,0.4104313522869524,nan,0.002497992797501938,nan
860,-0.4069799451894676,nan,0.410826665004453,nan,0.0023367671819232365,nan
861,-0.335228289554495,nan,0.4109180314684349,nan,0.002366056339845169,nan
862,-0.30925040696018263,nan,0.4111247438918593,nan,0.0019190163623992685,nan
863,-0.3733299744272289,nan,0.41151439978106696,nan,0.0018878074396348268,nan
864,-0.3339629641255842,nan,0.4118009192877862,nan,0.0022146441032533676,nan
865,-0.3411321409090393,nan,0.4119190667965891,nan,0.002295349502811771,nan
866,-0.323453222391523,nan,0.4121199084183409,nan,0.0020172912368366072,nan
867,-0.4201739176229162,nan,0.4123244581049054,nan,0.0029219568885617323,nan
868,-0.29527589768790874,nan,0.4124639479975923,nan,0.002091401791369078,nan
869,-0.281230102925014,nan,0.4125690716296686,nan,0.0023925813159415277,nan
870,-0.32324943917869686,nan,0.41277901846883003,nan,0.00206550742061922,nan
871,-0.31954183631692057,nan,0.41302330030059553,nan,0.0021563506605977987,nan
872,-0.33131990018184143,nan,0.4131959514372941,nan,0.002381493972064464,nan
873,-0.26188974286008654,nan,0.4133254727342795,nan,0.0022519031541628214,nan
874,-0.3510600521684968,nan,0.4135520964570671,nan,0.002299543328159356,nan
875,-0.4105469341902121,nan,0.4138388511660081,nan,0.0024623807276371325,nan
876,-0.39599526016484193,nan,0.4141671473094432,nan,0.002514551658109041,nan
877,-0.43620997972348996,nan,0.41458132437287365,nan,0.0021832436950425757,nan
878,-0.5174061517001001,nan,0.41517909422318666,nan,0.002878986283043677,nan
879,-0.4134344056838365,nan,0.41541738211221474,nan,0.002396518886741773,nan
880,-0.3957204477667266,nan,0.41584896211098593,nan,0.00213677385189992,nan
881,-0.5860764919914885,nan,0.41649319085070186,nan,0.003175944839875169,nan
882,-0.3708845796403696,nan,0.4166679664485413,nan,0.0022122866589751205,nan
883,-0.35366078623113845,nan,0.41683547858173053,nan,0.002571413382533271,nan
884,-0.389062116019369,nan,0.4170485393433196,nan,0.0022403925860754203,nan
885,-0.3702750918254973,nan,0.41733133020226215,nan,0.0023553365361607464,nan
886,-0.2592080851642821,nan,0.41744298355664744,nan,0.002015871854714488,nan
887,-0.4287365284790122,nan,0.4178078593400328,nan,0.003129801460906239,nan
888,-0.42836219737751796,nan,0.41810284274346876,nan,0.002737639249973161,nan
889,-0.450478929745487,nan,0.4186048756778122,nan,0.00265061059757269,nan
890,-0.35975849545199196,nan,0.4187019827212321,nan,0.002482818234234361,nan
891,-0.34041769739870004,nan,0.4188278612818876,nan,0.002491195101928947,nan
892,-0.3241374265437496,nan,0.4189625504891805,nan,0.0021210665314799816,nan
893,-0.5817712940843182,nan,0.4194670080661704,nan,0.003227570799665466,nan
894,-0.3790773472153291,nan,0.41978463774363645,nan,0.002263642504886162,nan
895,-0.32353064412405547,nan,0.41993752333963413,nan,0.0023231613816415727,nan
896,-0.5267700955503135,nan,0.4205105359935237,nan,0.003066147036122574,nan
897,-0.2792085371598785,nan,0.4205833235163011,nan,0.0023623496845917432,nan
898,-0.2598971982946599,nan,0.42074421927751776,nan,0.0020707476825682428,nan
899,-0.24652301870542612,nan,0.4208581341493781,nan,0.0023642458794775243,nan
900,-0.5656693219679798,nan,0.4217191720530447,nan,0.003007981770221637,nan
901,-0.37278992189282917,nan,0.4220087253440528,nan,0.0025644348471089633,nan
902,-0.43266768985432813,nan,0.4223621684152895,nan,0.0026391999088220164,nan
903,-0.391444104382683,nan,0.4226853087954718,nan,0.0027120574769240917,nan
904,-0.34228627181045235,nan,0.42295102118181666,nan,0.0021074070804647936,nan
905,-0.27872319229885123,nan,0.4230884538521568,nan,0.0020697046038410656,nan
906,-0.3672328261797773,nan,0.42334850426537657,nan,0.0022877189628934974,nan
907,-0.30417965740182096,nan,0.42344214125130025,nan,0.002199785330912832,nan
908,-0.41416483187391684,nan,0.4237138964202751,nan,0.0027338955493744557,nan
909,-0.5287538958138259,nan,0.4241076089604462,nan,0.002954859556368186,nan
910,-0.3569605780980486,nan,0.42430592938684386,nan,0.002469610524965392,nan
911,-0.34360107149070995,nan,0.4245670127738711,nan,0.002633570417744262,nan
912,-0.3911806963281085,nan,0.4247990400356821,nan,0.0027117825740239844,nan
913,-0.33314943692972143,nan,0.4250154449540763,nan,0.0023798520976836234,nan
914,-0.5496345032846169,nan,0.42581386249680303,nan,0.0025622657848345274,nan
915,-0.37557346645028017,nan,0.42608295322337725,nan,0.0022822719103933187,nan
916,-0.3615800266843071,nan,0.426256685626291,nan,0.002583623299549202,nan
917,-0.42129548693931035,nan,0.42648973339269936,nan,0.002801261289421701,nan
918,-0.36000568794679644,nan,0.42666103077400347,nan,0.0019327589388945417,nan
919,-0.351309232715819,nan,0.42690567513567307,nan,0.0024709380702862094,nan
920,-0.499545269423076,nan,0.427502571142947,nan,0.0028829290060952504,nan
921,-0.3387746931372422,nan,0.4277288708938738,nan,0.0024086771548626654,nan
922,-0.32132944151409454,nan,0.42784174600496094,nan,0.0021439836846999074,nan
923,-0.28488962539426077,nan,0.4279745508257941,nan,0.002302085855384554,nan
924,-0.3869923793485343,nan,0.42819411661516227,nan,0.002576929520901586,nan
925,-0.3050920288718639,nan,0.428388383852929,nan,0.0023501692309992658,nan
926,-0.3554480430986408,nan,0.4286308912035972,nan,0.002704480621302952,nan
927,-0.33069547664591914,nan,0.42882182041981703,nan,0.002743028356984431,nan
928,-0.3989825464888334,nan,0.42914224356029756,nan,0.00229441577309392,nan
929,-0.4391541059088021,nan,0.4297014545118874,nan,0.0026407734691136784,nan
930,-0.33974663895397206,nan,0.4299071085818408,nan,0.0023197640844731045,nan
931,-0.36633913713133254,nan,0.4302386708505457,nan,0.0025522709435019616,nan
932,-0.4218094004653324,nan,0.43064259794983617,nan,0.002454925829420336,nan
933,-0.4788266647177723,nan,0.43129865748743523,nan,0.0026890265604672717,nan
934,-0.4183183574066199,nan,0.43154514791438797,nan,0.0028330617337449706,nan
935,-0.49198834680778014,nan,0.43239322559377674,nan,0.0023181292552320095,nan
936,-0.33804345198266045,nan,0.43259764444256193,nan,0.002248204602047259,nan
937,-0.526565101844564,nan,0.43330030073163817,nan,0.0027614336909667987,nan
938,-0.3478907929587511,nan,0.4333873161853916,nan,0.002307586026387695,nan
939,-0.4937478340453731,nan,0.4337945938328779,nan,0.0029168605331419484,nan
940,-0.37940996140104655,nan,0.4340959413542831,nan,0.0024468764925136086,nan
941,-0.38353905511707365,nan,0.4344249360948264,nan,0.0027924597426640827,nan
942,-0.2656466828894404,nan,0.434515288545475,nan,0.0022729118629044856,nan
943,-0.31462948854269135,nan,0.4346507136279538,nan,0.00237883849771554,nan
944,-0.30693811531136084,nan,0.4347947769095135,nan,0.0022010575601924607,nan
945,-0.40275424587281605,nan,0.4350496019538056,nan,0.00296330728394091,nan
946,-0.35392057668783816,nan,0.4353567769112021,nan,0.002577840818385461,nan
947,-0.44261843765417497,nan,0.4358211744520294,nan,0.0027652060641879597,nan
948,-0.321757205788473,nan,0.43605616868719044,nan,0.0022429694539182355,nan
949,-0.3769170201290699,nan,0.43621986088279646,nan,0.0023300163683076195,nan
950,-0.28176035189573473,nan,0.43636376548352873,nan,0.0022589662375255564,nan
951,-0.4246738647357969,nan,0.4367542509943841,nan,0.002504697726106293,nan
952,-0.4098572243928917,nan,0.4371047471479587,nan,0.002381698925798145,nan
953,-0.40627674810565517,nan,0.4375272432116997,nan,0.0022552382244065876,nan
954,-0.3215302467947951,nan,0.43762977332455927,nan,0.0023662167774932724,nan
955,-0.4121240457161163,nan,0.43803381949316084,nan,0.002428311428233421,nan
956,-0.3053994582238073,nan,0.4382117259842092,nan,0.0024572476567914356,nan
957,-0.36551182741401583,nan,0.438462569057627,nan,0.002336946163041676,nan
958,-0.3317290401521505,nan,0.4385987470100759,nan,0.0025250310586514683,nan
959,-0.46025836164497613,nan,0.4389523023688037,nan,0.002600682391375104,nan
960,-0.5007066177496085,nan,0.43943494141262285,nan,0.0028914822355113447,nan
961,-0.3945848992141552,nan,0.4396547591176233,nan,0.003081467841532644,nan
962,-0.32391361748160014,nan,0.4399183110321689,nan,0.002123073793400049,nan
963,-0.3913226016776929,nan,0.44018307736426193,nan,0.0030737817511962843,nan
964,-0.4661130841002537,nan,0.44059840761389063,nan,0.0030099928487922582,nan
965,-0.32508382699458266,nan,0.4407079246892963,nan,0.002807563421449643,nan
966,-0.23944389034820476,nan,0.4408049206287333,nan,0.0023943603697698826,nan
967,-0.3841829017972933,nan,0.44099838559434257,nan,0.0024934099918614712,nan
968,-0.2930271441179088,nan,0.4411367575944295,nan,0.0024069804310724043,nan
969,-0.2948794130790335,nan,0.44125866488658877,nan,0.0024645389491248218,nan
970,-0.36714531839567977,nan,0.44144188201210194,nan,0.0024200385119699974,nan
971,-0.4818456515898151,nan,0.4419069117441177,nan,0.002896793657102242,nan
972,-0.4747424492486648,nan,0.4423858726063172,nan,0.002531556236312974,nan
973,-0.3490004347762237,nan,0.4427475498734114,nan,0.0024300631713240085,nan
974,-0.4461264216221973,nan,0.44302156105571766,nan,0.0028759027156612187,nan
975,-0.38214821436123303,nan,0.4434296993078585,nan,0.0021549952314144265,nan
976,-0.4331165062207437,nan,0.44399376129962154,nan,0.00260181993185313,nan
977,-0.35936050486467097,nan,0.4442189393248652,nan,0.002590875419429727,nan
978,-0.3613217469209558,nan,0.44434816962616425,nan,0.0029350227092116068,nan
979,-0.28337949314516775,nan,0.444463667175954,nan,0.0024761521255260896,nan
980,-0.43461186703119187,nan,0.4447706915320843,nan,0.0030412631605952365,nan
981,-0.36052283239926985,nan,0.445034384428948,nan,0.0024739351830041735,nan
982,-0.397585821020632,nan,0.44520148816417865,nan,0.00322430348110375,nan
983,-0.4000980748495948,nan,0.44546342191418126,nan,0.0028430277882690335,nan
984,-0.23490347141846254,nan,0.4455905016168628,nan,0.002041383680677057,nan
985,-0.38221820286735864,nan,0.44583552125472903,nan,0.002900239532241339,nan
986,-0.4521109540583707,nan,0.44620178883786304,nan,0.0026818353248581157,nan
987,-0.4009894479264577,nan,0.44645738029053217,nan,0.002598484822894077,nan
988,-0.3601903149833934,nan,0.44672558702698295,nan,0.0029152854066629695,nan
989,-0.28939067221075854,nan,0.4468734488542548,nan,0.0022315738314329283,nan
990,-0.33119368362381385,nan,0.4470789418559367,nan,0.002485466030876036,nan
991,-0.4591027804886094,nan,0.4475968630374298,nan,0.0033746630407291644,nan
992,-0.3753584943352183,nan,0.4479196216316042,nan,0.002657232678990063,nan
993,-0.4668440229563768,nan,0.4481384591323663,nan,0.002868407845027997,nan
994,-0.2916134198390141,nan,0.4483046398037519,nan,0.0025579772555571626,nan
995,-0.47341008129711215,nan,0.448754144908903,nan,0.002696382590260395,nan
996,-0.33323584668866035,nan,0.4488579274264338,nan,0.002640614961062174,nan
997,-0.4073697329782708,nan,0.4491260348244359,nan,0.0030131850570553867,nan
998,-0.3398876229658716,nan,0.44944304924486994,nan,0.002542746123372758,nan
999,-0.39713689765138255,nan,0.44976973152849686,nan,0.002739889844774128,nan
1000,-0.3501423777495312,nan,0.4499875753634922,nan,0.0025190841213811295,nan
1001,-0.35885012342354844,nan,0.45016595471422727,nan,0.002858444501387105,nan
1002,-0.359521981114103,nan,0.45038847509348073,nan,0.002855195462812019,nan
1003,-0.4200674749503503,nan,0.45058604144880327,nan,0.0029544021794723502,nan
1004,-0.47468623000448157,nan,0.45114718375377394,nan,0.0029429404575422747,nan
1005,-0.4706071515246932,nan,0.4517028844129191,nan,0.003091476508471847,nan
1006,-0.4361039457561972,nan,0.4522012134478707,nan,0.0035152001566963,nan
1007,-0.3816598267548114,nan,0.45247566850075055,nan,0.00265729407515883,nan
1008,-0.33275523164471377,nan,0.45268173570798886,nan,0.002759695360861627,nan
1009,-0.3636340375799222,nan,0.4527824094805228,nan,0.0027163112567715236,nan
1010,-0.38038531234256956,nan,0.45307270024431534,nan,0.0024472213909021456,nan
1011,-0.35307527392677834,nan,0.45324234967598676,nan,0.002852932865727635,nan
1012,-0.399931004614113,nan,0.45358898622515337,nan,0.0031199131403858247,nan
1013,-0.34560346007608184,nan,0.45377111096038725,nan,0.0026951839719148514,nan
1014,-0.49143975871427925,nan,0.4540300661839098,nan,0.003036958124884548,nan
1015,-0.4350556888242528,nan,0.45438438753987487,nan,0.0032162677700815156,nan
1016,-0.39700836046666976,nan,0.4547686722994482,nan,0.0027545117248610348,nan
1017,-0.3636104953433787,nan,0.45493383290209577,nan,0.0029320261595190814,nan
1018,-0.3130605442078262,nan,0.4549950546214524,nan,0.002896004435375301,nan
1019,-0.4185800897775894,nan,0.4553573000316065,nan,0.002954639023670184,nan
1020,-0.36410819759476604,nan,0.45551918557975213,nan,0.002639344520079103,nan
1021,-0.2539130598366523,nan,0.455608545485651,nan,0.0024768096867288083,nan
1022,-0.38833830309455103,nan,0.45572049046673485,nan,0.0032839141469050833,nan
1023,-0.2873533520412783,nan,0.45583057735865085,nan,0.002487370870520121,nan
1024,-0.39309489343969095,nan,0.4561776555379563,nan,0.0027298063534319673,nan
1025,-0.3475463680885855,nan,0.45636794733781544,nan,0.0024368926267549626,nan
1026,-0.35243301705474894,nan,0.45662859274364215,nan,0.002492702421101761,nan
1027,-0.5365364084766147,nan,0.4573113927235429,nan,0.003034101581439258,nan
1028,-0.32839963556501417,nan,0.45755560969704223,nan,0.002513227234589738,nan
1029,-0.5114631724623824,nan,0.45812697120804297,nan,0.0030382818933601392,nan
1030,-0.3654393190719716,nan,0.45829017534305827,nan,0.002633019400766009,nan
1031,-0.3585057967281369,nan,0.45852123330177563,nan,0.0028448369139272576,nan
1032,-0.25983414667764043,nan,0.4585750068910995,nan,0.0026015915156961966,nan
1033,-0.2734493850543123,nan,0.4586893323901824,nan,0.00274417726386251,nan
1034,-0.26371028041649686,nan,0.45882278704464563,nan,0.0025648929255016636,nan
1035,-0.37272170014021616,nan,0.4591940971075286,nan,0.0031580770164368237,nan
1036,-0.4785882298026128,nan,0.4596266894060772,nan,0.0030324015745562256,nan
1037,-0.33874988195759753,nan,0.4598696832874786,nan,0.0023548159211747716,nan
1038,-0.3595359624628966,nan,0.46003058288218956,nan,0.0030203978563926206,nan
1039,-0.28059901442088214,nan,0.4600909805515927,nan,0.002726772159911026,nan
1040,-0.38707252526872515,nan,0.4603829563491098,nan,0.0026227269982973013,nan
1041,-0.40197681181466105,nan,0.46052498492813965,nan,0.0028880475523104065,nan
1042,-0.3823737739910583,nan,0.4608393515630183,nan,0.002803517156426528,nan
1043,-0.448798426002389,nan,0.4613545865676929,nan,0.0030601902603102685,nan
1044,-0.42097879716307884,nan,0.46170594302680323,nan,0.0030344649103181747,nan
1045,-0.5034192094906351,nan,0.46220571284284423,nan,0.002870252071506875,nan
1046,-0.3625331721413087,nan,0.46239859843935877,nan,0.0028008527945052116,nan
1047,-0.4003431668360363,nan,0.4626486785810258,nan,0.002990447978504647,nan
1048,-0.31532842314378173,nan,0.4627921355562508,nan,0.0027036052557668716,nan
1049,-0.46151351467924157,nan,0.46322095264369284,nan,0.0029445361880874954,nan
1050,-0.3056527875515101,nan,0.4633153803957888,nan,0.0026750003517889693,nan
1051,-0.36757932182658815,nan,0.46353157995026856,nan,0.002531335254268592,nan
1052,-0.46222051663152625,nan,0.4639458603270923,nan,0.0027677599829629028,nan
1053,-0.32120251538734523,nan,0.4641155423486251,nan,0.0028514196183448163,nan
1054,-0.414189310373118,nan,0.46441059271419266,nan,0.002877175272727449,nan
1055,-0.6025138240423269,nan,0.4651471450104557,nan,0.0034211684486707525,nan
1056,-0.39304315456379074,nan,0.46559080246610196,nan,0.0028399018859020264,nan
1057,-0.3128023580684884,nan,0.4657526120796694,nan,0.002724455687233874,nan
1058,-0.3872856133331372,nan,0.4660074141259719,nan,0.0030761523686446937,nan
1059,-0.466702441903363,nan,0.46649143246801406,nan,0.0026646316130193278,nan
1060,-0.3515750527905495,nan,0.4666235085528141,nan,0.002746463071020232,nan
1061,-0.36752276977787496,nan,0.4668136015902477,nan,0.0029814473394699777,nan
1062,-0.4958524411820036,nan,0.4671732761260092,nan,0.0034516466665406825,nan
1063,-0.37718803024393355,nan,0.4673908713167805,nan,0.002911970586765821,nan
1064,-0.418591541577543,nan,0.4675453809752166,nan,0.0035485035089572706,nan
1065,-0.4334736948717989,nan,0.4679600978978932,nan,0.0032453034861057483,nan
1066,-0.43185537088424647,nan,0.4682645725492248,nan,0.003421035951448682,nan
1067,-0.31937981974977653,nan,0.4684326116440433,nan,0.0024898255983288194,nan
1068,-0.5047525754798826,nan,0.4687508054310163,nan,0.0032343843079282804,nan
1069,-0.518993862919006,nan,0.469326636003528,nan,0.003552837065190788,nan
1070,-0.39782132638496615,nan,0.46951244778709755,nan,0.002768874180288904,nan
1071,-0.3962488618306452,nan,0.469758359625969,nan,0.0030756552220411125,nan
1072,-0.34618639573708765,nan,0.46992236748296273,nan,0.0025024505841872696,nan
1073,-0.2998198712002712,nan,0.47004354841914625,nan,0.0028404551481521524,nan
1074,-0.37748730665763586,nan,0.4702402746419363,nan,0.0028263781012699976,nan
1075,-0.3030628336438767,nan,0.4703805136939092,nan,0.002494964258591923,nan
1076,-0.30530122470136734,nan,0.47051489114501516,nan,0.002727303875439942,nan
1077,-0.3364271911755123,nan,0.47070253144122653,nan,0.0028497378429684413,nan
1078,-0.28444454392900215,nan,0.470882297870309,nan,0.0028231646797887114,nan
1079,-0.4644256714033097,nan,0.4712834303168135,nan,0.0031839118024524276,nan
1080,-0.3569237129139558,nan,0.47140674472081584,nan,0.002963056727308379,nan
1081,-0.40139726143440224,nan,0.47181461366231586,nan,0.002863615642802459,nan
1082,-0.30252518790932104,nan,0.4720400382969268,nan,0.0029615923008037273,nan
1083,-0.4455643630204468,nan,0.47232433182913564,nan,0.0031416460188279354,nan
1084,-0.4112874100719312,nan,0.47266216222255647,nan,0.0029471150849657525,nan
1085,-0.3102876461890669,nan,0.4729764304704372,nan,0.0025086941929013916,nan
1086,-0.39561328278451835,nan,0.4733318499311899,nan,0.002745735919435728,nan
1087,-0.3478698012149801,nan,0.4734124332973285,nan,0.002943909284681759,nan
1088,-0.2937699187528662,nan,0.473521192363412,nan,0.0029130463797004155,nan
1089,-0.4021021387762027,nan,0.4738479235139659,nan,0.003311363999407537,nan
1090,-0.2984832546865978,nan,0.47394191441420364,nan,0.0027067055473918218,nan
1091,-0.27494667851327015,nan,0.4740503299283138,nan,0.0026060750471622288,nan
1092,-0.47746714268805623,nan,0.47449337810059694,nan,0.004179918509999836,nan
1093,-0.44311509423417,nan,0.47485128047359076,nan,0.0034033519431047174,nan
1094,-0.352106789652752,nan,0.47501573699034355,nan,0.002834885530678046,nan
1095,-0.32017532640155766,nan,0.47524071503170795,nan,0.0029958410507320878,nan
1096,-0.3739604337322879,nan,0.4755929826930741,nan,0.003163936902065411,nan
1097,-0.420172004261643,nan,0.47591602751730366,nan,0.0032296619956612488,nan
1098,-0.2886746967024058,nan,0.47602317138076267,nan,0.002959590182257425,nan
1099,-0.3376259412858278,nan,0.47631197265415837,nan,0.003111582438999353,nan
1100,-0.35277542209097934,nan,0.47648278092154034,nan,0.0031283738766059036,nan
1101,-0.45344205621155714,nan,0.47682671584622793,nan,0.0032481942218445738,nan
1102,-0.4150620572910864,nan,0.4770315571377307,nan,0.00376722602086259,nan
1103,-0.3400561067193069,nan,0.4772062000638804,nan,0.002843776245511634,nan
1104,-0.3005811655004527,nan,0.4773076366914474,nan,0.002842632396192302,nan
1105,-0.26678702470318727,nan,0.4774432404276079,nan,0.002563480076803732,nan
1106,-0.3251714053383868,nan,0.4776024515116491,nan,0.003017644287698896,nan
1107,-0.29304579337850173,nan,0.47778390287444333,nan,0.0027897558488806486,nan
1108,-0.5481203316675463,nan,0.4782860730304993,nan,0.003983777610618996,nan
1109,-0.3117754006424254,nan,0.47849143923556914,nan,0.002928334529628015,nan
1110,-0.37175835522287703,nan,0.47872570934532305,nan,0.002653997137825346,nan
1111,-0.26637385666918173,nan,0.4788358818150418,nan,0.003016994322120535,nan
1112,-0.30543543444604787,nan,0.47897110708151563,nan,0.002869955892081221,nan
1113,-0.4263372988972656,nan,0.4791984214875817,nan,0.0032210402174324194,nan
1114,-0.4076315375633723,nan,0.47938828186474636,nan,0.0029488288849120027,nan
1115,-0.38206598966532546,nan,0.4798345485728843,nan,0.0027654120465139985,nan
1116,-0.32964057059947127,nan,0.48001682687304364,nan,0.0027870767182372634,nan
1117,-0.35155972442073163,nan,0.4802005447687683,nan,0.0028596724825866865,nan
1118,-0.4633917244398148,nan,0.48078109759672494,nan,0.0029380720851472143,nan
1119,-0.3929359363987498,nan,0.48104939599280316,nan,0.0034048680874407293,nan
1120,-0.47338438748923484,nan,0.48145900944720627,nan,0.0036346612574922263,nan
1121,-0.5574710121148178,nan,0.4820117664964026,nan,0.003675213368066764,nan
1122,-0.20744179022430717,nan,0.4820652176925731,nan,0.0026365924571198885,nan
1123,-0.44453609053250365,nan,0.48254078593844635,nan,0.003016428951161883,nan
1124,-0.40018084296704026,nan,0.48292967845912194,nan,0.0027918394429668567,nan
1125,-0.3554328665010575,nan,0.48306620529465577,nan,0.003001748815046342,nan
1126,-0.5011709901170195,nan,0.4835126097051845,nan,0.0042751124852217545,nan
1127,-0.3286407728437741,nan,0.48366739569985895,nan,0.0035286125411578178,nan
1128,-0.2828901071933069,nan,0.4838314371617985,nan,0.003104066893083802,nan
1129,-0.34607607211714997,nan,0.48396377475252433,nan,0.003782268475629075,nan
1130,-0.251332530598331,nan,0.48410008201293236,nan,0.0029925986749729278,nan
1131,-0.42468203329628007,nan,0.4842895488584064,nan,0.0033394986561358954,nan
1132,-0.30510956790241656,nan,0.48451264569999836,nan,0.0025889667179698405,nan
1133,-0.438328892218714,nan,0.48484114621963253,nan,0.0034637722495731863,nan
1134,-0.3088891623377347,nan,0.4849771433530556,nan,0.003125110006015333,nan
1135,-0.3142878433518864,nan,0.4851638081445605,nan,0.003261969424782993,nan
1136,-0.553353636729736,nan,0.48583344243093723,nan,0.003802170781072408,nan
1137,-0.2852349533730891,nan,0.4860478810001264,nan,0.0030043679918880985,nan
1138,-0.24091009660362847,nan,0.4861707769572571,nan,0.0029784328939281837,nan
1139,-0.3729309627307966,nan,0.4864027098184219,nan,0.0031599099305656803,nan
1140,-0.4104658098058046,nan,0.48670037634925717,nan,0.003097695029638774,nan
1141,-0.37835279182437787,nan,0.48707276173377123,nan,0.0027405958549261947,nan
1142,-0.37253720456738687,nan,0.48723555663616763,nan,0.003140054745546951,nan
1143,-0.2916139945275814,nan,0.4873688621430138,nan,0.0030474892323515733,nan
1144,-0.3570742977757603,nan,0.48757137923038263,nan,0.0034005170627473846,nan
1145,-0.3369638405900726,nan,0.48770317380986755,nan,0.0030764385481022592,nan
1146,-0.2526097088874901,nan,0.4877831424645515,nan,0.002909686540764459,nan
1147,-0.4983193453256904,nan,0.4881895907342767,nan,0.0036084343957430982,nan
1148,-0.324064893033502,nan,0.48835098216141537,nan,0.003032708061222338,nan
1149,-0.3941810488983582,nan,0.4885715983081889,nan,0.0030087362344044873,nan
1150,-0.3277259619272262,nan,0.48878428709063004,nan,0.002863434084814411,nan
1151,-0.32498183837012384,nan,0.4888617422521835,nan,0.003162258598318439,nan
1152,-0.4033992143669262,nan,0.4892439361465425,nan,0.0030265815062736896,nan
1153,-0.3398455396033803,nan,0.4894083318924551,nan,0.0029121617991814406,nan
1154,-0.3207946370777125,nan,0.48959929435282784,nan,0.003295651299998668,nan
1155,-0.5059874471286894,nan,0.49005863410590816,nan,0.0038273735495611126,nan
1156,-0.33099312886437643,nan,0.4903407169421087,nan,0.0031289057302772753,nan
1157,-0.38103420829632334,nan,0.49058394646656317,nan,0.0034126067078585885,nan
1158,-0.507463915129088,nan,0.49115108054050116,nan,0.0032039836041702786,nan
1159,-0.40801209802833344,nan,0.4913809945190742,nan,0.003340474397825959,nan
1160,-0.3425739770219707,nan,0.4915614741564258,nan,0.003066658628885906,nan
1161,-0.34134530248197525,nan,0.49178417867897417,nan,0.002951570016264698,nan
1162,-0.3269232159398243,nan,0.49198654408039083,nan,0.0029480917336995936,nan
1163,-0.5043676999872502,nan,0.49225951993426453,nan,0.004046742720427128,nan
1164,-0.4762099325584545,nan,0.4926255935626408,nan,0.0032090322796555905,nan
1165,-0.2873943363984398,nan,0.4927673741703554,nan,0.003039033486451153,nan
1166,-0.37216736757914376,nan,0.49295984297106904,nan,0.0033746149941275647,nan
1167,-0.4328012826029751,nan,0.4932976561695605,nan,0.003741195802225082,nan
1168,-0.308713933946522,nan,0.49344073635580565,nan,0.003128517300322206,nan
1169,-0.3080534746502307,nan,0.4936255521371079,nan,0.0029581212588284615,nan
1170,-0.47945650233539244,nan,0.4940758082521963,nan,0.003611892161523199,nan
1171,-0.3901873279920709,nan,0.4943060211726874,nan,0.003730121279301761,nan
1172,-0.45534440041957464,nan,0.4946160028667151,nan,0.0036414719679116817,nan
1173,-0.42946069616454624,nan,0.49500212006050764,nan,0.003463552065508087,nan
1174,-0.42366026290547026,nan,0.4952745169919537,nan,0.0032024390559669794,nan
1175,-0.35683890743389673,nan,0.495436978089064,nan,0.0029551698727464403,nan
1176,-0.33267024659597894,nan,0.49558820631891926,nan,0.0030493762921360874,nan
1177,-0.36106496681477224,nan,0.49580446091194647,nan,0.0032222014875135465,nan
1178,-0.2837793733857869,nan,0.4958782938092687,nan,0.0028445502480361194,nan
1179,-0.44334944746067456,nan,0.4962057320362791,nan,0.003395848246059039,nan
1180,-0.3550334581478679,nan,0.4964318915801562,nan,0.00325005583399913,nan
1181,-0.3153228461661129,nan,0.49660098856141227,nan,0.003206116981263284,nan
1182,-0.39961913326940646,nan,0.49672643438288744,nan,0.0033208621159679166,nan
1183,-0.32674725294759266,nan,0.49688314241539383,nan,0.003464276618651231,nan
1184,-0.37264018145585553,nan,0.4971234789510071,nan,0.0031690830930770765,nan
1185,-0.4183034618663008,nan,0.49755625604733533,nan,0.003450770791333847,nan
1186,-0.26483450649742385,nan,0.497694422015272,nan,0.002928226220713588,nan
1187,-0.3375334672014113,nan,0.49785578277478454,nan,0.0032733151776403674,nan
1188,-0.3490706558560836,nan,0.4980762763393423,nan,0.003248791494184216,nan
1189,-0.32975490570662697,nan,0.498292927662714,nan,0.0030833445609952013,nan
1190,-0.3062127279677903,nan,0.49839448121721586,nan,0.003194312277028685,nan
1191,-0.33862552427980036,nan,0.4985694891442273,nan,0.0034033330157481317,nan
1192,-0.4856977033111807,nan,0.4990997365946063,nan,0.003621533618651384,nan
1193,-0.324758945464448,nan,0.49927836835362727,nan,0.0033838114673646787,nan
1194,-0.27619760377032787,nan,0.49937381405286346,nan,0.0031084571242384024,nan
1195,-0.3784316129768291,nan,0.4996027087693524,nan,0.0032524461317850195,nan
1196,-0.3523832247017459,nan,0.49977057489158205,nan,0.002924504042106415,nan
1197,-0.43766934678169095,nan,0.5001575445551588,nan,0.003233041044117906,nan
1198,-0.4592166851615626,nan,0.5004168853647902,nan,0.003512255306417265,nan
1199,-0.3554728371525512,nan,0.5006765629602229,nan,0.00323539255409513,nan
1200,-0.4150166178724578,nan,0.5009687123362024,nan,0.0034609303491669684,nan
1201,-0.419975873169869,nan,0.5013404567290158,nan,0.0034087427192862844,nan
1202,-0.4245170249710983,nan,0.5016000355375908,nan,0.0036370908251425254,nan
1203,-0.3408817790389107,nan,0.501749335323616,nan,0.0032666647789800197,nan
1204,-0.358074729633865,nan,0.5020022592976188,nan,0.0032006814782628264,nan
1205,-0.39038576418971804,nan,0.5021853420649417,nan,0.004003229826701249,nan
1206,-0.3435829293891148,nan,0.502409441098432,nan,0.0035277487524407384,nan
1207,-0.4000925770582705,nan,0.5025852435502908,nan,0.0035101530501056404,nan
1208,-0.47197035350447614,nan,0.5030353917187553,nan,0.0040756124336807425,nan
1209,-0.3645060554575266,nan,0.5032335602098956,nan,0.003069089682439682,nan
1210,-0.31478919606943306,nan,0.5034472631604753,nan,0.0032048067290014006,nan
1211,-0.34381773204892924,nan,0.5035790408475507,nan,0.0031965675724453363,nan
1212,-0.33451860485886337,nan,0.5036816269683729,nan,0.003672671031921457,nan
1213,-0.30998454784556284,nan,0.5038691393917444,nan,0.0031066358799399173,nan
1214,-0.3458514525317083,nan,0.5041177387206833,nan,0.0033421783174557343,nan
1215,-0.4469586788431387,nan,0.5043975754590964,nan,0.003561992409689708,nan
1216,-0.33315312906418365,nan,0.5045196690642886,nan,0.0034092172577636403,nan
1217,-0.3241050441182072,nan,0.5045848182964312,nan,0.0033362826723829808,nan
1218,-0.3815835998938824,nan,0.5047797989726784,nan,0.004021468932156909,nan
1219,-0.39944000846444533,nan,0.5050976608000457,nan,0.0033271176215198856,nan
1220,-0.4668335686411184,nan,0.505293556343788,nan,0.0045896895948165945,nan
1221,-0.2544914089741763,nan,0.5054676314445916,nan,0.003157569956672315,nan
1222,-0.35189761984899676,nan,0.5057000038967632,nan,0.0040089572509882125,nan
1223,-0.39866904902562145,nan,0.5059863666649452,nan,0.0036529655346328803,nan
1224,-0.42788622815714084,nan,0.5063262714680966,nan,0.0037353347444712974,nan
1225,-0.33574170042381474,nan,0.5065213872024098,nan,0.0032530333666740555,nan
1226,-0.4640971749058954,nan,0.506920329114712,nan,0.0037214453072087544,nan
1227,-0.3607447664997021,nan,0.5070154436222155,nan,0.0031679601595624896,nan
1228,-0.4247185871851532,nan,0.5073026388852211,nan,0.004276534541586704,nan
1229,-0.4845220317289503,nan,0.5077307030704941,nan,0.0040367064252736125,nan
1230,-0.4095738503968111,nan,0.5080098280734096,nan,0.0038836656818301003,nan
1231,-0.36658807650494973,nan,0.5081749042487058,nan,0.0035649634770376993,nan
1232,-0.3456821214409764,nan,0.5083284990776005,nan,0.003607005909370931,nan
1233,-0.3873970653023211,nan,0.5084869299010953,nan,0.0037932607246552084,nan
1234,-0.369821883237565,nan,0.5087535136257095,nan,0.003663493975581019,nan
1235,-0.30118794570513185,nan,0.5089064372172155,nan,0.0031613342359205184,nan
1236,-0.4001669514751203,nan,0.509059107043993,nan,0.0036655494553976616,nan
1237,-0.3984468775198748,nan,0.509212714199429,nan,0.0037141760148989753,nan
1238,-0.35721857695154374,nan,0.5093850711739367,nan,0.0032857239651547985,nan
1239,-0.4503424630100092,nan,0.509687633203939,nan,0.003452331584155279,nan
1240,-0.29276680271973043,nan,0.5097912238999034,nan,0.00335042610702915,nan
1241,-0.2812361921240291,nan,0.5099432344005606,nan,0.0036196807607784694,nan
1242,-0.38491442761202427,nan,0.5101159961043102,nan,0.003719638928615001,nan
1243,-0.3443625269607646,nan,0.5102415740575087,nan,0.0034385630651852083,nan
1244,-0.33457391683464743,nan,0.5103535361699801,nan,0.003699624687889668,nan
1245,-0.37326056599777596,nan,0.510416716435955,nan,0.0032700204586986526,nan
1246,-0.3144151986101862,nan,0.5104930504540534,nan,0.003630274184246116,nan
1247,-0.37412016734059417,nan,0.5107362931283334,nan,0.0035742009330889286,nan
1248,-0.40032031431882387,nan,0.5109244980269756,nan,0.003378277027275359,nan
1249,-0.47113148842465036,nan,0.5112959812942302,nan,0.0041822674576940415,nan
1250,-0.4006755427234103,nan,0.511630658804964,nan,0.0035336441636473065,nan
1251,-0.322809632352781,nan,0.5117960319222604,nan,0.003453653839323688,nan
1252,-0.43003730271373913,nan,0.512022368286287,nan,0.0035091024145174118,nan
1253,-0.4055018105727259,nan,0.5122942726426393,nan,0.0036543074830204672,nan
1254,-0.4035502821026754,nan,0.5124926403159211,nan,0.003310399410506252,nan
1255,-0.44602765072484246,nan,0.5128704868884416,nan,0.003384593010001192,nan
1256,-0.3264140710132025,nan,0.5130120104490999,nan,0.0035110514133397637,nan
1257,-0.46320975757907656,nan,0.5134130540753014,nan,0.003346250954317193,nan
1258,-0.3759937631401742,nan,0.5137158095895151,nan,0.0033737438885302713,nan
1259,-0.3800855664388531,nan,0.513943200476169,nan,0.0036389767520875814,nan
1260,-0.41157229265907785,nan,0.5141793715817717,nan,0.003446996629818336,nan
1261,-0.41113730906968293,nan,0.5144500207179633,nan,0.003890522004437925,nan
1262,-0.33667362856681055,nan,0.5146255283638755,nan,0.003103694826838051,nan
1263,-0.528550795758392,nan,0.5149939776439114,nan,0.003876531845885144,nan
1264,-0.3166760430010724,nan,0.5150925693501195,nan,0.0035315369795697596,nan
1265,-0.3435535210943802,nan,0.5152976228294045,nan,0.0034497442055115304,nan
1266,-0.4171559697816367,nan,0.5155514303174523,nan,0.004021491855684316,nan
1267,-0.30897377387014957,nan,0.5156975186610449,nan,0.003363505663208439,nan
1268,-0.34950712653283966,nan,0.5158043779198697,nan,0.0035549958761615457,nan
1269,-0.42553366499195977,nan,0.5160198357039614,nan,0.0038530017696642017,nan
1270,-0.4282967662602989,nan,0.5163157583720609,nan,0.0036590951658113584,nan
1271,-0.3344509686096103,nan,0.5164943639876316,nan,0.0032237056963898398,nan
1272,-0.33532679188996234,nan,0.5167367763508158,nan,0.003148803147556439,nan
1273,-0.3558777505249092,nan,0.5169749146720515,nan,0.0037229872111641457,nan
1274,-0.4728718533112517,nan,0.5173317501986889,nan,0.004444749755903101,nan
1275,-0.32050554441314205,nan,0.5175057587164178,nan,0.0034150178367924923,nan
1276,-0.36228001944501487,nan,0.51774412796319,nan,0.0032548987242364763,nan
1277,-0.2780625012723552,nan,0.517911307233571,nan,0.0036561225991940966,nan
1278,-0.304541928826019,nan,0.5180578281034027,nan,0.00360778026691324,nan
1279,-0.3500118520350702,nan,0.5182604163754723,nan,0.0033170908951980623,nan
1280,-0.346426182944867,nan,0.5184359146215886,nan,0.003458756082787561,nan
1281,-0.4027453285178351,nan,0.5186549377976997,nan,0.003157744426925209,nan
1282,-0.32656639841508245,nan,0.5188524202999651,nan,0.0031675522889352426,nan
1283,-0.3328300287292542,nan,0.5189359890033823,nan,0.003514754703852355,nan
1284,-0.35907565584018003,nan,0.5191261363499174,nan,0.00334988386085289,nan
1285,-0.4190909639845088,nan,0.519338990457651,nan,0.00431786786518239,nan
1286,-0.38290807230497204,nan,0.519504032738667,nan,0.0038082725159883386,nan
1287,-0.44414136761870104,nan,0.5198600477087685,nan,0.003944730795991721,nan
1288,-0.3374894037408321,nan,0.519971936652956,nan,0.0033214145884642777,nan
1289,-0.4804989974860978,nan,0.5202486992726574,nan,0.003970774922330854,nan
1290,-0.39363879965211707,nan,0.5204220398941032,nan,0.0038494932806164067,nan
1291,-0.2886485737294664,nan,0.5205960949558832,nan,0.003319411896593795,nan
1292,-0.3882924480509919,nan,0.5207083538823445,nan,0.003828264332751985,nan
1293,-0.32078618282689236,nan,0.520891078468844,nan,0.0034274865980154366,nan
1294,-0.3179220684575394,nan,0.5210970704211609,nan,0.0033853950034653355,nan
1295,-0.3871482406616152,nan,0.5214149823606246,nan,0.0039584607882188925,nan
1296,-0.23409634069075685,nan,0.5215300046921482,nan,0.003402132948814658,nan
1297,-0.22618918502268076,nan,0.5215987241750369,nan,0.0034113760958946037,nan
1298,-0.3689645639233692,nan,0.5217896571807751,nan,0.0036701334233742978,nan
1299,-0.38915437290005167,nan,0.5220130693725868,nan,0.003683593728524012,nan
1300,-0.3937206375691714,nan,0.5221205613983413,nan,0.004099996686879602,nan
1301,-0.3316471658607933,nan,0.5222652676488829,nan,0.003754662343007359,nan
1302,-0.2935795751879078,nan,0.5223750370727048,nan,0.0035723364646247997,nan
1303,-0.3299890361496495,nan,0.5225962487263854,nan,0.0035751492242750062,nan
1304,-0.3555009852489784,nan,0.5227658702626349,nan,0.0036070629067169614,nan
1305,-0.2906242439617247,nan,0.5228672830450226,nan,0.003546205164000131,nan
1306,-0.3465501238248912,nan,0.5230553877346198,nan,0.0035121812357072836,nan
1307,-0.3247413020463753,nan,0.5231933928041151,nan,0.003918208356043634,nan
1308,-0.2893694485540703,nan,0.523259903752996,nan,0.003470714705452747,nan
1309,-0.39774451755053597,nan,0.5235225847518219,nan,0.00390109982378243,nan
1310,-0.2816744195118947,nan,0.5236254515466205,nan,0.003756085927861246,nan
1311,-0.43761454903927,nan,0.5238786800161663,nan,0.0038855398073442677,nan
1312,-0.2931191253226518,nan,0.5240797173930317,nan,0.003464606136272465,nan
1313,-0.3655200549708987,nan,0.5242952513809206,nan,0.003789758591718378,nan
1314,-0.30332549357459415,nan,0.5245026438301805,nan,0.0037181505453110775,nan
1315,-0.38542276534065095,nan,0.524869314656065,nan,0.0033577056726156293,nan
1316,-0.391121146156606,nan,0.525198000104949,nan,0.004123881324731884,nan
1317,-0.36682194133432566,nan,0.5253447482975445,nan,0.003613843472029979,nan
1318,-0.3482003517515841,nan,0.5255315592074061,nan,0.003559077576093766,nan
1319,-0.3877532069592382,nan,0.5257773114598434,nan,0.003793525177649861,nan
1320,-0.45863181044739565,nan,0.5261114870922027,nan,0.004228375976041388,nan
1321,-0.49485434139648227,nan,0.526637426840393,nan,0.0038492819356541674,nan
1322,-0.3283092517902834,nan,0.5268463571822731,nan,0.0039395021139089536,nan
1323,-0.3756729566120747,nan,0.5272268796249562,nan,0.0036492613841242793,nan
1324,-0.3551159354080103,nan,0.5274094193865049,nan,0.0035664689509426716,nan
1325,-0.38017053722100924,nan,0.5276707710242486,nan,0.003959371495093627,nan
1326,-0.2901972867268397,nan,0.5277581450912474,nan,0.003729022481877209,nan
1327,-0.5231330120675595,nan,0.5282232659565684,nan,0.00414171457988602,nan
1328,-0.367882670542793,nan,0.528439396160759,nan,0.003596708095217341,nan
1329,-0.28044045357156927,nan,0.528500873904463,nan,0.003965630537493967,nan
1330,-0.34361088595239125,nan,0.5286521260851289,nan,0.004110799587730714,nan
1331,-0.4246906935064355,nan,0.5288617682648498,nan,0.004316866278865514,nan
1332,-0.4631521299710407,nan,0.52902970184174,nan,0.003973488563435032,nan
1333,-0.3964227908082592,nan,0.5292923732450149,nan,0.004143783275821565,nan
1334,-0.3355526995649766,nan,0.5294022734476467,nan,0.0037874884748977634,nan
1335,-0.44230766822501605,nan,0.5297713827761998,nan,0.0036169060216029183,nan
1336,-0.32427398739883095,nan,0.5300493221202431,nan,0.0037045524740828267,nan
1337,-0.33538895287377934,nan,0.530221885701793,nan,0.00337566240148267,nan
1338,-0.3189871373094703,nan,0.530297568425809,nan,0.003998361639747769,nan
1339,-0.37589340133861926,nan,0.5305962783172447,nan,0.003704498815665642,nan
1340,-0.402685060954203,nan,0.5307291741990642,nan,0.004476051491772765,nan
1341,-0.3134898567930327,nan,0.5308673323472033,nan,0.0037578140657181674,nan
1342,-0.36593184384657235,nan,0.5309790653397842,nan,0.003951695092525046,nan
1343,-0.3708005639944212,nan,0.5310904240389669,nan,0.004119015861248524,nan
1344,-0.2962383470267103,nan,0.5312456863042551,nan,0.0033820311208711,nan
1345,-0.346571162441582,nan,0.5313628233652289,nan,0.0034760467329080233,nan
1346,-0.3890080925550088,nan,0.5316032475060268,nan,0.003715211978941796,nan
1347,-0.342876059366939,nan,0.5318323605895969,nan,0.003833939656110466,nan
1348,-0.35739166707534387,nan,0.5319952193388733,nan,0.00385901347873556,nan
1349,-0.35790868813271076,nan,0.5322379785516811,nan,0.0037375202372212455,nan
1350,-0.34574502391601164,nan,0.5323895103005764,nan,0.0035931896967565076,nan
1351,-0.4413664911158717,nan,0.5328522274719154,nan,0.003879352046245994,nan
1352,-0.28572066684796454,nan,0.5329617878809918,nan,0.0035054040065505454,nan
1353,-0.3002261426323662,nan,0.5330598062429698,nan,0.0031854403702323533,nan
1354,-0.40605417208669503,nan,0.5333856567507084,nan,0.0037850731794205126,nan
1355,-0.551300843572609,nan,0.5339693488133181,nan,0.005071149936652051,nan
1356,-0.4771308388888867,nan,0.5344963084486349,nan,0.004595267212173341,nan
1357,-0.35477805961974546,nan,0.5346541459718127,nan,0.00390806587500017,nan
1358,-0.3544054012587099,nan,0.534927779401138,nan,0.004013579331839835,nan
1359,-0.3212611585067282,nan,0.5350849172429692,nan,0.0035179574124671468,nan
1360,-0.28689249931335886,nan,0.5351476059173123,nan,0.003513195606802954,nan
1361,-0.37644225285124977,nan,0.5354170138694355,nan,0.003979855012123899,nan
1362,-0.33923943421637703,nan,0.5355864129010085,nan,0.003762445803305677,nan
1363,-0.31655673046637217,nan,0.5357047928737548,nan,0.003512093822274218,nan
1364,-0.2705301401939538,nan,0.5358042729737743,nan,0.004271280311235056,nan
1365,-0.3918913617758644,nan,0.5360159436936762,nan,0.00405360739348781,nan
1366,-0.41728346937635025,nan,0.536378530926497,nan,0.0037330546553764696,nan
1367,-0.2971004407226674,nan,0.5364482350139385,nan,0.0035166274259966455,nan
1368,-0.351106324775202,nan,0.5366040373028201,nan,0.00374456855311459,nan
1369,-0.326532120057493,nan,0.5367532371558892,nan,0.0036785912816925713,nan
1370,-0.33013268919032146,nan,0.536912220408968,nan,0.003997795556188799,nan
1371,-0.3670110007606064,nan,0.5370889539337357,nan,0.004088550946589303,nan
1372,-0.3480431604647996,nan,0.5371960356307676,nan,0.004145784600853059,nan
1373,-0.31889647405398436,nan,0.5373688118092309,nan,0.003674338734342347,nan
1374,-0.3316956183823925,nan,0.5375225273169613,nan,0.0038908180028777366,nan
1375,-0.3485633461222395,nan,0.5376280861591687,nan,0.0038490625289159023,nan
1376,-0.38076681808323376,nan,0.5378465392856451,nan,0.0035867128412347495,nan
1377,-0.3737655815379619,nan,0.5381957173869596,nan,0.003696043680324955,nan
1378,-0.3005759414875902,nan,0.5383079548682534,nan,0.003989481223314007,nan
1379,-0.2924798510263249,nan,0.5384276392597833,nan,0.003736484639611614,nan
1380,-0.3494617863786068,nan,0.5386780091081046,nan,0.004250293017592171,nan
1381,-0.36478257634589945,nan,0.5389062875695179,nan,0.004436013709986917,nan
1382,-0.25971588582925426,nan,0.538939614811676,nan,0.003446579994205429,nan
1383,-0.6587259819562744,nan,0.5395556594771199,nan,0.004953557325550887,nan
1384,-0.33001858422508834,nan,0.5397587439004251,nan,0.0038173045804590607,nan
1385,-0.3111702254484404,nan,0.5398877180117415,nan,0.003522496228844625,nan
1386,-0.2937554268936365,nan,0.5399976148208849,nan,0.003538074073310457,nan
1387,-0.4490896610579408,nan,0.540304915444287,nan,0.004335868824046533,nan
1388,-0.43262732525659475,nan,0.5404729644335071,nan,0.0043143439838221895,nan
1389,-0.3683045786704896,nan,0.540655048312291,nan,0.004100857805865565,nan
1390,-0.3076611803034478,nan,0.5407764709607034,nan,0.003575518701763164,nan
1391,-0.3656911884914462,nan,0.5408295322476135,nan,0.004247338579991972,nan
1392,-0.4818008736861696,nan,0.5413134060927925,nan,0.0042565116726685,nan
1393,-0.3173189990743691,nan,0.5414674283300946,nan,0.004067540494102706,nan
1394,-0.42640180324541493,nan,0.541689088472269,nan,0.004240211213082696,nan
1395,-0.35298164677531624,nan,0.5419035357767803,nan,0.0037162083317004964,nan
1396,-0.3804200384807915,nan,0.5421131571318495,nan,0.004074860507249885,nan
1397,-0.40419739831047935,nan,0.5422542470007122,nan,0.004417088910429947,nan
1398,-0.3762618464056237,nan,0.5423779512172491,nan,0.0044883393941438955,nan
1399,-0.3999751964199688,nan,0.5426011109110924,nan,0.0038408759846414423,nan
1400,-0.30246879563130086,nan,0.5427701978734936,nan,0.00353327412553448,nan
1401,-0.43112464254335725,nan,0.5430757864588239,nan,0.003948284153056885,nan
1402,-0.40812028024688163,nan,0.543378957255474,nan,0.004328567978705261,nan
1403,-0.33140810947214144,nan,0.5435179029941143,nan,0.004011802843860234,nan
1404,-0.33749642673347985,nan,0.543701583714432,nan,0.004124605454920538,nan
1405,-0.3635221165465503,nan,0.5439625989496393,nan,0.004502198530886553,nan
1406,-0.30581083546690535,nan,0.5440454250418922,nan,0.003939460344741153,nan
1407,-0.3435136246066027,nan,0.5443136975976852,nan,0.004108798533065664,nan
1408,-0.351810308244799,nan,0.5444446160631081,nan,0.0042199102088418695,nan
1409,-0.46671052029886045,nan,0.544779037237197,nan,0.004448758183272361,nan
1410,-0.3693254890521075,nan,0.5448929762462399,nan,0.004200511000604448,nan
1411,-0.33679282996115945,nan,0.5450228363149484,nan,0.003764624518211535,nan
1412,-0.5843211118848499,nan,0.5454688649739653,nan,0.004938947870995154,nan
1413,-0.40625698141511213,nan,0.5457886228089495,nan,0.004132702061069332,nan
1414,-0.3332857568680837,nan,0.545962073247433,nan,0.004135016838713914,nan
1415,-0.5607553057160014,nan,0.5464233831102846,nan,0.004959814166837826,nan
1416,-0.39844301859339504,nan,0.546799819869019,nan,0.0052009398142122045,nan
1417,-0.3016616540222918,nan,0.5468696453893379,nan,0.0040502040805724905,nan
1418,-0.36606037937759983,nan,0.5470903928203577,nan,0.003893685984409197,nan
1419,-0.4108763852659749,nan,0.5472784426788234,nan,0.003921801515612885,nan
1420,-0.24824176876855628,nan,0.5473492003531193,nan,0.00376223347572128,nan
1421,-0.25782717258418214,nan,0.5474366021722354,nan,0.003485219751276428,nan
1422,-0.3377941575766322,nan,0.5476438869444019,nan,0.004018321917532448,nan
1423,-0.42276221034105316,nan,0.548035989575381,nan,0.004112484804748491,nan
1424,-0.303826274425257,nan,0.5481385620839352,nan,0.0036262716512533745,nan
1425,-0.42368495359976627,nan,0.5483061435532064,nan,0.003964591894908549,nan
1426,-0.39317962513430016,nan,0.5485347066038168,nan,0.00442398436519993,nan
1427,-0.3454204864733709,nan,0.548675863519577,nan,0.003931871498787822,nan
1428,-0.34654394094949964,nan,0.5488692452044727,nan,0.003966556057228077,nan
1429,-0.4036859078980218,nan,0.5491687686261627,nan,0.00435608539617309,nan
1430,-0.36770876093407023,nan,0.5492325998809637,nan,0.0046309887826367,nan
1431,-0.4126158966245458,nan,0.5495832902935203,nan,0.004278313413575996,nan
1432,-0.32405618160955924,nan,0.5497543331322652,nan,0.00436543888963904,nan
1433,-0.41345252239549946,nan,0.5500273434863356,nan,0.004174914684267176,nan
1434,-0.36039208766035924,nan,0.5502557007583405,nan,0.004130784253167736,nan
1435,-0.406375534652349,nan,0.5504213358873246,nan,0.004670147836247278,nan
1436,-0.4025046503393704,nan,0.5506235018026876,nan,0.004891588425274068,nan
1437,-0.4152114437994738,nan,0.5508285843379279,nan,0.004517117373750228,nan
1438,-0.3646430550917278,nan,0.5510115335602515,nan,0.0038366323745789646,nan
1439,-0.3811450962882524,nan,0.5512295460935664,nan,0.004040435444511322,nan
1440,-0.3276338939189634,nan,0.5513930796583282,nan,0.0039386618852996465,nan
1441,-0.349797189637187,nan,0.5515287675965258,nan,0.0044506818518268675,nan
1442,-0.39855306210067265,nan,0.5517391548351653,nan,0.004257864981815515,nan
1443,-0.36629267774021546,nan,0.5519962992730296,nan,0.004152441287125157,nan
1444,-0.31218934548131105,nan,0.5520691672570277,nan,0.004136550591441959,nan
1445,-0.3307602202425182,nan,0.5522526431960604,nan,0.004107094157538009,nan
1446,-0.3586236175711751,nan,0.5523690856925491,nan,0.004405325024923196,nan
1447,-0.274606673379287,nan,0.5524958737610604,nan,0.0038534547848148863,nan
1448,-0.26701866383185185,nan,0.5525697017159553,nan,0.00414027638303821,nan
1449,-0.3692823771569266,nan,0.5526813894122834,nan,0.0040358566918774095,nan
1450,-0.2914777247760377,nan,0.5527971538385389,nan,0.003989791115110797,nan
1451,-0.3787280297444819,nan,0.5530697291162198,nan,0.0040527507369890175,nan
1452,-0.3734098113793557,nan,0.5532501759430263,nan,0.004120611426958306,nan
1453,-0.35326076151620156,nan,0.5534399202210497,nan,0.0040349026293188825,nan
1454,-0.3697550060836803,nan,0.5535988858977592,nan,0.004092032350053715,nan
1455,-0.49554001337076997,nan,0.5541077539022976,nan,0.004444422385859939,nan
1456,-0.3679830399050909,nan,0.5543382405562044,nan,0.0039916793052994105,nan
1457,-0.3540962517726878,nan,0.5545342233140008,nan,0.004082895652504524,nan
1458,-0.37797375338144973,nan,0.5547874248451048,nan,0.00431270015864805,nan
1459,-0.25229126311997085,nan,0.5548178502617639,nan,0.004045676550609409,nan
1460,-0.3906055470871945,nan,0.5549402505503197,nan,0.004064480263747333,nan
1461,-0.4236104775961666,nan,0.5551845971466305,nan,0.004621158572673752,nan
1462,-0.3261877124355932,nan,0.555236207061298,nan,0.004266498250214844,nan
1463,-0.5448924319408774,nan,0.555748110451922,nan,0.004770514428524826,nan
1464,-0.2820481076908,nan,0.5558598151031792,nan,0.003665764122827419,nan
1465,-0.41057512115237393,nan,0.556122213907003,nan,0.004119431761320868,nan
1466,-0.3781712973515352,nan,0.5564028566471161,nan,0.004384229225040058,nan
1467,-0.37977970818806434,nan,0.5565732502915586,nan,0.00398994212819582,nan
1468,-0.35652887005950157,nan,0.5567115631273137,nan,0.004109203740016322,nan
1469,-0.40201459908521975,nan,0.5569803219851446,nan,0.004114945052902815,nan
1470,-0.2658637513331143,nan,0.5570739110007131,nan,0.003916234579375002,nan
1471,-0.32354466718431857,nan,0.5572262614188898,nan,0.004205198268387257,nan
1472,-0.342347703569807,nan,0.5573453690909197,nan,0.004506602333582602,nan
1473,-0.4433972692239412,nan,0.5575389384917315,nan,0.004628141267992488,nan
1474,-0.30217664367302993,nan,0.5576687174035821,nan,0.00411958685932728,nan
1475,-0.36588592666353276,nan,0.5578206593067623,nan,0.004350479356421892,nan
1476,-0.3330253124662532,nan,0.5579607723432268,nan,0.004377022884124461,nan
1477,-0.2962594667020389,nan,0.5580433102020413,nan,0.004199141550987759,nan
1478,-0.45643713496355653,nan,0.5582217727059785,nan,0.004504311274785467,nan
1479,-0.33798069779822526,nan,0.5584025156726599,nan,0.004290351972451883,nan
1480,-0.3217569873031118,nan,0.5585838846438852,nan,0.004600501702051373,nan
1481,-0.38170941000803305,nan,0.5586840004415914,nan,0.004657599435461855,nan
1482,-0.2983693674016267,nan,0.5587793733895141,nan,0.003980850609910461,nan
1483,-0.30835454577472415,nan,0.5588946175270806,nan,0.004086652379036028,nan
1484,-0.3746893678940651,nan,0.5592481558947497,nan,0.003835812576943104,nan
1485,-0.36837341448242866,nan,0.5593972880563491,nan,0.004397897070515409,nan
1486,-0.31394814778324154,nan,0.5594677496895547,nan,0.004002596337401715,nan
1487,-0.29576023065352197,nan,0.5595817805701289,nan,0.004439569969962323,nan
1488,-0.43389783761964507,nan,0.559980638478331,nan,0.004176097629056652,nan
1489,-0.25861398500368626,nan,0.5600435362587541,nan,0.0036500410042774327,nan
1490,-0.2701171587175322,nan,0.5601493310138645,nan,0.0044671376056264625,nan
1491,-0.29275160850956944,nan,0.5602086624888201,nan,0.0042411029473761585,nan
1492,-0.37851874569652966,nan,0.5603110061267548,nan,0.00449351449391957,nan
1493,-0.2707703037378708,nan,0.5604395137324645,nan,0.003983289028877263,nan
1494,-0.45962092669890026,nan,0.5608171901951478,nan,0.004767026283563932,nan
1495,-0.4127614783978765,nan,0.5610908594535862,nan,0.004534015239617564,nan
1496,-0.4713599677232781,nan,0.5614049697888807,nan,0.004889114467526641,nan
1497,-0.35341751923143666,nan,0.5616527063513806,nan,0.004307394649212247,nan
1498,-0.40705915310140567,nan,0.5618903987021197,nan,0.004456201299587148,nan
1499,-0.3956331239028169,nan,0.5620861876542197,nan,0.004507749368910337,nan
1500,-0.3327917510890147,nan,0.5622928189723849,nan,0.0037973741002993782,nan
1501,-0.30248785069663553,nan,0.5624353226325485,nan,0.004370576340891043,nan
1502,-0.5688484380036306,nan,0.563143930073871,nan,0.0045210671824251905,nan
1503,-0.36020645468181467,nan,0.5633022239052989,nan,0.004036366012193633,nan
1504,-0.3777357968058458,nan,0.5635230507155318,nan,0.004432910427342351,nan
1505,-0.36294121003214247,nan,0.563682345725213,nan,0.004397026176080059,nan
1506,-0.7021514014858212,nan,0.5645192696914105,nan,0.00555730854206463,nan
1507,-0.4531163861021704,nan,0.5649103360987983,nan,0.00455505012849173,nan
1508,-0.3371565346755398,nan,0.5649992279133373,nan,0.0046292732095236915,nan
1509,-0.3231460309637331,nan,0.5650439149682561,nan,0.004411499603888989,nan
1510,-0.3010231080697092,nan,0.56519468578021,nan,0.0038015452630518875,nan
1511,-0.4029884652066748,nan,0.5654205815752285,nan,0.004676277892418425,nan
1512,-0.290363276284955,nan,0.5655110238378513,nan,0.0038706164083657686,nan
1513,-0.3773485255730601,nan,0.5657170750973599,nan,0.004556121495540016,nan
1514,-0.299278386200515,nan,0.5658684081802572,nan,0.004137108314187245,nan
1515,-0.33767833666251085,nan,0.566046679399251,nan,0.00410754199319487,nan
1516,-0.45113966776390046,nan,0.5664267181194833,nan,0.004276805826575022,nan
1517,-0.2869631074433965,nan,0.5664645084161855,nan,0.0038365690262794536,nan
1518,-0.3110528012361147,nan,0.5665697159609654,nan,0.0046023562139281705,nan
1519,-0.418473083786571,nan,0.5668765151501548,nan,0.004464994069087131,nan
1520,-0.4020776078976466,nan,0.5671303023090051,nan,0.0051566284769353835,nan
1521,-0.42844023451410557,nan,0.5673086086189737,nan,0.004595009725547848,nan
1522,-0.3845647974083524,nan,0.5674218864545141,nan,0.004159976518079788,nan
1523,-0.3435934897038493,nan,0.5676624320160163,nan,0.004104274731299475,nan
1524,-0.3507951447178012,nan,0.5678531953266821,nan,0.004767016495363247,nan
1525,-0.42710858864864903,nan,0.5681694101773702,nan,0.005582368821122591,nan
1526,-0.43354765341819634,nan,0.5684976011975299,nan,0.004551254146956951,nan
1527,-0.30224736701549515,nan,0.5686429702231132,nan,0.004582681111669287,nan
1528,-0.24955709542453908,nan,0.5687134299714978,nan,0.003826131636926736,nan
1529,-0.3022361424135016,nan,0.568757690617968,nan,0.00403195389685728,nan
1530,-0.3472673596380042,nan,0.5690290321975072,nan,0.003956334120401986,nan
1531,-0.38056545332133274,nan,0.5691623466918673,nan,0.004843758831366852,nan
1532,-0.3285700962440135,nan,0.5692422199734738,nan,0.0043697297418372975,nan
1533,-0.3497956324057252,nan,0.5693809798744113,nan,0.0041143122753179275,nan
1534,-0.3399140099406779,nan,0.569549859980233,nan,0.00458007559381528,nan
1535,-0.4096994154368362,nan,0.5698486454000737,nan,0.004348941240952615,nan
1536,-0.3015057289397728,nan,0.569934526188733,nan,0.004119702830578129,nan
1537,-0.2846740121551744,nan,0.5699847799464037,nan,0.004549023372291862,nan
1538,-0.3807511295768221,nan,0.5701081009413241,nan,0.0047023781207444874,nan
1539,-0.32176313664641204,nan,0.5701817535267345,nan,0.004674050437578623,nan
1540,-0.40467561624886667,nan,0.5704301015990685,nan,0.004093305957304153,nan
1541,-0.30739625494638806,nan,0.570484606304171,nan,0.004369333818494648,nan
1542,-0.29756042454796605,nan,0.5706323109233847,nan,0.004437472542668143,nan
1543,-0.34814991530262523,nan,0.5708241169261576,nan,0.004458632345172449,nan
1544,-0.43015439962034074,nan,0.5711962120884789,nan,0.004140801749940446,nan
1545,-0.4260253902341989,nan,0.5714564665717345,nan,0.00447626261188999,nan
1546,-0.4321441582363491,nan,0.571560227220442,nan,0.00469518941954877,nan
1547,-0.5182958070636857,nan,0.571904491218568,nan,0.004854903933713745,nan
1548,-0.2919305844892673,nan,0.5719684870636794,nan,0.004214673986608349,nan
1549,-0.31846778928227903,nan,0.5720823318372203,nan,0.00441345894819901,nan
1550,-0.43391063522883405,nan,0.5722542256977216,nan,0.005099921916106659,nan
1551,-0.37452799752796445,nan,0.5724091065426135,nan,0.004208758946112895,nan
1552,-0.38315676810590893,nan,0.5725914308078012,nan,0.004317989072539205,nan
1553,-0.2888717886335811,nan,0.5727221601366465,nan,0.004164279730802276,nan
1554,-0.32207364706157343,nan,0.572942006877371,nan,0.0043233718648614545,nan
1555,-0.3348157264867222,nan,0.5731244490496125,nan,0.004866027788266574,nan
1556,-0.3781563441108986,nan,0.5733962300066013,nan,0.004847112524322758,nan
1557,-0.3734687207039072,nan,0.5736768866675654,nan,0.004651662026081036,nan
1558,-0.380540001037189,nan,0.5738450171571416,nan,0.004260465090773483,nan
1559,-0.296601765825364,nan,0.5738770110046264,nan,0.0044464160530473,nan
1560,-0.343981603131395,nan,0.5740122897785391,nan,0.0040083708462854105,nan
1561,-0.3253320949418005,nan,0.5741576252692498,nan,0.004046256166912819,nan
1562,-0.3864414643163911,nan,0.5743493776657065,nan,0.004883881871375581,nan
1563,-0.321431300446634,nan,0.574548995382653,nan,0.004083591569233796,nan
1564,-0.43017731849759056,nan,0.574846579811941,nan,0.004906491111483054,nan
1565,-0.3836010006028133,nan,0.5750770889089426,nan,0.004413151610301386,nan
1566,-0.3744261206744078,nan,0.5753253569665187,nan,0.004523642423746147,nan
1567,-0.3139597072635794,nan,0.5754415852540423,nan,0.004324060199590822,nan
1568,-0.308553534264199,nan,0.5754861221265319,nan,0.004212000857251554,nan
1569,-0.29608588704216127,nan,0.5755570846893553,nan,0.004209877495078461,nan
1570,-0.2764510379306202,nan,0.5756519933536403,nan,0.004099206652870409,nan
1571,-0.43729711448749314,nan,0.576044202848946,nan,0.004625866895786312,nan
1572,-0.32132842081539126,nan,0.5761170891955104,nan,0.004603418235705325,nan
1573,-0.39036792238898077,nan,0.576442021420741,nan,0.004107875633482282,nan
1574,-0.4069978959076388,nan,0.576579892259588,nan,0.004730711119754345,nan
1575,-0.33307789685254424,nan,0.5766189059427166,nan,0.004150507471032797,nan
1576,-0.38467874689862847,nan,0.5768766740615433,nan,0.004492487228854473,nan
1577,-0.34195172159573506,nan,0.576934991522733,nan,0.004334294948695149,nan
1578,-0.35220257225523727,nan,0.5770700824231028,nan,0.00430085117600218,nan
1579,-0.2700296016756782,nan,0.5771103460350383,nan,0.004175794992201314,nan
1580,-0.32347132488834013,nan,0.5772244384001787,nan,0.004462950503457408,nan
1581,-0.31963907018938525,nan,0.5774358724618217,nan,0.004719938310583615,nan
1582,-0.5158432797278965,nan,0.5777499931947966,nan,0.005292533415270595,nan
1583,-0.31965320084182985,nan,0.5778376292012833,nan,0.0044516999525791075,nan
1584,-0.3105383037225854,nan,0.5779623988729102,nan,0.004470212911333856,nan
1585,-0.3361602673289197,nan,0.5782920111562413,nan,0.004724459631607461,nan
1586,-0.42095116732381105,nan,0.5784767103050285,nan,0.004326299790903491,nan
1587,-0.31239662783313515,nan,0.5785982453563122,nan,0.004240952185265045,nan
1588,-0.2928200116727504,nan,0.5786953892689974,nan,0.003900906593372667,nan
1589,-0.3092629951808532,nan,0.5787351973194386,nan,0.0043426557265844904,nan
1590,-0.3221426073958895,nan,0.578989292380331,nan,0.003842093685717902,nan
1591,-0.321947093463845,nan,0.579140141135162,nan,0.004135916782629305,nan
1592,-0.3139844965648116,nan,0.5791912887348848,nan,0.004391777175244207,nan
1593,-0.37301937506132105,nan,0.5794260500799405,nan,0.0046232713328239255,nan
1594,-0.4626833235005412,nan,0.5798627250298872,nan,0.0045011015568762434,nan
1595,-0.34132682447496626,nan,0.5799920401558637,nan,0.004621529914288819,nan
1596,-0.3296064024198896,nan,0.5801391618271733,nan,0.004493926002250723,nan
1597,-0.4111231822554457,nan,0.5804758193295211,nan,0.004658183687398176,nan
1598,-0.4027664288787202,nan,0.580639946592669,nan,0.004483038610939035,nan
1599,-0.297819894342931,nan,0.5807279099447342,nan,0.004507949070131867,nan
1600,-0.255170199174328,nan,0.5808204957494485,nan,0.00434498837443109,nan
1601,-0.4313197014095324,nan,0.5809190362715348,nan,0.005307977517146135,nan
1602,-0.494076054066608,nan,0.581158198322427,nan,0.005065585106024861,nan
1603,-0.25283891974439454,nan,0.5812565392807698,nan,0.0037574412200862845,nan
1604,-0.3771251909829286,nan,0.5815472894923494,nan,0.004591943515466812,nan
1605,-0.4057258578962298,nan,0.5818935250650435,nan,0.004634598724512534,nan
1606,-0.449890178787754,nan,0.5821654078567332,nan,0.00532110446890468,nan
1607,-0.49694227943177893,nan,0.5826724727749643,nan,0.005284644712544479,nan
1608,-0.29388296863612595,nan,0.5827297564306196,nan,0.003990853253172935,nan
1609,-0.5128323279304947,nan,0.5832374047610396,nan,0.005049557524435109,nan
1610,-0.3309904373523444,nan,0.5833818968458543,nan,0.004575818862447196,nan
1611,-0.3082357737129364,nan,0.5835329543828612,nan,0.00456660203978104,nan
1612,-0.39119831539243033,nan,0.5838816537052196,nan,0.004664500624908289,nan
1613,-0.38998705643797177,nan,0.5841149804909814,nan,0.004634165750946134,nan
1614,-0.49375357658350055,nan,0.5843847270385416,nan,0.004920638012893769,nan
1615,-0.46165544703323763,nan,0.5846042040506744,nan,0.005638826628010173,nan
1616,-0.29650960894696865,nan,0.5847475826899726,nan,0.004230138841509638,nan
1617,-0.35179625979995033,nan,0.5849057030032195,nan,0.004079130117719996,nan
1618,-0.30488676490271205,nan,0.5850100606272933,nan,0.0045867765157383885,nan
1619,-0.4365612262096955,nan,0.5853907128164287,nan,0.00453605294370921,nan
1620,-0.3961620522512674,nan,0.5856789748717721,nan,0.0045787832531544274,nan
1621,-0.4287060911689778,nan,0.5858190932750639,nan,0.004834831348118105,nan
1622,-0.33553058688211285,nan,0.5859151228798525,nan,0.004805964303368631,nan
1623,-0.37749475738820265,nan,0.5860117850811408,nan,0.004878890782217809,nan
1624,-0.39240682366556395,nan,0.5862253870795014,nan,0.004573290042088452,nan
1625,-0.3031895877297979,nan,0.5863026860097823,nan,0.004675316479429501,nan
1626,-0.34744291272253736,nan,0.5864275146912951,nan,0.004396275915021731,nan
1627,-0.3091777677765652,nan,0.5864840926477335,nan,0.0043801897967051095,nan
1628,-0.2839396616684024,nan,0.5865895386104747,nan,0.004394587579481963,nan
1629,-0.4234981346669849,nan,0.5867346187156716,nan,0.005063341659957395,nan
1630,-0.4035039983194533,nan,0.5869001449385012,nan,0.00502364934030175,nan
1631,-0.3572411051766678,nan,0.5871595638838447,nan,0.004230337422703412,nan
1632,-0.3482678570501784,nan,0.5872934643272202,nan,0.004679290129035758,nan
1633,-0.3759867883531227,nan,0.5875018263343126,nan,0.004212545578181482,nan
1634,-0.3996857680084276,nan,0.5878025903473003,nan,0.00423565578325584,nan
1635,-0.4734862544811061,nan,0.5879077968512766,nan,0.005076018408708869,nan
1636,-0.3094047112959117,nan,0.5880664569890761,nan,0.004481278672566082,nan
1637,-0.335483931922214,nan,0.5882385848747126,nan,0.00458074006352004,nan
1638,-0.3809503480121906,nan,0.5884849466500102,nan,0.004562946487845854,nan
1639,-0.32748514220260366,nan,0.5885873606595694,nan,0.0042355530645698585,nan
1640,-0.38023414482708595,nan,0.5887131032535008,nan,0.004831129931049832,nan
1641,-0.45105304227874177,nan,0.5890061414136546,nan,0.0049372435781296605,nan
1642,-0.3728751234850414,nan,0.5890928318401325,nan,0.00472796412859931,nan
1643,-0.27366381585858457,nan,0.5892138814111196,nan,0.004471270933566113,nan
1644,-0.32410889516602265,nan,0.5892680863014046,nan,0.004417935754913545,nan
1645,-0.3174171542559889,nan,0.589379091715214,nan,0.004057705245086743,nan
1646,-0.41337606450951286,nan,0.5895879676481219,nan,0.004861409249668026,nan
1647,-0.2785662430855643,nan,0.5896832415295286,nan,0.004492800938762506,nan
1648,-0.33766496208079333,nan,0.5897930005887475,nan,0.004420022834064746,nan
1649,-0.4716302537063002,nan,0.5900453452372401,nan,0.00501866365620046,nan
1650,-0.35763273249928074,nan,0.5902219845766022,nan,0.004181819688944177,nan
1651,-0.3452788314498467,nan,0.5903159060370942,nan,0.00447600274074114,nan
1652,-0.3948833491706072,nan,0.5905583975432702,nan,0.004707001413450044,nan
1653,-0.5129411090723931,nan,0.5908708921435746,nan,0.005305082049927332,nan
1654,-0.31869701338586537,nan,0.5909413626998441,nan,0.0044913247683475675,nan
1655,-0.3305025670187569,nan,0.5911612346221403,nan,0.004360327375694297,nan
1656,-0.36159860562630064,nan,0.5913416346000891,nan,0.004953253714976416,nan
1657,-0.3573244563687304,nan,0.5914854601609593,nan,0.005065737965106116,nan
1658,-0.3075383980237327,nan,0.5915302282083338,nan,0.0044447204100519,nan
1659,-0.32722506103644305,nan,0.5916402019540244,nan,0.004104240828121393,nan
1660,-0.3065062925862068,nan,0.5917841420580763,nan,0.004057277917338732,nan
1661,-0.28696905103275605,nan,0.5918738273064413,nan,0.0043634150985615875,nan
1662,-0.31006424714518044,nan,0.5920582023393972,nan,0.004853360038909075,nan
1663,-0.42234911796321445,nan,0.5921441274994067,nan,0.0054288347265307665,nan
1664,-0.27773772611397635,nan,0.5922344246611684,nan,0.004464933177288644,nan
1665,-0.41035197923056854,nan,0.5924872952011583,nan,0.004613720240367188,nan
1666,-0.4102528266981539,nan,0.592786832760207,nan,0.004425332320416296,nan
1667,-0.3934340463622749,nan,0.5930046816569011,nan,0.0048572822543574735,nan
1668,-0.2829827579504159,nan,0.593190785685841,nan,0.0045545434649123424,nan
1669,-0.4180637390982051,nan,0.5933822567346878,nan,0.00472397546030463,nan
1670,-0.2770339819977237,nan,0.5934932150630359,nan,0.004093731016724929,nan
1671,-0.3890007574839154,nan,0.5937612303184838,nan,0.005027033392577353,nan
1672,-0.2928780262720137,nan,0.5938446345930491,nan,0.004393779120435582,nan
1673,-0.32700386176967894,nan,0.593951544174468,nan,0.004677900279913144,nan
1674,-0.2930398512495473,nan,0.594025406307613,nan,0.004453766050348171,nan
1675,-0.40080512211094604,nan,0.594178881089791,nan,0.004550048181700994,nan
1676,-0.29897532715796565,nan,0.5942283110614411,nan,0.004743125249081375,nan
1677,-0.3601377255705668,nan,0.5943555637829784,nan,0.00436694680673952,nan
1678,-0.35505168633833106,nan,0.5946763418015748,nan,0.00452008277145255,nan
1679,-0.36716248461311757,nan,0.594871864201793,nan,0.004618415559383118,nan
1680,-0.2841905834674517,nan,0.5949216170311139,nan,0.004974800269572719,nan
1681,-0.40028070512634745,nan,0.5951274093264441,nan,0.004563721472136496,nan
1682,-0.2982856331052727,nan,0.5952757217939708,nan,0.004105329953120808,nan
1683,-0.4115867743317297,nan,0.5955954775553312,nan,0.004839799400923052,nan
1684,-0.371642068135612,nan,0.5958938452386041,nan,0.004407227985556755,nan
1685,-0.33859528298388647,nan,0.5959828319088204,nan,0.0046659209891331994,nan
1686,-0.31252404920997795,nan,0.596078017966345,nan,0.004718709121054898,nan
1687,-0.3787866521393245,nan,0.5963636220723385,nan,0.004117450976057691,nan
1688,-0.33603028313221545,nan,0.5964901483576943,nan,0.004534569680299284,nan
1689,-0.3570731899133809,nan,0.5965945765421317,nan,0.004702450338431558,nan
1690,-0.2904892030658485,nan,0.5967727138210476,nan,0.0044676056731775,nan
1691,-0.2328281383631284,nan,0.5967926560359287,nan,0.003830075681325253,nan
1692,-0.328073566135934,nan,0.5968983885597969,nan,0.004901866433567137,nan
1693,-0.33596388541930505,nan,0.59708540227262,nan,0.004518635875890477,nan
1694,-0.3150583406120794,nan,0.5971923523582704,nan,0.0045843800128394325,nan
1695,-0.41349381643188793,nan,0.5973491880615023,nan,0.004380678391863437,nan
1696,-0.35701056148892635,nan,0.5974622975282491,nan,0.00491080430203446,nan
1697,-0.44545193183411436,nan,0.5976681020181795,nan,0.004848864580728585,nan
1698,-0.3593794918537739,nan,0.5977438437430495,nan,0.004743079622163373,nan
1699,-0.3742212366362232,nan,0.597957097641104,nan,0.004757948502819147,nan
1700,-0.4160929773540826,nan,0.5982634872525804,nan,0.005060094266948128,nan
1701,-0.3713939038608146,nan,0.5985008970033855,nan,0.004494926889542148,nan
1702,-0.29628387541623774,nan,0.5985977115575489,nan,0.004263756753514522,nan
1703,-0.30086760833563925,nan,0.598640600282884,nan,0.004790397456008782,nan
1704,-0.39976654508660114,nan,0.5987959343357425,nan,0.005340022514716841,nan
1705,-0.2919306217782962,nan,0.5990535889227848,nan,0.004722624049601074,nan
1706,-0.4269096160945078,nan,0.5993310632693502,nan,0.005067759839025986,nan
1707,-0.3640701677918523,nan,0.599467869644045,nan,0.00435105184329604,nan
1708,-0.32623639453226055,nan,0.5995141816146253,nan,0.0048214231664076715,nan
1709,-0.2828289831680901,nan,0.5995760025605646,nan,0.004979026899549409,nan
1710,-0.5612385293814687,nan,0.6000899916334574,nan,0.005806568262045418,nan
1711,-0.3411258600389416,nan,0.6002897639452457,nan,0.004276075193217671,nan
1712,-0.40948149126755834,nan,0.6005568916190761,nan,0.004928233405509446,nan
1713,-0.3155205459414832,nan,0.6006630165782836,nan,0.0045498867157451614,nan
1714,-0.2570262328001764,nan,0.6006972442709472,nan,0.004520011051692921,nan
1715,-0.32090707592612044,nan,0.6008100899416838,nan,0.004521566433972496,nan
1716,-0.3600510684249731,nan,0.6008752160249516,nan,0.00458386788963403,nan
1717,-0.46911451222865186,nan,0.6010694259277595,nan,0.00513538137606919,nan
1718,-0.39600576881272515,nan,0.6013719412321648,nan,0.005115833900419432,nan
1719,-0.36619893516736146,nan,0.6015367044445354,nan,0.004642989912876062,nan
1720,-0.35644213677937925,nan,0.6016689352720235,nan,0.004701728639129746,nan
1721,-0.40699864996129886,nan,0.602045187530358,nan,0.004979971058521935,nan
1722,-0.3395009102071602,nan,0.602127321599814,nan,0.00520591178609509,nan
1723,-0.3397839931793961,nan,0.6023265475263824,nan,0.004786091836413377,nan
1724,-0.36612591266564676,nan,0.602442393091139,nan,0.004956932765950365,nan
1725,-0.3690717304702124,nan,0.6026027843256808,nan,0.004939973237034594,nan
1726,-0.31071372272683145,nan,0.6027708842868326,nan,0.00494076475311237,nan
1727,-0.2917953144214432,nan,0.6029115892146315,nan,0.004247069564589428,nan
1728,-0.33330957910716413,nan,0.6030206324318099,nan,0.004561470350834135,nan
1729,-0.5417266169288713,nan,0.6036970408273707,nan,0.005521342843911909,nan
1730,-0.35694871904370423,nan,0.6037986343625266,nan,0.004664470939548029,nan
1731,-0.284621298548547,nan,0.60387852860236,nan,0.0049494422193240425,nan
1732,-0.3288151475940411,nan,0.6039578227454727,nan,0.004391944324246856,nan
1733,-0.3548778609919956,nan,0.6041000650159105,nan,0.00449828365618709,nan
1734,-0.37712251353225607,nan,0.6043552337952418,nan,0.004806655660561831,nan
1735,-0.34218334166739106,nan,0.6044553973126444,nan,0.004628693028655646,nan
1736,-0.3875886997146564,nan,0.6046577892766725,nan,0.004726254557097684,nan
1737,-0.2549693732679508,nan,0.6047962969117323,nan,0.00441784061233015,nan
1738,-0.32689671273250454,nan,0.6049202190156032,nan,0.004643758234734711,nan
1739,-0.339945205699295,nan,0.605033478185759,nan,0.004667184496566986,nan
1740,-0.2877694221087835,nan,0.6051086210524356,nan,0.004491624163470563,nan
1741,-0.3284068193944251,nan,0.6052049619114226,nan,0.004827730771737934,nan
1742,-0.2984285685045448,nan,0.6052915783803745,nan,0.00456233747151721,nan
1743,-0.3348012814427135,nan,0.6054421223583131,nan,0.004887093877533641,nan
1744,-0.3704722073286939,nan,0.6055961442732056,nan,0.004759866846725194,nan
1745,-0.4504175998941087,nan,0.6059428471956948,nan,0.004945726924838108,nan
1746,-0.39633815743512446,nan,0.6061882945050996,nan,0.004584545038214582,nan
1747,-0.43827289385517076,nan,0.606478056138557,nan,0.005359216182477216,nan
1748,-0.4873839289023898,nan,0.6067795935941435,nan,0.0044400194104935045,nan
1749,-0.43472238051658,nan,0.6071528395297632,nan,0.004928029908788302,nan
1750,-0.3403076376471017,nan,0.6073069515948506,nan,0.0044484707692086616,nan
1751,-0.2752673707663382,nan,0.6073906372980419,nan,0.00438796832617523,nan
1752,-0.44634289563267526,nan,0.6077337530898115,nan,0.00513145557687697,nan
1753,-0.34167510293442166,nan,0.6078017703996371,nan,0.004520746832542818,nan
1754,-0.48698294489568766,nan,0.6081598282415424,nan,0.005462061074481802,nan
1755,-0.4307971843129999,nan,0.6083303426546861,nan,0.005019373244285175,nan
1756,-0.3558872820080602,nan,0.6084905592984513,nan,0.005099124030328321,nan
1757,-0.3497836341786884,nan,0.6086478780463774,nan,0.005229901555161121,nan
1758,-0.32571659610554804,nan,0.6087241100921117,nan,0.004362280122512371,nan
1759,-0.3999495694778777,nan,0.6088892512459969,nan,0.004781801493768707,nan
1760,-0.3441258933945057,nan,0.6090315613901668,nan,0.004649149388530133,nan
1761,-0.42065889338486046,nan,0.6093035351296827,nan,0.004836771886748319,nan
1762,-0.3194425564429155,nan,0.6094099546201232,nan,0.004285568967559926,nan
1763,-0.31494889235561724,nan,0.6094768171522621,nan,0.004585766470161527,nan
1764,-0.30952131975980884,nan,0.609579907819859,nan,0.004532874296147278,nan
1765,-0.30524634192025,nan,0.6096337952247673,nan,0.004310707324223707,nan
1766,-0.30890098639246605,nan,0.6097857071768737,nan,0.004925967283836475,nan
1767,-0.2894772468060772,nan,0.6098595623089305,nan,0.004592189858004043,nan
1768,-0.4598877695721883,nan,0.610011748684582,nan,0.0052855085350397395,nan
1769,-0.31402068321827603,nan,0.610182901692623,nan,0.004409451698185401,nan
1770,-0.29070625419232193,nan,0.6102941044430906,nan,0.004531732815306859,nan
1771,-0.4636006108281984,nan,0.6106557525577379,nan,0.005258922492492944,nan
1772,-0.34332955486068795,nan,0.610791173941983,nan,0.004614459216085027,nan
1773,-0.44833114755449743,nan,0.6111630495829072,nan,0.0048283481233049865,nan
1774,-0.3492205883245376,nan,0.6113152913679121,nan,0.005163218293312373,nan
1775,-0.31754640837143366,nan,0.6113580002375236,nan,0.004743667314204636,nan
1776,-0.31198135699910073,nan,0.6115077094354592,nan,0.004652983456648035,nan
1777,-0.24180650682162308,nan,0.611542156816198,nan,0.004182269932259204,nan
1778,-0.28268828839950366,nan,0.6116323932800177,nan,0.004719957397592124,nan
1779,-0.28540359864027004,nan,0.6117125006660604,nan,0.0046965746509660825,nan
1780,-0.39439743433467256,nan,0.6118226833753477,nan,0.004859268437844988,nan
1781,-0.3057636079252935,nan,0.6118974052507564,nan,0.004408843010841878,nan
1782,-0.31571688231417727,nan,0.6119662523695208,nan,0.004987610128056801,nan
1783,-0.40854229305443496,nan,0.6123306010627136,nan,0.004987452951135813,nan
1784,-0.40034783293131043,nan,0.6125461940806859,nan,0.0050856881973456135,nan
1785,-0.34635923576882655,nan,0.6127787476360348,nan,0.004599469130849234,nan
1786,-0.3533575354156596,nan,0.6129492273615368,nan,0.00485011500908691,nan
1787,-0.36408771993870936,nan,0.6130959326883586,nan,0.004903541950697652,nan
1788,-0.2636225893245281,nan,0.6132128767913194,nan,0.004487185691542719,nan
1789,-0.32492786039995697,nan,0.6132687716588844,nan,0.0047880179907207965,nan
1790,-0.3054156017594164,nan,0.6133035936970465,nan,0.005166721074135522,nan
1791,-0.31466066033352974,nan,0.6133553804110263,nan,0.004768639687563851,nan
1792,-0.4053343901984902,nan,0.6134182664782104,nan,0.005139095742517136,nan
1793,-0.47498748086054876,nan,0.6136636352254604,nan,0.005224819453002659,nan
1794,-0.35687860349401007,nan,0.6138082805513505,nan,0.004586358184077235,nan
1795,-0.37258793918338645,nan,0.6139764850430313,nan,0.004684489036004265,nan
1796,-0.4139151760429509,nan,0.6141067389456537,nan,0.005422020062294125,nan
1797,-0.2762408057244561,nan,0.6141531792757001,nan,0.004523431712727072,nan
1798,-0.37216275507282126,nan,0.6142573099429011,nan,0.004557410421150731,nan
1799,-0.28384203362615557,nan,0.6142964189013959,nan,0.004413883406915809,nan
1800,-0.3756739331011043,nan,0.614421165971933,nan,0.004696236315828899,nan
1801,-0.37244159509627217,nan,0.6146732351260172,nan,0.004926614491681001,nan
1802,-0.4778284713667084,nan,0.6150380361623909,nan,0.005628880957319146,nan
1803,-0.4081815377582792,nan,0.6152932484905632,nan,0.005234099021397677,nan
1804,-0.3292373289977892,nan,0.6154195025880359,nan,0.005025262400645422,nan
1805,-0.354494733584814,nan,0.6155686421537793,nan,0.005236452551107499,nan
1806,-0.3422647981349254,nan,0.6156745250515155,nan,0.005266861413126503,nan
1807,-0.3558258970093681,nan,0.6157983622288624,nan,0.005184390311442808,nan
1808,-0.3242133200279999,nan,0.6158688457528312,nan,0.005077506075720853,nan
1809,-0.30001609759179054,nan,0.6159835114798657,nan,0.00495141971349065,nan
1810,-0.3053850756586182,nan,0.6160762384150138,nan,0.004687226665264961,nan
1811,-0.31670192324796276,nan,0.6161943222199512,nan,0.005164880436176353,nan
1812,-0.2840775942591298,nan,0.6162133553540678,nan,0.004272240779470854,nan
1813,-0.3048328247608503,nan,0.6162804899919128,nan,0.004848296121111697,nan
1814,-0.3959170358807912,nan,0.6164715173685545,nan,0.004856952718367293,nan
1815,-0.37963285727138113,nan,0.6167005995407998,nan,0.004989873394621896,nan
1816,-0.4109122465890525,nan,0.6169793644105402,nan,0.004937474984891952,nan
1817,-0.44371269442671557,nan,0.6172349343100103,nan,0.004784601181269894,nan
1818,-0.372259783497148,nan,0.6173873194247478,nan,0.0053945993800020966,nan
1819,-0.3156360745797921,nan,0.6175147137940049,nan,0.004610022199858306,nan
1820,-0.4734182418694928,nan,0.6177572605982513,nan,0.005131575495378667,nan
1821,-0.35891863064953217,nan,0.6178614483780777,nan,0.004865165769132855,nan
1822,-0.34452940965593426,nan,0.618010553524118,nan,0.004474938868990502,nan
1823,-0.3606623735392065,nan,0.6181999202247183,nan,0.005198127274429774,nan
1824,-0.3224078457725149,nan,0.6182274174719778,nan,0.004681967827109248,nan
1825,-0.41495743203824104,nan,0.6184178552819889,nan,0.0052120871257804345,nan
1826,-0.3348434201905165,nan,0.6185006797277909,nan,0.005021121192337109,nan
1827,-0.3822591719716241,nan,0.6186364653184535,nan,0.005054505782527453,nan
1828,-0.4310746132167589,nan,0.6188977532635479,nan,0.005173177952509657,nan
1829,-0.3509128413651027,nan,0.6190753160199182,nan,0.004772823248497808,nan
1830,-0.30745771764291463,nan,0.6191456716888004,nan,0.005309078539914509,nan
1831,-0.351052395169338,nan,0.6193887916804686,nan,0.004886504770127863,nan
1832,-0.43351317096690345,nan,0.6195314544962902,nan,0.005182229128106192,nan
1833,-0.2609488736260587,nan,0.6195764642338867,nan,0.004541380751734831,nan
1834,-0.31099935735104167,nan,0.6196891049313075,nan,0.004757977544361923,nan
1835,-0.3522439353625723,nan,0.6197898500266866,nan,0.005186965787804142,nan
1836,-0.38892149179874963,nan,0.6199473781839961,nan,0.004997415294122072,nan
1837,-0.2950710954592335,nan,0.6200433411660516,nan,0.004745186702852009,nan
1838,-0.3672615935085484,nan,0.6201446468432688,nan,0.004593996573501022,nan
1839,-0.39302754399314654,nan,0.6203463559324375,nan,0.004856827404050824,nan
1840,-0.3203400236925924,nan,0.6204577862002411,nan,0.004931729855413431,nan
1841,-0.30600133358771464,nan,0.6205643294345075,nan,0.004421755858115742,nan
1842,-0.4360215694614728,nan,0.6208656638322305,nan,0.004912064304618653,nan
1843,-0.35930152811646077,nan,0.6210362185534116,nan,0.005564322593993208,nan
1844,-0.3180888003387541,nan,0.6211431014104145,nan,0.005154750810416718,nan
1845,-0.5053970501382341,nan,0.6215034391569955,nan,0.00615996011636929,nan
1846,-0.44597295626099037,nan,0.6218226433005809,nan,0.005049320273581963,nan
1847,-0.5065746246406893,nan,0.6221612567474809,nan,0.005488045245264674,nan
1848,-0.27514552730232184,nan,0.6222024131138937,nan,0.004950845599904444,nan
1849,-0.3518787414455655,nan,0.6222713913126459,nan,0.0053251746529936585,nan
1850,-0.3020919173195731,nan,0.6223160215111198,nan,0.004472961302423343,nan
1851,-0.28033462654488084,nan,0.6223201593246426,nan,0.00459951373622069,nan
1852,-0.3595909997335817,nan,0.6224706816910194,nan,0.004779677623689982,nan
1853,-0.36157045495862394,nan,0.6226243226820701,nan,0.004775411944107591,nan
1854,-0.38560280393848717,nan,0.6228476794216946,nan,0.005320445970448202,nan
1855,-0.3588034190198613,nan,0.6230183693463536,nan,0.004608958099818681,nan
1856,-0.3494828380318082,nan,0.623139748919013,nan,0.005207462553309536,nan
1857,-0.3912536271742795,nan,0.6233617922952887,nan,0.004769807520270143,nan
1858,-0.3675156303813004,nan,0.6235945650188437,nan,0.0053992141735959304,nan
1859,-0.28334516405937,nan,0.6237227851909551,nan,0.0048812928677588645,nan
1860,-0.34464536563745607,nan,0.6238960769950053,nan,0.004594187203093377,nan
1861,-0.3435076560614613,nan,0.6240438210746944,nan,0.004485830101227092,nan
1862,-0.3698098489619617,nan,0.624103828961239,nan,0.004981138122075768,nan
1863,-0.3117074719440404,nan,0.6242289480558671,nan,0.004268734464342909,nan
1864,-0.37929449854861275,nan,0.6243694597752253,nan,0.0052152531729592905,nan
1865,-0.515000612504768,nan,0.6247410454323711,nan,0.005936877858299926,nan
1866,-0.4001509566892839,nan,0.6251108693773749,nan,0.004761860735106053,nan
1867,-0.30631979452997576,nan,0.6252387817586873,nan,0.0046663803467221,nan
1868,-0.2787527065480821,nan,0.6252750943138933,nan,0.004661330657094881,nan
1869,-0.2514231614618039,nan,0.6253415600694869,nan,0.005022259981335284,nan
1870,-0.29947330564802627,nan,0.6254588159662127,nan,0.004540364315053168,nan
1871,-0.3340613861057209,nan,0.6255495143826231,nan,0.00492904978622791,nan
1872,-0.3414184834831844,nan,0.6256722396873917,nan,0.00527126522817333,nan
1873,-0.37867828794757985,nan,0.625969410897191,nan,0.004976492112325298,nan
1874,-0.31768703862452347,nan,0.6260145419637765,nan,0.005318556879546315,nan
1875,-0.36281318626775,nan,0.6261115082531789,nan,0.0048022512648581836,nan
1876,-0.2744322323946891,nan,0.6261558628965989,nan,0.004289208034380967,nan
1877,-0.47112935195266287,nan,0.6263805086008482,nan,0.005459263924381229,nan
1878,-0.44450373884747607,nan,0.6265371778070912,nan,0.006068014154547153,nan
1879,-0.3590301781057615,nan,0.6266667564965973,nan,0.0048865182647575625,nan
1880,-0.30000421715464587,nan,0.626786108355188,nan,0.004407616864154523,nan
1881,-0.36217395946772224,nan,0.6268938165652653,nan,0.004883203750668494,nan
1882,-0.34943623478088176,nan,0.6269623540525938,nan,0.004713605117765268,nan
1883,-0.40043410165705856,nan,0.627178360658222,nan,0.005170511441971137,nan
1884,-0.30562979599881696,nan,0.6272548675933993,nan,0.004703711855945781,nan
1885,-0.333839325706365,nan,0.6273620363248809,nan,0.005095885006274614,nan
1886,-0.3601377616146822,nan,0.6274842531288857,nan,0.005379747219840508,nan
1887,-0.35144499667886236,nan,0.6275813255033369,nan,0.005398588051138968,nan
1888,-0.3083707800553376,nan,0.6276672405240734,nan,0.004955630200272071,nan
1889,-0.49677175070271207,nan,0.6280046159479444,nan,0.005242760098425863,nan
1890,-0.37499308860802183,nan,0.6280992226719732,nan,0.004853060075632883,nan
1891,-0.35197529394737515,nan,0.6282568159587618,nan,0.00487170629723778,nan
1892,-0.3112403333677839,nan,0.6284407041000574,nan,0.004865074109981669,nan
1893,-0.29831578355759736,nan,0.6285284457910532,nan,0.004464600248924254,nan
1894,-0.2810068928156312,nan,0.6286454764267482,nan,0.004731559004519476,nan
1895,-0.34859341899031593,nan,0.6287592072008374,nan,0.0046335714776353605,nan
1896,-0.37128460605666236,nan,0.6290619050011959,nan,0.004639313975066889,nan
1897,-0.24777136755944612,nan,0.6291024926220491,nan,0.004826212433761137,nan
1898,-0.30000007315331484,nan,0.6291606889847596,nan,0.004971271774047374,nan
1899,-0.44899512280015214,nan,0.6294168234840516,nan,0.005495029662653643,nan
1900,-0.2752263808826659,nan,0.6294288668491906,nan,0.005511229978939471,nan
1901,-0.3075888876233541,nan,0.6294841247446152,nan,0.00490031926019639,nan
1902,-0.3465725917586378,nan,0.6295579266306331,nan,0.00515343232842909,nan
1903,-0.4201243876178422,nan,0.629725066433701,nan,0.00552434421573955,nan
1904,-0.3192879899947881,nan,0.6298226374337093,nan,0.004403315289516815,nan
1905,-0.41249438348082984,nan,0.630078746366387,nan,0.00463658282905844,nan
1906,-0.5068894790125956,nan,0.6303928548925675,nan,0.0056671376587728774,nan
1907,-0.34181759193097866,nan,0.630589655659184,nan,0.004930522040862657,nan
1908,-0.3797547985379792,nan,0.630709505848508,nan,0.005157331802313844,nan
1909,-0.43158956982594104,nan,0.6310102223837118,nan,0.005463824997552141,nan
1910,-0.2715954214677104,nan,0.6310866883877199,nan,0.004685436718511047,nan
1911,-0.36051767906857646,nan,0.6312618804209109,nan,0.004820899550961177,nan
1912,-0.33154450046483364,nan,0.6314592205389999,nan,0.004705268806135135,nan
1913,-0.413241476698635,nan,0.6316957226189838,nan,0.004761416186314285,nan
1914,-0.47689622431980305,nan,0.6320292660617013,nan,0.005417839369952958,nan
1915,-0.38363315057422964,nan,0.6321391306062318,nan,0.004658643050145898,nan
1916,-0.5000156186016984,nan,0.6324591660649755,nan,0.005193480612225237,nan
1917,-0.3440833927055063,nan,0.6325819873624617,nan,0.0047881903609250055,nan
1918,-0.33659978911661004,nan,0.6327071970618746,nan,0.005030579752713913,nan
1919,-0.31935996989226717,nan,0.632780483895601,nan,0.004658347835841209,nan
1920,-0.2984921144558278,nan,0.6328261122196546,nan,0.0049143400482353,nan
1921,-0.37910955074806457,nan,0.6329154175013313,nan,0.005219296217848501,nan
1922,-0.3211427325785761,nan,0.6329793499458641,nan,0.005519011542810671,nan
1923,-0.35743044619903014,nan,0.6331472597005073,nan,0.005091737139053474,nan
1924,-0.34713948881500006,nan,0.633188035326618,nan,0.004243669579663824,nan
1925,-0.42152122693806326,nan,0.6334426906151954,nan,0.005327869591541257,nan
1926,-0.28474332967993654,nan,0.6335475686945546,nan,0.004382007842742412,nan
1927,-0.30554840012145584,nan,0.6336474714887669,nan,0.004792476729216437,nan
1928,-0.2845751622560414,nan,0.6336867243764194,nan,0.004692226141025584,nan
1929,-0.3367722631500153,nan,0.6337565969325002,nan,0.004732289782606353,nan
1930,-0.2783486604007008,nan,0.6338187595545435,nan,0.0047529880545225485,nan
1931,-0.3537842158013782,nan,0.6339737780891099,nan,0.005151619110779359,nan
1932,-0.3450043200181204,nan,0.6341860725404578,nan,0.004728420686608747,nan
1933,-0.369140367003512,nan,0.634323621681659,nan,0.005091385642896392,nan
1934,-0.3509667518460432,nan,0.634426442431248,nan,0.004726012099387109,nan
1935,-0.28926115009062836,nan,0.634490528718614,nan,0.005032893147330614,nan
1936,-0.32790593947133795,nan,0.634567616761794,nan,0.0049295014861678085,nan
1937,-0.27426012625931023,nan,0.6347012724672634,nan,0.004552868717654712,nan
1938,-0.3788348246157125,nan,0.6349122921408913,nan,0.005297582793060849,nan
1939,-0.46476442005158725,nan,0.6351534461945261,nan,0.005270584207864187,nan
1940,-0.2956477443934272,nan,0.6353060509732652,nan,0.004942045181095267,nan
1941,-0.393327239448828,nan,0.6354397796328662,nan,0.005213011901389061,nan
1942,-0.32642478623761645,nan,0.6355154324383716,nan,0.005121270589509324,nan
1943,-0.4049413582580414,nan,0.635630479504019,nan,0.004976513913321535,nan
1944,-0.3049716468123098,nan,0.6357254456736793,nan,0.004809445871568789,nan
1945,-0.3167503236546067,nan,0.6358129256519018,nan,0.005238721477187669,nan
1946,-0.3781478405444719,nan,0.6360346533451672,nan,0.005898484115497078,nan
1947,-0.31962293287018984,nan,0.6361345217447459,nan,0.004818641386583603,nan
1948,-0.3442747662556096,nan,0.6362422714452695,nan,0.004674796343601451,nan
1949,-0.28240499186599843,nan,0.636349300504668,nan,0.00450345072567087,nan
1950,-0.391148130168809,nan,0.6364739571740514,nan,0.005907980011897168,nan
1951,-0.4216529032453982,nan,0.6366203907340432,nan,0.005425118465701231,nan
1952,-0.32459007640005816,nan,0.6367520060149148,nan,0.005232025282543828,nan
1953,-0.3818498399613725,nan,0.6369427732542117,nan,0.005309355609361922,nan
1954,-0.3726723712815322,nan,0.6371313495017936,nan,0.005181064318126181,nan
1955,-0.3196302533055259,nan,0.6372782245214677,nan,0.004476703720841448,nan
1956,-0.23966797217288383,nan,0.6373679710536877,nan,0.004854292008296477,nan
1957,-0.36065908129060426,nan,0.6376101266004766,nan,0.0051141473306401675,nan
1958,-0.35055062469746906,nan,0.6376841230712347,nan,0.005416914563966187,nan
1959,-0.3511965351656012,nan,0.6377821402917498,nan,0.0046296565353780555,nan
1960,-0.3506296776914048,nan,0.6379288743898792,nan,0.004787091290365404,nan
1961,-0.32561032164296955,nan,0.6380429934260228,nan,0.0048523405653545315,nan
1962,-0.3551324599480755,nan,0.6380821949706562,nan,0.005671986502826017,nan
1963,-0.3385339603133923,nan,0.6381897736063096,nan,0.005125451236311803,nan
1964,-0.2904368336758967,nan,0.6382526793540434,nan,0.004909384319473374,nan
1965,-0.3617061203244953,nan,0.6383909969842663,nan,0.004862808672494152,nan
1966,-0.3838989728038224,nan,0.6384879158802956,nan,0.004833034948792595,nan
1967,-0.38567313440879736,nan,0.6386387832594816,nan,0.00564470853492269,nan
1968,-0.3455742779035099,nan,0.6388053085125683,nan,0.004848131798077453,nan
1969,-0.44986389642334734,nan,0.6389345802291259,nan,0.005554532943337083,nan
1970,-0.40266130323901733,nan,0.6392068977456327,nan,0.0047457877773437246,nan
1971,-0.3136307536117101,nan,0.6393028544675466,nan,0.004953006963852492,nan
1972,-0.3675154696684892,nan,0.6395246470295173,nan,0.005086292133344615,nan
1973,-0.4001659271131235,nan,0.6396963461121543,nan,0.004765227009171573,nan
1974,-0.35175062847871597,nan,0.6397296977526447,nan,0.0055288022703279364,nan
1975,-0.3364007577946719,nan,0.6397640818948581,nan,0.005152128583011452,nan
1976,-0.42209130344641244,nan,0.6399547298670681,nan,0.005006040328280039,nan
1977,-0.43367133457180845,nan,0.6402317375707558,nan,0.005314471198007905,nan
1978,-0.30939515998986167,nan,0.6403169604958235,nan,0.004909829690952917,nan
1979,-0.36785345490048105,nan,0.640457376828204,nan,0.0048860694818666705,nan
1980,-0.4023772770403908,nan,0.640678875994774,nan,0.004860210081618842,nan
1981,-0.3384366570092557,nan,0.6408063065390731,nan,0.00479859733505269,nan
1982,-0.3566841089218777,nan,0.6409193421048552,nan,0.004970323077408414,nan
1983,-0.3763516883443167,nan,0.6409977250813359,nan,0.005451462998984933,nan
1984,-0.3368334188185546,nan,0.6410638836675836,nan,0.005268027601945516,nan
1985,-0.5473393649162509,nan,0.6415352183145102,nan,0.005944119254289046,nan
1986,-0.3270735752389525,nan,0.6417247029370342,nan,0.0045272940817247575,nan
1987,-0.28696652938565226,nan,0.6418497798200778,nan,0.004560247165410558,nan
1988,-0.3367918783015009,nan,0.6419793023340299,nan,0.005137336361155461,nan
1989,-0.3862556552752865,nan,0.6420865501004505,nan,0.005093579936688297,nan
1990,-0.282124000387729,nan,0.6422394773979732,nan,0.004219159104626942,nan
1991,-0.3011459909712637,nan,0.6423066309292892,nan,0.004689930787819963,nan
1992,-0.4638374746006698,nan,0.6424201919641406,nan,0.005377613153082718,nan
1993,-0.3551028950429722,nan,0.6425975836210734,nan,0.005237134780452398,nan
1994,-0.3549025401054514,nan,0.6426584767139292,nan,0.004859949937499083,nan
1995,-0.3631246626288554,nan,0.6427124247416875,nan,0.004925696377296677,nan
1996,-0.43210728578078406,nan,0.6428964364701443,nan,0.005619150874171539,nan
1997,-0.2863764229800705,nan,0.6429559469453165,nan,0.004399760345971488,nan
1998,-0.28691616448030705,nan,0.6430160384789504,nan,0.004849744039244578,nan
1999,-0.3309899145963299,nan,0.6431571345910125,nan,0.005264520465996344,nan
2000,-0.30854075545304216,nan,0.643204396233357,nan,0.005166346489047921,nan
2001,-0.31250550061646926,nan,0.6432720766070108,nan,0.0049687434598434405,nan
2002,-0.3082803414130852,nan,0.643366603123144,nan,0.005039473912339805,nan
2003,-0.3096969833430996,nan,0.643413708078663,nan,0.004681591188057077,nan
2004,-0.3760598319133514,nan,0.6436039690004323,nan,0.0049382486435996945,nan
2005,-0.34759277595242327,nan,0.643733496141628,nan,0.004736339490034748,nan
2006,-0.33616158027547566,nan,0.6439090713321596,nan,0.005002231208844295,nan
2007,-0.4376752872272852,nan,0.6441281401403726,nan,0.005339982756183336,nan
2008,-0.43371717939695814,nan,0.6443111979740577,nan,0.00531202173898252,nan
2009,-0.3468727749570767,nan,0.644494345898181,nan,0.00478466528452273,nan
2010,-0.4366709338442023,nan,0.6447344989630859,nan,0.006039476110375887,nan
2011,-0.3862619793835953,nan,0.6449101208777277,nan,0.004889690728617193,nan
2012,-0.319058827723106,nan,0.6450337491010357,nan,0.00475370991507619,nan
2013,-0.49102986870187454,nan,0.6454284925468613,nan,0.005524113885628509,nan
2014,-0.31648045316777657,nan,0.6454936367185732,nan,0.005503341840755462,nan
2015,-0.31652893341447363,nan,0.6455529263673592,nan,0.004749963585899469,nan
2016,-0.3028040479251418,nan,0.6456926579298712,nan,0.004849902759476373,nan
2017,-0.38319607465840466,nan,0.6458675633405799,nan,0.004868289227246622,nan
2018,-0.3844520184000854,nan,0.6460830425229712,nan,0.005570836009282496,nan
2019,-0.3410179562377009,nan,0.6462218087522836,nan,0.005060208320463727,nan
2020,-0.32149173807708464,nan,0.6462365766311404,nan,0.0051513676284503755,nan
2021,-0.3219318472739945,nan,0.6463722430931543,nan,0.004645861120495807,nan
2022,-0.32571619891722126,nan,0.6465076407808221,nan,0.00491533689402631,nan
2023,-0.3447719936351035,nan,0.6466002666941311,nan,0.005535883906522406,nan
2024,-0.3183505303895436,nan,0.6466801551673258,nan,0.0051031518102156595,nan
2025,-0.3312167850012603,nan,0.6467797873698574,nan,0.004935737840609165,nan
2026,-0.3294547121995779,nan,0.6468878299322833,nan,0.005119823388692943,nan
2027,-0.40259682256389123,nan,0.6471187825168001,nan,0.005399145672223916,nan
2028,-0.5771492674267834,nan,0.6476560932814127,nan,0.005961665607253392,nan
2029,-0.40441656034306983,nan,0.6479166590640246,nan,0.004593098576764144,nan
2030,-0.3478294199010838,nan,0.6480043279047755,nan,0.0055503053689720415,nan
2031,-0.25994053385183497,nan,0.6480448842430296,nan,0.004955610810666385,nan
2032,-0.4623952289547211,nan,0.6483357157349808,nan,0.005399315132996114,nan
2033,-0.3137069956392206,nan,0.648463190123565,nan,0.004952953232699202,nan
2034,-0.36874611121922735,nan,0.6485464965258242,nan,0.005129712519024378,nan
2035,-0.3360265955572572,nan,0.6486786168911349,nan,0.005306160012151225,nan
2036,-0.37242573217205516,nan,0.6488210141323084,nan,0.005619209067214678,nan
2037,-0.32128447460951054,nan,0.648954358321165,nan,0.0046727549362708485,nan
2038,-0.3536057857280453,nan,0.6491312225774336,nan,0.004805750840867853,nan
2039,-0.29035477209088434,nan,0.6492052884803875,nan,0.005172990544702226,nan
2040,-0.3678557206232502,nan,0.6493013903353954,nan,0.004902512746833626,nan
2041,-0.3739267304619023,nan,0.6495056058762775,nan,0.005155536401268362,nan
2042,-0.2972957217478094,nan,0.6495385687661115,nan,0.005108749570985092,nan
2043,-0.31057083646885725,nan,0.6496213102125598,nan,0.005542465402573136,nan
2044,-0.26811170826017805,nan,0.6497010717016244,nan,0.004314261934673697,nan
2045,-0.33459618613546654,nan,0.6498245919545792,nan,0.004661313371198292,nan
2046,-0.3144863417817895,nan,0.6499406683978115,nan,0.004333275448803136,nan
2047,-0.48908872608823156,nan,0.6504002323230296,nan,0.005673178981707735,nan
2048,-0.2871075617916809,nan,0.6504679284751964,nan,0.0048559892985909035,nan
2049,-0.4103245673016077,nan,0.650610284325114,nan,0.005403800506577249,nan
2050,-0.3998712752401113,nan,0.6507694241389067,nan,0.0055868382096157495,nan
2051,-0.41373282714697346,nan,0.6508648420498679,nan,0.005414912896664567,nan
2052,-0.3441238800212462,nan,0.6509827293723316,nan,0.00490167716539453,nan
2053,-0.45710770194307293,nan,0.6512990372765208,nan,0.0055428873243308216,nan
2054,-0.30977782672350124,nan,0.651425793299043,nan,0.00482090337737254,nan
2055,-0.3500968823148692,nan,0.6515338995719989,nan,0.004926970626088986,nan
2056,-0.310058456664144,nan,0.6515953545868249,nan,0.004840699310677785,nan
2057,-0.3240352500033771,nan,0.6516364254831635,nan,0.004589587623498657,nan
2058,-0.3222233861485164,nan,0.6517015529874894,nan,0.005029522832131282,nan
2059,-0.420716658586467,nan,0.652019147330446,nan,0.005002901048332023,nan
2060,-0.3261204745190514,nan,0.652108392891659,nan,0.0059486311533638765,nan
2061,-0.3531669905450763,nan,0.6522982470389256,nan,0.004938027128020136,nan
2062,-0.3449401274570455,nan,0.6524206026443137,nan,0.0051746414365272195,nan
2063,-0.31684982442047055,nan,0.6524551377217972,nan,0.004513049820817203,nan
2064,-0.28769279186668817,nan,0.6524810261781332,nan,0.004810101765906537,nan
2065,-0.3410961390762077,nan,0.6526371798226474,nan,0.005117998631990698,nan
2066,-0.37586170808496405,nan,0.6527276179786521,nan,0.005324295570708676,nan
2067,-0.3712993567894579,nan,0.6527801508914293,nan,0.005352817426694799,nan
2068,-0.30961544595712504,nan,0.6528586203142188,nan,0.004792045266543405,nan
2069,-0.2943230336970773,nan,0.6529506901160195,nan,0.0045694656866207455,nan
2070,-0.3293835058539169,nan,0.6530622360362934,nan,0.004898881989238912,nan
2071,-0.2844263549306888,nan,0.653176595480121,nan,0.004209623233325679,nan
2072,-0.2926893149605569,nan,0.6532963096265447,nan,0.0055726265143656506,nan
2073,-0.3197015589370864,nan,0.653333595273006,nan,0.0044196459267530465,nan
2074,-0.34764730273190936,nan,0.6534962641639512,nan,0.005015671460861251,nan
2075,-0.32431997958395137,nan,0.653500588559754,nan,0.005197754708399582,nan
2076,-0.3677244227539035,nan,0.6535566242762159,nan,0.004522946215957378,nan
2077,-0.318633259362199,nan,0.6536611350222584,nan,0.004860027457045853,nan
2078,-0.3434560715208511,nan,0.6537519697676374,nan,0.005002983840801038,nan
2079,-0.3449793127056797,nan,0.6538670135895622,nan,0.005105480022013127,nan
2080,-0.37049298861305485,nan,0.6541162802641731,nan,0.0055796794636417445,nan
2081,-0.39930620346824014,nan,0.6543405741884785,nan,0.005013102562709793,nan
2082,-0.37636893053442827,nan,0.6544577591568226,nan,0.0047844119189569805,nan
2083,-0.2943131383208909,nan,0.6546001668039433,nan,0.004354675952252643,nan
2084,-0.3475511283213783,nan,0.6547686372087042,nan,0.004428722855118243,nan
2085,-0.3922873726783747,nan,0.6549211838968636,nan,0.005022127181384076,nan
2086,-0.31848179829107515,nan,0.6550070903567263,nan,0.004980082876977184,nan
2087,-0.4122825567402208,nan,0.6553633995476047,nan,0.004536591484247598,nan
2088,-0.28227479175393716,nan,0.6554358670178261,nan,0.004774301516859148,nan
2089,-0.2333381304592071,nan,0.655469963639091,nan,0.004658405357595538,nan
2090,-0.3273462624153168,nan,0.655544515505347,nan,0.005060121484633047,nan
2091,-0.46083289164525093,nan,0.6557766460861105,nan,0.0052197924637529544,nan
2092,-0.3048624656570101,nan,0.6558684042789881,nan,0.004562156289541204,nan
2093,-0.36655650913466475,nan,0.6559750650043633,nan,0.0047597169861748135,nan
2094,-0.30188174227550757,nan,0.6559925673624386,nan,0.005175593432786431,nan
2095,-0.34998752629527474,nan,0.65611279514087,nan,0.005136604555357904,nan
2096,-0.35011804568854243,nan,0.6562233046612561,nan,0.0051391930612602115,nan
2097,-0.29409192952910573,nan,0.6562360976913484,nan,0.004990870304763071,nan
2098,-0.3435691048731815,nan,0.6562849688155298,nan,0.005060982748288342,nan
2099,-0.4182567700896503,nan,0.6564511322268952,nan,0.005167881839157292,nan
2100,-0.381124716574142,nan,0.6566375387322148,nan,0.005217026189190917,nan
2101,-0.3198314505407488,nan,0.6567403859938674,nan,0.004268336385738555,nan
2102,-0.29076969412710946,nan,0.656786708752923,nan,0.003956967310175606,nan
2103,-0.2955385118888344,nan,0.6568904695302952,nan,0.004686401190491811,nan
2104,-0.3759514904399372,nan,0.6569883635792528,nan,0.005442539735106338,nan
2105,-0.3463732545994455,nan,0.6570836030991543,nan,0.005292586513571904,nan
2106,-0.3221190034517172,nan,0.6571992341036906,nan,0.005169246620584576,nan
2107,-0.3624174512440198,nan,0.6573455237522039,nan,0.00546167805132994,nan
2108,-0.4269775233668423,nan,0.6576333961374998,nan,0.004942646656282343,nan
2109,-0.3099188025459329,nan,0.6577527296090531,nan,0.00491910719398576,nan
2110,-0.32175916574318253,nan,0.6578472085408891,nan,0.0048048083789631706,nan
2111,-0.30595140252157615,nan,0.6579300870415341,nan,0.004683649799446497,nan
2112,-0.423873377321891,nan,0.6580814547954732,nan,0.00569749158679934,nan
2113,-0.4124340249525785,nan,0.6581530013768317,nan,0.005597948851674885,nan
2114,-0.44510679235438816,nan,0.6584179760531966,nan,0.005008845359271697,nan
2115,-0.45975043964991774,nan,0.6588041024698749,nan,0.005199950069614432,nan
2116,-0.3449732719090586,nan,0.6588888506478768,nan,0.004833991107069702,nan
2117,-0.3584050689703919,nan,0.6589467086573011,nan,0.004982831748954426,nan
2118,-0.3452345436708775,nan,0.6590797288977618,nan,0.004884280861371282,nan
2119,-0.3857293477824795,nan,0.6591727312396526,nan,0.0061232533239938295,nan
2120,-0.38029081171378204,nan,0.6592527558210624,nan,0.004936715461920493,nan
2121,-0.3796001662767954,nan,0.6594116525301917,nan,0.004754211714418738,nan
2122,-0.3183628100164131,nan,0.6594891136771833,nan,0.005118754868393729,nan
2123,-0.27221666425362,nan,0.659548544803506,nan,0.005050809462062111,nan
2124,-0.3251540418626906,nan,0.6597217503542079,nan,0.004965140380404239,nan
2125,-0.29080667049987485,nan,0.6597855876161265,nan,0.0046270005520879535,nan
2126,-0.4779389838668743,nan,0.6601256038461429,nan,0.005077450851451724,nan
2127,-0.37010454089166,nan,0.6602265247422071,nan,0.005086680026849272,nan
2128,-0.440159868491939,nan,0.6604196654351722,nan,0.005512895207235731,nan
2129,-0.4475675567547192,nan,0.6607289175372194,nan,0.005505116790824569,nan
2130,-0.3928401743280713,nan,0.6608361584894634,nan,0.005399230940074548,nan
2131,-0.35715782520234224,nan,0.6609364307844584,nan,0.005294658955883908,nan
2132,-0.2716749624102546,nan,0.6610002536060018,nan,0.004828158010492051,nan
2133,-0.37209314470661375,nan,0.6612338379735814,nan,0.004877718012114197,nan
2134,-0.3531185875025566,nan,0.661303872233454,nan,0.004828732329208033,nan
2135,-0.25839275133161005,nan,0.6614090256948997,nan,0.005156281083628926,nan
2136,-0.351510859905807,nan,0.6615910636212124,nan,0.005357200156340765,nan
2137,-0.4026239438890308,nan,0.6617382634521676,nan,0.0055687802391903175,nan
2138,-0.35858856849982335,nan,0.6618283693511803,nan,0.005649270073422786,nan
2139,-0.30324920519754495,nan,0.6619327130702229,nan,0.004512008098114487,nan
2140,-0.389759566781146,nan,0.6621705994972522,nan,0.005443132188446685,nan
2141,-0.39269697936769604,nan,0.6623495983762692,nan,0.005497349756166675,nan
2142,-0.4147049828335251,nan,0.6624718192256355,nan,0.005726141296862375,nan
2143,-0.34205195112554715,nan,0.6626175449736478,nan,0.004936043747878489,nan
2144,-0.36465820401228805,nan,0.662745384193713,nan,0.005320344672378554,nan
2145,-0.3194282710345959,nan,0.6627885068287628,nan,0.005273632459520943,nan
2146,-0.3307128410926881,nan,0.6629463207359991,nan,0.0044963143874835855,nan
2147,-0.289838977568729,nan,0.6629902506921603,nan,0.0045697768266162305,nan
2148,-0.2878266455770058,nan,0.6630394262750701,nan,0.0045975475883654705,nan
2149,-0.27705690493854107,nan,0.6630747746497262,nan,0.0048696030454602685,nan
2150,-0.3310452174340981,nan,0.663241706039661,nan,0.004599343122094575,nan
2151,-0.4187965892850898,nan,0.6634436983693683,nan,0.005803975815942929,nan
2152,-0.3808429740513451,nan,0.6636307124277179,nan,0.005136787189072879,nan
2153,-0.3431268570534474,nan,0.6637904243462328,nan,0.005217651714255163,nan
2154,-0.31274936366461087,nan,0.6638619409301615,nan,0.005082224426539374,nan
2155,-0.34680629573872274,nan,0.6639425025045121,nan,0.004958655079534029,nan
2156,-0.3852093140784476,nan,0.6641485876131191,nan,0.005374405446860087,nan
2157,-0.3463337256223159,nan,0.6642253963023653,nan,0.005015117534270837,nan
2158,-0.29647272181448436,nan,0.6642722273872096,nan,0.005727624016569815,nan
2159,-0.26209834055619713,nan,0.6643787691176479,nan,0.005026999881557768,nan
2160,-0.37275926656629405,nan,0.6644277015511608,nan,0.005060235540783962,nan
2161,-0.28955860539275846,nan,0.6645506160338099,nan,0.004595313255320359,nan
2162,-0.27200279413332795,nan,0.6646047086132865,nan,0.00497358611938189,nan
2163,-0.27899450339716253,nan,0.6646697641076467,nan,0.0044534845428518145,nan
2164,-0.3495132304664236,nan,0.6647264392165615,nan,0.005177507052460223,nan
2165,-0.3665530724275,nan,0.6648826527412351,nan,0.005520151043620624,nan
2166,-0.324360754931142,nan,0.6649475242365263,nan,0.00491956694638493,nan
2167,-0.3390809632999903,nan,0.6650445419249515,nan,0.004982186471642753,nan
2168,-0.35928016603392116,nan,0.6651017398286988,nan,0.005377875008387638,nan
2169,-0.2796618167091375,nan,0.6651425691758888,nan,0.004844094661691045,nan
2170,-0.40054995910195507,nan,0.6652361908259609,nan,0.005592436770687523,nan
2171,-0.3147475948468805,nan,0.6653748371797134,nan,0.004659045507377691,nan
2172,-0.32018587071888543,nan,0.6654592828736083,nan,0.004630640988646552,nan
2173,-0.26726562345773347,nan,0.6654777628308483,nan,0.004876720735795514,nan
2174,-0.3360075525614892,nan,0.6655220297290773,nan,0.005111952314068086,nan
2175,-0.40592857202836524,nan,0.6657610697783258,nan,0.005059398572382544,nan
2176,-0.3681137580252816,nan,0.6659088615060371,nan,0.005585906360012335,nan
2177,-0.3180577662498838,nan,0.6659818856375025,nan,0.005054521807589765,nan
2178,-0.357653853838332,nan,0.6661391704027559,nan,0.004948105787447167,nan
2179,-0.3582365131123325,nan,0.6662400873508326,nan,0.005598840246152245,nan
2180,-0.4712304456888904,nan,0.666521904979691,nan,0.005342140147369417,nan
2181,-0.3035409485893469,nan,0.6665537178429053,nan,0.004849885700738035,nan
2182,-0.24912824969911154,nan,0.6665987314399714,nan,0.0053736036391838,nan
2183,-0.29001095748110073,nan,0.666661358494831,nan,0.0050770813827966275,nan
2184,-0.3552850374492125,nan,0.6667821653399679,nan,0.004706426661422477,nan
2185,-0.36799717882145,nan,0.6668532021865503,nan,0.005310014152400858,nan
2186,-0.276107003875421,nan,0.6668985209894246,nan,0.005054243003162718,nan
2187,-0.3362611940397009,nan,0.6670483485465619,nan,0.005062743223303033,nan
2188,-0.37271538764679485,nan,0.6671307052936221,nan,0.005781430727750475,nan
2189,-0.2563791575770459,nan,0.6672135451403275,nan,0.004537425895634576,nan
2190,-0.2303285958390394,nan,0.6672707377243853,nan,0.004937937822466514,nan
2191,-0.38468902132417526,nan,0.6674324790145741,nan,0.005785643930696361,nan
2192,-0.2739964222547446,nan,0.6674733886981021,nan,0.004871331414237196,nan
2193,-0.29457915164315673,nan,0.6675392137678695,nan,0.005053048791600335,nan
2194,-0.3378107161002636,nan,0.667614838990209,nan,0.005326160849483887,nan
2195,-0.37228499365148543,nan,0.6676898932960736,nan,0.005278736274759551,nan
2196,-0.366487136263064,nan,0.6678651749718785,nan,0.005443099552051949,nan
2197,-0.33684332665056466,nan,0.66793612349549,nan,0.00507785376706759,nan
2198,-0.32798859633102845,nan,0.668003278208706,nan,0.005444523874040742,nan
2199,-0.3838357963975097,nan,0.6682108729632779,nan,0.004722674815228163,nan
2200,-0.3513262352891642,nan,0.6682941739524295,nan,0.0050920619947463445,nan
2201,-0.35864898119488525,nan,0.6684381803147444,nan,0.005283684059659732,nan
2202,-0.3550660609852258,nan,0.6685405432140413,nan,0.005385121964309933,nan
2203,-0.3717030179983704,nan,0.6687773131412368,nan,0.00508197066628201,nan
2204,-0.292937890424518,nan,0.6688590607725967,nan,0.004713766494880834,nan
2205,-0.28780739103275066,nan,0.6689081995887355,nan,0.005272036447098988,nan
2206,-0.2665147483781834,nan,0.6689773632201713,nan,0.004764069349951925,nan
2207,-0.413635046097983,nan,0.6691537116165273,nan,0.00559915536341445,nan
2208,-0.47443328232194537,nan,0.6693626203236358,nan,0.0057717113425697795,nan
2209,-0.3045270582582887,nan,0.6694560216082904,nan,0.005162134766564924,nan
2210,-0.27110031532446127,nan,0.6695321166006829,nan,0.004798837938373722,nan
2211,-0.3839461119368242,nan,0.6697807633125654,nan,0.00526368289176839,nan
2212,-0.4051149980856415,nan,0.6698564466921304,nan,0.005673522579429622,nan
2213,-0.2475722138971556,nan,0.6699107051129618,nan,0.0049914045255817245,nan
2214,-0.3679092978837311,nan,0.6700333042066207,nan,0.005037580719833957,nan
2215,-0.32999636183178555,nan,0.6700955036744766,nan,0.005475127369728444,nan
2216,-0.3535493851402489,nan,0.6701925204947531,nan,0.00493232880813752,nan
2217,-0.2737329454639393,nan,0.6702316525151256,nan,0.00508456411512764,nan
2218,-0.2799231812144772,nan,0.6702841943303062,nan,0.004906131429305002,nan
2219,-0.2601561597781236,nan,0.6703434791457804,nan,0.005212119948808008,nan
2220,-0.44082903559284714,nan,0.6705424217262814,nan,0.005637609499274511,nan
2221,-0.29824093213112096,nan,0.6705522521353562,nan,0.005123386560069461,nan
2222,-0.2988555676832002,nan,0.6705873820387926,nan,0.004874476279536625,nan
2223,-0.3614724378023957,nan,0.6707375095364285,nan,0.0047608695613344815,nan
2224,-0.3277002285859478,nan,0.6707518605499987,nan,0.0052644350783111514,nan
2225,-0.3627443832869874,nan,0.6708937852508663,nan,0.005683288201740253,nan
2226,-0.31170229103173436,nan,0.6710119387803977,nan,0.005102151275808042,nan
2227,-0.3833470759889474,nan,0.6710903376797077,nan,0.005154990811520618,nan
2228,-0.3579776881581192,nan,0.6711904984407638,nan,0.005385896674235176,nan
2229,-0.4257385848219579,nan,0.67145540998953,nan,0.005705390752331962,nan
2230,-0.39717113054795883,nan,0.671671180262216,nan,0.0059969120809824205,nan
2231,-0.3284879515658422,nan,0.6717584157089735,nan,0.004483016580501994,nan
2232,-0.3994133760311048,nan,0.6719634873667089,nan,0.00480789010339628,nan
2233,-0.33287746941256946,nan,0.6720909820441618,nan,0.00517608251954327,nan
2234,-0.287678093002346,nan,0.6722429453342739,nan,0.005307852133122819,nan
2235,-0.2854877971366106,nan,0.6723771664981703,nan,0.0044465726610517795,nan
2236,-0.30712113728773677,nan,0.6724425637008512,nan,0.004449758048620635,nan
2237,-0.4039862696920957,nan,0.6725760141021415,nan,0.0053863032006603515,nan
2238,-0.3537885182334458,nan,0.6727306138773741,nan,0.004737899554324946,nan
2239,-0.31075344519775305,nan,0.6728292623498956,nan,0.005038709328159607,nan
2240,-0.29473594635665756,nan,0.6728728165905896,nan,0.004650193164939972,nan
2241,-0.39400996924019477,nan,0.6731326375474319,nan,0.004636109887049255,nan
2242,-0.29152542303445694,nan,0.6731961745324623,nan,0.004479085530809815,nan
2243,-0.37608809244362895,nan,0.673291956608262,nan,0.005324238523520318,nan
2244,-0.3975999801473981,nan,0.673427875328129,nan,0.005180557417039699,nan
2245,-0.3628773349540966,nan,0.6736149861019822,nan,0.0051635236865642704,nan
2246,-0.3957748771528236,nan,0.6737962162494586,nan,0.005991916438145884,nan
2247,-0.36891896823143794,nan,0.6739553204719865,nan,0.005051400270677758,nan
2248,-0.3272977018290452,nan,0.6740076666465415,nan,0.005075287683620622,nan
2249,-0.2791706477747777,nan,0.6740406438816235,nan,0.004163851567511687,nan
2250,-0.4597944297420988,nan,0.6742580908125613,nan,0.00574688895906584,nan
2251,-0.3156984162144527,nan,0.6742832891910818,nan,0.005156860138374885,nan
2252,-0.2711209217735603,nan,0.6743200631431107,nan,0.0044870811421047095,nan
2253,-0.29800940453078123,nan,0.674361239823019,nan,0.005251363934854917,nan
2254,-0.3319643285490527,nan,0.6744385268917792,nan,0.005304391829802027,nan
2255,-0.4408188271634442,nan,0.6747965867491674,nan,0.004922988099933471,nan
2256,-0.24977494359972535,nan,0.6748631751751502,nan,0.0046141688794688876,nan
2257,-0.3822506075023676,nan,0.6749024569853053,nan,0.005530671548900989,nan
2258,-0.40503215174938023,nan,0.6750202538006266,nan,0.005974855092088881,nan
2259,-0.30766522557462317,nan,0.67505700525542,nan,0.004709833060319151,nan
2260,-0.27411103929318736,nan,0.6750926779922103,nan,0.005076200127290143,nan
2261,-0.41210422829868754,nan,0.6752378998633795,nan,0.005736921454697702,nan
2262,-0.39000534859420405,nan,0.6754912461745388,nan,0.00540311318878682,nan
2263,-0.3860803837087022,nan,0.6756013423101734,nan,0.005679064858325975,nan
2264,-0.2997896132753115,nan,0.6756707569462732,nan,0.005185868571385118,nan
2265,-0.4057651228701462,nan,0.6757327132687136,nan,0.005763268587828404,nan
2266,-0.29228972879135334,nan,0.6757879235489898,nan,0.0045694848012313855,nan
2267,-0.3659750755075434,nan,0.6759334715067246,nan,0.00545246971335942,nan
2268,-0.36814963634856485,nan,0.6760071757107826,nan,0.005481894999395757,nan
2269,-0.32355240141004027,nan,0.6760823964518563,nan,0.005286789580019496,nan
2270,-0.2784160870491316,nan,0.6761552785419914,nan,0.004759977709168421,nan
2271,-0.5167552052980062,nan,0.6766440787360208,nan,0.005905901704968237,nan
2272,-0.3689125162040001,nan,0.6768128408121692,nan,0.005179014133519398,nan
2273,-0.3420400675949121,nan,0.6768440530587293,nan,0.005100853351369531,nan
2274,-0.4271254881501828,nan,0.6771693898396856,nan,0.005243142031538328,nan
2275,-0.2819741978676031,nan,0.6772018073384518,nan,0.005400383902290229,nan
2276,-0.35791807461936587,nan,0.6772768310201737,nan,0.004912072091790145,nan
2277,-0.44127550479608285,nan,0.6777428552913399,nan,0.004929395316376573,nan
2278,-0.4529716151498994,nan,0.6780186837265793,nan,0.0049191527305876455,nan
2279,-0.3051404326189907,nan,0.6781111197034737,nan,0.004666707101428763,nan
2280,-0.44310526604514944,nan,0.67830579601489,nan,0.005724375514208803,nan
2281,-0.3742874319329421,nan,0.6784516582782413,nan,0.0047103867364808,nan
2282,-0.3621301640315737,nan,0.678694799100786,nan,0.005055641791125799,nan
2283,-0.3203161205149892,nan,0.6787369560118486,nan,0.00513132058380225,nan
2284,-0.3026794384639883,nan,0.6788232296045388,nan,0.005263781520750728,nan
2285,-0.3448496679191494,nan,0.6789199261605235,nan,0.00488388392962713,nan
2286,-0.37472694606163964,nan,0.679082891831049,nan,0.005347066325677942,nan
2287,-0.34283855986092315,nan,0.679110887840857,nan,0.005147787337600835,nan
2288,-0.3469245282788095,nan,0.679190376103896,nan,0.004896926847126736,nan
2289,-0.37359448376658977,nan,0.6793424662646942,nan,0.0049404128433822615,nan
2290,-0.31065033341618775,nan,0.6794024560052062,nan,0.005408797252779482,nan
2291,-0.34538390734067353,nan,0.6794642826861198,nan,0.005437410632283782,nan
2292,-0.3949706365946763,nan,0.6795962499108166,nan,0.005426898858159403,nan
2293,-0.3895424187849684,nan,0.6798020750134514,nan,0.005283808885302251,nan
2294,-0.3876785449416204,nan,0.6799321740683887,nan,0.00488167393598247,nan
2295,-0.35309964579321457,nan,0.6800936447334027,nan,0.005405164668164584,nan
2296,-0.3984329765223043,nan,0.6801692673420711,nan,0.0056031967999760224,nan
2297,-0.3952059507092269,nan,0.6802985219483585,nan,0.005143537980564207,nan
2298,-0.41693022072379693,nan,0.6805224671921946,nan,0.0048905242224393675,nan
2299,-0.4120651814148299,nan,0.6807765612781551,nan,0.005980196516634172,nan
2300,-0.2865958552575653,nan,0.6808732911791531,nan,0.004503505484581754,nan
2301,-0.3151880118239791,nan,0.6809805792426084,nan,0.005231908398738851,nan
2302,-0.35906680861494245,nan,0.6811106923587491,nan,0.005435634488866858,nan
2303,-0.48392312742890986,nan,0.6813213235883052,nan,0.005680267058417792,nan
2304,-0.2574288526125733,nan,0.6813913811488268,nan,0.004381072546395617,nan
2305,-0.4275075315142458,nan,0.6815990493544013,nan,0.00623093191377895,nan
2306,-0.28136759273506906,nan,0.681679483513191,nan,0.004469361656986191,nan
2307,-0.36578466730624437,nan,0.6818387332680182,nan,0.005354076532806009,nan
2308,-0.3067099904008219,nan,0.6819042823669973,nan,0.005345661695111326,nan
2309,-0.35369446274069793,nan,0.6819694465656945,nan,0.004617311131688983,nan
2310,-0.3564093170020676,nan,0.6821444697829907,nan,0.005094500677033897,nan
2311,-0.3214219239521368,nan,0.6822307132717236,nan,0.005409007320971797,nan
2312,-0.36633369270231997,nan,0.6823332885918912,nan,0.005437903436207407,nan
2313,-0.3188247052043845,nan,0.6823753065038489,nan,0.005007450921868664,nan
2314,-0.3457491538909126,nan,0.6824820547088393,nan,0.005306361914957093,nan
2315,-0.3273381816626396,nan,0.6825546666503819,nan,0.00478027251066208,nan
2316,-0.3653547377994205,nan,0.682640454311632,nan,0.005786905062771692,nan
2317,-0.3196028316792607,nan,0.6826848691901197,nan,0.005424384296570744,nan
2318,-0.4245438262065233,nan,0.682770839870499,nan,0.0056866852027910525,nan
2319,-0.30169618754444605,nan,0.6828344297543986,nan,0.005072540523313026,nan
2320,-0.4233686553498878,nan,0.6829402843025214,nan,0.00646454688038113,nan
2321,-0.36066663428579177,nan,0.6830940757244313,nan,0.004928739809830271,nan
2322,-0.3594003019063208,nan,0.6833381655511717,nan,0.004870208961075394,nan
2323,-0.34125429391493695,nan,0.6833746617920584,nan,0.006149748792038944,nan
2324,-0.367686032453322,nan,0.6834017928507231,nan,0.0064384504131710305,nan
2325,-0.31883193706694746,nan,0.6835392174404087,nan,0.004857166226883418,nan
2326,-0.2946632239125661,nan,0.6835864865743149,nan,0.004701309713802146,nan
2327,-0.3337236751947503,nan,0.6837112069309728,nan,0.004694676040578683,nan
2328,-0.39201499516621674,nan,0.683805191534258,nan,0.004808421053412707,nan
2329,-0.35868648216285004,nan,0.6839673655632938,nan,0.0050447306974777915,nan
2330,-0.282375029777316,nan,0.6840220471933246,nan,0.005222504844564697,nan
2331,-0.37273714114923867,nan,0.6841596110468915,nan,0.004949315894353858,nan
2332,-0.3483557743165485,nan,0.6842748969002993,nan,0.004841430964543244,nan
2333,-0.31407546461927055,nan,0.6843015118382103,nan,0.005732834542888841,nan
2334,-0.3151652247155781,nan,0.6843756343041362,nan,0.0054365605910024345,nan
2335,-0.3436644794372438,nan,0.6844462044473029,nan,0.005131749188813862,nan
2336,-0.4063214987102845,nan,0.6845893922866279,nan,0.0054811492115402795,nan
2337,-0.33573035899090486,nan,0.6847127140170952,nan,0.005205641170382714,nan
2338,-0.3454510559913459,nan,0.6848528650831672,nan,0.004830723451485961,nan
2339,-0.2858684587662435,nan,0.6849709665551877,nan,0.0046249393761017095,nan
2340,-0.42226468758232183,nan,0.6851681251702845,nan,0.005765369823640517,nan
2341,-0.4471460331570414,nan,0.6854037105671528,nan,0.005119471378447796,nan
2342,-0.35546652212137597,nan,0.6854312156278899,nan,0.005282076766322543,nan
2343,-0.31459025524246814,nan,0.6854921718227245,nan,0.005210500265505182,nan
2344,-0.28875678400086907,nan,0.6855510710774069,nan,0.004939683716328204,nan
2345,-0.3464946146292624,nan,0.6856639232583779,nan,0.004470644893855962,nan
2346,-0.37847761951501174,nan,0.6857896836228986,nan,0.005389644179859416,nan
2347,-0.3299426142879004,nan,0.6858820777057245,nan,0.004882070774111035,nan
2348,-0.37497262583278224,nan,0.6859968074436601,nan,0.004950339923469302,nan
2349,-0.30638944994333006,nan,0.686062048964499,nan,0.0051709106654828155,nan
2350,-0.38993691083158183,nan,0.6862224065656702,nan,0.004640297155418199,nan
2351,-0.45245624536743695,nan,0.686440275970397,nan,0.005894238762310445,nan
2352,-0.36077582275842046,nan,0.6864696861565865,nan,0.004980513858416614,nan
2353,-0.359615732576515,nan,0.6865775376177451,nan,0.004896205184598188,nan
2354,-0.3360787836578192,nan,0.6866310649329708,nan,0.005108926329287294,nan
2355,-0.37544659690311005,nan,0.6866795304875756,nan,0.005043458027460007,nan
2356,-0.36236099674499883,nan,0.6867815570407311,nan,0.0052240623538383196,nan
2357,-0.3947046756143172,nan,0.6869955934231661,nan,0.00449755139634612,nan
2358,-0.25620410099623875,nan,0.6870163856468715,nan,0.005098361910955809,nan
2359,-0.37267912610718235,nan,0.6872212368918618,nan,0.005203939448409887,nan
2360,-0.2977534284415103,nan,0.6873021508376275,nan,0.004468667647652486,nan
2361,-0.3598569602215308,nan,0.6874800069442408,nan,0.005736412027923807,nan
2362,-0.40175492382110545,nan,0.6876747809606173,nan,0.00538980880515608,nan
2363,-0.35160764591163607,nan,0.6878033998316376,nan,0.005164209325129032,nan
2364,-0.3423633798274591,nan,0.6879264012187587,nan,0.004919675824323373,nan
2365,-0.39268414927524253,nan,0.6880722721751057,nan,0.005651111792186516,nan
2366,-0.3662487607370237,nan,0.6882394757085732,nan,0.0050228313093975815,nan
2367,-0.288124855875497,nan,0.6882625838420149,nan,0.0051359345116118345,nan
2368,-0.39625283982984133,nan,0.6884528306610278,nan,0.005307573133496556,nan
2369,-0.3086907574588416,nan,0.6885131934236366,nan,0.0053480289769339065,nan
2370,-0.385047095147902,nan,0.6884926830216398,nan,0.005089330454953602,nan
2371,-0.4292073104773744,nan,0.6886780853819274,nan,0.004652601098710291,nan
2372,-0.33927773828729846,nan,0.6887483399467843,nan,0.005090040170457607,nan
2373,-0.30623322640292305,nan,0.6888046693299499,nan,0.004929208462019158,nan
2374,-0.41121183246805915,nan,0.6889188303519181,nan,0.005989472137154655,nan
2375,-0.3147901050639221,nan,0.6890070507335478,nan,0.005529015618316877,nan
2376,-0.31486099256424555,nan,0.6891287839008954,nan,0.004958300548295313,nan
2377,-0.3273023143789095,nan,0.6892440456370156,nan,0.005118820395033773,nan
2378,-0.29484681222778725,nan,0.6893052115028081,nan,0.0047175392192978114,nan
2379,-0.29573436532609815,nan,0.6893683426663157,nan,0.004817543177234121,nan
2380,-0.3857499214491867,nan,0.6895205333832432,nan,0.00505160876364223,nan
2381,-0.3790138010644737,nan,0.6896469829818601,nan,0.004816367709826753,nan
2382,-0.4278194137413482,nan,0.6898445895111678,nan,0.004992914861435243,nan
2383,-0.5118728275316559,nan,0.6901109234036117,nan,0.005548883895952351,nan
2384,-0.4706390981500576,nan,0.690434492369863,nan,0.005561096824996163,nan
2385,-0.549573400745525,nan,0.6909117075382912,nan,0.006066990390355768,nan
2386,-0.35721875752200877,nan,0.6910369012279303,nan,0.005225430968644771,nan
2387,-0.34116564540056343,nan,0.691213083690856,nan,0.0048600201528838085,nan
2388,-0.329395948680291,nan,0.6913806007866169,nan,0.005329612378177135,nan
2389,-0.30539171418729244,nan,0.6914915953344051,nan,0.00473669389843966,nan
2390,-0.36361202691277694,nan,0.6915665394068151,nan,0.00529121923223961,nan
2391,-0.3860548477961608,nan,0.6917112602633758,nan,0.005242099250986586,nan
2392,-0.4623487081204187,nan,0.6919612553248319,nan,0.005331346701827696,nan
2393,-0.2893094269973602,nan,0.6919908694927606,nan,0.004749017610612647,nan
2394,-0.29987423208792013,nan,0.6920052182870419,nan,0.005111248306428435,nan
2395,-0.2749339818799241,nan,0.6920971604585544,nan,0.005292603947226165,nan
2396,-0.34356433045647167,nan,0.6921953286181091,nan,0.004807111195730308,nan
2397,-0.32799526253953276,nan,0.6922354850951404,nan,0.005069918539886144,nan
2398,-0.3996162888133434,nan,0.6923293946749774,nan,0.005537661642132491,nan
2399,-0.3551514758112616,nan,0.6924321164745356,nan,0.005232396551261641,nan
2400,-0.34832320903118297,nan,0.6924480179018755,nan,0.005256175314269967,nan
2401,-0.4314385323005563,nan,0.6926389415997681,nan,0.005696921093235075,nan
2402,-0.44590380846381383,nan,0.6928373894645973,nan,0.0056332534117215696,nan
2403,-0.40104444688641444,nan,0.6929054518878057,nan,0.005550839176979794,nan
2404,-0.33546797377469023,nan,0.6930549062770099,nan,0.004771415388159981,nan
2405,-0.2567240885065435,nan,0.6931508301880636,nan,0.004873813545061269,nan
2406,-0.3474525998952065,nan,0.6933219671993583,nan,0.005171211281736577,nan
2407,-0.3941706183360842,nan,0.6934842065864032,nan,0.005248183659667098,nan
2408,-0.2858026296132508,nan,0.6935171572734218,nan,0.005498381231419907,nan
2409,-0.32661757933806823,nan,0.693591243978688,nan,0.005104100028168774,nan
2410,-0.3388998203317359,nan,0.6937757616234991,nan,0.004861201537213015,nan
2411,-0.32675087403893166,nan,0.6939144538939189,nan,0.004751984698866146,nan
2412,-0.45330410552964906,nan,0.6942408959481,nan,0.005541001565460403,nan
2413,-0.37403786636945613,nan,0.6943024169617467,nan,0.00555869164099365,nan
2414,-0.31904609240604054,nan,0.6944145153356115,nan,0.005948971829194807,nan
2415,-0.270549961799209,nan,0.6944808554684357,nan,0.004446019606708121,nan
2416,-0.31107669249637254,nan,0.6946420200763165,nan,0.005255180138207301,nan
2417,-0.35312058758855747,nan,0.694744163998544,nan,0.005228909613811871,nan
2418,-0.2872902018571663,nan,0.6948241845985963,nan,0.004987769724211054,nan
2419,-0.3499969139797503,nan,0.6948893709131359,nan,0.005397608069740516,nan
2420,-0.36761231808324146,nan,0.6950273482954673,nan,0.004935120346945949,nan
2421,-0.29771292176258857,nan,0.6951098208100004,nan,0.00494921213426135,nan
2422,-0.5870764525634311,nan,0.6954197566693668,nan,0.006195458670048507,nan
2423,-0.47066412055508067,nan,0.695548098276399,nan,0.005855276742311469,nan
2424,-0.3375948194426303,nan,0.6956127219006494,nan,0.00534425716489165,nan
2425,-0.3240426441287463,nan,0.6957281359677083,nan,0.005429044231998825,nan
2426,-0.3532816030085147,nan,0.6958197683401649,nan,0.004824796938963599,nan
2427,-0.32684440846174656,nan,0.6960001468714253,nan,0.005822699287739576,nan
2428,-0.3027981846937407,nan,0.6960154929823259,nan,0.005659437342907485,nan
2429,-0.315917019570636,nan,0.6961002654756263,nan,0.004762281871987634,nan
2430,-0.3230459344045115,nan,0.6961479689737167,nan,0.004870075285368528,nan
2431,-0.279712454343409,nan,0.6961671872218567,nan,0.004793712306918506,nan
2432,-0.4299153037940515,nan,0.6963967645224365,nan,0.004988755652937503,nan
2433,-0.39325482401570583,nan,0.6965616524615639,nan,0.005349104681233786,nan
2434,-0.36802751141567197,nan,0.6966380750771615,nan,0.005181697329559216,nan
2435,-0.40718086496601585,nan,0.6968374599904061,nan,0.005929057179251341,nan
2436,-0.3517766922187377,nan,0.6968874255217966,nan,0.005198342184249732,nan
2437,-0.3108311841557439,nan,0.6969109709647182,nan,0.0052418910575806376,nan
2438,-0.36280084116444977,nan,0.697080974704965,nan,0.005468962137936542,nan
2439,-0.3306505929902645,nan,0.6971656028704414,nan,0.004894019709613811,nan
2440,-0.3084548644209115,nan,0.6972025890796718,nan,0.004978957595225256,nan
2441,-0.29180146584937416,nan,0.697303269152502,nan,0.005354972743898063,nan
2442,-0.31274599340598686,nan,0.6973484265604788,nan,0.006035473773451125,nan
2443,-0.3436586844203377,nan,0.6975012883554548,nan,0.004876495368024293,nan
2444,-0.3377574147349385,nan,0.6975931638266798,nan,0.0053373820981470034,nan
2445,-0.5425361697848193,nan,0.6981474726842865,nan,0.006053168068449758,nan
2446,-0.3239903155172641,nan,0.6982283918870511,nan,0.004919484698607275,nan
2447,-0.378419055295544,nan,0.6983052815550802,nan,0.004752499148716728,nan
2448,-0.38671165105779337,nan,0.6984678671642569,nan,0.005406387219272166,nan
2449,-0.39035669603377227,nan,0.6986660554229471,nan,0.005309046718231369,nan
2450,-0.3940554672948665,nan,0.6989158477790308,nan,0.005207120862027647,nan
2451,-0.3400484741682345,nan,0.6990045538975791,nan,0.005169851145593899,nan
2452,-0.3280326436866103,nan,0.6990724804922896,nan,0.004958254986588956,nan
2453,-0.3671433509642841,nan,0.6992119951728893,nan,0.004669940409878921,nan
2454,-0.3847724186099985,nan,0.6994334267731772,nan,0.005008977614915478,nan
2455,-0.2635829676165977,nan,0.6994506599179916,nan,0.005114846813029006,nan
2456,-0.28162757486324325,nan,0.6994906818537105,nan,0.00459390537508554,nan
2457,-0.36056765437773086,nan,0.6996814137502473,nan,0.00490672415730919,nan
2458,-0.37504827870370516,nan,0.6998765298441393,nan,0.005176085576472827,nan
2459,-0.3227382757942345,nan,0.7000033260844427,nan,0.005703618195699584,nan
2460,-0.3237663451676965,nan,0.7000085002728726,nan,0.005475354741670417,nan
2461,-0.3596939903411928,nan,0.7000816024107149,nan,0.005012288737379047,nan
2462,-0.47773062205345507,nan,0.700387245455649,nan,0.005048599425001689,nan
2463,-0.44769391700705286,nan,0.7006465703391613,nan,0.006387107776232818,nan
2464,-0.3695698326314581,nan,0.7007757867103952,nan,0.0055812249007069804,nan
2465,-0.33690676601599145,nan,0.7008141992260868,nan,0.005185414813711004,nan
2466,-0.4703645802725747,nan,0.7011035083618613,nan,0.0060745056751124625,nan
2467,-0.48606114928489613,nan,0.7013615573288354,nan,0.0050797787045331055,nan
2468,-0.26287008645644305,nan,0.7013765233432936,nan,0.004827438887302823,nan
2469,-0.3158677384047221,nan,0.7014513626626895,nan,0.00554099922858594,nan
2470,-0.41913664200398676,nan,0.7016341527267086,nan,0.005633961147860876,nan
2471,-0.29351895613084655,nan,0.7016649309789516,nan,0.005255775789737669,nan
2472,-0.3337944228547164,nan,0.7017458837642799,nan,0.00525010510557231,nan
2473,-0.3378515945659965,nan,0.7017834456741673,nan,0.005035041525713154,nan
2474,-0.38874280543294143,nan,0.7019740654558001,nan,0.005815969912659782,nan
2475,-0.362015138084829,nan,0.7020669140982297,nan,0.004878761367668124,nan
2476,-0.34975819790335955,nan,0.7021599392839607,nan,0.005168854694132512,nan
2477,-0.33025326625243145,nan,0.7021934948061092,nan,0.0047744705241404214,nan
2478,-0.3350434331106025,nan,0.7023122175064827,nan,0.005269241803508019,nan
2479,-0.3241314598229119,nan,0.7023729084330091,nan,0.004935732979683418,nan
2480,-0.30797009941466735,nan,0.7024180562070744,nan,0.005195224848890222,nan
2481,-0.37128928195691907,nan,0.7025279573261715,nan,0.00517818543086938,nan
2482,-0.3171994172069219,nan,0.7026000602333478,nan,0.005657213419829043,nan
2483,-0.2804432049322123,nan,0.7026499316509967,nan,0.005058447326592431,nan
2484,-0.2548388278871853,nan,0.7026711454194512,nan,0.004993142342793556,nan
2485,-0.45526566442822386,nan,0.7028284001155869,nan,0.005242535123012661,nan
2486,-0.4202931198690816,nan,0.7030474562226133,nan,0.005514919844585131,nan
2487,-0.3280249197993205,nan,0.7030952186030828,nan,0.005032661127330902,nan
2488,-0.30231611479411613,nan,0.7031252352311578,nan,0.004584503553062753,nan
2489,-0.38183051778992,nan,0.7032615491269615,nan,0.004797012215986876,nan
2490,-0.34906230867890836,nan,0.7033374415552864,nan,0.0046280424573605025,nan
2491,-0.41794406703565085,nan,0.7035350424844485,nan,0.006689726217724885,nan
2492,-0.30552730303907744,nan,0.7036090009880676,nan,0.004802146976261208,nan
2493,-0.2981612901462833,nan,0.7036483974612675,nan,0.0045144535121743245,nan
2494,-0.38801208849107255,nan,0.703784340339194,nan,0.005251805890031303,nan
2495,-0.3257224448242911,nan,0.7039098679242813,nan,0.0045049879230208015,nan
2496,-0.33747858948455167,nan,0.703947272040571,nan,0.004535458838676714,nan
2497,-0.36566890885914044,nan,0.7039918815854123,nan,0.00579299549106738,nan
2498,-0.30742596460900284,nan,0.704104898396676,nan,0.004940927903003311,nan
2499,-0.3260765516647499,nan,0.7041667698891849,nan,0.004805379392225585,nan
2500,-0.2943240141167349,nan,0.7042269108117725,nan,0.004941131082315335,nan
2501,-0.32220740273898796,nan,0.7043383183482854,nan,0.004795979474866126,nan
2502,-0.35083582157129556,nan,0.7043721764535296,nan,0.0051365410395828185,nan
2503,-0.3511777571734197,nan,0.7045156512356326,nan,0.0051514640578963055,nan
2504,-0.3557639136388765,nan,0.7045909570210163,nan,0.005739819625850798,nan
2505,-0.28585151945610415,nan,0.7047002374626152,nan,0.0052634878373193465,nan
2506,-0.3560032953666328,nan,0.7047740104284143,nan,0.005588930764000599,nan
2507,-0.4595573481485923,nan,0.7048698641828232,nan,0.005875119484091267,nan
2508,-0.4109761035567498,nan,0.7050170285752616,nan,0.005724241432628892,nan
2509,-0.29666371885448256,nan,0.7050657240606962,nan,0.005556620375872689,nan
2510,-0.26117768775671885,nan,0.7050998260173579,nan,0.004743515872691071,nan
2511,-0.3523430492549675,nan,0.7051094831156153,nan,0.00541653968950039,nan
2512,-0.3499972129043708,nan,0.7052236291713792,nan,0.005061692106917628,nan
2513,-0.3636907422625059,nan,0.7053828256853167,nan,0.004961841341744439,nan
2514,-0.29951605460801545,nan,0.7055132649432619,nan,0.005287384220046296,nan
2515,-0.41538561926630474,nan,0.7055792624464423,nan,0.005728063924093555,nan
2516,-0.39876768544500313,nan,0.7056405704723812,nan,0.005430756737864356,nan
2517,-0.4388304257389332,nan,0.7057750365364435,nan,0.005582726640299448,nan
2518,-0.37575801595103575,nan,0.7058202912349538,nan,0.00542690151691255,nan
2519,-0.299716429453388,nan,0.705909311400325,nan,0.004851770682228934,nan
2520,-0.429939715084643,nan,0.7061773748238889,nan,0.005735904608932682,nan
2521,-0.37263642093497945,nan,0.7062415730870937,nan,0.005636517119391228,nan
2522,-0.37370078447889776,nan,0.7063165090782927,nan,0.00561901284821774,nan
2523,-0.3081310986640977,nan,0.7063659590591197,nan,0.004971621342071959,nan
2524,-0.2993609584498481,nan,0.7064318564127605,nan,0.0049907572986962094,nan
2525,-0.28200692344108974,nan,0.706503654122018,nan,0.005775936860762082,nan
2526,-0.30977458580198053,nan,0.7065782920909817,nan,0.005632500097208883,nan
2527,-0.3406804349755345,nan,0.7066468221441461,nan,0.004849865073338465,nan
2528,-0.3542328787440812,nan,0.7067293627011877,nan,0.005068287717997173,nan
2529,-0.3662866386027066,nan,0.7068597129554769,nan,0.005376477399316238,nan
2530,-0.36081075834343634,nan,0.7069224225024248,nan,0.0053587277828272524,nan
2531,-0.26252350410912956,nan,0.7069397014024609,nan,0.004278723860207984,nan
2532,-0.3212190463399219,nan,0.707087914376113,nan,0.005188950114201884,nan
2533,-0.33548092303617666,nan,0.707117555389923,nan,0.005362446878071444,nan
2534,-0.3245807854693007,nan,0.7071770600406206,nan,0.0050488814270326305,nan
2535,-0.3165729026100752,nan,0.7072280743778488,nan,0.004696779484972866,nan
2536,-0.37564796919634974,nan,0.7073027829383627,nan,0.0054693382138062355,nan
2537,-0.2520683472091989,nan,0.7073502951660375,nan,0.004991594178012679,nan
2538,-0.3021718626664892,nan,0.707406601123168,nan,0.004881717156023884,nan
2539,-0.32797679691564313,nan,0.7074604464941089,nan,0.005309646006338328,nan
2540,-0.41541054907935926,nan,0.7076300406244534,nan,0.0055132373435633165,nan
2541,-0.25169053569867156,nan,0.7076750964194813,nan,0.004941193435590449,nan
2542,-0.3651364098660632,nan,0.7077603134605244,nan,0.005363510232539904,nan
2543,-0.3706559914472595,nan,0.7078119006799489,nan,0.004631251388784312,nan
2544,-0.31030759954305187,nan,0.7079031727559709,nan,0.004567539500594741,nan
2545,-0.28802951918789105,nan,0.7080107156202367,nan,0.00503547059421776,nan
2546,-0.2558584832901044,nan,0.7080197698201485,nan,0.005102029840582034,nan
2547,-0.3790121863426989,nan,0.7081666144143124,nan,0.0052901232093697575,nan
2548,-0.2843281392981384,nan,0.7081860579350031,nan,0.00483678876527846,nan
2549,-0.5110730489647309,nan,0.7085575769792425,nan,0.006244273793114367,nan
2550,-0.3471900699135655,nan,0.7086571135383305,nan,0.005038880725759034,nan
2551,-0.4279125411494084,nan,0.7088142460625564,nan,0.005955527109869446,nan
2552,-0.28720155001115244,nan,0.7088491712363778,nan,0.004841016304646694,nan
2553,-0.32913161317786427,nan,0.7088956754318166,nan,0.0047667060944838885,nan
2554,-0.3457027160272159,nan,0.7090157035206048,nan,0.005428990057406971,nan
2555,-0.36524234328360233,nan,0.7091464867101263,nan,0.00539221661393984,nan
2556,-0.33495928191107965,nan,0.7092404203724713,nan,0.004793205922285595,nan
2557,-0.34126350849444975,nan,0.7093444633909728,nan,0.005216914731142588,nan
2558,-0.33648207915082445,nan,0.7093920758364104,nan,0.0050980515601610306,nan
2559,-0.2929131069499721,nan,0.7094033427709684,nan,0.005210198175580956,nan
2560,-0.31079013196255983,nan,0.7094552625555067,nan,0.005348139100672167,nan
2561,-0.27850782223032067,nan,0.7095034377105114,nan,0.005094518858482179,nan
2562,-0.29818376797486473,nan,0.7095272749801597,nan,0.004995746770589456,nan
2563,-0.36291943852960595,nan,0.7096075716047818,nan,0.005571768562701952,nan
2564,-0.40230300591101603,nan,0.7098065943519892,nan,0.005336939480132663,nan
2565,-0.34188405170573993,nan,0.7098541472401022,nan,0.005485818259506599,nan
2566,-0.43629569093553744,nan,0.7100885443139979,nan,0.004829840767394331,nan
2567,-0.3597829928884019,nan,0.7101921504877584,nan,0.005355831979959518,nan
2568,-0.3904038214845898,nan,0.7102163321337566,nan,0.00534985081360307,nan
2569,-0.4251922156856674,nan,0.7103997184199491,nan,0.005249238944208757,nan
2570,-0.2748621899329663,nan,0.7103933875094569,nan,0.005181776377524057,nan
2571,-0.39404823809161854,nan,0.7105655939143819,nan,0.005132411784358861,nan
2572,-0.32202137169794004,nan,0.7106522948252137,nan,0.004953064230719752,nan
2573,-0.3827632843354048,nan,0.7106967412930799,nan,0.005715299993160213,nan
2574,-0.3388147898413352,nan,0.7108126313377071,nan,0.004775751712324141,nan
2575,-0.398052289446367,nan,0.7109565663078994,nan,0.004988184857358137,nan
2576,-0.3265026716521885,nan,0.7110144414925216,nan,0.005611174539811213,nan
2577,-0.3882073744562353,nan,0.7111741781289425,nan,0.005432904134435064,nan
2578,-0.3916621369230471,nan,0.7113199546789877,nan,0.005529478069488251,nan
2579,-0.2786648139308881,nan,0.7113553369530448,nan,0.004741863291626951,nan
2580,-0.3531799139886581,nan,0.7114508886295355,nan,0.004821339208770526,nan
2581,-0.37883101105225214,nan,0.7115712097406776,nan,0.005266386611763908,nan
2582,-0.36967900904384254,nan,0.7116723763978042,nan,0.005467797320742731,nan
2583,-0.3975718447954189,nan,0.7117912600466525,nan,0.005619829073358187,nan
2584,-0.3115809105762316,nan,0.7118261435569551,nan,0.004418304457386891,nan
2585,-0.35481918191973477,nan,0.7119545084845994,nan,0.005469329165626885,nan
2586,-0.29629860016321,nan,0.7120216351806351,nan,0.0052406716137693606,nan
2587,-0.4392727462670465,nan,0.7122394394585573,nan,0.005228149307413581,nan
2588,-0.34753883507595057,nan,0.7123302477687913,nan,0.005354872645567154,nan
2589,-0.46208191032551715,nan,0.7125580192114217,nan,0.006097169323018525,nan
2590,-0.4334578750787698,nan,0.7128308285330701,nan,0.005120832879113664,nan
2591,-0.32138646256386016,nan,0.7129026835137298,nan,0.005021585774683508,nan
2592,-0.3018253738601342,nan,0.7129628131684209,nan,0.004477011773584252,nan
2593,-0.3220789097698075,nan,0.7130095886793647,nan,0.00571279839942043,nan
2594,-0.2980010343057048,nan,0.7131081822398159,nan,0.004936237610016735,nan
2595,-0.27279610899104456,nan,0.7131746582431068,nan,0.004463663272458207,nan
2596,-0.34826562684909873,nan,0.7132416619558865,nan,0.005240719421357853,nan
2597,-0.3392568692008108,nan,0.7133301258462529,nan,0.005082579645562418,nan
2598,-0.3720922112273051,nan,0.7134205412224728,nan,0.005705212236332492,nan
2599,-0.33050810018873644,nan,0.7134226293226074,nan,0.004853548053388345,nan
2600,-0.3665867421593514,nan,0.7134905236623565,nan,0.0050905083386417055,nan
2601,-0.32768647269742673,nan,0.7135549353340652,nan,0.005165401566583502,nan
2602,-0.32127960681675455,nan,0.7136121434357813,nan,0.0049342468193823265,nan
2603,-0.36166000536404946,nan,0.7137529629696601,nan,0.004990268717245656,nan
2604,-0.3074520317054592,nan,0.7137967637445116,nan,0.005361363850420778,nan
2605,-0.3727569869454969,nan,0.7138419582569779,nan,0.005018260636758134,nan
2606,-0.3984447582966868,nan,0.7139408317197402,nan,0.005030879987889248,nan
2607,-0.33573345407844446,nan,0.7139489543537361,nan,0.005249927275610753,nan
2608,-0.29678859219925824,nan,0.7139780457142728,nan,0.00483282283443423,nan
2609,-0.38094239986271444,nan,0.714097295865564,nan,0.005553367308910213,nan
2610,-0.33575069688595965,nan,0.7141524107712092,nan,0.005653836957340926,nan
2611,-0.36648438653814286,nan,0.7142915101916544,nan,0.005039332570324958,nan
2612,-0.30615946437501795,nan,0.7143977898197712,nan,0.004795973498585177,nan
2613,-0.3796871091864602,nan,0.7145063079319476,nan,0.005047442445220702,nan
2614,-0.393529076775121,nan,0.714597832518109,nan,0.006077941372600694,nan
2615,-0.2752410695113242,nan,0.7146648689175106,nan,0.004844558144982629,nan
2616,-0.27607739544717325,nan,0.7146844259936694,nan,0.005152633906098083,nan
2617,-0.31242441231688817,nan,0.7147589847589753,nan,0.004770327303261889,nan
2618,-0.38003740012044135,nan,0.7148859789016496,nan,0.005409915505109098,nan
2619,-0.3457278174878801,nan,0.7149345291686855,nan,0.004534443771856067,nan
2620,-0.40635069890660463,nan,0.7152203567400338,nan,0.005602664066937363,nan
2621,-0.4893600859722117,nan,0.7155808749424593,nan,0.005542294958191613,nan
2622,-0.3592744421713795,nan,0.7157521245350918,nan,0.005627665157463096,nan
2623,-0.37707622430733817,nan,0.7159313455767199,nan,0.0049138833220513075,nan
2624,-0.32252214267594487,nan,0.7159363072096646,nan,0.005493097990968296,nan
2625,-0.37920048397469136,nan,0.7160801746387129,nan,0.005126348835922407,nan
2626,-0.34928171923660134,nan,0.7161926686719663,nan,0.004561432553357942,nan
2627,-0.44333317783006104,nan,0.7163779255139614,nan,0.005313342601318966,nan
2628,-0.3495729158086527,nan,0.7165035303947151,nan,0.005018211648250473,nan
2629,-0.448302850820504,nan,0.716686848496936,nan,0.006523126278316032,nan
2630,-0.4672551867273953,nan,0.7169153235255473,nan,0.006724076760009101,nan
2631,-0.5004446609404346,nan,0.7173025447733201,nan,0.005709329661442994,nan
2632,-0.2816130310766795,nan,0.7173310940907897,nan,0.005253268323591635,nan
2633,-0.33685322638063514,nan,0.7173403016051477,nan,0.0055110169093376795,nan
2634,-0.2887668577027466,nan,0.7173529359843707,nan,0.004917716075578878,nan
2635,-0.4404945936125247,nan,0.7175686443380703,nan,0.00558060630403185,nan
2636,-0.32583561731203275,nan,0.7176067608138939,nan,0.004735704109125139,nan
2637,-0.33063637431141707,nan,0.7176640262980345,nan,0.004552332451948669,nan
2638,-0.35355249166520836,nan,0.7177605876548003,nan,0.005428735208358794,nan
2639,-0.36932002172283024,nan,0.7178763342935962,nan,0.004957518599847009,nan
2640,-0.366898907861559,nan,0.7179659502243199,nan,0.005289669396692666,nan
2641,-0.4480167145880025,nan,0.7180478512176466,nan,0.0053619520709148666,nan
2642,-0.3448065503678718,nan,0.7181726982956188,nan,0.004914415339529292,nan
2643,-0.3327105145795525,nan,0.7182908279131187,nan,0.005018275419515035,nan
2644,-0.366066243380483,nan,0.7184133159253944,nan,0.005177126000838276,nan
2645,-0.44693026161003285,nan,0.7186503813493709,nan,0.00522189704085298,nan
2646,-0.29766228083684904,nan,0.7187179911937466,nan,0.004479273680624962,nan
2647,-0.35475782861005706,nan,0.7188300916879443,nan,0.0051265213094704686,nan
2648,-0.2826768795590494,nan,0.7188383419856971,nan,0.004858215486496134,nan
2649,-0.32814710336783903,nan,0.7188706500192379,nan,0.004951579617963489,nan
2650,-0.3080575729596861,nan,0.7188950997273906,nan,0.004737601151631,nan
2651,-0.33330494048103193,nan,0.7190126603540616,nan,0.00536279824504571,nan
2652,-0.3421908209697353,nan,0.7191337514079729,nan,0.005209005567273111,nan
2653,-0.44815004387613466,nan,0.7192855713434853,nan,0.005744000423396141,nan
2654,-0.2532484326410606,nan,0.7193282019417531,nan,0.004811216259778385,nan
2655,-0.35420652379546314,nan,0.7194583186105973,nan,0.0047899806596882815,nan
2656,-0.3856629508277229,nan,0.7195524272432552,nan,0.004345849870825331,nan
2657,-0.21851767702098884,nan,0.7195712114238926,nan,0.004240942355653783,nan
2658,-0.3273666507457907,nan,0.7196629329618046,nan,0.004706030120083001,nan
2659,-0.34108135241353443,nan,0.7197043958751624,nan,0.005325337321390116,nan
2660,-0.3169953659950673,nan,0.7198026102572948,nan,0.004536360449041288,nan
2661,-0.31169524401197657,nan,0.7198022704713685,nan,0.0054993458759374485,nan
2662,-0.33815283782910105,nan,0.7198976518046499,nan,0.00519811672424184,nan
2663,-0.33991039599914025,nan,0.7199327234981118,nan,0.004939504009422028,nan
2664,-0.37112807337769593,nan,0.7200333281285758,nan,0.005161070511721097,nan
2665,-0.3939292656222888,nan,0.7202107363272032,nan,0.005251924141878428,nan
2666,-0.44271848065512337,nan,0.7203509102602885,nan,0.005701915225589783,nan
2667,-0.32026745025786235,nan,0.7203603155625363,nan,0.005207199619156617,nan
2668,-0.39381174085417875,nan,0.7204298403196577,nan,0.005417282696723578,nan
2669,-0.32649558657712396,nan,0.7205977235599318,nan,0.00467967120920006,nan
2670,-0.2666791851431778,nan,0.7206382591845846,nan,0.004874117822604108,nan
2671,-0.4759777464442513,nan,0.720895698985858,nan,0.005926523539180342,nan
2672,-0.34878011784087753,nan,0.7210324559971419,nan,0.005060534681654025,nan
2673,-0.4184787043631959,nan,0.7211686190196468,nan,0.005032338061677576,nan
2674,-0.30011684237490194,nan,0.721276197249786,nan,0.004764672227326609,nan
2675,-0.3416322176990564,nan,0.7213601927540687,nan,0.005251820218786856,nan
2676,-0.3729150112869843,nan,0.7214134241942523,nan,0.005132508304602019,nan
2677,-0.3184802178834621,nan,0.7215181280844006,nan,0.005436486888036315,nan
2678,-0.3148963241241032,nan,0.7215448524992119,nan,0.00551381251833541,nan
2679,-0.2821697521351508,nan,0.7215588028327186,nan,0.004944749016257953,nan
2680,-0.3501948961496147,nan,0.7216811905238205,nan,0.005223925772534053,nan
2681,-0.3899800545307736,nan,0.7218023650100885,nan,0.00487689767958302,nan
2682,-0.3341791973224996,nan,0.7219118218964217,nan,0.005483109663535231,nan
2683,-0.4138828341630001,nan,0.7221178811144809,nan,0.005497480786689334,nan
2684,-0.3797616824911114,nan,0.7223346358600758,nan,0.005175796899989798,nan
2685,-0.425882308952126,nan,0.722374267222125,nan,0.005079454185297491,nan
2686,-0.2576708228082418,nan,0.7223684306822982,nan,0.005128342314694599,nan
2687,-0.4009909178433256,nan,0.7225840627084497,nan,0.005030550670453027,nan
2688,-0.3446637019255763,nan,0.7226725274454423,nan,0.005304637744668519,nan
2689,-0.3238022356224138,nan,0.7227719081299364,nan,0.005010585419872095,nan
2690,-0.33339312683152583,nan,0.7227978326328905,nan,0.005370365180183457,nan
2691,-0.3561076018883531,nan,0.7228690696983324,nan,0.005074574239889274,nan
2692,-0.32389673518376344,nan,0.7229443857815795,nan,0.005236881418862573,nan
2693,-0.28277936688237315,nan,0.7229882821847432,nan,0.005524211283747342,nan
2694,-0.3878545069224137,nan,0.7230625712711615,nan,0.004998551367329842,nan
2695,-0.3834955116881739,nan,0.7232179116226919,nan,0.0057554250147558664,nan
2696,-0.45429582489266146,nan,0.7234403025526298,nan,0.005820200582787307,nan
2697,-0.35750734155298186,nan,0.7235168831443162,nan,0.005306040851102071,nan
2698,-0.33811460279335925,nan,0.7236162295877,nan,0.005275381410540703,nan
2699,-0.23405067660775564,nan,0.723645213933225,nan,0.005371695233001233,nan
2700,-0.3005608940327469,nan,0.7237379807802631,nan,0.005505014193007878,nan
2701,-0.31941962838351806,nan,0.72377836271066,nan,0.005387716804123414,nan
2702,-0.2785253861885794,nan,0.7238062418666324,nan,0.005218870902724793,nan
2703,-0.2971606334630414,nan,0.7238691039504791,nan,0.00520444787914049,nan
2704,-0.42292549905715593,nan,0.7240352566205377,nan,0.004810001622266687,nan
2705,-0.2768278720007008,nan,0.7240607441867225,nan,0.004723468826021255,nan
2706,-0.4815191471994043,nan,0.7242418459337462,nan,0.0052554561767230844,nan
2707,-0.38599157200084433,nan,0.7243531333674493,nan,0.0056266489147261305,nan
2708,-0.3300007840030178,nan,0.724456208012877,nan,0.00515153017338695,nan
2709,-0.4049712231635584,nan,0.7245414907162954,nan,0.005178433012558593,nan
2710,-0.3145870277192116,nan,0.7245913933200436,nan,0.005284620729523745,nan
2711,-0.2707450739750119,nan,0.7246366735130633,nan,0.004955351124084976,nan
2712,-0.36338873406585237,nan,0.72470321260204,nan,0.005384333319450503,nan
2713,-0.333019526581224,nan,0.7248414608900886,nan,0.005091393926619353,nan
2714,-0.276463295567659,nan,0.7248798746635573,nan,0.005123144725648905,nan
2715,-0.3159781081341396,nan,0.7249555954242317,nan,0.004854946944943705,nan
2716,-0.3159999411157917,nan,0.7250387897545786,nan,0.005718382196241019,nan
2717,-0.3723007196401421,nan,0.725076591273133,nan,0.00511774077875367,nan
2718,-0.4466587148022558,nan,0.7253070286677792,nan,0.005214135708019809,nan
2719,-0.31696638244879755,nan,0.725360820667284,nan,0.0050391961015184075,nan
2720,-0.3477181302249464,nan,0.7254745770922996,nan,0.004963445429217833,nan
2721,-0.4212410573222633,nan,0.7257324156482176,nan,0.005014331939845944,nan
2722,-0.2928378739308777,nan,0.7257881741403338,nan,0.004944729403282017,nan
2723,-0.3449767074074136,nan,0.7258147061374779,nan,0.005340389135236296,nan
2724,-0.30806775077911597,nan,0.7259309408792363,nan,0.004664138171914043,nan
2725,-0.3383129385939594,nan,0.7259891926061751,nan,0.005579175692788739,nan
2726,-0.30370545327779935,nan,0.7260214095508621,nan,0.00532454409406682,nan
2727,-0.33653078203576586,nan,0.7261475626087958,nan,0.005138094317612552,nan
2728,-0.33843008563127397,nan,0.7262354021179485,nan,0.0054528661048313535,nan
2729,-0.2649049797501483,nan,0.7263234576995026,nan,0.00482484372963204,nan
2730,-0.4512441922179944,nan,0.7264936156623616,nan,0.0058708666671302605,nan
2731,-0.340249650780078,nan,0.7265961691529422,nan,0.004760659261466641,nan
2732,-0.335491544550438,nan,0.7266582760090402,nan,0.005155301448456554,nan
2733,-0.2884229694094953,nan,0.7267070398818448,nan,0.00470621483965119,nan
2734,-0.3410942473454154,nan,0.7268035244406745,nan,0.005133654600266663,nan
2735,-0.42547264040668903,nan,0.7270097994977227,nan,0.004816620457019339,nan
2736,-0.4055101719326885,nan,0.727087098132679,nan,0.00586277353340051,nan
2737,-0.36904244261501545,nan,0.7271913453200071,nan,0.005196055700941291,nan
2738,-0.3646616648758557,nan,0.7273508509175419,nan,0.005966475116890789,nan
2739,-0.28298457690046547,nan,0.72738896317302,nan,0.0051406009920008915,nan
2740,-0.36835729491826125,nan,0.7274855183910951,nan,0.005163127296471494,nan
2741,-0.29991361573067193,nan,0.7275352493895793,nan,0.005246804763434001,nan
2742,-0.3248797558324881,nan,0.7276229110414657,nan,0.005153989017073543,nan
2743,-0.36925422442305095,nan,0.7277263932223538,nan,0.005096321636322778,nan
2744,-0.3910448872646811,nan,0.7278116772023948,nan,0.00490941141983504,nan
2745,-0.40195459626443447,nan,0.7279156374921282,nan,0.005993562061236941,nan
2746,-0.35243572705163134,nan,0.7279511336585321,nan,0.004887652657154162,nan
2747,-0.3764504597291572,nan,0.7280191254677433,nan,0.005356999276596146,nan
2748,-0.29226026167560815,nan,0.7280301417278044,nan,0.0053811926718290385,nan
2749,-0.3867475465380246,nan,0.7281575874912701,nan,0.005171336743527713,nan
2750,-0.38589235132893074,nan,0.7283114669388617,nan,0.005403389577993343,nan
2751,-0.295840570706163,nan,0.7283976434744626,nan,0.00498238586806341,nan
2752,-0.3938425142492021,nan,0.7285453278376457,nan,0.005073006016437661,nan
2753,-0.36048556731640385,nan,0.7286453136191046,nan,0.005322577511484631,nan
2754,-0.40698730381833875,nan,0.7287576904788583,nan,0.005363835752958757,nan
2755,-0.2858514956763069,nan,0.7288201640160996,nan,0.004462157722519719,nan
2756,-0.2968695406025127,nan,0.7289184660802664,nan,0.004607163061349508,nan
2757,-0.4978011367975826,nan,0.7290600024760039,nan,0.005597534527793572,nan
2758,-0.33337489233373396,nan,0.7291217188301057,nan,0.004674076268168216,nan
2759,-0.4193349509901697,nan,0.7293756201979817,nan,0.005490306468730408,nan
2760,-0.3023081687591592,nan,0.7294228477609976,nan,0.004751119264746277,nan
2761,-0.3331835729732296,nan,0.729480562142611,nan,0.005067555466971848,nan
2762,-0.3719564963861744,nan,0.7296319415837226,nan,0.0054094755309256354,nan
2763,-0.4082255539741732,nan,0.7299006964396081,nan,0.0052009022742054625,nan
2764,-0.3192231786916746,nan,0.7299621611194471,nan,0.005508540546591359,nan
2765,-0.2802507743965748,nan,0.7299904008891042,nan,0.004854908763522055,nan
2766,-0.25434966180292956,nan,0.7300214826748037,nan,0.004906985323326877,nan
2767,-0.3799602656704261,nan,0.7300660174547421,nan,0.005671743953144205,nan
2768,-0.43452646951062185,nan,0.7302057408164089,nan,0.005041604005874024,nan
2769,-0.30429934468702985,nan,0.7302690221006359,nan,0.004785332526628866,nan
2770,-0.35321838026413527,nan,0.7303993071877349,nan,0.004887818032616771,nan
2771,-0.30232447003394997,nan,0.7304201325549894,nan,0.0044177812401016816,nan
2772,-0.347173168153342,nan,0.7304355517777722,nan,0.005233804282094047,nan
2773,-0.3294934990131434,nan,0.7305010145363345,nan,0.005334810680398596,nan
2774,-0.3748969740962654,nan,0.7305487081061575,nan,0.005565070089163906,nan
2775,-0.4226107760179786,nan,0.7307304044606597,nan,0.004796182959822168,nan
2776,-0.25592727514810365,nan,0.730732642322058,nan,0.005007687032152478,nan
2777,-0.3232768894561466,nan,0.7307919037695456,nan,0.004929952310970889,nan
2778,-0.3077679474845134,nan,0.7309236522642814,nan,0.005049273078328156,nan
2779,-0.362330538353632,nan,0.7310699074746948,nan,0.0047390114620505545,nan
2780,-0.39066468735113397,nan,0.7311419036384782,nan,0.005128156913297629,nan
2781,-0.3838469212293408,nan,0.73127671944613,nan,0.005242188385623013,nan
2782,-0.39852879801569696,nan,0.7314898334108415,nan,0.004686579280964722,nan
2783,-0.2883496045490862,nan,0.7315261618840588,nan,0.004880821629690521,nan
2784,-0.2915725430098038,nan,0.7315207189842132,nan,0.005580365044904463,nan
2785,-0.3074883720675285,nan,0.7315701911984881,nan,0.005297288707871937,nan
2786,-0.341216658710449,nan,0.7316542891321441,nan,0.004632403471092519,nan
2787,-0.35015508285246977,nan,0.7318299173249198,nan,0.005071073987307512,nan
2788,-0.26728194970757496,nan,0.731854728563874,nan,0.004578585808964672,nan
2789,-0.35141018176026545,nan,0.7319588541181413,nan,0.005048183082312169,nan
2790,-0.28401306454386444,nan,0.7319580826124529,nan,0.005134709442164098,nan
2791,-0.25716688222250933,nan,0.7320065860559779,nan,0.0044998718488887595,nan
2792,-0.2979645715442717,nan,0.7320452970998655,nan,0.005331184485837761,nan
2793,-0.34624853026866426,nan,0.7321033028397207,nan,0.005082144981812128,nan
2794,-0.3030744899733986,nan,0.7321483086271643,nan,0.004708787613005853,nan
2795,-0.3644923801019069,nan,0.7322732255244438,nan,0.005431765270419688,nan
2796,-0.395147438969598,nan,0.7323889136763923,nan,0.0050990257054373,nan
2797,-0.3270121795499448,nan,0.7324516194340406,nan,0.00472635452774036,nan
2798,-0.33040108433492094,nan,0.732597674896686,nan,0.00505867538127631,nan
2799,-0.3000122112971596,nan,0.7326320012586252,nan,0.005283086244338762,nan
2800,-0.36022820264079836,nan,0.7327342925799297,nan,0.005174881047879502,nan
2801,-0.38048589892401136,nan,0.7328500662184423,nan,0.005128350452018982,nan
2802,-0.3276282476886863,nan,0.7328935952126641,nan,0.004885627214582347,nan
2803,-0.3561862219320799,nan,0.7330126911450093,nan,0.005088584600336695,nan
2804,-0.35685836941076876,nan,0.7330743316600035,nan,0.005713869598504494,nan
2805,-0.3174446297259312,nan,0.7330684509063808,nan,0.004659520420037601,nan
2806,-0.35195988097243514,nan,0.7332004402408605,nan,0.004922668514090016,nan
2807,-0.38036185919504634,nan,0.7332295932229638,nan,0.004629086698046769,nan
2808,-0.3902964014561261,nan,0.7334136705537389,nan,0.0054255118146689044,nan
2809,-0.3634108771870116,nan,0.7335286604142962,nan,0.005026863503172906,nan
2810,-0.35908434910708503,nan,0.7336638986951652,nan,0.004825658436205681,nan
2811,-0.35421819475153865,nan,0.7337051325769098,nan,0.005086053457552837,nan
2812,-0.3472855702049382,nan,0.7338277858006073,nan,0.005423490880298649,nan
2813,-0.3422771356277741,nan,0.7338474284607883,nan,0.005064460973266591,nan
2814,-0.33094837518852815,nan,0.7339286966701073,nan,0.00494577834692493,nan
2815,-0.3110658564905238,nan,0.7340118254707618,nan,0.004839571769545029,nan
2816,-0.40191735475953067,nan,0.7341696533280856,nan,0.0054971402943857885,nan
2817,-0.40106170886691084,nan,0.7343205898831933,nan,0.005266792897651312,nan
2818,-0.4032364888104794,nan,0.7346336244011712,nan,0.005325551994462549,nan
2819,-0.35692386651834374,nan,0.7347647375835319,nan,0.004859726854962641,nan
2820,-0.3572317235167584,nan,0.7348611396872662,nan,0.0052870469914212915,nan
2821,-0.28690715456538207,nan,0.7349084364109723,nan,0.004662054000805608,nan
2822,-0.3631456914473346,nan,0.7349943913934531,nan,0.005624989773763567,nan
2823,-0.39875722982888057,nan,0.7351725394340196,nan,0.0052508443103326695,nan
2824,-0.3016425184134191,nan,0.7353052222797185,nan,0.004929633275376744,nan
2825,-0.3224367706682992,nan,0.7353435612992095,nan,0.004598384749759173,nan
2826,-0.4491995583934999,nan,0.7355204053898381,nan,0.005470854536510501,nan
2827,-0.2989694710065241,nan,0.7355550981907907,nan,0.005201451516855813,nan
2828,-0.27960654932557044,nan,0.7355751670804584,nan,0.004944078304073384,nan
2829,-0.3760963763314432,nan,0.7357086306050592,nan,0.004832694720067288,nan
2830,-0.48539987223534614,nan,0.7360847385158574,nan,0.005526884628280707,nan
2831,-0.31873822553530673,nan,0.7361973441155537,nan,0.004744162049647491,nan
2832,-0.38418396307310215,nan,0.7363168051683265,nan,0.00556040826962159,nan
2833,-0.29671704909713426,nan,0.7364515052039821,nan,0.004953621414541582,nan
2834,-0.4159520723849439,nan,0.7365592055537483,nan,0.00542761103662473,nan
2835,-0.3719734859005214,nan,0.7367755816384357,nan,0.0050090644343167325,nan
2836,-0.2722691053605922,nan,0.7368883648872734,nan,0.005520098367519333,nan
2837,-0.43947533643652537,nan,0.7370655240024114,nan,0.005716656854883503,nan
2838,-0.2962526351838523,nan,0.7370855012477553,nan,0.0047844267457003535,nan
2839,-0.4186024890349141,nan,0.7372651311880615,nan,0.005399016776089555,nan
2840,-0.309521202592314,nan,0.7373399887776801,nan,0.005137339041808456,nan
2841,-0.5113899252057914,nan,0.7375096974660341,nan,0.007045867520681873,nan
2842,-0.30979375008772103,nan,0.7375358969335757,nan,0.005298340757769607,nan
2843,-0.3301850120087695,nan,0.737605621261752,nan,0.005199885377070733,nan
2844,-0.36869246658666227,nan,0.7377422651499167,nan,0.005088829555737183,nan
2845,-0.37560504677077,nan,0.7378091914855688,nan,0.0047780618571798585,nan
2846,-0.31086645396242135,nan,0.7378521886234451,nan,0.004695912066965448,nan
2847,-0.35900033455269287,nan,0.7378813134529769,nan,0.005419653684107739,nan
2848,-0.4223149175295551,nan,0.7380231353939545,nan,0.005226301246324635,nan
2849,-0.4537097467250716,nan,0.7382818221318916,nan,0.005754864678503173,nan
2850,-0.2536908043780396,nan,0.738359484366153,nan,0.005026696062508545,nan
2851,-0.3254123586895559,nan,0.7384247200063352,nan,0.005174044392181246,nan
2852,-0.3936329990962103,nan,0.738416012739813,nan,0.005336874199085166,nan
2853,-0.3293356173852019,nan,0.7385254377364188,nan,0.005532520363887112,nan
2854,-0.34289881181252496,nan,0.7385897167506931,nan,0.005363198717685439,nan
2855,-0.3550439816701704,nan,0.7387396685714573,nan,0.0050762366707872535,nan
2856,-0.30713742217311596,nan,0.7387813451683326,nan,0.005229704443895735,nan
2857,-0.3405392809281342,nan,0.7388387887354614,nan,0.005507590580424117,nan
2858,-0.34478288791704925,nan,0.7388785951519502,nan,0.0052828535308877414,nan
2859,-0.29213317301281766,nan,0.7389412990611006,nan,0.005022316968293441,nan
2860,-0.46130150103784295,nan,0.7392472284058401,nan,0.005859412912057538,nan
2861,-0.24759562523028972,nan,0.7392940041556112,nan,0.004664838510600892,nan
2862,-0.3448753636404485,nan,0.7393265268700372,nan,0.0058782339044929,nan
2863,-0.4139597611770458,nan,0.7395431157696573,nan,0.005296948995285124,nan
2864,-0.3619080548134753,nan,0.7396153572144176,nan,0.0051636753988739065,nan
2865,-0.3267326651794889,nan,0.7397929183262699,nan,0.004500215937686468,nan
2866,-0.3381363861735196,nan,0.7398208244479156,nan,0.0051421106005142304,nan
2867,-0.34261429001540683,nan,0.7399335898758925,nan,0.0051267688320991295,nan
2868,-0.3450813726819523,nan,0.7399485070202028,nan,0.005978047936261229,nan
2869,-0.24956972500288696,nan,0.7399777763913797,nan,0.0051875200969488085,nan
2870,-0.37177489403090624,nan,0.7401393024486345,nan,0.005149141923788996,nan
2871,-0.27955992226978293,nan,0.7401446209698069,nan,0.005054614142185615,nan
2872,-0.37815372549765464,nan,0.7402296765885621,nan,0.005182789485325931,nan
2873,-0.3516132793317215,nan,0.7402441438090881,nan,0.005062820446632703,nan
2874,-0.38388122536260233,nan,0.7403292433118932,nan,0.005371310107523092,nan
2875,-0.25853641081518186,nan,0.7403632828346638,nan,0.004689165885357428,nan
2876,-0.2983374242438893,nan,0.7404039808057243,nan,0.004957960771896112,nan
2877,-0.33698629097247523,nan,0.7404269179337026,nan,0.005801227678072744,nan
2878,-0.32365011290365037,nan,0.7405291591258294,nan,0.004717616987414037,nan
2879,-0.27966881644112385,nan,0.7405579621573464,nan,0.004848971073304078,nan
2880,-0.3427043601549975,nan,0.7406711765903817,nan,0.005118719788437725,nan
2881,-0.4122340411534941,nan,0.7407014868021945,nan,0.006025104643344402,nan
2882,-0.35716791958523947,nan,0.7408492512353518,nan,0.004777673031861015,nan
2883,-0.369963721255626,nan,0.7409473710883786,nan,0.004875522192981831,nan
2884,-0.33597585456495827,nan,0.7410343636276918,nan,0.00451547926858011,nan
2885,-0.2756825282118957,nan,0.741123537254342,nan,0.0053551004523583814,nan
2886,-0.2983119110481731,nan,0.7412184084848241,nan,0.005140084144756356,nan
2887,-0.3887083476136869,nan,0.7413803179177193,nan,0.004705585372212971,nan
2888,-0.2823329590840388,nan,0.7414351703668138,nan,0.005064419822359655,nan
2889,-0.358174592389802,nan,0.7415153892675052,nan,0.005517353689302367,nan
2890,-0.35175007489872534,nan,0.7415738762419071,nan,0.004744252552274792,nan
2891,-0.27585682979021175,nan,0.7415866630699068,nan,0.004635572629701116,nan
2892,-0.4160905815085944,nan,0.7416531622003473,nan,0.005775778258879089,nan
2893,-0.3084715265562819,nan,0.7417422058471789,nan,0.00547334320200116,nan
2894,-0.33738980083530673,nan,0.7418477039908623,nan,0.005315208659757675,nan
2895,-0.3735212103517823,nan,0.7419361517199021,nan,0.00492948847676785,nan
2896,-0.27605283012989024,nan,0.7419940442821084,nan,0.004691633291747802,nan
2897,-0.3037361846629566,nan,0.7421060744383853,nan,0.004654299581557443,nan
2898,-0.3056774919724035,nan,0.7422024519017517,nan,0.004978937727828745,nan
2899,-0.31245139798433474,nan,0.742233838975097,nan,0.0048246706081738365,nan
2900,-0.30561416127644453,nan,0.7422704692191382,nan,0.004573084512078933,nan
2901,-0.3330261697735889,nan,0.742292206025059,nan,0.005495215952388859,nan
2902,-0.3561001434369297,nan,0.7424040232320425,nan,0.005022769175924712,nan
2903,-0.4507677200097022,nan,0.7424738155371229,nan,0.006123319838127434,nan
2904,-0.3175047792600643,nan,0.7425651742150181,nan,0.005160611031632284,nan
2905,-0.24254979138588167,nan,0.7425511603715085,nan,0.005011987171463128,nan
2906,-0.30657973741266037,nan,0.7426450956104571,nan,0.004889457629157924,nan
2907,-0.35712944053233914,nan,0.7427335424189825,nan,0.004679279604534421,nan
2908,-0.2890819459955302,nan,0.7427710091601585,nan,0.005122734121636186,nan
2909,-0.3826851137853005,nan,0.7428452623366637,nan,0.005338462255229949,nan
2910,-0.42159695563013055,nan,0.7429846042875493,nan,0.005290716321986146,nan
2911,-0.35926370521434037,nan,0.7430992620667938,nan,0.0046022845982360075,nan
2912,-0.36018372676723986,nan,0.7432478327296065,nan,0.004844314974832591,nan
2913,-0.2767695724289027,nan,0.7432699652586794,nan,0.0049246245541250105,nan
2914,-0.3472556200243523,nan,0.7433834833312214,nan,0.00525347038392494,nan
2915,-0.3319363782884195,nan,0.7433478231891193,nan,0.005054614697091073,nan
2916,-0.33497522294811566,nan,0.7434223695408175,nan,0.004414570927711237,nan
2917,-0.3266261767144348,nan,0.7434635700330555,nan,0.005159260489545637,nan
2918,-0.351281028881551,nan,0.7435276195875958,nan,0.00562107075604551,nan
2919,-0.32598479998817653,nan,0.7435863893884233,nan,0.0046592457759814946,nan
2920,-0.2890744501060977,nan,0.743662007984884,nan,0.005169041332472119,nan
2921,-0.24765687622434263,nan,0.7436891437477576,nan,0.0051964957721728445,nan
2922,-0.35859414028578973,nan,0.7437174385406581,nan,0.005309736106505968,nan
2923,-0.3033251339698184,nan,0.743784952655493,nan,0.005103854113835226,nan
2924,-0.3032251965323949,nan,0.7438561446197072,nan,0.004630254639919373,nan
2925,-0.42314059416173416,nan,0.7439541302360008,nan,0.005353709582156486,nan
2926,-0.3006541137260434,nan,0.7439760321746329,nan,0.005382302090662716,nan
2927,-0.2964822967507962,nan,0.7440265419325378,nan,0.00527189221316606,nan
2928,-0.411645943831469,nan,0.7441146036271228,nan,0.005304727038653785,nan
2929,-0.41395697440952917,nan,0.7443154038405867,nan,0.005477678280801828,nan
2930,-0.3434863655948906,nan,0.7444344067793505,nan,0.005220915573042375,nan
2931,-0.350363504540902,nan,0.7445039864730778,nan,0.005362394531131621,nan
2932,-0.347406503552844,nan,0.7445235555300533,nan,0.005087637120356398,nan
2933,-0.33032302520923157,nan,0.7446182173443259,nan,0.00459188254151516,nan
2934,-0.3085021002585889,nan,0.7446697537773477,nan,0.005233092629376318,nan
2935,-0.29157134847995475,nan,0.7447074815346498,nan,0.004793668868722474,nan
2936,-0.27845515315802766,nan,0.7447460421723306,nan,0.004739578556442615,nan
2937,-0.31620616866060947,nan,0.7447986420777906,nan,0.004323198618165268,nan
2938,-0.3641573144959894,nan,0.7448102625958796,nan,0.0058038131805832616,nan
2939,-0.28810363193060595,nan,0.744899746094629,nan,0.0046764716568435845,nan
2940,-0.40865164640697393,nan,0.7449979706921084,nan,0.005310890350064111,nan
2941,-0.38428915364381283,nan,0.7450498459900894,nan,0.005103451852338204,nan
2942,-0.30558791784984696,nan,0.7450770885632669,nan,0.00504755343219453,nan
2943,-0.30035640743474756,nan,0.7451712273778437,nan,0.005058192412153601,nan
2944,-0.24740345949067624,nan,0.7452015829318271,nan,0.004560783195406899,nan
2945,-0.3080395807786936,nan,0.7452720800736807,nan,0.004809658214292981,nan
2946,-0.3473158375563387,nan,0.745373830875815,nan,0.005226817575978844,nan
2947,-0.3443689286563746,nan,0.7454443160189794,nan,0.004941710867960526,nan
2948,-0.4110493164957007,nan,0.7455903425943432,nan,0.005440705048132141,nan
2949,-0.46485689023749405,nan,0.7457579045028343,nan,0.0054187799216099805,nan
2950,-0.3625666966522222,nan,0.7458128633412623,nan,0.0049629932442983166,nan
2951,-0.31820645321749375,nan,0.7458787268053081,nan,0.004865212295733836,nan
2952,-0.36570160433586385,nan,0.7460457971682377,nan,0.005210124545104418,nan
2953,-0.4714456067886362,nan,0.7463404582413753,nan,0.005830302423404564,nan
2954,-0.3634721326787676,nan,0.7464018926774794,nan,0.004699492225291563,nan
2955,-0.33316839939707493,nan,0.7464725959655796,nan,0.004678661199675503,nan
2956,-0.3200188850351957,nan,0.7465047543880683,nan,0.005292915851010901,nan
2957,-0.3680455802307803,nan,0.7466371485935062,nan,0.0058343629591139845,nan
2958,-0.24997282440144386,nan,0.7466940920407263,nan,0.004918993695408096,nan
2959,-0.3297232467516616,nan,0.7467578050978035,nan,0.004601424552207348,nan
2960,-0.3526801142707097,nan,0.7468255710208476,nan,0.004528844388281028,nan
2961,-0.3487034929969736,nan,0.7469334942759102,nan,0.005134997489135037,nan
2962,-0.31594511927634644,nan,0.7470262032943614,nan,0.004893460804358442,nan
2963,-0.35681301685444866,nan,0.7471602905867247,nan,0.004771730033328153,nan
2964,-0.25021825814331644,nan,0.7472296090793747,nan,0.004357291959009346,nan
2965,-0.3986664126928056,nan,0.7474203017013551,nan,0.004894631236498412,nan
2966,-0.3527421040186141,nan,0.7474584723049202,nan,0.0060009682682576285,nan
2967,-0.29786266965926295,nan,0.7475466418134619,nan,0.004662145222377035,nan
2968,-0.3525874380522607,nan,0.7475738090442862,nan,0.005122254227133154,nan
2969,-0.30735937781736716,nan,0.7475956322857479,nan,0.005123514167728963,nan
2970,-0.328616352395907,nan,0.7476023251636731,nan,0.004801789832584277,nan
2971,-0.32671794726624886,nan,0.7477520928207048,nan,0.00519062255069284,nan
2972,-0.3333097793896952,nan,0.747789128881001,nan,0.005136980360507516,nan
2973,-0.3152189042328578,nan,0.7479643195789734,nan,0.004435620471086374,nan
2974,-0.3578806834942301,nan,0.747982557936515,nan,0.0049646939890192815,nan
2975,-0.31966614734594123,nan,0.7480875126026171,nan,0.0050316203118473,nan
2976,-0.3539706578992966,nan,0.748154207643263,nan,0.005283278901866711,nan
2977,-0.378962928708586,nan,0.7482381402498728,nan,0.004562552612005463,nan
2978,-0.45279275722664325,nan,0.748433718056209,nan,0.005459280792039727,nan
2979,-0.26460095834441005,nan,0.7484411415953368,nan,0.0045916069765220184,nan
2980,-0.3635163310249863,nan,0.7485008437498566,nan,0.005714416143018212,nan
2981,-0.32108980604663995,nan,0.7485263398105809,nan,0.005053651879095602,nan
2982,-0.3271883618594439,nan,0.7485872606840893,nan,0.00503929631474286,nan
2983,-0.34191365501875454,nan,0.7487122771763939,nan,0.004942304068572799,nan
2984,-0.39097559521136416,nan,0.748867329251477,nan,0.005003562393859571,nan
2985,-0.39566944680477606,nan,0.7490140266681156,nan,0.0047234237000510545,nan
2986,-0.2874082675724323,nan,0.7490516324526778,nan,0.004864128914427361,nan
2987,-0.32670804588862223,nan,0.7491336448154979,nan,0.0048982177122341465,nan
2988,-0.34295911958043473,nan,0.7492128310277566,nan,0.006048570742122942,nan
2989,-0.30609741094851733,nan,0.7492925971551807,nan,0.0046137706138340865,nan
2990,-0.30174853859505646,nan,0.7493496539994177,nan,0.005174117638539319,nan
2991,-0.33407541298214516,nan,0.7494576927247016,nan,0.004347275219340707,nan
2992,-0.3054112356989842,nan,0.7494663723426299,nan,0.005029249735930203,nan
2993,-0.37724504083954935,nan,0.7494979000020557,nan,0.004870572004916968,nan
2994,-0.3577238356265793,nan,0.74956827184199,nan,0.005545342768515812,nan
2995,-0.31127943992623375,nan,0.7497309432548618,nan,0.005087867210787145,nan
2996,-0.3884734403757015,nan,0.7498745643635341,nan,0.005429091779851177,nan
2997,-0.30403985927623184,nan,0.7499018598553886,nan,0.005166292096723604,nan
2998,-0.3677679581533437,nan,0.750015922261224,nan,0.005082214591187059,nan
2999,-0.3356359919488158,nan,0.7501319832315639,nan,0.005120139763934894,nan
