iter,down_reward,up_reward,down_cos,up_cos,down_mse,up_mse
0,-1.4521378949913442,-1.1898725294015575,-0.12672945637159136,-0.1268120611305308,0.009378458327191532,0.022562512682225845
1,-2.0629179692968336,-3.4780199517485038,-0.12668269028682547,-0.12699192901385137,0.01938553539167365,0.07711459567117478
2,-1.7659598999725983,-3.1683350092478992,-0.12664682347075626,-0.1271495047705409,0.01786526590341801,0.06584194841179018
3,-2.2712987088804946,-0.4871598503540105,-0.12659488926616652,-0.12716129405919754,0.02590302948042922,0.013338750709837609
4,-0.4882638743130891,-1.9609997141413007,-0.1265904781907708,-0.12725318195954777,0.0016987448201418128,0.03446287968955426
5,-0.5451013317059601,-1.115603941090771,-0.1265808552187144,-0.12729520630670998,0.0017651807818455047,0.020484411152105902
6,-1.2722321066970255,-1.4229549427346697,-0.1265537881285977,-0.1273569181709353,0.007169029508505347,0.02330461206342252
7,-2.2597421226883676,-5.404158187435262,-0.12650824292096752,-0.12763794888799515,0.03003154961498972,0.15750381487809725
8,-0.8335605114296637,-0.8658839240707902,-0.12649409081155366,-0.1276736841630459,0.003515886766831259,0.017753856188996237
9,-0.9180291557770115,-0.4775528444602894,-0.1264772593100132,-0.12768614897758548,0.0052675543773265466,0.014449166176387902
10,-0.8219389610863622,-5.276875217372479,-0.12646196093009138,-0.12795545283805576,0.004562801395844776,0.18697072471511503
11,-4.115809849880917,-0.6444875483877356,-0.12636441753933558,-0.12797514749722078,0.07871376981172307,0.013918447270953552
12,-1.720987622155641,-0.799713214879653,-0.12632632550475306,-0.12800233750719917,0.01612995929746827,0.018662022810237336
13,-3.0806955477673115,-2.018574987997328,-0.12625362623664607,-0.12809340305473096,0.040721691411322994,0.044415511471810394
14,-0.6409589114595011,-0.9581186545985497,-0.12624280281625705,-0.12813108851368313,0.0023496789930670986,0.016848358451547984
15,-2.0185310863822292,-0.8277063004247522,-0.12619694956835664,-0.1281600908575278,0.016992646973578628,0.017437665503908413
16,-6.589940123403325,-10.044813418130998,-0.126050985933676,-0.1286724377836168,0.2709276942246677,0.579730511469189
17,-0.7841351596035443,-1.580633768831529,-0.12603963224443765,-0.12873688675485903,0.003529567526072846,0.03736812959288572
18,-2.275726741491186,-1.4769431540767888,-0.12598817694582692,-0.1287980985861681,0.0211280797083714,0.02555373766966835
19,-4.059013484341396,-1.7800287600492128,-0.12588735537380707,-0.128873195208591,0.07133878575687769,0.036938544650664304
20,-0.8621633270702539,-1.6444497400388118,-0.12587154997750147,-0.12895153943313328,0.004411116726717674,0.031213373415887993
21,-0.881952219281574,-1.373595896248656,-0.12585405435859714,-0.12900795879839902,0.004265475452049302,0.026011099937084135
22,-0.7351788164073012,-0.7853634918743082,-0.1258439278597413,-0.12903913947868442,0.002784056475377981,0.016829504213188462
23,-0.9128442606138164,-1.0917182483642223,-0.1258298727557291,-0.1290898075536751,0.004032186663853816,0.019573970669097777
24,-1.2264389186080649,-1.5550195713917756,-0.12580216637578456,-0.12916149539883612,0.007231767188437855,0.02912463156111186
25,-6.683535439034586,-2.1000040628602927,-0.12564005252168128,-0.12925286565531577,0.22386914735831182,0.03898195699165233
26,-1.6358979978186725,-2.7683580164602266,-0.12560790660829751,-0.1293906381808466,0.0144427992035552,0.0560922133679401
27,-1.761408376157537,-0.878593102295608,-0.12557128274968882,-0.12942554475618404,0.012460914986941726,0.015799799541877015
28,-6.260150526343108,-1.3743030031298837,-0.1254237126005851,-0.12948740528857478,0.19838360931695642,0.02534901618745003
29,-0.865833772849439,-1.821854042590312,-0.12540846361100408,-0.12957023292522066,0.004508427086211331,0.034733293748921035
30,-1.0282374025586425,-2.3663599106357136,-0.12538927996531715,-0.12969185138189193,0.0053036757937062065,0.04774416435983924
31,-3.51624229699049,-4.975693796111089,-0.12530676790606574,-0.12994670493762847,0.07117269643245236,0.17036930291435487
32,-1.214518680833442,-1.058850684541791,-0.12528401399016367,-0.12998792357659053,0.006585867289269672,0.02224257214259534
33,-1.2357840451095905,-2.0304628385653722,-0.12525906775613,-0.1300837969778649,0.006798711300678523,0.03280952100173177
34,-0.8032388253086629,-2.4951113513364844,-0.1252430566602952,-0.13020348813977803,0.0034573633541854125,0.04690165759810607
35,-2.481486550956242,-0.5549582899697223,-0.125184807943724,-0.130218683564064,0.02622103710665742,0.014430923958017714
36,-4.975647208916242,-2.883114139875792,-0.12507408758285976,-0.13036274438497528,0.16201826329513705,0.057929697551845814
37,-0.7729295402103917,-0.8486458618314612,-0.12506041633006834,-0.13039557917932418,0.002916332955935513,0.015364625837594478
38,-1.3176062255070093,-1.6419137715210599,-0.12503230379256167,-0.1304721497208791,0.0073235754380680165,0.026352217048190147
39,-3.16969313514783,-0.5760963147471629,-0.1249617874199881,-0.1304868685244036,0.05312533091210807,0.013531473340602524
40,-3.423810260449998,-3.517205643839274,-0.12488226411380211,-0.13066353554516894,0.05294304774087472,0.0887830758426635
41,-1.063242991732177,-1.8062721694249826,-0.12486143575114796,-0.13075027318711552,0.005525825342364644,0.033995656779846534
42,-0.8402796936520681,-3.930747624614645,-0.12484518857198879,-0.13094886352877078,0.0037290898781288852,0.10203260721684708
43,-1.6000725153343873,-0.7427283606039721,-0.12481148981313098,-0.13097659768616796,0.011411478468102166,0.014880339780910488
44,-2.263837658601642,-0.8427375983870863,-0.12476193724342768,-0.13100903386735768,0.021649359732404828,0.016069022740946612
45,-0.69107740790289,-3.6214596030010155,-0.12474891086331953,-0.13119136960141953,0.002651001947653901,0.08691323094695164
46,-1.2574430443440736,-1.1316672509358434,-0.12472395768626068,-0.13124308620543365,0.008087059653463551,0.019059739338535067
47,-2.2374916282305337,-1.0043398358802238,-0.12467552025269216,-0.13128233182100538,0.03571623485394174,0.01976276432863186
48,-1.1334992147065057,-0.8580210489647362,-0.12465142782112432,-0.13131328544850596,0.005927330195512925,0.018545550373199996
49,-2.977080365785688,-0.8515445615041475,-0.12458695851397246,-0.13134345499915281,0.03915443387336891,0.019038728162318212
50,-0.8918722544689576,-0.5066601762476719,-0.12457052681682278,-0.13135664451938492,0.004488145309833762,0.013747576864366992
51,-1.3829430174530082,-2.3142497308449683,-0.12454290140551204,-0.13146305391543728,0.008439874832214235,0.04128209110806908
52,-2.617015596703555,-3.3014436288342357,-0.12448516090093324,-0.13162424215108806,0.035462540215326445,0.08572982958292788
53,-3.7994820767494493,-0.7814317452567671,-0.12439882048658327,-0.13165583437364486,0.07779237963989445,0.014695575462467449
54,-0.9579271437892498,-4.663667083059381,-0.12437733303481605,-0.13188991308712583,0.004510303494814697,0.14347576981960986
55,-4.232343855778123,-3.310796175075548,-0.1242775230928591,-0.13205511160189462,0.08074855924870265,0.07269578204835166
56,-0.7104515280295903,-1.2363614260218236,-0.12426727090924529,-0.13211088246768812,0.0026128786956435665,0.022523623983311127
57,-0.803634559309479,-2.6981119041752892,-0.12425420676073519,-0.13223978816818743,0.003517459576689652,0.059193844439605785
58,-0.7254071404082952,-1.3516649393276543,-0.12424492851900047,-0.13230089219697613,0.002462740701447286,0.024355623434695054
59,-0.7843283021658719,-2.40190035631391,-0.12423077813844761,-0.13242181663604777,0.0034583420676304565,0.04658741613779328
60,-2.0631776906160644,-1.6420658976163311,-0.12418530283561043,-0.13249435459726647,0.019838897669689118,0.027981840600739705
61,-3.213073942304976,-2.6300775510740535,-0.12410989464043029,-0.13262583775455244,0.044486864558829387,0.049922595202763306
62,-1.3630006941933395,-0.5595873632294219,-0.12408249867684237,-0.1326422007678834,0.00809772909250235,0.01260683726753696
63,-4.225099383616397,-0.7145671563337479,-0.12398334686363587,-0.13266918975710443,0.07562635984634745,0.01775427553172708
64,-1.0783576733455302,-0.9513759204761352,-0.12396230193338151,-0.13270476316709584,0.005310182777129431,0.018522568747086476
65,-1.0644916244265068,-4.448704870445106,-0.12394002095936103,-0.13292649027231898,0.005395243120867814,0.13580370273331344
66,-0.7692418389779653,-0.4922235469429986,-0.12392578353149729,-0.13294240672355484,0.0032469566803764727,0.013729862621180255
67,-3.022051180888725,-0.5604572521090031,-0.12386210674792664,-0.13295860805611037,0.05806901582347974,0.014461030237682254
68,-2.1252861447277147,-1.1928832413722872,-0.12381497128757475,-0.1330078278436242,0.02210789216151961,0.0229139456437868
69,-1.3348661843325802,-0.9587317026879132,-0.1237895233176539,-0.1330432183943148,0.008922917906887127,0.0192672060843851
70,-6.186896565332993,-3.369624439650812,-0.12364711506993478,-0.13321070549939004,0.22047788220271067,0.0909439357005295
71,-0.9082065391817945,-2.318151618907998,-0.12362752873135863,-0.13331928594366055,0.004125293636322959,0.04552049542601559
72,-1.0359524900531671,-0.8888805229159153,-0.12360871280894913,-0.13335129188394615,0.004768516991765857,0.015628689679569457
73,-1.6557980454475145,-0.7656322409160341,-0.1235718222588068,-0.1333796515247344,0.012439709485025784,0.01671352014521694
74,-0.5279000032513301,-5.507622103060108,-0.12356542894723087,-0.13366348498289224,0.001708660560998667,0.17976404648336525
75,-2.005577590980535,-0.6199524729448246,-0.12352315921328359,-0.1336874337735245,0.01645043082206041,0.013373366502747855
76,-2.1256447567633385,-5.701483592914954,-0.12347784924617393,-0.13397489057534065,0.019638940022890877,0.20634091369375623
77,-0.8304682474026648,-1.1843394110895595,-0.12346273335660897,-0.1340287727700498,0.003786674287123325,0.019890350959288962
78,-2.246460171353192,-3.653086998693732,-0.12340895622197418,-0.13421286540998728,0.021332013863115475,0.07957961890338709
79,-2.642415664835675,-1.0282449212147398,-0.12334829691179713,-0.13426044631031703,0.03551355038037509,0.018576074952976224
80,-1.5002653550697271,-1.3052337606409132,-0.12331677832608373,-0.13431873808153405,0.00966404182370416,0.02367372844867716
81,-5.713870331398431,-3.5101336712032905,-0.12318615740521827,-0.13448856631394454,0.19632850098418983,0.08977972124769101
82,-0.9072581291053614,-3.0528475547876646,-0.1231701977950826,-0.13463690224217875,0.004428532886584843,0.07148879965556162
83,-1.3275369452541579,-1.1603934387450265,-0.12314080089496884,-0.1346876283051379,0.00795675666845595,0.019932139144908018
84,-0.9987702641052528,-5.891407627124004,-0.12312014733826161,-0.13498155452903995,0.004696694258024738,0.241501294774604
85,-1.1993178770158968,-0.9160380421477134,-0.12309611437749841,-0.13501452496446734,0.007010494144763044,0.016618015169231264
86,-1.2721970251489854,-3.5075574057839294,-0.12307075406689343,-0.13518223955167039,0.0074559094089535,0.09037324865053155
87,-1.6827588074030724,-1.6174752819990583,-0.12303332153799341,-0.135255787135698,0.013957863762362535,0.02934903985307484
88,-0.7015345714244863,-0.8724678865404367,-0.12302157238428593,-0.13528256843992997,0.003176575277956136,0.01854970111132873
89,-3.9198296292839685,-8.456085465004126,-0.12293494752181806,-0.13571059889907128,0.07623998841719161,0.5130223346480338
90,-3.924268294661625,-0.5492680756117906,-0.12284787660273615,-0.13572529190465243,0.08250256111384285,0.012326817997051131
91,-1.630301593415862,-0.7816612207002062,-0.12281065949834741,-0.1357558470011742,0.011162268941672202,0.01630729079457018
92,-1.081743428054346,-5.702036044903135,-0.12278674347329335,-0.13604480558648682,0.006238407401683293,0.1977789406853349
93,-0.9553743991366089,-2.432430858687374,-0.12276959512389546,-0.13616130449659822,0.003885794358522372,0.056204626932797735
94,-0.9335692515510673,-1.7747266287448655,-0.12275038411015055,-0.1362388914730627,0.004423658075462537,0.0328750877654129
95,-0.6791125420509482,-1.26187052031445,-0.12274023447864578,-0.1362940846288819,0.0023131527705102517,0.020213372888792894
96,-2.6463171915938486,-0.6418404043971065,-0.12267984849486556,-0.13631668841289712,0.0324102020093386,0.014478519046861706
97,-3.2413570627877117,-0.7054005648258797,-0.12260946678632235,-0.136339381421949,0.05597604009040343,0.014997003355560017
98,-1.103340920260051,-0.8631790934679834,-0.12258905033115311,-0.13637102332880238,0.005576810926825258,0.018438376856727844
99,-2.2562498845840975,-2.575714501725693,-0.1225365961899026,-0.13649942417404418,0.022965051570149792,0.048681811925916564
100,-0.5730724360846676,-1.9067521829639744,-0.122526445805803,-0.13658785999063272,0.0022457013469356704,0.032742045727382034
101,-0.7434818612528227,-1.0347044158236003,-0.12251256816488823,-0.13662797453585612,0.0036308497370709327,0.01882087133163997
102,-0.7833281788509462,-0.5983207755394266,-0.12249709717939879,-0.13664748460296397,0.004292665670634957,0.014785914191303522
103,-2.8847761989411587,-1.2633729131232194,-0.12243189510521736,-0.13670141320180243,0.03669206796438362,0.02054631706690338
104,-1.6171244457114133,-3.7571876654695138,-0.12239842913501997,-0.13688387153375756,0.012565717045609421,0.09716613900096475
105,-2.4619803769250557,-2.0857480170958755,-0.12234614437479416,-0.13697900635704488,0.03092296843990294,0.05030185842335957
106,-3.000587884341582,-1.1558895452950817,-0.12227297091635894,-0.13702584208400745,0.03904868677722097,0.022099829594695867
107,-1.0909020149570468,-6.317217401729122,-0.12225207099889651,-0.13734072661138907,0.005559885796415586,0.24016005537823853
108,-0.9665348769350071,-1.3437037902968374,-0.12223148543182871,-0.13740052563648367,0.004389101379734864,0.022598380119674032
109,-2.8156591916094227,-0.8987673992819063,-0.12216439700449304,-0.13744060712242942,0.03509980187103654,0.01778855309527609
110,-1.014255299844244,-4.4448756358125445,-0.12214525280554092,-0.13765742641176423,0.0054609198855850236,0.13147551633865315
111,-0.4908817280490061,-3.5851881454868395,-0.12213815408229041,-0.13782917135175826,0.0017293466341337575,0.10022599466858696
112,-1.1448535088484764,-2.044981864494744,-0.12211779123686377,-0.13792953686938905,0.005485065261042275,0.036841527298170404
113,-0.8672731257044165,-5.081844302092037,-0.12210114553822263,-0.13819047702997903,0.0039004343235060695,0.17901931874663365
114,-1.4258810770767802,-1.0472317203624624,-0.12206883498200223,-0.13823546031138736,0.009354602088720033,0.01909457189231967
115,-2.006265486493348,-8.133006159690263,-0.12202356618488602,-0.13865810659220656,0.0179816518233993,0.3846246558249581
116,-0.7382767063216336,-0.7532912718009049,-0.12201220251537555,-0.13868926457246086,0.0029371744083026164,0.013611971438371572
117,-9.607080436807632,-2.9264770449315334,-0.12179837612459059,-0.1388354499302807,0.5363862456198198,0.06941287398276466
118,-1.1414574388002638,-4.233702605276036,-0.12177579626006771,-0.13904753803416348,0.005783891587622042,0.12963802460710344
119,-1.634741915173047,-6.416077228813747,-0.12174216090165889,-0.13937574492196847,0.012234476321549842,0.2320087402571738
120,-0.8243470881015978,-1.0378973792198747,-0.12172844120274709,-0.13942057962359486,0.004237181357211344,0.018955229641824778
121,-1.1758462667766967,-2.8425014861943882,-0.12170569081420403,-0.1395550622706782,0.006053463820931536,0.05850856929205286
122,-2.550358239327691,-2.5808942942105624,-0.1216457881616245,-0.13967342591416607,0.028650528817642434,0.07235282128402419
123,-0.8242546680313478,-2.151694592275724,-0.1216313537043462,-0.13977819695116334,0.003990560676066478,0.03957081789596453
124,-0.9241116229383715,-1.0306523425127165,-0.12161516535415999,-0.13982146699292824,0.004281889840851089,0.018365209789883503
125,-3.977570008608665,-0.6049195624990098,-0.12152246807089723,-0.13983971714933868,0.08138232550286122,0.014934685077511091
126,-1.4093874453118782,-2.177479774951179,-0.12149450325975013,-0.13993861257213566,0.009339178070671262,0.03701669788519098
127,-0.6214141455525094,-4.156269568646421,-0.12148492507160692,-0.14013985711684174,0.0020476297842442334,0.1145428739736865
128,-0.7665594529168676,-6.556916991015045,-0.1214693535680977,-0.1404713002076329,0.002869510581194676,0.2923514795435526
129,-2.584080588415187,-0.664202680288575,-0.12140835396053562,-0.14049174704557332,0.02957778551698234,0.014656223013604076
130,-2.8411227715984397,-0.5009510541363629,-0.12134405030426272,-0.14050352878663377,0.03583114784352988,0.012649096446487105
131,-0.3733837650662683,-1.0046494801400605,-0.12133966512915474,-0.14054195654974438,0.0009694454232711646,0.0183332720619646
132,-0.7129451612848943,-10.387006401413496,-0.12132754608145196,-0.14108043286102276,0.0028164747456267897,0.611108665251754
133,-5.49094762369887,-0.9793992142043539,-0.12120078089576465,-0.14111477897123564,0.17657331934831583,0.01888482123148365
134,-1.1206095624037085,-1.5220769857216019,-0.12118061681379559,-0.14117704971991066,0.009085982517826182,0.031214625179690824
135,-1.4077576117519663,-3.8075313830559776,-0.12114999817887961,-0.14136496398233092,0.009622783177128452,0.10920260552549196
136,-2.6462758483667312,-5.586090667717562,-0.12108846742548367,-0.14163987759118796,0.03045337831774429,0.22845195618960185
137,-0.8263058034959833,-1.5896458648839267,-0.12107473855756049,-0.1417146505802226,0.0036786987943550386,0.025170784247891438
138,-2.037444861479408,-1.8981616074011172,-0.1210272997719392,-0.14179963850759297,0.01785370130154336,0.033673877909170306
139,-3.0597802672749483,-2.0545361812771588,-0.1209586500193921,-0.14189347446676848,0.04106623358569734,0.0366063897146091
140,-1.1556358482522862,-1.9486475044038463,-0.12093626646924485,-0.1419854750030769,0.00870061202491012,0.03195678387859897
141,-4.097647523145615,-4.732304311353252,-0.12083927481194821,-0.14221711232444023,0.08242137717633448,0.14902246440780897
142,-1.8735096132082298,-0.8650794619080989,-0.12079780864733969,-0.14224873359149653,0.015802764746177343,0.016973949405170708
143,-1.2771449380675848,-1.9162737046274392,-0.12076820422050798,-0.14233763038216996,0.007741912799269882,0.031979224604981454
144,-4.197309990988094,-3.7731431624262943,-0.12066791050818179,-0.14252575096869843,0.08789939255941753,0.10028158570630175
145,-1.03785904471917,-0.6543856991109798,-0.12065020530121413,-0.14254839713035372,0.0053787187988471865,0.016469395483464832
146,-0.5886524511961323,-4.023718860119671,-0.12064025960454453,-0.14274810126687745,0.002018408202983642,0.09764161611475225
147,-2.665832647937041,-2.0552270864730606,-0.1205823747372746,-0.14284365172639912,0.03481450435125642,0.03526685731605093
148,-0.7364255762096255,-0.8381814494790554,-0.1205682693456254,-0.14287722581277834,0.003612193775402038,0.015888655588908108
149,-1.6653878624569807,-8.675597589377219,-0.12052863461508272,-0.14332095974124234,0.01173890211824227,0.46350299780899357
150,-1.0490826342733386,-0.8409186720323657,-0.12050900929003852,-0.1433489227029751,0.005945562770729697,0.016895245240146652
151,-1.8628915642083421,-1.6482728682522345,-0.1204722942134243,-0.14342242810900377,0.01887117711380617,0.0305003453679993
152,-3.10610120024461,-1.1718715815458973,-0.1204037203424861,-0.14347291425094405,0.04671570202367692,0.01904730870678632
153,-0.7701453497575098,-1.5598788477327863,-0.1203900915754316,-0.14354347784665325,0.00342970867011409,0.02669797531297525
154,-0.6860863458034194,-0.58732771950238,-0.1203776054239109,-0.14356465437632662,0.002383598261996957,0.01509618908125847
155,-3.834211813026531,-1.797650480628266,-0.12028691914654437,-0.14364861138311447,0.06537486119034262,0.03158426863390223
156,-4.5692749698709685,-1.9944786129872178,-0.12018453371811409,-0.1437382838570312,0.10478990951885558,0.03275401854549595
157,-5.730209465632405,-3.3574272908337184,-0.12004964436524129,-0.14389775599718993,0.1693639500072495,0.0824830972490746
158,-3.448762939854336,-3.188060913274349,-0.11996884508058032,-0.14405563733755705,0.05390106456641105,0.07676345812460847
159,-1.1387754030250725,-0.840117104627984,-0.11994674489613774,-0.14408426362046306,0.006738154557759427,0.018848273078540055
160,-1.594155813875093,-0.8015580840839555,-0.11991060411906247,-0.14411575118706005,0.011187005626325429,0.016127088811300948
161,-0.37241775121830556,-2.1514682128475657,-0.11990664895671536,-0.14421375654623594,0.0013293159976449107,0.0378666400482971
162,-0.7069359413163211,-2.3556068318797214,-0.11989360788250084,-0.14432942675780286,0.002478803349889246,0.04722833290540945
163,-4.567035812403985,-2.4042065359921536,-0.11978773085407118,-0.14444711976561295,0.09742313679117953,0.03822518103716988
164,-0.3867339759833637,-2.581070026390422,-0.11978158267200877,-0.14457150255509682,0.0014803685755743123,0.053022109327234196
165,-0.7872828166170593,-1.652089465264204,-0.11976838696673088,-0.1446504636572467,0.003203546216474872,0.026317708346557483
166,-1.5373058917455014,-0.53785349039178,-0.11973691897730893,-0.14466932246871772,0.012887917201971355,0.012880028386781725
167,-1.4878723183458598,-3.0410179752986717,-0.11970816150842763,-0.14481916145658041,0.00945075828279567,0.061651824824172655
168,-0.6807248472226853,-0.8568195400498899,-0.1196952802329774,-0.14485528477619705,0.002694439553864749,0.020437310512637436
169,-2.881732460033444,-1.7355654307771682,-0.11962612573309067,-0.14493750044463252,0.033960682088380545,0.032620245632058585
170,-2.336553515517846,-2.2295907868052547,-0.11957233460916339,-0.14503981104500088,0.02518431739578163,0.037935898987866985
171,-0.8591075982821842,-2.401674833030495,-0.11955671276693897,-0.14515280147227858,0.003847771038735187,0.04452646988693544
172,-4.878085753621132,-4.553837067293869,-0.11944022279561238,-0.14537520383792982,0.1275885258034563,0.1551989126972641
173,-1.8282322699681153,-4.025672833769851,-0.11939852909195046,-0.1455738733721039,0.013637560679848457,0.13490912432079974
174,-5.432101849209678,-2.495822411450792,-0.11927474772755656,-0.14568379928330635,0.1521803218542694,0.050594972605542916
175,-0.7598678161440343,-1.788075202346237,-0.11925968462729711,-0.14575991095107305,0.0031452468953247674,0.030032106214087088
176,-3.329115502064219,-3.645787478628451,-0.11918279040346831,-0.14593235758795464,0.055724694866755284,0.09903439828731289
177,-0.41730153152482746,-0.9093066967965094,-0.11917742699135025,-0.14597217404140742,0.0015193569952227446,0.01860160042462859
178,-4.839854758396289,-0.9341263400372527,-0.1190653221370572,-0.14601105561715594,0.09827674029060936,0.017313641339971948
179,-1.216199284845361,-1.1015278622292604,-0.1190386924200551,-0.14605836902588512,0.005982412321964661,0.021279937036918332
180,-1.3012232575542704,-2.1917716323729644,-0.11901354164419481,-0.146161568549185,0.007342562874311287,0.04104841181357511
181,-1.446553607359818,-0.5912950722305454,-0.11898168402259474,-0.1461795173520604,0.01205235683676506,0.014344960528137482
182,-0.9185884097854528,-2.3844698463835257,-0.11896354910985125,-0.1462924356340204,0.004035823426283175,0.04787799961967697
183,-1.4507861402283055,-2.2230254797404703,-0.11893351461954628,-0.14639766119270992,0.00878416776545857,0.03876267514758123
184,-0.6540059162016848,-1.248089532291918,-0.11892297460861485,-0.14645035875665852,0.002473523502348126,0.023018029306920335
185,-2.1816105171297706,-1.6028852815020291,-0.11887985304938972,-0.14652015680546845,0.029495249809910192,0.027594477589343188
186,-2.3612176068982262,-2.3113318728322185,-0.11883105875900156,-0.14663225938321192,0.028446749731441828,0.04236474589925265
187,-3.973358248869931,-5.836261976634097,-0.11873677151232892,-0.1469257463670285,0.06829862851131602,0.20405125380574765
188,-0.597399818596197,-2.172474118500674,-0.11872712091233649,-0.14702758109728345,0.002730330137844642,0.04401949967457848
189,-0.9985028836122272,-4.246693053075638,-0.11870776017597778,-0.14724007327874042,0.006391109215434932,0.11444002933033803
190,-1.0611041426690508,-1.3562073571578337,-0.11868724441087561,-0.1472945098718358,0.006208912833197392,0.026520231216243632
191,-4.825123457100555,-5.826090616551639,-0.11857508804587095,-0.14758315689552734,0.12824112611169736,0.2219886482032152
192,-0.9397922749454617,-1.305666112305595,-0.11855957228200145,-0.14763359505886445,0.0045078097930415385,0.02344667389230245
193,-1.5754499801214197,-6.119062695483742,-0.11852756291489613,-0.1479342958374861,0.012912042479768893,0.2316915271533186
194,-1.5921127524794036,-1.7552190328003516,-0.1184927326699879,-0.14801889502599183,0.011759721032401464,0.03014820059589343
195,-2.3247313313050912,-0.8735081880526057,-0.11844051884989844,-0.14804845176878534,0.026705784919269067,0.01814480024850715
196,-0.6080148821792084,-6.395619992647224,-0.11843008587384439,-0.14836976872215588,0.002226418374559661,0.25400091489509813
197,-0.7076031402773012,-2.1500586987119186,-0.11841831749802943,-0.1484713696945251,0.0025142404364588387,0.03760700461448023
198,-0.8425527750805916,-0.9225120501123918,-0.11840309332610914,-0.1485070506825468,0.003859175925317178,0.018516370618693274
199,-4.255435778365107,-1.4496966899638655,-0.11830933456026989,-0.14857230515229733,0.0988806157623171,0.025424204915479892
200,-0.7007287312719629,-0.7016590813719894,-0.11829734244809938,-0.14859971422562754,0.0031017193605062873,0.01312491501741429
201,-2.2676887162885175,-2.8634526885549176,-0.11824678378317062,-0.14873645422781245,0.021927135704741894,0.0696503175932749
202,-0.9595222199514406,-1.1164585996843335,-0.11822727361015958,-0.14878525370249118,0.005167344860980617,0.020714145251591865
203,-0.6475124811475009,-1.2802839236673547,-0.11821509291838324,-0.14884353747057322,0.0029758447131655245,0.02052517486653336
204,-4.247329725112312,-2.2625050506112077,-0.11811358756843164,-0.14895402217826842,0.08589298154048024,0.03491653348092593
205,-2.2293579984663765,-2.3516133652678026,-0.11806136875907573,-0.14906841975417637,0.023312771324350046,0.03989979757778041
206,-0.5639090997889663,-0.8549039185137416,-0.11805380384686907,-0.14910020207435523,0.0019491127741048811,0.0151827277970794
207,-0.7155875464935917,-0.6759307298106407,-0.11804081058108618,-0.14912592565430755,0.0026396329345603872,0.014749135607571302
208,-3.1044691789898615,-4.656201216979567,-0.1179680225811436,-0.1493459131744149,0.04689711780840494,0.1637795020682475
209,-2.6654768324318967,-1.0317570843008779,-0.11790814725597262,-0.14938132310523564,0.034894782176113796,0.020303626831695017
210,-0.6027510018815108,-0.692737596390655,-0.11789902811762867,-0.1494068277055045,0.002130539902558992,0.015073403764552502
211,-0.8667098952858499,-4.353071393294664,-0.11788147915633657,-0.14962217257373964,0.0038933864710096306,0.11885082483241063
212,-0.9766722105015979,-1.14118606718398,-0.11786240697442799,-0.14966569541940805,0.004801465331902984,0.017845882903418722
213,-1.9283709456351004,-3.22368533578387,-0.11782223204393572,-0.1498345175693152,0.01822489553536826,0.06882355490972658
214,-0.8195408900682739,-0.8592279419326152,-0.1178061867982599,-0.14987102897600618,0.0037374963247652523,0.01670052746329375
215,-5.116276938928704,-3.1953828377314575,-0.11768449620074978,-0.1500206196287959,0.1213152098593981,0.0854962650654481
216,-3.7908578257294168,-6.835655165271382,-0.11759441453070556,-0.15035701193628176,0.06589572316799917,0.3148136212352258
217,-0.6953376350655733,-1.5458552844773443,-0.11758103168655276,-0.15042682843706673,0.0033478653866726906,0.024782907017153893
218,-2.242450341237557,-14.348703183902611,-0.11753040772752826,-0.15114588484990965,0.024308693339658467,1.2999583838530266
219,-1.0498301500705096,-0.504850242233536,-0.1175075787472686,-0.15116165036748183,0.004957433823949661,0.012779915529244986
220,-1.712164441303118,-1.6580238717021452,-0.11747263309597183,-0.15123468520601638,0.01399160898386983,0.028790559387131653
221,-0.6163333058793038,-1.9876904114473146,-0.11746253622855629,-0.15132710927400939,0.00226759095549023,0.03455691030691162
222,-1.1196062527795791,-3.3928823687459913,-0.11743872954893769,-0.15149566588997454,0.005872371187230462,0.07032069192010643
223,-1.9362846147587895,-6.328619156863401,-0.11739167883032918,-0.15182024763077764,0.016119098678910277,0.21066270575834417
224,-1.0600620941591565,-3.349407157063509,-0.11737121009579941,-0.15198226128864986,0.005418862810336705,0.08161932280141822
225,-2.383831640109544,-3.4028774966519175,-0.11731653030863376,-0.15215283098882373,0.025424638456872622,0.08653145251178711
226,-1.743156931439189,-0.8764500354414752,-0.11727795982622781,-0.1521857534739312,0.013157004121558959,0.013246082457394339
227,-2.0070146124736135,-1.4517477363543487,-0.11723282680364586,-0.15225129367386628,0.01766842224097481,0.025821354763214347
228,-0.7054242395945702,-4.64813663119556,-0.11722232434570337,-0.15248435053662704,0.002121205351610013,0.16493623103043836
229,-0.5966860962051207,-0.9569946737531552,-0.11721413527746222,-0.15252325877631798,0.0020151053259034888,0.01590660436222147
230,-1.194737605162053,-0.6341291472035376,-0.11718803728254906,-0.15254333893548422,0.00676927034845562,0.01303843819939084
231,-0.5856515819054011,-3.8883446632056446,-0.11717930480352366,-0.15273748388416622,0.0022871483014069802,0.09124330795197692
232,-4.506852095263549,-3.1303214928099363,-0.11707763171592304,-0.15289060150914643,0.10897487979858106,0.06792477096100347
233,-2.3802634903959556,-1.440373313155856,-0.1170204298810799,-0.15295657558110068,0.023729039846670855,0.02492792855307534
234,-1.3222477838372884,-4.103755286373394,-0.11699011135525253,-0.15315693783648107,0.007881111089578754,0.12164480176585833
235,-0.6054666288356646,-3.5678582251060655,-0.11698111869423874,-0.15332360185021837,0.0023310171413747603,0.0987749891179089
236,-2.3548588305544635,-4.15550488432435,-0.1169300688294412,-0.1535225739307319,0.024645316163026725,0.11940011226458234
237,-1.5343238863661424,-8.261684083385,-0.11689791692906808,-0.15393480935208056,0.013434909538130573,0.40733698869198504
238,-0.6466782533425198,-0.7213915178622361,-0.11688618315315615,-0.15395658851543026,0.0022998397401930108,0.016170560961997423
239,-1.1896754135004117,-2.9850176395092225,-0.11686301824622349,-0.15410147970489702,0.007557524937280493,0.05889748962417654
240,-0.6639674737199543,-5.026172127277075,-0.11685219099647,-0.15434233817222184,0.0025511938492017933,0.1891493078775558
241,-0.7947869912221222,-0.7289240312904416,-0.11683707019924344,-0.15437029184118656,0.0032767692836373668,0.014441893772855768
242,-0.8268129233263416,-3.7906439563927865,-0.1168203670185682,-0.15455647898076097,0.003698462325049621,0.08825781663741512
243,-1.3889410123688322,-5.222092774381691,-0.11679030345559133,-0.15482776762164754,0.008588483986522365,0.17146612350344503
244,-0.8459960290802885,-0.8831346215782433,-0.11677527178669765,-0.154865673270056,0.00366430139166624,0.01358323481839843
245,-1.8763508195072487,-1.8726810240864582,-0.11673367622727578,-0.15495411210711021,0.015597221126180526,0.0339327253445342
246,-0.9151609911704073,-8.385590692263102,-0.11671516085064754,-0.15537173291061396,0.0042571929437484005,0.47840865199629473
247,-1.6693447578825695,-4.15118547181545,-0.11668368830330768,-0.15558100742679648,0.015483071775664404,0.11925021385082016
248,-3.008755214889899,-10.808683241469003,-0.11661753899707523,-0.15613764464079719,0.042654056057608684,0.711015515837623
249,-0.9734017569426762,-5.717106914439627,-0.11660109253565282,-0.15643172626635438,0.004920613496653808,0.18828342455172103
250,-0.7494887066728428,-1.6944479246585293,-0.11658729217583652,-0.15650835034790167,0.003113282356033312,0.026336607499503523
251,-1.2923201457727869,-10.340783336853447,-0.11656031190751742,-0.1570335257384845,0.008280059219221612,0.6882301592663879
252,-2.2234554863171896,-2.7569320705529563,-0.11650702373193945,-0.1571712355859369,0.020899967574994318,0.051982438639170014
253,-0.7792577169490217,-5.388894894496312,-0.11649227751813132,-0.1574322351257015,0.0030358778733158153,0.19374279076433576
254,-0.9500827382811793,-1.6037129852887528,-0.1164736938077683,-0.1575091940090898,0.004647472217788568,0.02563110133897529
255,-2.433211127489403,-1.368494727003542,-0.11642023178386522,-0.15756757175683114,0.03479750015320148,0.021882565901566977
256,-1.892053363588047,-5.44915488911834,-0.11637462668506338,-0.15783914635346685,0.017503820366546144,0.1771595609586732
257,-0.6486322976107247,-5.85667446926091,-0.11636440062330962,-0.15812512560494488,0.0022351323576594757,0.24760882677119095
258,-5.258864034569236,-0.7302900705692714,-0.1162463055101518,-0.1581497184230127,0.15472469904023708,0.014246871761451256
259,-1.6902677173495613,-13.769772154096028,-0.11620831545000972,-0.1588396439374897,0.012012349028473816,1.3331584659044642
260,-2.852115983128083,-3.8564794490997976,-0.11614315342967577,-0.15903050087062906,0.03944288705234375,0.09390134472263503
261,-1.0327726929932528,-4.7134421452522055,-0.11612166325151449,-0.15926632180827585,0.005046126894843079,0.1381591054541638
262,-0.6175108489017982,-0.7275952599778279,-0.11611095576704436,-0.15929023721322855,0.0023592537830778963,0.015501340252604598
263,-0.5902497874403204,-10.33428980805608,-0.11610284695777352,-0.1598096427471023,0.0025518953358486807,0.6704469770290045
264,-1.0959290905205008,-7.447391155074882,-0.11608049959139195,-0.16017916086711126,0.0057220580662230396,0.363929650082251
265,-0.47721433725044243,-7.825716886917173,-0.11607559229325046,-0.16057667048889981,0.0014785204826847644,0.40506879810632035
266,-1.0303773102112361,-11.874861917079055,-0.1160546366244959,-0.16117346056384788,0.006337555835584087,0.8437700352140851
267,-0.6001262171166778,-7.217964905238803,-0.11604570281498487,-0.16153780230581521,0.00251976153669387,0.3647059390480796
268,-3.444025108998539,-6.048161657350027,-0.11596664552084832,-0.16183500014427663,0.059826344119475953,0.24131175708244743
269,-0.7254413730757974,-1.8083107107612078,-0.11595353871548837,-0.1619174832214473,0.0029565869391618713,0.02814474395755841
270,-2.8724852397138605,-14.464490595134288,-0.11589035252958707,-0.162636974232275,0.039428954634643076,1.4210823088716773
271,-4.861064332769087,-2.489891312834734,-0.11577545785774433,-0.1627575316710894,0.13006587160416408,0.045615507570653656
272,-2.0598339294838937,-1.3088520311741185,-0.11573098164564614,-0.16281299381752676,0.020231216488619985,0.023110884524526736
273,-0.8306902334107256,-14.454823911374145,-0.11571839621455027,-0.16353553934378565,0.0030840570878940083,1.3998784675712017
274,-0.8336897252040297,-2.8579115567466884,-0.11570192928075503,-0.16365946601349274,0.0034594633898926246,0.07305516570295008
275,-1.608532227302946,-6.7933879701640985,-0.11566707476020081,-0.16398871339503546,0.012086169549675313,0.3270274088003479
276,-0.7039155394188688,-3.5190288904568416,-0.11565703744177078,-0.16415034178641155,0.0024425107553422663,0.09741005732104886
277,-0.8693746772927982,-1.6222712789741853,-0.11563823229011615,-0.16422146215857666,0.0042132607056031375,0.030670995427487566
278,-2.844879801530661,-6.486893157700684,-0.11557378073685344,-0.1645378249610453,0.03835100039200094,0.2962260040916691
279,-0.4800723200417983,-5.252318330554197,-0.11556690557817219,-0.16479352255552174,0.0018723489995531016,0.16705488056036993
280,-2.5071364679748838,-1.1368984025855333,-0.1155120494571458,-0.16484154274081655,0.028418925406477245,0.01756726067754334
281,-1.537656294126794,-5.80764928469527,-0.11547563204973425,-0.1651266431045576,0.011271836176315275,0.2239140033235761
282,-1.2285700650119797,-3.6723358555173564,-0.11545264856836532,-0.16529766929772394,0.006714651109217194,0.1044006567599556
283,-0.94029327863306,-2.298632222660608,-0.11543347563654317,-0.16540669069920674,0.004181082318042339,0.038512442256570086
284,-0.5776376364529471,-13.269065748763516,-0.115424345801347,-0.16606488560894034,0.0024200947996306293,1.3327656235620526
285,-0.8213364316533204,-1.73266009777679,-0.11540700264340771,-0.1661412296438621,0.0037630524307371038,0.025448249224096543
286,-1.2783906711569735,-12.645332992467463,-0.11537987585929049,-0.16677179859078028,0.007717390958222299,1.1422440531883689
287,-5.061178878580917,-7.016497179311868,-0.11525366600260356,-0.16712587587367878,0.12261385833121967,0.30181683351863847
288,-1.8606344286614305,-4.812810148346504,-0.11521058850430527,-0.16736381768816574,0.016468434718319,0.1336006749602582
289,-5.456393922723677,-6.18800610334089,-0.11508098301215973,-0.1676721864855029,0.1487087874906923,0.27605519136490586
290,-0.9239300048669739,-2.645304386471337,-0.11506416678504351,-0.1677942003190054,0.004300796315308965,0.059338529523763096
291,-0.4736032013025909,-2.7593624170309603,-0.11505836907045343,-0.16792000329380294,0.0015751804695582031,0.054462943443062996
292,-0.6093730218798102,-3.5320439780952038,-0.11504900370189454,-0.16809153466552787,0.0023531056001407204,0.0906529358616558
293,-0.7294782178569822,-2.2046967217409774,-0.11503621694165997,-0.16818615787966207,0.0030799731077803655,0.04325319192757855
294,-1.1711979032554043,-2.9584269706830684,-0.11501432770680181,-0.16833348177639956,0.006749302866149774,0.05612772674688262
295,-0.48853411621465376,-0.6528984124629372,-0.11500575363934551,-0.1683564135716656,0.001810672302923844,0.013886371375904549
296,-1.5366962496953938,-2.689223320270645,-0.11497244816035868,-0.1684861011755097,0.010761136548606325,0.050479695889478884
297,-0.891795141493378,-4.7564773931293045,-0.11495878351053507,-0.16870894194351452,0.003993633161679969,0.19425719013604742
298,-1.1846966953530191,-17.803807548672104,-0.11493209235377104,-0.16958724125758895,0.006902939579054225,2.292160001387816
299,-1.4910940913320092,-13.300292018323875,-0.11490242508765663,-0.1702446532743513,0.010274889498476119,1.3161673715411009
300,-0.8599509786364293,-0.9305448437579964,-0.1148867254085912,-0.1702782104358362,0.004000566630882775,0.01799258947117475
301,-1.5582356000205624,-4.9939262626023195,-0.11484930675854525,-0.17052024238061259,0.011703470800411795,0.16969028943873232
302,-0.5829250885115546,-3.185860663289068,-0.11483741508855617,-0.17067975990548687,0.002576351121844937,0.07137320072990072
303,-1.4617115477378113,-2.7010830472908647,-0.11480250417937715,-0.17080434609068915,0.010527273538763331,0.06401315005067867
304,-0.7346659772563385,-0.7710181764014448,-0.11479181565632988,-0.17082752879998414,0.0034568602826364732,0.015871350001897322
305,-5.27040743635255,-3.092287723176312,-0.11466921562001893,-0.17097062073019936,0.1441780850466949,0.070690821758764
306,-1.6541031245712672,-1.708377126911555,-0.11463130756105619,-0.17105345438372216,0.013096849508619557,0.026476036578632237
307,-2.359236857569287,-6.279976484819767,-0.11457566447398955,-0.17136204694716517,0.025110492626565374,0.22954274787219808
308,-2.0069769928922496,-11.555459412131214,-0.11453098953273547,-0.17192031506686997,0.019936540782611086,0.9905774285991679
309,-1.196757294287815,-9.52454364951362,-0.11450249494081732,-0.17240808309025352,0.006564111828399312,0.5903982920380184
310,-3.938603726427447,-4.806951150784455,-0.11441267382461381,-0.17263883131788346,0.07748380854402334,0.16104942926924326
311,-1.1089305044826898,-2.14312421843012,-0.11439203350724506,-0.17274408827596657,0.0056820974175879994,0.035455018058553056
312,-1.4554033144502772,-4.356588679697658,-0.11436431710004266,-0.17296322967697805,0.010562656512723275,0.11028331929544434
313,-0.6439912249720785,-1.430312158496957,-0.11435484823231515,-0.17303263729318055,0.0024476834042177677,0.023837572240446792
314,-1.0239083081578804,-1.9953433516210404,-0.1143335704590057,-0.17312472689470904,0.0050100551276816285,0.03486284029848366
315,-0.5485089389445287,-7.897395136734812,-0.11432461083403588,-0.17352022873668577,0.001685069013296567,0.4063669455535687
316,-1.6706403974963848,-1.5764521691578206,-0.11428961173128618,-0.17358531244938577,0.013208180811775746,0.03188733074461464
317,-1.103730636158577,-10.133665798968154,-0.11426555131728615,-0.17408087688822754,0.005359348968258887,0.7549558303265345
318,-0.6406078223166114,-7.32915443506966,-0.1142546263654874,-0.1744191596737559,0.002683462579583556,0.5385286698355302
319,-1.816334856320921,-14.172816644881172,-0.11421683319922211,-0.1751064785826198,0.015746115930961264,1.7895634361130077
320,-0.8579834298916058,-5.220586946451393,-0.11420152331019984,-0.17535074177897075,0.003989718908147227,0.23373380986779077
321,-2.2775365825604976,-21.99953147591235,-0.11415109867179796,-0.17643161562270232,0.02850191558195139,4.113283571068463
322,-0.5792122203362576,-4.367600402988471,-0.1141424453238323,-0.17664158181631326,0.002127211650837995,0.12965787643310858
323,-0.6495213109686759,-10.496860250983296,-0.11413199995118721,-0.1771409899367077,0.00284635789678008,0.9680471404531645
324,-1.0399392155325982,-2.6354645781954398,-0.11411065432302983,-0.17726350315318762,0.005836203541157474,0.0568516082804755
325,-0.6924904176308515,-0.8255474543995005,-0.11409836292710807,-0.1772951472258544,0.0025388331511149156,0.015120205975714314
326,-0.6425149355451061,-5.988800388346878,-0.11408894054770019,-0.17757064921320123,0.002363458789278029,0.28702558491018204
327,-0.8553192996881351,-0.9588565145880743,-0.11407364865068637,-0.17761169508909133,0.004087312854363646,0.01928007724208547
328,-1.0052946702411856,-14.003053192940897,-0.11405446590430154,-0.17827635411477638,0.005144175973251803,1.9250957143445988
329,-1.0468681120565675,-1.6754965858601227,-0.1140332858152512,-0.1783488729389645,0.005420218754123536,0.03474129006506282
330,-0.5814641598638868,-12.85716510324574,-0.11402593818803555,-0.17897314965637554,0.0019144142111129547,1.35297925813949
331,-0.7908730812021051,-9.173255677827656,-0.11400923683916557,-0.17942695213754983,0.0035266527232846252,0.6509727039226452
332,-2.0424013011339937,-7.98307691730891,-0.11396284963722306,-0.17980732460632215,0.017632309384961457,0.5279875425568682
333,-1.112478225791064,-2.327277752959059,-0.11394042064043686,-0.17991632553920658,0.006406777210087772,0.04551688620307232
334,-0.7986336200127938,-4.122628403011218,-0.11392574187091657,-0.180112308900602,0.0035969104518170313,0.13760713300468175
335,-2.15432552802317,-11.6577575538842,-0.11387667204219354,-0.18069009823892312,0.02228872375556977,1.0389088275305376
336,-1.1559582266315478,-0.854457424327634,-0.11385351854424361,-0.18072505148444265,0.006390260734039815,0.015236792835952126
337,-0.5912953052540785,-13.347951002945589,-0.11384591015353807,-0.18139502117541326,0.0020911881055997996,1.2540924093415553
338,-0.8982858223207423,-6.483743907014933,-0.11382800615726735,-0.18170234661526266,0.003994379590015081,0.3926978373998871
339,-1.7479767626663343,-2.6955710844189116,-0.11378920364798617,-0.18183144283431496,0.013372483119775971,0.05985402358891799
340,-0.45306693288022537,-1.159249416448251,-0.11378268506291861,-0.18187991475237736,0.0017421859286966277,0.02129270427610336
341,-1.0659160424845067,-3.5439092647754205,-0.11376082934329981,-0.1820462861011936,0.005182108237186432,0.09148326576263789
342,-0.8500384438248814,-15.902116038483415,-0.11374535722806965,-0.18283347707297767,0.003815154043657323,1.8837766528495086
343,-3.9754083555410897,-4.738786740201051,-0.11365667405356498,-0.18306067979487595,0.08806534830198799,0.1575601436853267
344,-0.8698612618664214,-8.439442848093549,-0.11364087228386555,-0.183480197367398,0.003927612253654564,0.510665980979764
345,-0.9641252833752685,-3.2361111932771647,-0.1136232545844623,-0.18363131801834517,0.003756295267494265,0.08747779428790416
346,-0.822912768019246,-9.348566887204452,-0.11360823320094025,-0.18409094925570396,0.003692576969843262,0.7681103569621455
347,-1.0899998526651067,-6.735816914926876,-0.1135867944095494,-0.18441749006194444,0.005800044069865734,0.4032556036235302
348,-0.48542275429443754,-3.800712300605834,-0.1135796886487861,-0.18459868532887105,0.0015677041817426577,0.1144335541873251
349,-0.4933089461745914,-5.240916272543216,-0.11357353308468127,-0.1848459890538823,0.0018529085513124498,0.2318251279113151
350,-0.7089650633989277,-1.8923804962300705,-0.11356037988792178,-0.18492798185190176,0.0024047442100190767,0.03285348493054296
351,-2.951890089045729,-2.117223000225994,-0.1134940018519592,-0.18502769104969943,0.045843910695476754,0.041697668587325175
352,-0.7226653403770076,-5.4024407999209245,-0.11348046420023596,-0.18527890660795052,0.0033461391422748353,0.26709713153784237
353,-0.45755304614518694,-12.587961041759737,-0.113473929970608,-0.1858863285765752,0.0012981404897891527,1.446706722769857
354,-1.2126934696038303,-16.960232246797062,-0.11344799856088432,-0.18671128981897708,0.006423137657270974,2.6416505277992117
355,-1.163043975742657,-13.895548499407438,-0.11342438705723672,-0.18738257850591597,0.00679866257662375,1.7457046577889284
356,-4.735928352864527,-15.932135001224097,-0.11331849980177221,-0.18815319023058485,0.12289862358679599,2.35162710105158
357,-1.8501840723328262,-4.22377583603747,-0.11327870711598845,-0.1883493933731243,0.014771042439722956,0.15659503933725286
358,-0.8880371670051815,-19.19549416009791,-0.11326048520090301,-0.18927509573244225,0.003943275131960029,3.5008272152531448
359,-0.8934792321141555,-22.544069858577245,-0.11324495628700035,-0.19033853445431495,0.004056714846154608,5.818491629816397
360,-0.6885678563366843,-3.7104601678544595,-0.11323176863664804,-0.19051392220044444,0.0025525215056453523,0.12533124886771627
361,-0.3692650589521519,-3.189209451873188,-0.11322779887768429,-0.19066043179387662,0.0014868436548655763,0.12078649520388171
362,-1.7852657431334449,-0.631852839857116,-0.11318841771700856,-0.1906805724629267,0.015326001168362738,0.01585505639426453
363,-3.6688359903549834,-5.042854215919598,-0.11310498334565378,-0.19091539329523052,0.07008019508058291,0.26960198691868575
364,-0.4714467346175458,-4.661040105232517,-0.11309923124656532,-0.19114313214027642,0.0014616018689297958,0.20464158244274805
365,-0.6124751117250147,-9.205341512234723,-0.1130895672622192,-0.19158986686848906,0.002800609349850814,0.9006148271873056
366,-0.9184935851034776,-9.833627997662806,-0.11307474807139237,-0.19205455138807423,0.003637119421750933,0.9996228553286381
367,-4.117360805094015,-22.31216692252363,-0.1129807281654206,-0.19310818029146679,0.08881483195505813,5.9032328060514585
368,-0.7085005781470993,-10.797002327835374,-0.11296730863273655,-0.1936195616133572,0.002705658083601882,1.4086664524962125
369,-0.9480900397751406,-2.1231300422768484,-0.11294697743026375,-0.19371493602249282,0.004181935495040008,0.06151833697194363
370,-2.219329118070632,-18.325566894594914,-0.11289464245464713,-0.19458958725079492,0.022568004741571546,3.583359116590508
371,-2.1364849929380787,-2.4528830903841587,-0.11284751162952955,-0.19470571858248256,0.02133032053839369,0.07192639351324678
372,-1.1257923317189962,-0.9943503584054856,-0.11282241446601998,-0.1947417270693902,0.005659298544399887,0.02348359959767445
373,-1.1348773784840378,-6.184291180460573,-0.1127990256807587,-0.19504416034930025,0.006723535620118459,0.393689045156546
374,-5.950969683107538,-7.66058308770099,-0.11265975444123268,-0.19541466971709953,0.1788590186440655,0.5840146644590143
375,-2.27783094996069,-2.339487472235641,-0.1126080044693818,-0.19552671345037395,0.02346513654612033,0.05499610216535267
376,-0.4404166662844202,-1.6016648801299715,-0.11260272905369022,-0.19559561437448209,0.0014586892143546644,0.047144931006000645
377,-0.8370789874520623,-3.8206509175795302,-0.11258799196537266,-0.19578056156293344,0.0036354063758434383,0.11339168480992298
378,-1.5339863458292016,-34.05177685905016,-0.11255567571833631,-0.19741227148228524,0.00953729877256335,13.772452340015276
379,-2.5137183558559317,-13.477713720816451,-0.11249976793299558,-0.19805111827063876,0.033324134542268284,2.3077258495258515
380,-0.524527294351088,-17.845504248058194,-0.1124935483948483,-0.1988843510386118,0.0016538308426884067,4.366860444044453
381,-2.6336324924813734,-1.3111527733292387,-0.11243538704612825,-0.19894172507800412,0.03277761411521426,0.033431442986322696
382,-2.470732404375413,-19.388125355831367,-0.1123765721874191,-0.19988747541378962,0.025405429760223707,4.236009456634429
383,-0.4186259395765278,-24.295751843756225,-0.11237260915200144,-0.20104851944864122,0.0014522085176499992,8.201129394881777
384,-0.6509078842899678,-6.21674544883743,-0.1123630658688198,-0.20133500806951155,0.0025493664655963015,0.6336798845668603
385,-5.242693666673633,-23.113027826715395,-0.1122350540385562,-0.2023991006609635,0.1251574391112219,9.460522510964212
386,-0.7473616788631557,-8.960057158568915,-0.11222184998278091,-0.20283571368639006,0.0026390784123298664,1.0783294986314298
387,-0.42014824605816214,-16.2349018906254,-0.11221613607914127,-0.2035965875411968,0.0015522072169718826,4.387678530925724
388,-0.7077408060573741,-1.3323700164625647,-0.1122051244865673,-0.20365571347837141,0.002336765773425875,0.04765943190071211
389,-0.7520840859687985,-16.443012993437872,-0.1121935352326165,-0.20441497791033472,0.002721874574699493,5.1532592221188995
390,-1.8117003274739505,-34.339647909832976,-0.11215296297338266,-0.20603302099293835,0.019187450348197976,20.869348417367224
391,-3.4805102028905055,-2.4413929830909082,-0.11207455164904656,-0.20614355642896295,0.07958228318913109,0.2356410839247364
392,-1.6427615004688851,-1.6108463687142553,-0.11203746594617786,-0.2062125714831942,0.011911205010104606,0.11494795711335427
393,-2.4902718349201503,-6.3772986191812,-0.11198212169458527,-0.20651206674294212,0.02854766370594994,1.2277840513636042
394,-2.047661123000331,-17.369269363535885,-0.11193737703351349,-0.20733513447554586,0.01796243322177079,7.409969536764344
395,-1.0352776676611297,-9.860194700300095,-0.11191486263908734,-0.20779117649546258,0.0055526400644446685,2.9023068484254386
396,-2.3027137982567343,-15.864267572635079,-0.11186797484092315,-0.2085244009946129,0.02786558480959306,6.4934895240563915
397,-4.732914271839147,-4.836036915837485,-0.11175114158873864,-0.20875410063970168,0.1071307190282654,0.8020965098853253
398,-0.5815412541885328,-12.360878751421158,-0.11174206264623286,-0.20933450308567753,0.0018385701232884908,3.907822515566255
399,-1.1129324385385717,-33.27701647212612,-0.11172061960583579,-0.21090004265345252,0.006716332319078921,27.787443572245028
400,-2.8387766402060577,-11.04054947483013,-0.11166082351163943,-0.2113869128653631,0.04372312000539103,6.705737060443452
401,-1.7197915425503048,-19.566957226001787,-0.11162498509928033,-0.21230672959615965,0.013508668771048962,14.867361276934103
402,-2.3427088427695124,-6.465112113652381,-0.11156741055968039,-0.21259670746320958,0.023397377838645587,3.4282132494328827
403,-1.172967839465739,-17.7247945557937,-0.11154307838187599,-0.21343143519271426,0.006796212331571934,15.017674538952816
404,-3.5750166896599715,-19.313985171384118,-0.11146103138239313,-0.21433177220387029,0.056549990371169916,21.55722153628377
405,-3.8457922376484692,-7.23871512670363,-0.11136816909885855,-0.21466747378862241,0.0705729190736597,5.467768525548831
406,-2.5181798684615497,-13.908508982689849,-0.11130946168710247,-0.21530725604250422,0.028310567129045543,17.882253279507466
407,-1.6438471340170195,-11.177305736793247,-0.11127396212815478,-0.2158146293471234,0.011609753991123883,12.924275510643248
408,-1.8897178510209705,-7.166693720417083,-0.11123020347922362,-0.2161455832484632,0.01772734599731086,7.982656041113877
409,-1.0558800438092457,-13.825811031788147,-0.11120850795906825,-0.21678757060348522,0.0051089110702083424,18.447847427735777
410,-0.8619568497216108,-10.310770326448052,-0.11119242364840963,-0.21725192702355442,0.0038509360499153033,17.459867352107878
411,-0.47944138546262405,-16.648445660772317,-0.11118617258011292,-0.2180144369427465,0.0016286009095999561,35.02030930895204
412,-0.8842654383211682,-8.745189999014046,-0.11116796153008324,-0.21838015668124316,0.004134765829185556,23.921623581480528
413,-3.7885526379327747,-72.31993423301134,-0.11107972274393832,-0.22167981147230015,0.06783572119175729,802.5686395912243
414,-2.0708388967202995,-5.323689831819273,-0.11104163387991514,-0.22191262861433683,0.02715006168177629,4193.064530306235
415,-1.494875628052157,-6.03010096462804,-0.11100747311800083,-0.22219238534323837,0.0104614878690776,28160.757676569196
416,-1.0701126601922446,-2.3893549565901115,-0.11098488648626924,-0.22230256086693326,0.005646707105997998,260368.49708675282
417,-0.6359500918542433,-24.776618275976126,-0.11097607574404507,-0.22364073828857425,0.002469285827866939,84604572.46592283
418,-1.190922954160007,-65.15133301277046,-0.11095028732862168,-0.15851033327544142,0.007008453618845854,3.3717733077441885e+27
419,-0.6678173455735337,nan,-0.11093869800170475,nan,0.0028114563286688256,nan
420,-2.101656797293508,nan,-0.11089184605928744,nan,0.0192721046116491,nan
421,-0.5551463024914121,nan,-0.11088356384547117,nan,0.0018458993261948136,nan
422,-0.843143998693611,nan,-0.1108681031785451,nan,0.003493947520635804,nan
423,-5.816161983715043,nan,-0.11072529513650015,nan,0.1645807703385928,nan
424,-0.9740358761584518,nan,-0.11070637496030444,nan,0.005292538071714278,nan
425,-0.6411654727812126,nan,-0.11069710096305732,nan,0.002499810481939627,nan
426,-0.47674950584002296,nan,-0.1106898784196275,nan,0.001564896221652799,nan
427,-2.3561851062381063,nan,-0.11063430752994614,nan,0.02325041808199567,nan
428,-1.3534497158400955,nan,-0.1106052956929229,nan,0.009784301508545874,nan
429,-0.8424024359419368,nan,-0.11059085912289363,nan,0.003404374370140422,nan
430,-0.9595605616598567,nan,-0.11057324238163996,nan,0.004476771800004749,nan
431,-1.3850721067666214,nan,-0.11054612939104567,nan,0.009041316023510092,nan
432,-1.4151952341091312,nan,-0.1105163835309533,nan,0.009105109974523906,nan
433,-1.0772556020709807,nan,-0.11049428578320099,nan,0.0050428226464807385,nan
434,-1.160879833303793,nan,-0.11047281219382793,nan,0.008244634339870608,nan
435,-2.097519745551761,nan,-0.11042791654616727,nan,0.019798852810602983,nan
436,-0.7916601727086736,nan,-0.11041301291516739,nan,0.003130704953125048,nan
437,-1.968465356284411,nan,-0.1103703929371078,nan,0.018707664751724598,nan
438,-0.6130424862223185,nan,-0.11035952772521156,nan,0.002539649101626637,nan
439,-1.267609298313446,nan,-0.11033348933573885,nan,0.008370086154684188,nan
440,-0.9072657640511479,nan,-0.1103150535613514,nan,0.004105467474206069,nan
441,-0.809567288509163,nan,-0.11029966194910235,nan,0.004146480784020566,nan
442,-1.7049411837377941,nan,-0.11026563842950608,nan,0.01447673361355286,nan
443,-3.0883157513037336,nan,-0.11019197773574743,nan,0.044057438865385525,nan
444,-1.442916248337685,nan,-0.11016103182991872,nan,0.009271176087288842,nan
445,-2.661249960610167,nan,-0.1100999229595249,nan,0.03554111761047693,nan
446,-3.478616113511579,nan,-0.11002034561918168,nan,0.05924256939329267,nan
447,-1.2000936951351877,nan,-0.10999705979067574,nan,0.008161372298841197,nan
448,-4.117993586885364,nan,-0.1098964881133603,nan,0.08280683490446178,nan
449,-0.5614162827964003,nan,-0.10988950442282977,nan,0.0022197956471238334,nan
450,-6.08174602741316,nan,-0.10975041142108068,nan,0.1993058051439036,nan
451,-0.9788364920414165,nan,-0.10973005168449271,nan,0.004689187513131996,nan
452,-1.5351512783214425,nan,-0.10969562914844015,nan,0.010377766756652257,nan
453,-1.2738489836457971,nan,-0.1096671521181863,nan,0.007619329034372016,nan
454,-0.7791476792854259,nan,-0.10965326913796687,nan,0.0029815130205358598,nan
455,-1.9051437385291516,nan,-0.10960880961705181,nan,0.01739695065238642,nan
456,-0.5993620232303091,nan,-0.10959887143778434,nan,0.003297170316871765,nan
457,-1.1242983201641115,nan,-0.10957554192197629,nan,0.005862012638684236,nan
458,-1.7839678489180382,nan,-0.10953313872809892,nan,0.012943055610995464,nan
459,-1.6081540137746688,nan,-0.10949895725665912,nan,0.011356718164461748,nan
460,-0.6473890116978507,nan,-0.1094905255226721,nan,0.0020327320006084033,nan
461,-0.8126056011694818,nan,-0.10947592499973048,nan,0.003627295579611115,nan
462,-1.5002903043550695,nan,-0.10944357404210277,nan,0.011019544870373809,nan
463,-2.779300429783004,nan,-0.10938140094298696,nan,0.03567895749334937,nan
464,-0.5549827989498634,nan,-0.10937163427959863,nan,0.0024156718168107777,nan
465,-0.9942809111571158,nan,-0.10935221355891696,nan,0.004881653380238802,nan
466,-0.7801138765511149,nan,-0.10934129521294779,nan,0.004126750190077132,nan
467,-0.47329455504123485,nan,-0.10933470382053043,nan,0.0020318975210882875,nan
468,-3.9807478350219796,nan,-0.10923646283656756,nan,0.06936612329415184,nan
469,-0.6596301131759368,nan,-0.1092287957859788,nan,0.0031556169797161745,nan
470,-0.9649401206275895,nan,-0.10920748307879567,nan,0.0057079940255654335,nan
471,-3.4585585615299816,nan,-0.10912842230600497,nan,0.05881301779764311,nan
472,-1.2277816580072545,nan,-0.10910475653090464,nan,0.007734545549080127,nan
473,-0.4663350567241413,nan,-0.10909692474560201,nan,0.0014303865873096697,nan
474,-0.6035491894869117,nan,-0.10908686312644131,nan,0.0020818668292119664,nan
475,-1.2660052857851698,nan,-0.10906340817394541,nan,0.00789211194909234,nan
476,-0.9787178869198605,nan,-0.10904416709422385,nan,0.0058375412316864494,nan
477,-3.901600707552583,nan,-0.10895267594867461,nan,0.07167671466364214,nan
478,-1.409149927508046,nan,-0.10892187572984852,nan,0.00888781722735854,nan
479,-2.9995936518778903,nan,-0.108855328754232,nan,0.055656100385280086,nan
480,-0.6129439418165414,nan,-0.10884658474313728,nan,0.0023485344084044823,nan
481,-0.4895698869920535,nan,-0.10883997672062709,nan,0.0016321376060277593,nan
482,-1.593831894223727,nan,-0.10880310620253307,nan,0.011427708023645922,nan
483,-0.896719812539146,nan,-0.10878520269115494,nan,0.003980453634840299,nan
484,-2.0180680374680113,nan,-0.10874237114080611,nan,0.0220470103908464,nan
485,-1.6620143765575126,nan,-0.1087055308176259,nan,0.012007659872748962,nan
486,-2.4836836925238446,nan,-0.10864771721240524,nan,0.026305225529202673,nan
487,-2.458754558910229,nan,-0.10859373936866967,nan,0.03130186004864836,nan
488,-1.5392363869078562,nan,-0.10856509303866316,nan,0.011004031659493086,nan
489,-1.2026259808020363,nan,-0.10854307615275917,nan,0.007367662481826048,nan
490,-1.2080030122245267,nan,-0.1085168074449765,nan,0.00812295668944199,nan
491,-1.58867592776139,nan,-0.10848539221441268,nan,0.012643466997363411,nan
492,-0.7909973375601751,nan,-0.10847222745200036,nan,0.0031677420997989576,nan
493,-1.334789210292326,nan,-0.10844611970551347,nan,0.009813397093434376,nan
494,-1.3561359967555124,nan,-0.10841423969084048,nan,0.008479481905297884,nan
495,-0.9287403238094282,nan,-0.10839488054962089,nan,0.004098243261994578,nan
496,-1.421089770698422,nan,-0.10836434908568636,nan,0.00928498195963416,nan
497,-0.6948815200090016,nan,-0.10835257290724595,nan,0.002936729315959192,nan
498,-2.9235164210592104,nan,-0.1082844703781138,nan,0.0452313445853136,nan
499,-1.0125026743924352,nan,-0.10826408314319083,nan,0.004660681040571439,nan
500,-1.1184130021283378,nan,-0.10823988771067196,nan,0.00664565275020035,nan
501,-0.4631545150086812,nan,-0.10823397302962257,nan,0.0015552537717155744,nan
502,-1.061874004438589,nan,-0.10821203085458404,nan,0.0054640820502885904,nan
503,-0.686142103345641,nan,-0.10820172651681083,nan,0.0029264211949912872,nan
504,-1.3868500382720894,nan,-0.1081713745117289,nan,0.009525275271113309,nan
505,-2.963021958391753,nan,-0.10810500603514403,nan,0.04439706521608399,nan
506,-1.2954345890155419,nan,-0.10807611687613809,nan,0.007949109874279756,nan
507,-0.9345183947599147,nan,-0.10805777378218084,nan,0.004484102765112268,nan
508,-1.2516370206181464,nan,-0.10802972438136506,nan,0.0076198681652422,nan
509,-0.747025252727917,nan,-0.10801674428245366,nan,0.00338904311877914,nan
510,-0.5240488117501699,nan,-0.10801047309953982,nan,0.0017513456227524805,nan
511,-1.7299487432263443,nan,-0.10797139074757453,nan,0.013761703105032618,nan
512,-1.7070799693689,nan,-0.10793217720564455,nan,0.013807018695674425,nan
513,-0.7207352139562009,nan,-0.10792063997501654,nan,0.0031269763544191937,nan
514,-0.9174652490149838,nan,-0.10790125776005045,nan,0.004192630341154962,nan
515,-0.5459575154696458,nan,-0.10789188416266675,nan,0.002240624297447182,nan
516,-0.5612679632820741,nan,-0.10788475178786944,nan,0.0023456914931906155,nan
517,-3.478745192629257,nan,-0.10780711642756897,nan,0.0645878211962575,nan
518,-1.3900243398373904,nan,-0.10777620263763907,nan,0.009645762895866671,nan
519,-1.3812189548546776,nan,-0.10775120181224579,nan,0.00904210973458395,nan
520,-0.875789672282758,nan,-0.10773364906447731,nan,0.0042000987323096515,nan
521,-3.260773187954311,nan,-0.1076557422614181,nan,0.04935157326441399,nan
522,-1.467239462438699,nan,-0.1076242165110086,nan,0.010401188591469544,nan
523,-0.8082893798775167,nan,-0.10760777786484224,nan,0.0037126975564455446,nan
524,-1.8019039677457955,nan,-0.10756862062186244,nan,0.013132415121310885,nan
525,-0.6625052839093554,nan,-0.10755701544852876,nan,0.0028848486498611395,nan
526,-1.1740680554391811,nan,-0.10753362769283661,nan,0.006703784097681393,nan
527,-1.6039283680466823,nan,-0.10750031580314387,nan,0.01118227668599286,nan
528,-0.9297390815414387,nan,-0.10748375157491584,nan,0.00438396213301996,nan
529,-0.630521805421664,nan,-0.10747291952663583,nan,0.0033659273691518457,nan
530,-0.7190011852066555,nan,-0.10746128250782788,nan,0.0028090806160937848,nan
531,-1.2715761638379257,nan,-0.10743308533510361,nan,0.008767663144421416,nan
532,-0.48109899592838024,nan,-0.10742533078009851,nan,0.0018714499482259932,nan
533,-2.333108309293767,nan,-0.10737138532290884,nan,0.02405429184354566,nan
534,-0.48059663100491606,nan,-0.10736407002732772,nan,0.0015039789517029738,nan
535,-0.7309767841826219,nan,-0.10734932046767882,nan,0.002863543314257723,nan
536,-2.571245949039565,nan,-0.10729261801332099,nan,0.03499241074542017,nan
537,-0.5126173162738996,nan,-0.10728671483475487,nan,0.001993084446209814,nan
538,-2.5208556112803615,nan,-0.1072285004579409,nan,0.027361129636331444,nan
539,-0.676981393508119,nan,-0.1072171558457576,nan,0.002525732767393863,nan
540,-1.9869567434759077,nan,-0.10717868461437667,nan,0.023462351983629587,nan
541,-1.0098165740583835,nan,-0.10715736641289195,nan,0.005315777218350519,nan
542,-3.016912359014762,nan,-0.10708337300294779,nan,0.03795275439526129,nan
543,-0.5570795726874158,nan,-0.10707518846076568,nan,0.001663125643646828,nan
544,-0.41588509209124935,nan,-0.10706993182394953,nan,0.0014404244071650704,nan
545,-1.0957509439390845,nan,-0.1070495913268636,nan,0.005378211577569082,nan
546,-0.43173814717579956,nan,-0.10704278289130742,nan,0.001493120330695982,nan
547,-0.8281716265717848,nan,-0.10702937123238222,nan,0.0038197542676802394,nan
548,-0.9718487052960102,nan,-0.10701177402211229,nan,0.004524058092502256,nan
549,-1.1691074006837439,nan,-0.10698492186318272,nan,0.0065756081382364615,nan
550,-0.41591167109920507,nan,-0.10697964248192214,nan,0.0017091911182137768,nan
551,-0.6124184897680737,nan,-0.1069721146004668,nan,0.0022578669498797225,nan
552,-0.6544987590458022,nan,-0.10696264862634021,nan,0.002730062428215106,nan
553,-0.6024765977592919,nan,-0.10695245054744296,nan,0.0020620337339820037,nan
554,-1.644147657781721,nan,-0.10691607679705724,nan,0.011544525659081492,nan
555,-1.7966951678592575,nan,-0.10687777081156499,nan,0.013623170550459099,nan
556,-0.9028852735144007,nan,-0.10686203711205554,nan,0.0036840799676990236,nan
557,-1.048541708949555,nan,-0.1068402747237538,nan,0.004991129864699202,nan
558,-0.9779948191473813,nan,-0.10682355493536334,nan,0.005934905955121063,nan
559,-2.6596615879789733,nan,-0.10676125531713802,nan,0.0394176940623301,nan
560,-1.360804965536412,nan,-0.10673245810308518,nan,0.008384543751047708,nan
561,-2.236823750596801,nan,-0.10668155880853208,nan,0.02304539095474844,nan
562,-1.427028145889341,nan,-0.10665105124051442,nan,0.009716202038031528,nan
563,-1.2904054172574315,nan,-0.10662538316366024,nan,0.007368732834012877,nan
564,-2.739807706329022,nan,-0.10655923638266898,nan,0.03390618731475758,nan
565,-2.289442541292475,nan,-0.10650817402192016,nan,0.030203108914220057,nan
566,-1.4664042885837367,nan,-0.1064782974966249,nan,0.009335388328173523,nan
567,-0.6195503777665463,nan,-0.10646837188933145,nan,0.001935604896631382,nan
568,-0.6804090464068815,nan,-0.10645769532789603,nan,0.0027682326851631504,nan
569,-1.1720478618134569,nan,-0.1064325493701999,nan,0.00672939427809363,nan
570,-2.1520842507842866,nan,-0.10638435990304226,nan,0.02169334278463159,nan
571,-1.618316401830342,nan,-0.10635117301810296,nan,0.011635706160127676,nan
572,-2.362164588726943,nan,-0.10629968128162855,nan,0.026922571487086096,nan
573,-1.867133425360988,nan,-0.10626565986459452,nan,0.020413252881639952,nan
574,-3.484439897386743,nan,-0.10618064567180496,nan,0.05760650415642361,nan
575,-3.2551314266286653,nan,-0.10610290540919842,nan,0.047318193644181925,nan
576,-2.510950219009255,nan,-0.10604725304388295,nan,0.03204876507208774,nan
577,-2.248166626839614,nan,-0.10599500260957125,nan,0.02142877753502381,nan
578,-0.8987947320179541,nan,-0.10597718092893672,nan,0.005216996321740278,nan
579,-1.3063528853482111,nan,-0.10595234694981369,nan,0.008545957235286545,nan
580,-2.2892395429447268,nan,-0.10590030927968672,nan,0.029208663563996165,nan
581,-2.9315829874881962,nan,-0.10583386769014726,nan,0.03819264463422925,nan
582,-0.5395342672639158,nan,-0.10582572265825327,nan,0.0018928303751446908,nan
583,-0.8241393157280648,nan,-0.10580969580049492,nan,0.003507880964133685,nan
584,-1.16373942446142,nan,-0.10578728493146312,nan,0.007898935854480232,nan
585,-0.5099656054555443,nan,-0.10578015112895205,nan,0.0019471258694103797,nan
586,-0.664386987158686,nan,-0.10576836440135233,nan,0.0028060748982149677,nan
587,-2.288664628387975,nan,-0.1057152051719107,nan,0.02156026275612485,nan
588,-3.721419696928475,nan,-0.10562410452345282,nan,0.06583908362017633,nan
589,-1.2834092184168493,nan,-0.10559804517860724,nan,0.007515094689535203,nan
590,-0.8627971967784298,nan,-0.10557924691539665,nan,0.0038417510884696956,nan
591,-1.1674140931113057,nan,-0.10555364456667778,nan,0.00599514439104079,nan
592,-2.6028278073250846,nan,-0.10549403677286602,nan,0.0356213578073081,nan
593,-0.8004227246582805,nan,-0.10548244327057985,nan,0.0033620232817617684,nan
594,-0.8276522957962834,nan,-0.10546856660288609,nan,0.0032051916952424357,nan
595,-0.39395496059747215,nan,-0.10546379301063165,nan,0.0012751193555211576,nan
596,-0.8422010650467807,nan,-0.10544772887926573,nan,0.004585612177602894,nan
597,-1.0727754036684365,nan,-0.10542292733853456,nan,0.005212194301123496,nan
598,-1.1710116117948528,nan,-0.10539655909756905,nan,0.006669351032229151,nan
599,-0.8682928033184416,nan,-0.10538050340530006,nan,0.004258825097729471,nan
600,-1.5002546267609522,nan,-0.10534990868549353,nan,0.011621497027126825,nan
601,-0.9819247401150912,nan,-0.1053288955921463,nan,0.005199624572536333,nan
602,-1.212681397645179,nan,-0.10530197498310172,nan,0.007001561169472391,nan
603,-0.7913663809130211,nan,-0.10528874132683137,nan,0.0036140242930998083,nan
604,-1.4739627613514394,nan,-0.10525758514543074,nan,0.010080967530888314,nan
605,-2.2624670481861515,nan,-0.10520725308686267,nan,0.027318980390866426,nan
606,-0.9235507138031556,nan,-0.10519084622464002,nan,0.004167905327611619,nan
607,-0.8223814737179049,nan,-0.10517611143407402,nan,0.003609190702464282,nan
608,-1.0783523169420635,nan,-0.10515458998338055,nan,0.005456502255761805,nan
609,-0.7690618563045214,nan,-0.10514274977250297,nan,0.0034499665025243204,nan
610,-0.6578296526229978,nan,-0.10513198827415181,nan,0.002825907552617965,nan
611,-2.2216784985017504,nan,-0.10508176788329099,nan,0.021895120259109398,nan
612,-0.6315143802016593,nan,-0.10507272669675866,nan,0.002509908369947362,nan
613,-0.5726160597177198,nan,-0.1050643673590387,nan,0.0018460465152595525,nan
614,-0.5405163485890834,nan,-0.10505600523256335,nan,0.0022789476853644986,nan
615,-0.8011593334322226,nan,-0.10504242446381172,nan,0.003448359637298798,nan
616,-0.45585184980229415,nan,-0.10503628328053019,nan,0.0015990886518252208,nan
617,-0.9878496768978394,nan,-0.10501448357840858,nan,0.005693504382113442,nan
618,-1.2744096122217716,nan,-0.10498732718364769,nan,0.007322125947558323,nan
619,-0.6343389968991122,nan,-0.10497677130959751,nan,0.002789753045088213,nan
620,-0.8286121896846899,nan,-0.1049599319187625,nan,0.0036311422982041016,nan
621,-0.966789339526498,nan,-0.10494121019634078,nan,0.004694747775446119,nan
622,-0.5273475827878978,nan,-0.1049329620063179,nan,0.0022620931438623246,nan
623,-1.116664946014535,nan,-0.10491292872633627,nan,0.008103112670379123,nan
624,-0.800957897036667,nan,-0.10489804147651245,nan,0.003900026205086771,nan
625,-4.2874808677823,nan,-0.1048018931001727,nan,0.10296454026323375,nan
626,-0.5694141223615641,nan,-0.10479181481178493,nan,0.002029542617735081,nan
627,-0.903284695516431,nan,-0.10477317852406981,nan,0.00414897446038227,nan
628,-1.11332297012165,nan,-0.10475096858908411,nan,0.0058705023824324925,nan
629,-2.315917996061606,nan,-0.1046979585309892,nan,0.021326253740064118,nan
630,-1.1243262745667437,nan,-0.10467639494009263,nan,0.005531630613683657,nan
631,-2.796223176184986,nan,-0.10461217307055293,nan,0.03671999612242194,nan
632,-1.128096961340192,nan,-0.10458933642002258,nan,0.005741907156673251,nan
633,-0.7107654287823301,nan,-0.10457518149450863,nan,0.003184947037430194,nan
634,-4.310699031503991,nan,-0.10447044896464425,nan,0.08564621134164063,nan
635,-1.7829654100464662,nan,-0.10443157627942798,nan,0.01592009906204477,nan
636,-1.9572463858712565,nan,-0.10438804316047194,nan,0.01780322209837453,nan
637,-2.8529416340218026,nan,-0.10431769644914562,nan,0.03482358751627299,nan
638,-1.2926962078126076,nan,-0.1042936458703707,nan,0.008335149585537601,nan
639,-4.604293610676756,nan,-0.10418165545976224,nan,0.10535166520149973,nan
640,-0.7175869456975149,nan,-0.10416779642328382,nan,0.0033291081492288436,nan
641,-1.1299040226354098,nan,-0.1041414140622671,nan,0.006628841473132792,nan
642,-1.0214779202573554,nan,-0.10412147542744497,nan,0.005692569134019821,nan
643,-0.9645063200987692,nan,-0.1041055985951145,nan,0.004496257460443571,nan
644,-0.6571645584980449,nan,-0.10409480165022651,nan,0.002419302652181376,nan
645,-1.234526019633121,nan,-0.10406774377091639,nan,0.007668451477893967,nan
646,-1.1231992620993618,nan,-0.10404452483565517,nan,0.0061743989525930056,nan
647,-1.615935333964223,nan,-0.10400979915852179,nan,0.01082604285915366,nan
648,-1.002742813252007,nan,-0.1039877505681432,nan,0.005268157186417501,nan
649,-2.7080374089497425,nan,-0.10392131354774051,nan,0.034402373361736564,nan
650,-0.9242209637085359,nan,-0.10390354611355598,nan,0.00435197533954941,nan
651,-2.036996802773693,nan,-0.10385949532014725,nan,0.017950628787883584,nan
652,-0.9807376371897014,nan,-0.10384111073315147,nan,0.005044534646728997,nan
653,-0.7443619929288475,nan,-0.10382695245364962,nan,0.003048388540518452,nan
654,-2.541360636397677,nan,-0.1037670506460456,nan,0.033521454963506114,nan
655,-0.7650177404278348,nan,-0.10375495365899515,nan,0.0034163689050479102,nan
656,-0.6752676355819983,nan,-0.1037429402524201,nan,0.002533938066400837,nan
657,-0.65850195391003,nan,-0.10373369974201967,nan,0.002389788084194166,nan
658,-3.6299869147052686,nan,-0.10365577289536317,nan,0.09436070547292191,nan
659,-0.9103992702257772,nan,-0.10363731986202596,nan,0.004024605542955424,nan
660,-1.0555664472125057,nan,-0.10361582321892392,nan,0.006412985250121907,nan
661,-1.8550893453988424,nan,-0.10357145028947791,nan,0.01657250234101037,nan
662,-0.7587991510603703,nan,-0.10355702825871942,nan,0.003080615574272257,nan
663,-1.2135063904406465,nan,-0.10352817209192117,nan,0.006841264299286736,nan
664,-2.510644652235662,nan,-0.10346706627726306,nan,0.026195339629987307,nan
665,-0.5544270195782138,nan,-0.10345889316501532,nan,0.001898934485434151,nan
666,-3.5391055369264186,nan,-0.1033784532365983,nan,0.06670283196701916,nan
667,-1.046853289134699,nan,-0.10335560278745462,nan,0.00534073710275658,nan
668,-0.6641658385110786,nan,-0.10334461868503352,nan,0.0025716305322837332,nan
669,-0.9923299692991052,nan,-0.1033251077468978,nan,0.004676468866471621,nan
670,-0.744009539030295,nan,-0.10331304457808897,nan,0.0034770810210615647,nan
671,-1.0332629973111889,nan,-0.10329198039789267,nan,0.005344620493807905,nan
672,-1.4032682759100323,nan,-0.10326742008444388,nan,0.009203164017863698,nan
673,-0.60343651732945,nan,-0.10325894699886683,nan,0.002226120029977048,nan
674,-0.9274426153425698,nan,-0.10323925007818645,nan,0.004575645179058957,nan
675,-1.025290742862103,nan,-0.10321750235102498,nan,0.004570973998855607,nan
676,-1.3963938240490987,nan,-0.10318721019988276,nan,0.00936330710758041,nan
677,-1.0323193512942523,nan,-0.10316828525318962,nan,0.0051515623261075595,nan
678,-1.415122583457788,nan,-0.1031361337088091,nan,0.008863558406924415,nan
679,-4.6305776205366485,nan,-0.10302428841874399,nan,0.1069128364324596,nan
680,-0.559471088984989,nan,-0.10301659118231923,nan,0.0024382014014833852,nan
681,-0.8698021312713895,nan,-0.10299821290627285,nan,0.0035062493570735586,nan
682,-1.5973243939668935,nan,-0.10296698152250881,nan,0.011152648853374447,nan
683,-0.8493282578332975,nan,-0.10294909451791823,nan,0.004412332618449342,nan
684,-0.88911627421558,nan,-0.10293256833882443,nan,0.0043705928826665965,nan
685,-0.4206510229369711,nan,-0.10292735156526892,nan,0.001251767002429458,nan
686,-0.6462942618776683,nan,-0.10291850294383349,nan,0.002488805174689923,nan
687,-1.2745306839882342,nan,-0.10289128651234283,nan,0.008490068523671613,nan
688,-1.224850285115774,nan,-0.1028644485704515,nan,0.0073110752623567745,nan
689,-1.1767779678505925,nan,-0.10284181453503927,nan,0.00757976647061341,nan
690,-2.894217104998591,nan,-0.10277308093535502,nan,0.04216024801837053,nan
691,-0.9943874737785116,nan,-0.1027545004862073,nan,0.00498325962180456,nan
692,-1.9176527081896424,nan,-0.10271214217523476,nan,0.015928116636322594,nan
693,-0.7195632668927094,nan,-0.1026984334081024,nan,0.0026831944159441223,nan
694,-0.7849917160753793,nan,-0.10268453419894816,nan,0.003330985244448222,nan
695,-2.200595599356437,nan,-0.10263459587604769,nan,0.02544345164220636,nan
696,-1.0975462284038822,nan,-0.10261344504926473,nan,0.006289878292707173,nan
697,-1.9365926908535414,nan,-0.10257185410042233,nan,0.016416250472344036,nan
698,-0.8657136334004502,nan,-0.10255371040411208,nan,0.004133550242465867,nan
699,-1.8267552086196979,nan,-0.10251312795063244,nan,0.01605482175153211,nan
700,-0.398457094143353,nan,-0.1025084447294731,nan,0.0014122533072677996,nan
701,-0.8867677892363305,nan,-0.1024921534487754,nan,0.0046539822693200394,nan
702,-0.9320604333116141,nan,-0.10247391594072461,nan,0.004420712035277518,nan
703,-0.5038428001544444,nan,-0.10246824923920342,nan,0.0016092288989030025,nan
704,-1.3825467504576436,nan,-0.10243732637032846,nan,0.009018614682956257,nan
705,-1.5055458481280202,nan,-0.10240674643392939,nan,0.010943830559463385,nan
706,-2.049133872720763,nan,-0.10236183942568693,nan,0.022841264814060177,nan
707,-4.026436388131063,nan,-0.10226704489487677,nan,0.07989950055379609,nan
708,-1.1953485920182065,nan,-0.10224115759176147,nan,0.006992521008941701,nan
709,-0.9114690426541291,nan,-0.10222353209688982,nan,0.004466795327728369,nan
710,-2.3524940235214213,nan,-0.1021689315117568,nan,0.02646124904540269,nan
711,-5.809067736914074,nan,-0.10203059835544585,nan,0.17138792669212194,nan
712,-1.10688432682454,nan,-0.10200864620243348,nan,0.005705107293025349,nan
713,-1.6279435205273598,nan,-0.10197415679185853,nan,0.011289934522446693,nan
714,-1.6723234572062944,nan,-0.1019374853376014,nan,0.011407065434245758,nan
715,-0.5775774819855589,nan,-0.10192962167185819,nan,0.0022307301180720432,nan
716,-0.8340000517395572,nan,-0.10191449171683684,nan,0.0034847340775918463,nan
717,-1.7315761675688754,nan,-0.10187516654446487,nan,0.013745889707364638,nan
718,-0.7568318189202778,nan,-0.10186102814684818,nan,0.0029240661488857517,nan
719,-0.4929894874008953,nan,-0.10185335262527445,nan,0.0018024272090891545,nan
720,-0.8621269665224705,nan,-0.10183579905435874,nan,0.0034733853436023734,nan
721,-0.5044238574407216,nan,-0.10182963333851933,nan,0.001994879953581959,nan
722,-2.7058349748331922,nan,-0.10176715118309118,nan,0.040835062861607534,nan
723,-0.9724138691880885,nan,-0.10174890330587533,nan,0.004137543413581732,nan
724,-3.506972503990738,nan,-0.10166798313524526,nan,0.059808871930055484,nan
725,-0.9287231571961558,nan,-0.1016522851541091,nan,0.004548844117142596,nan
726,-0.5169355709297856,nan,-0.10164568787072903,nan,0.0017500665119621552,nan
727,-0.9049821723355922,nan,-0.10162734911058043,nan,0.003862450064204143,nan
728,-0.9442670505454566,nan,-0.101609527620084,nan,0.004569650330298568,nan
729,-1.0442499549596664,nan,-0.1015869075441467,nan,0.0048525416199488025,nan
730,-2.1034255122939776,nan,-0.10153815999291163,nan,0.020192890234068932,nan
731,-2.028760476895233,nan,-0.10149365009114478,nan,0.021172848800395577,nan
732,-0.683771552884433,nan,-0.1014807402298325,nan,0.0025199622376257044,nan
733,-1.18443254451545,nan,-0.10145593124834634,nan,0.007228997311653802,nan
734,-0.6594829591244938,nan,-0.10144477468391581,nan,0.0026328131423908577,nan
735,-0.5719085960667544,nan,-0.10143603759062499,nan,0.0022255038844254675,nan
736,-1.7672259382944695,nan,-0.10139610155596386,nan,0.013588420579791835,nan
737,-1.3276451675983383,nan,-0.10136640527269955,nan,0.008001711312144269,nan
738,-0.7984790883122053,nan,-0.10135199540961594,nan,0.004245607271321152,nan
739,-0.9322150009596503,nan,-0.10133426206918841,nan,0.004799034415883348,nan
740,-0.6863774151551365,nan,-0.10132528960530332,nan,0.00269630920546306,nan
741,-3.7996721044404547,nan,-0.10123544382843803,nan,0.07059257162324306,nan
742,-2.090531537499415,nan,-0.10118603367396155,nan,0.019670185065501698,nan
743,-0.8768611377040736,nan,-0.10117061029226024,nan,0.004055391715896387,nan
744,-0.5427327690953498,nan,-0.101162468138277,nan,0.0016470074163379867,nan
745,-1.0414300724676968,nan,-0.10114270051224603,nan,0.005339686245745425,nan
746,-0.7222220773557317,nan,-0.10113048859915712,nan,0.0026589009518084993,nan
747,-1.1394966685265517,nan,-0.10110728420142091,nan,0.006831107393047533,nan
748,-0.6997389543435047,nan,-0.10109388947687105,nan,0.0029038208583845072,nan
749,-0.5569221038029025,nan,-0.10108414411035502,nan,0.001953296875047762,nan
750,-1.4344269467433628,nan,-0.10105343154721642,nan,0.009675919292609582,nan
751,-1.0197967835021908,nan,-0.10103161415348995,nan,0.004545111016329923,nan
752,-2.9551803722836962,nan,-0.10096132082923667,nan,0.04106188916068329,nan
753,-0.6616690200110511,nan,-0.10095201989534533,nan,0.0023861253382584293,nan
754,-0.7379962170393102,nan,-0.10093837045001036,nan,0.003360786796617991,nan
755,-1.0448298371807745,nan,-0.10091641063643342,nan,0.00481757881205024,nan
756,-1.4026325474779244,nan,-0.10088494191956922,nan,0.009438720138496,nan
757,-3.9858505011432164,nan,-0.10078608128529819,nan,0.0718520605368805,nan
758,-0.501415323917487,nan,-0.10077909846617748,nan,0.0020071192943092,nan
759,-0.5580886316487825,nan,-0.10077108836301148,nan,0.0022094800579349977,nan
760,-0.6497921378812853,nan,-0.10076145843644761,nan,0.0022761140891003704,nan
761,-0.8576799858317691,nan,-0.10074459266699486,nan,0.00460454969708629,nan
762,-0.5867493825658917,nan,-0.10073617555545773,nan,0.0022198617299719827,nan
763,-1.3195585173474311,nan,-0.10070878040787756,nan,0.007613153793546082,nan
764,-1.3729271612832223,nan,-0.10067842294116645,nan,0.008222135987343348,nan
765,-1.9255035887187038,nan,-0.10063633395880611,nan,0.016822944085995082,nan
766,-5.0478119579556004,nan,-0.1005154488212234,nan,0.1398475514434608,nan
767,-0.9986519592946154,nan,-0.10049605697735488,nan,0.005918656380375406,nan
768,-0.5443162885334739,nan,-0.10048735223339568,nan,0.0021527730224549717,nan
769,-1.1122782095065409,nan,-0.10046574918733683,nan,0.005858683914308633,nan
770,-1.3380370894394409,nan,-0.10043843648457804,nan,0.00800524221250061,nan
771,-0.7760618039053894,nan,-0.10042330736102918,nan,0.00332961634362524,nan
772,-0.735151383819148,nan,-0.10040944584497558,nan,0.002964889739909549,nan
773,-2.4304386551653807,nan,-0.10035188385597046,nan,0.022826074559874218,nan
774,-0.7082721695990478,nan,-0.10034054090496966,nan,0.0032108897009617853,nan
775,-1.8316369568878579,nan,-0.10029877872247991,nan,0.015156075421565503,nan
776,-1.5503857072029168,nan,-0.10026269811692343,nan,0.009988731020825842,nan
777,-2.310186984144325,nan,-0.10020841536425977,nan,0.02416330755487074,nan
778,-2.653437693177034,nan,-0.10014663697018567,nan,0.035709788005422266,nan
779,-4.431186089739175,nan,-0.10003794493856963,nan,0.09153919980933067,nan
780,-5.091964368300492,nan,-0.09991294416770294,nan,0.13085609936523046,nan
781,-0.5970416401261908,nan,-0.09990334271213668,nan,0.002131927624979105,nan
782,-0.8689945249560183,nan,-0.0998899323586079,nan,0.004026627402572503,nan
783,-1.1423736274015999,nan,-0.09986531552986772,nan,0.006630180757675622,nan
784,-1.1648286044681113,nan,-0.09983802734348994,nan,0.006782604680938683,nan
785,-0.6255178087605262,nan,-0.09982895486002975,nan,0.002055651633695076,nan
786,-0.6079024451709252,nan,-0.09981886833537926,nan,0.0025675332772602468,nan
787,-0.44886039880535566,nan,-0.09981235634046144,nan,0.001551256178454238,nan
788,-1.5087601740000638,nan,-0.09977790961465101,nan,0.009557253705904382,nan
789,-0.8645153393471128,nan,-0.09976105569952351,nan,0.0035258901566654535,nan
790,-1.5169648382692034,nan,-0.09972730224516163,nan,0.010582448953538598,nan
791,-1.8154712227777532,nan,-0.09968592688407966,nan,0.014681082326594272,nan
792,-0.867619972881992,nan,-0.09966734683029066,nan,0.0037674305177807935,nan
793,-0.6401303169264018,nan,-0.0996574974618922,nan,0.002219815125983279,nan
794,-0.5858886096473006,nan,-0.09965042099417701,nan,0.0022370054527394295,nan
795,-2.2788899215837106,nan,-0.0995988479580937,nan,0.023343735041049172,nan
796,-1.1431464596331862,nan,-0.09957440580454556,nan,0.005736300463014101,nan
797,-1.7593781709902068,nan,-0.09953337204516213,nan,0.013020596726277324,nan
798,-2.0477099550845184,nan,-0.0994837680232684,nan,0.01910760843593594,nan
799,-1.4639236545063972,nan,-0.09945025021292576,nan,0.009207957614143255,nan
800,-0.7827005487964613,nan,-0.09943397362297639,nan,0.003223720831220551,nan
801,-0.5199093103614474,nan,-0.0994262797059202,nan,0.0015718655731868404,nan
802,-0.8365937964794099,nan,-0.09941578538500576,nan,0.0037040410345527152,nan
803,-1.900551518906593,nan,-0.0993723663847891,nan,0.015855601262208117,nan
804,-0.8423316084217457,nan,-0.09935889846718701,nan,0.0035783619425121824,nan
805,-0.9803744116579554,nan,-0.09933924565623678,nan,0.004438005628665751,nan
806,-0.5954981525511833,nan,-0.09933127156677722,nan,0.0022637565563441743,nan
807,-1.428122843927244,nan,-0.0992984072180416,nan,0.008997051571205138,nan
808,-1.423041747612106,nan,-0.099266317588182,nan,0.009620407244978472,nan
809,-1.626584811899358,nan,-0.09922809994452543,nan,0.011372133220491486,nan
810,-0.7407368832000377,nan,-0.09921394103465199,nan,0.003205942455876082,nan
811,-1.0930587289330178,nan,-0.0991939490288346,nan,0.00556698661733121,nan
812,-1.8033003709927176,nan,-0.0991536089299128,nan,0.017643039702193598,nan
813,-0.5400088961772417,nan,-0.09914499333624414,nan,0.0018583234722201996,nan
814,-0.7549492500972738,nan,-0.09913058833902015,nan,0.0034385643688481134,nan
815,-1.2601673204424095,nan,-0.09910680028996381,nan,0.0077252879353495955,nan
816,-1.6308052787805232,nan,-0.0990691931546365,nan,0.011978843349577752,nan
817,-2.4725933348507154,nan,-0.09901290596803387,nan,0.025484355894064628,nan
818,-1.7935678832863613,nan,-0.09897374748025653,nan,0.013711633454650983,nan
819,-0.4717155161683183,nan,-0.0989663922954833,nan,0.0019569121356885215,nan
820,-0.7694797027695087,nan,-0.0989517233891064,nan,0.0026524460126401746,nan
821,-0.4594655985387251,nan,-0.09894657874379732,nan,0.0016728664491949933,nan
822,-0.44828563018324735,nan,-0.09894270060220352,nan,0.0015108112490245366,nan
823,-0.7006896802682572,nan,-0.09893019145776655,nan,0.0031859588987004205,nan
824,-3.041917878183602,nan,-0.0988607138200211,nan,0.0416204317541355,nan
825,-1.90312224897108,nan,-0.0988203673585576,nan,0.015902752202382568,nan
826,-2.247955792162857,nan,-0.09876621821473358,nan,0.02349227643609284,nan
827,-1.154163127649982,nan,-0.098745137822706,nan,0.006789227817039365,nan
828,-1.3198090158059372,nan,-0.09871783885236637,nan,0.00990510812291279,nan
829,-1.3815883097767423,nan,-0.09868708738175526,nan,0.009817154890070992,nan
830,-1.0152469543992435,nan,-0.09866966630955691,nan,0.005540935693268714,nan
831,-0.9154089143263671,nan,-0.09865255003681944,nan,0.00416863669562268,nan
832,-3.1083477078395343,nan,-0.09858185999755835,nan,0.05724708299669643,nan
833,-0.4433717075760105,nan,-0.09857780626924888,nan,0.0013619116107051919,nan
834,-0.9089056658488696,nan,-0.09855796724549272,nan,0.003999249665656665,nan
835,-2.57015591816115,nan,-0.09850009154709322,nan,0.033695086533359314,nan
836,-2.6486243850438105,nan,-0.0984437113821949,nan,0.03862351727823545,nan
837,-0.4944085914055181,nan,-0.09843834343287332,nan,0.001940920927866472,nan
838,-1.858530026656183,nan,-0.0983985048119669,nan,0.019355163146536458,nan
839,-1.712754064373187,nan,-0.09835729292369538,nan,0.012791426395990645,nan
840,-1.118547753991195,nan,-0.09833627641448381,nan,0.00865888035318324,nan
841,-1.4333537666595575,nan,-0.09830639912603087,nan,0.009120206853379484,nan
842,-5.438756892911994,nan,-0.09818073433638819,nan,0.15974651235408738,nan
843,-1.4176707834218716,nan,-0.09814943684611743,nan,0.009035235172788984,nan
844,-2.1812238572281446,nan,-0.09810019923245869,nan,0.020581620413630104,nan
845,-1.655169441665008,nan,-0.09806610122901899,nan,0.011955349821326327,nan
846,-2.006754933240487,nan,-0.09802272378198194,nan,0.017244148208440366,nan
847,-1.935101788217419,nan,-0.09798024248282108,nan,0.01798403474947499,nan
848,-0.6508277309778316,nan,-0.09796791425141274,nan,0.002951178869367492,nan
849,-0.47739598765845753,nan,-0.09796121785767885,nan,0.0017034323307485576,nan
850,-2.824551796432963,nan,-0.09789436129396283,nan,0.03503873548523832,nan
851,-2.372014851423721,nan,-0.09784200651760169,nan,0.029633197038123105,nan
852,-2.536160072573664,nan,-0.09778439892852392,nan,0.03147975399036432,nan
853,-2.050052991296765,nan,-0.09773909524368667,nan,0.0197112762947758,nan
854,-2.2020645969590387,nan,-0.09768742853587792,nan,0.021305963046664825,nan
855,-0.5104750553189665,nan,-0.09767856746023719,nan,0.002063230714135699,nan
856,-0.6436015696441316,nan,-0.09766649928578128,nan,0.0024438802656033486,nan
857,-0.9307365300173495,nan,-0.09764750862087196,nan,0.00437190670484778,nan
858,-1.2594758975598908,nan,-0.09761937497498606,nan,0.006912935976930781,nan
859,-0.8697154734884064,nan,-0.09760280631064767,nan,0.004146729183546579,nan
860,-0.8091828916751913,nan,-0.09758708075926015,nan,0.004550033681089544,nan
861,-1.6002207031296372,nan,-0.09755452297969094,nan,0.012376996211740054,nan
862,-0.42911527218990125,nan,-0.09754873663185085,nan,0.001499795651656157,nan
863,-1.0476759186947397,nan,-0.09752749905047585,nan,0.005447595039900188,nan
864,-1.0148132816200335,nan,-0.09750637346734506,nan,0.0064052624388562475,nan
865,-2.176916983690061,nan,-0.09745612055409078,nan,0.019943625430925996,nan
866,-0.83898100834356,nan,-0.09743940382412201,nan,0.004587647796848223,nan
867,-1.8752865047600162,nan,-0.09739554958947672,nan,0.016068012300690934,nan
868,-0.9644877557902585,nan,-0.09737588511951506,nan,0.00445481949733984,nan
869,-1.464038487508495,nan,-0.09734416195613048,nan,0.009280145110463137,nan
870,-1.0021376104592818,nan,-0.09732255811921708,nan,0.004906909081037288,nan
871,-0.32346600669586884,nan,-0.09731971395513331,nan,0.000986474523043023,nan
872,-1.4340696550578997,nan,-0.09728724228339396,nan,0.008956276111901453,nan
873,-0.7122501598005991,nan,-0.09727293177470535,nan,0.002585226796483748,nan
874,-1.0617191938988304,nan,-0.09725078199923151,nan,0.005512314343255037,nan
875,-0.7067303613336307,nan,-0.09723901350899081,nan,0.0031178576639967676,nan
876,-2.038456571366685,nan,-0.09719159203314907,nan,0.019452985342432408,nan
877,-0.6122205562039217,nan,-0.09718267141577958,nan,0.0023381138453703763,nan
878,-1.0737124215366507,nan,-0.0971616180575693,nan,0.0053220588989815855,nan
879,-0.5050200908984508,nan,-0.0971561585600775,nan,0.0018107740430318255,nan
880,-0.6134996845780135,nan,-0.09714642220530681,nan,0.00202259692348646,nan
881,-5.251185644689198,nan,-0.09702635887883009,nan,0.14439065495058875,nan
882,-0.8530939215123179,nan,-0.09700967218595713,nan,0.0037789023106759813,nan
883,-1.4342678603107135,nan,-0.09697758629505733,nan,0.009411424641303281,nan
884,-1.5499008122027975,nan,-0.09694294973550727,nan,0.010848562592186905,nan
885,-0.373543186437274,nan,-0.0969401870011622,nan,0.0012180510607734923,nan
886,-1.1157891214627176,nan,-0.09691562465372741,nan,0.005861402070886021,nan
887,-2.4735609202514697,nan,-0.096858168986247,nan,0.026428933613962948,nan
888,-1.5458427607949963,nan,-0.0968240447473781,nan,0.009522174241577105,nan
889,-0.7498550200378231,nan,-0.09681125518325766,nan,0.003020489712656982,nan
890,-1.95031550973598,nan,-0.09676866521197246,nan,0.018674102661648765,nan
891,-1.4454465868944977,nan,-0.09673756497070261,nan,0.009249513503806978,nan
892,-0.9780628631706526,nan,-0.09671658841413024,nan,0.004211999376501894,nan
893,-0.8937362053741967,nan,-0.09670232371738977,nan,0.00426285444325703,nan
894,-1.57456810337755,nan,-0.0966688106465545,nan,0.011471384870319816,nan
895,-1.068516238469429,nan,-0.09664643134858342,nan,0.005584500787738202,nan
896,-1.1796254111739892,nan,-0.09662498726166395,nan,0.007077117450944436,nan
897,-1.0195991212599704,nan,-0.0966049837133683,nan,0.004604330881518889,nan
898,-1.619428106488363,nan,-0.09656542223426082,nan,0.011460720703815708,nan
899,-2.6098640464403364,nan,-0.09650058350119967,nan,0.03048148893166078,nan
900,-1.8131830559136155,nan,-0.09646218688832102,nan,0.018522963364330392,nan
901,-0.4193854850216488,nan,-0.09645793404429705,nan,0.0018471086470318136,nan
902,-0.6176997796697687,nan,-0.09644868889562569,nan,0.002382671901737922,nan
903,-0.5896397248843323,nan,-0.09643916531873767,nan,0.0025246667648714458,nan
904,-0.4841028671323574,nan,-0.09643299501629322,nan,0.0013861663732637796,nan
905,-0.4054437816629667,nan,-0.09642800474821762,nan,0.0011375309733517639,nan
906,-0.5377527327663615,nan,-0.09642025418107242,nan,0.0020192963750362562,nan
907,-0.8061621382223225,nan,-0.09640502856380462,nan,0.003011809732042861,nan
908,-3.5986507347027215,nan,-0.09632531317540971,nan,0.07415344565201137,nan
909,-1.8953713922053215,nan,-0.09628420495673647,nan,0.014566593353401597,nan
910,-0.5251259789293372,nan,-0.09627695275721875,nan,0.0023309544737044087,nan
911,-1.6153759523955604,nan,-0.09624177522928457,nan,0.01335108202049812,nan
912,-0.8729682488901551,nan,-0.09622580439926505,nan,0.004021540605827223,nan
913,-2.3926608301854277,nan,-0.09617116861047141,nan,0.03140485861240325,nan
914,-1.4140023280326641,nan,-0.0961404774276253,nan,0.010931665953220487,nan
915,-1.2216362368245899,nan,-0.09611563416733977,nan,0.0070537935476045035,nan
916,-2.7854313436442735,nan,-0.09605151574448426,nan,0.03505854843001025,nan
917,-2.1145250187906677,nan,-0.09600403935206538,nan,0.023331404358761097,nan
918,-1.24156554239767,nan,-0.09597944723460335,nan,0.006368226729600543,nan
919,-0.7570697520683984,nan,-0.09596639706903307,nan,0.002912677581253952,nan
920,-1.1562539395368185,nan,-0.09594382430602882,nan,0.007486306048219941,nan
921,-0.8842175190870837,nan,-0.0959279763690558,nan,0.005852442447964308,nan
922,-1.1898158891389676,nan,-0.09590235942025913,nan,0.00680102151536874,nan
923,-1.199731355701293,nan,-0.09587667016096318,nan,0.007381356317587116,nan
924,-1.8326461427554464,nan,-0.09583537073549121,nan,0.014560464942907612,nan
925,-1.1948226105639288,nan,-0.09580997129179823,nan,0.006780696953767381,nan
926,-1.9299760658761507,nan,-0.0957662425224337,nan,0.015636619057008944,nan
927,-1.7739205940018852,nan,-0.09572589138765591,nan,0.013735737267234812,nan
928,-1.3248026222672507,nan,-0.09569818358188117,nan,0.009528878149015534,nan
929,-1.308693272697761,nan,-0.09567389095174247,nan,0.010309665306783459,nan
930,-0.435427698327629,nan,-0.09566859357496975,nan,0.0013501468155943939,nan
931,-1.9320689422575856,nan,-0.09562371150645088,nan,0.016706023133382795,nan
932,-0.8147177242798407,nan,-0.09560815115962068,nan,0.0034539801812247437,nan
933,-0.9215811830070276,nan,-0.09559046422386742,nan,0.0039041107196934816,nan
934,-1.8601374279050942,nan,-0.09554960536486974,nan,0.015653963882559782,nan
935,-1.368523905653969,nan,-0.09552286211039289,nan,0.010680401315293233,nan
936,-0.4331720826029155,nan,-0.09551746354816082,nan,0.0015261992093786299,nan
937,-1.3509354083073282,nan,-0.0954911056811819,nan,0.009333500355513967,nan
938,-2.883043641863728,nan,-0.09542492179004035,nan,0.03751233378207197,nan
939,-1.744097173686492,nan,-0.09538800992511039,nan,0.015516315933812919,nan
940,-1.0683272393281056,nan,-0.09536686143879465,nan,0.005475433654530332,nan
941,-0.36176686190176105,nan,-0.09536364932563911,nan,0.0013830669479823414,nan
942,-2.022098490312644,nan,-0.09531430542507648,nan,0.01779246371504034,nan
943,-1.056467426362413,nan,-0.09529087116487907,nan,0.005560348484652666,nan
944,-1.486286282672574,nan,-0.09525839474213245,nan,0.009649182296728637,nan
945,-1.304245767170465,nan,-0.09523112972466659,nan,0.007929664048444286,nan
946,-0.5978502352533649,nan,-0.09522198243594636,nan,0.0025404284194994074,nan
947,-0.7816600679176727,nan,-0.0952093226939722,nan,0.0030734350289527536,nan
948,-0.7199801835802794,nan,-0.09519620037712119,nan,0.002770187199797428,nan
949,-1.210951787233275,nan,-0.09516901106935734,nan,0.006477501547108598,nan
950,-1.0585815109293477,nan,-0.09514578088947667,nan,0.0057985623110366515,nan
951,-0.5912623758695419,nan,-0.09513664909070199,nan,0.00229539349260149,nan
952,-0.7200666568302959,nan,-0.09512355244839496,nan,0.003296845781786525,nan
953,-0.6827717326841334,nan,-0.09511118220899328,nan,0.002604889954008216,nan
954,-1.7346935400428796,nan,-0.09507279821242284,nan,0.01457069697648474,nan
955,-0.7430046760546365,nan,-0.09505975643345435,nan,0.002914191566963232,nan
956,-3.400027399117369,nan,-0.09497888257858551,nan,0.05561826780199611,nan
957,-0.8063419690170002,nan,-0.09496255390975983,nan,0.003451922803608102,nan
958,-0.7383482682555448,nan,-0.09494917869597953,nan,0.002906154564472768,nan
959,-0.553343680125999,nan,-0.09494303875546115,nan,0.0018130427830119903,nan
960,-0.5525119756087093,nan,-0.0949369753232305,nan,0.0019890484073432912,nan
961,-1.5596676558521962,nan,-0.09490520825160151,nan,0.013038821401177975,nan
962,-0.5671788698825578,nan,-0.0948956239962906,nan,0.0021276874472641602,nan
963,-0.556809469448526,nan,-0.09488840848273696,nan,0.0023116253116305893,nan
964,-0.5966855489595735,nan,-0.09488080626113177,nan,0.0025074603322342588,nan
965,-1.6408193716132058,nan,-0.09484357119643719,nan,0.011858245103423615,nan
966,-0.5301016533657606,nan,-0.09483436085921723,nan,0.002114799910118668,nan
967,-1.525687012647581,nan,-0.09480334952835892,nan,0.010501625306845303,nan
968,-0.5849701534640703,nan,-0.09479319414154766,nan,0.0023320255591739803,nan
969,-0.39654603668263133,nan,-0.0947880062127944,nan,0.0014761252010981644,nan
970,-1.0436873958557498,nan,-0.0947679513581322,nan,0.005196550416480135,nan
971,-0.9888222222493026,nan,-0.09475123771674566,nan,0.00436011000081435,nan
972,-0.7746741439115501,nan,-0.09473869914851343,nan,0.003228965783250002,nan
973,-0.6779353935168506,nan,-0.09472624232141741,nan,0.003614617932179861,nan
974,-1.0448079955956606,nan,-0.09470614540124497,nan,0.004941482084337755,nan
975,-0.5649332158047562,nan,-0.09469726592508684,nan,0.0016494025713873325,nan
976,-3.3759554606383406,nan,-0.09461433359382823,nan,0.05216548565133466,nan
977,-1.5100926679118007,nan,-0.09458262607414546,nan,0.012974708504937524,nan
978,-2.259630429680536,nan,-0.09453255274391696,nan,0.023595177772225653,nan
979,-0.4178867438200363,nan,-0.09452669771930125,nan,0.0015526427807370541,nan
980,-0.7815555073227965,nan,-0.09451276898440275,nan,0.0031365680822701557,nan
981,-0.8844269780953987,nan,-0.09449537743759671,nan,0.003727893864522589,nan
982,-4.3038743052800195,nan,-0.0943894195282367,nan,0.08301827040974283,nan
983,-0.6566866608762749,nan,-0.0943792953437161,nan,0.0030050065407675416,nan
984,-0.3939001813146446,nan,-0.0943730160594014,nan,0.0013054021878149522,nan
985,-0.8555694156829761,nan,-0.0943558398587601,nan,0.004180247413454359,nan
986,-0.7547044367058581,nan,-0.09434287246380664,nan,0.0032700252876397286,nan
987,-0.9299139398507724,nan,-0.09432428459108264,nan,0.004316343720977725,nan
988,-0.826608084722749,nan,-0.09430701641353106,nan,0.0035500716822856136,nan
989,-0.782928655619933,nan,-0.094292019707524,nan,0.003422578986615416,nan
990,-1.8188584377981032,nan,-0.09425415939380916,nan,0.020731489420639723,nan
991,-4.138839424681743,nan,-0.09415511233148914,nan,0.09501808724451101,nan
992,-0.5902471240010595,nan,-0.09414518140669635,nan,0.0019308575057551142,nan
993,-2.219089973151602,nan,-0.09409757902832876,nan,0.023730316072064463,nan
994,-0.4969226693874528,nan,-0.09408902593043429,nan,0.0023416396159747135,nan
995,-0.8606947915619848,nan,-0.09407606455987123,nan,0.0038263362811395973,nan
996,-1.2289158243270413,nan,-0.09405032047977702,nan,0.006903259868067794,nan
997,-2.9791164203406644,nan,-0.09397992499004384,nan,0.04752067237158406,nan
998,-0.38392010076114913,nan,-0.0939754937798206,nan,0.0014790460511301653,nan
999,-0.5204840826419389,nan,-0.09396842186106757,nan,0.0019725991707976965,nan
1000,-1.2476719911832046,nan,-0.09394218657324521,nan,0.006899443028032623,nan
1001,-1.010230545058793,nan,-0.09392242839305161,nan,0.005787860108067135,nan
1002,-1.2498234864697246,nan,-0.09389558997572958,nan,0.008006178581912708,nan
1003,-1.687834971271087,nan,-0.09385799865616022,nan,0.012770477600361098,nan
1004,-1.8884137364739961,nan,-0.09381388360490224,nan,0.016359430973905797,nan
1005,-1.4342376635424692,nan,-0.0937849213963009,nan,0.008827210836436847,nan
1006,-7.592821719479913,nan,-0.09359705252860429,nan,0.29670452103513273,nan
1007,-0.5227299113555892,nan,-0.09358964420603369,nan,0.0020186019576978573,nan
1008,-0.7200879447771691,nan,-0.09357529063513985,nan,0.002911941836213283,nan
1009,-2.061773998723541,nan,-0.09353113046177028,nan,0.022343460626509624,nan
1010,-0.8640614372122255,nan,-0.09351438029754568,nan,0.003485903004355767,nan
1011,-0.963743281231549,nan,-0.09349678455346759,nan,0.00448923215645863,nan
1012,-0.9055751991025802,nan,-0.09347746380314911,nan,0.004655031797679413,nan
1013,-0.8383196499085603,nan,-0.09346096985149109,nan,0.00354364354456553,nan
1014,-1.217893572552698,nan,-0.0934374439703518,nan,0.007032040378856188,nan
1015,-5.739144593468861,nan,-0.09330067723734832,nan,0.19567227392349668,nan
1016,-0.7184911953445234,nan,-0.09328854962986037,nan,0.0025768765399384703,nan
1017,-1.323944915372267,nan,-0.09325837798888918,nan,0.008321193079881628,nan
1018,-1.4320466818467799,nan,-0.09322679123893986,nan,0.008749727963733498,nan
1019,-1.8556233690527937,nan,-0.09318391657630024,nan,0.017887733979915683,nan
1020,-0.7964255016975222,nan,-0.09316917203740303,nan,0.0032470067368951215,nan
1021,-2.5294171066900706,nan,-0.09310665266301761,nan,0.02871742293814711,nan
1022,-1.275936695663282,nan,-0.09308220595191312,nan,0.007309293513062653,nan
1023,-1.9073713376952965,nan,-0.09303921900897279,nan,0.017862684716228143,nan
1024,-1.0195273763149433,nan,-0.09301758016684832,nan,0.005445680248505833,nan
1025,-0.682492560758917,nan,-0.09300646945779881,nan,0.0025584789889909134,nan
1026,-0.7853993931994108,nan,-0.09299147143255801,nan,0.0031676582865293947,nan
1027,-1.1693592461922973,nan,-0.09297088410230134,nan,0.00545809440123849,nan
1028,-1.2993806651987945,nan,-0.09294530085807899,nan,0.010638790364354262,nan
1029,-1.1229531280973906,nan,-0.09292430971295461,nan,0.00574233548190565,nan
1030,-1.2450062116266871,nan,-0.09289720030641235,nan,0.006560002024961589,nan
1031,-0.7158087747579235,nan,-0.09288443806149226,nan,0.0032219825586413606,nan
1032,-0.7094312141238915,nan,-0.09287150655148488,nan,0.002490681015210599,nan
1033,-0.5462267978672208,nan,-0.09286164740931532,nan,0.0018425645446037732,nan
1034,-2.5200014846009684,nan,-0.09279989516450488,nan,0.027431900349637533,nan
1035,-5.349666864387272,nan,-0.09266533082119989,nan,0.14820987046745107,nan
1036,-0.777173185346883,nan,-0.09265218856644525,nan,0.003025592708632239,nan
1037,-0.7071179564912605,nan,-0.09263930015104332,nan,0.003276361162098048,nan
1038,-0.6069805239642003,nan,-0.09262945285344341,nan,0.0022141595014991515,nan
1039,-1.0962179114949948,nan,-0.09260557169564343,nan,0.005727757792242734,nan
1040,-0.8151126356964251,nan,-0.09259006443827644,nan,0.003449323572877658,nan
1041,-3.243006679840818,nan,-0.09251209532027885,nan,0.05130236036345852,nan
1042,-3.1771021763219034,nan,-0.09243956134025326,nan,0.04850799330510814,nan
1043,-1.027287930848011,nan,-0.09242097367583267,nan,0.004791781623588486,nan
1044,-4.956804482741336,nan,-0.09229979052543107,nan,0.12924270528179038,nan
1045,-0.9395620054127676,nan,-0.09228393783657117,nan,0.004355310056164134,nan
1046,-1.1734032321079244,nan,-0.09226123445696527,nan,0.007683634594119411,nan
1047,-0.5692565761774091,nan,-0.09225348177626837,nan,0.0020966357079506472,nan
1048,-0.8816696130599032,nan,-0.09223561188516875,nan,0.004125924652799347,nan
1049,-1.0069578298395903,nan,-0.09221679076261093,nan,0.004763911479583559,nan
1050,-0.8836598878420744,nan,-0.09219955545359998,nan,0.0038723524517432838,nan
1051,-0.9447726166828987,nan,-0.09218088646988079,nan,0.005177358822979477,nan
1052,-0.5239363305495007,nan,-0.09217460933736535,nan,0.0018376361793553415,nan
1053,-0.5717239725570677,nan,-0.09216469229298482,nan,0.0023455213393356036,nan
1054,-0.7045609088097555,nan,-0.09215229828835374,nan,0.0032628534438450367,nan
1055,-1.9957086031628375,nan,-0.09210832758396358,nan,0.020346922854235814,nan
1056,-0.5155669989215255,nan,-0.09210172785573413,nan,0.0020603673465332674,nan
1057,-1.0624701190879768,nan,-0.09207842822209479,nan,0.005886568476917554,nan
1058,-1.2171243938235425,nan,-0.09205124301331377,nan,0.007109776701485844,nan
1059,-0.9719672983176415,nan,-0.09203461451271662,nan,0.004671205217925064,nan
1060,-0.7669864407510124,nan,-0.09202072687375443,nan,0.0030158762265310086,nan
1061,-1.1614882495771492,nan,-0.09199625748692702,nan,0.006383691640887512,nan
1062,-1.071533918809969,nan,-0.091975497139027,nan,0.006121740159003792,nan
1063,-0.6383837810954147,nan,-0.09196535777069073,nan,0.0023736967274578472,nan
1064,-2.1522647453457187,nan,-0.09191738618356954,nan,0.020195622506951536,nan
1065,-0.8368038627969329,nan,-0.09189994909452318,nan,0.00376476245901869,nan
1066,-2.694605094120219,nan,-0.0918363453574298,nan,0.033147285464256895,nan
1067,-0.8822028639201412,nan,-0.09181768178224521,nan,0.004476298416617578,nan
1068,-0.8414485372335937,nan,-0.09180432144084658,nan,0.0035130224880530222,nan
1069,-0.9695656388561694,nan,-0.0917870052800517,nan,0.004413864813425994,nan
1070,-1.318482084036591,nan,-0.09176052168950566,nan,0.008225807010080875,nan
1071,-0.8380951231854553,nan,-0.09174456941978758,nan,0.003884947964457067,nan
1072,-1.3352170778088293,nan,-0.0917170243021567,nan,0.008566155818122222,nan
1073,-0.6770973157312338,nan,-0.09170447497525977,nan,0.0024170639380065957,nan
1074,-0.893268796255135,nan,-0.0916871700078062,nan,0.003970804038172923,nan
1075,-0.6783739951808504,nan,-0.09167460367802314,nan,0.0025305510328863367,nan
1076,-2.896661560701029,nan,-0.09160626266291773,nan,0.03887346965038327,nan
1077,-1.0007590076758126,nan,-0.09158383636321213,nan,0.004764676940437222,nan
1078,-0.7288033380814002,nan,-0.09156825261996898,nan,0.003392449056033821,nan
1079,-0.7142204258556112,nan,-0.09155600816850762,nan,0.002537635863675271,nan
1080,-1.4323437872077414,nan,-0.09152697933094746,nan,0.0089733129636997,nan
1081,-0.8955786676641646,nan,-0.0915077189939821,nan,0.004514835442290791,nan
1082,-2.40400454613482,nan,-0.09145551227587212,nan,0.03589788772868725,nan
1083,-0.6456192532459073,nan,-0.091446096137539,nan,0.0027984623027467216,nan
1084,-0.6597858227414104,nan,-0.09143470147148823,nan,0.003643961800389415,nan
1085,-0.6726175310927713,nan,-0.09142141294790211,nan,0.0026938354341120158,nan
1086,-0.8010203003992737,nan,-0.09140689202236368,nan,0.003597129897641383,nan
1087,-2.241433154383324,nan,-0.09135626256426162,nan,0.022833091013790507,nan
1088,-2.5687440313240075,nan,-0.09129469449232092,nan,0.028953455792319747,nan
1089,-1.9721591202768238,nan,-0.09124711319647408,nan,0.017250729594102843,nan
1090,-0.9713470767198461,nan,-0.09122792076815708,nan,0.004491954111758936,nan
1091,-1.6608560168076776,nan,-0.09118899499525707,nan,0.011449609410435563,nan
1092,-5.840131626449642,nan,-0.09104538552029993,nan,0.18163850467062098,nan
1093,-0.916557020175581,nan,-0.09102951798407591,nan,0.004745408163707224,nan
1094,-1.3648491003597998,nan,-0.09100386208390748,nan,0.008673171590974374,nan
1095,-0.7824324738045392,nan,-0.0909867000175081,nan,0.003512025047108075,nan
1096,-1.834511784330115,nan,-0.09094385232223712,nan,0.017434786698038836,nan
1097,-0.6284894204200759,nan,-0.09093485548137306,nan,0.002215908760809577,nan
1098,-1.6905341260524394,nan,-0.090898481752332,nan,0.014518308992782529,nan
1099,-1.0106532570060829,nan,-0.09087523251307267,nan,0.0059899427908674,nan
1100,-1.6191059123353229,nan,-0.09084041436040556,nan,0.014382101745609272,nan
1101,-0.7309767108839019,nan,-0.09082842058474022,nan,0.0027261581232999443,nan
1102,-0.6349429101171175,nan,-0.09081966622315178,nan,0.002721106012989502,nan
1103,-0.5022675343040947,nan,-0.09081275388192282,nan,0.0016929811557014646,nan
1104,-1.2082509682084213,nan,-0.09078734061118363,nan,0.0066632461948088195,nan
1105,-1.6012241587856337,nan,-0.09074870098487285,nan,0.012393542360219558,nan
1106,-0.3978768128264441,nan,-0.09074421711731463,nan,0.0014758979595327123,nan
1107,-0.7780648680118197,nan,-0.09072703829810073,nan,0.0032342901203249175,nan
1108,-1.0207373862567013,nan,-0.09070855110992437,nan,0.0048123325895576725,nan
1109,-0.6240434904202798,nan,-0.0906967147593542,nan,0.002693567880378718,nan
1110,-0.4480509216824362,nan,-0.09069122317134934,nan,0.001442817167710291,nan
1111,-1.428421135124005,nan,-0.09065966504268023,nan,0.009660563837120165,nan
1112,-1.2441969347286188,nan,-0.0906333367836216,nan,0.00751870879050027,nan
1113,-0.8581036408210395,nan,-0.09061852486972456,nan,0.004389932894705328,nan
1114,-0.9006635389064978,nan,-0.09060112728234558,nan,0.004486078397076644,nan
1115,-0.7958685293100336,nan,-0.09058686619097535,nan,0.003050821270997775,nan
1116,-0.9193461802824664,nan,-0.09056967195544727,nan,0.0041886246038536756,nan
1117,-0.7686576051022393,nan,-0.0905555715491664,nan,0.0037799293812791623,nan
1118,-1.5984813834092504,nan,-0.09052059967782793,nan,0.01304471426513741,nan
1119,-0.676378696305733,nan,-0.09051003580380929,nan,0.002747494848105921,nan
1120,-1.5013703736224397,nan,-0.09047733763924108,nan,0.01079551243410116,nan
1121,-1.1322700319320034,nan,-0.09045543853590987,nan,0.005723689687719701,nan
1122,-1.0267390279323476,nan,-0.09043265465500244,nan,0.005016949683395605,nan
1123,-1.2177611024111545,nan,-0.09041128798501809,nan,0.008144237568398403,nan
1124,-0.926230095333276,nan,-0.09039275197925521,nan,0.0044934299238610234,nan
1125,-1.3936192683409467,nan,-0.09036405478505954,nan,0.009414733602896604,nan
1126,-2.619911705487355,nan,-0.09030170910978748,nan,0.031989562989476375,nan
1127,-1.3027281391571255,nan,-0.09027365432173087,nan,0.0089771555991847,nan
1128,-1.5424260135189163,nan,-0.09023934143603175,nan,0.012276597342478511,nan
1129,-1.3480304096336195,nan,-0.09020991007244397,nan,0.007561270028936643,nan
1130,-1.1749975803416064,nan,-0.09018164155098901,nan,0.006192808698716227,nan
1131,-0.5824556026386007,nan,-0.0901745144307037,nan,0.0018223337424805783,nan
1132,-1.2440844069430759,nan,-0.09014605131343217,nan,0.007019751750310554,nan
1133,-1.2049882626145059,nan,-0.09011919715861387,nan,0.007200994275953607,nan
1134,-1.9912054832716166,nan,-0.09007165990431298,nan,0.01784404538766427,nan
1135,-1.5108733646350518,nan,-0.09003733769445756,nan,0.010168575832105316,nan
1136,-1.6784140196212243,nan,-0.09000425026242519,nan,0.012492665944399914,nan
1137,-3.281707718160138,nan,-0.08992133175954949,nan,0.04878131636027277,nan
1138,-0.4872747426850044,nan,-0.08991191682618398,nan,0.0017843516468093478,nan
1139,-3.636090253582671,nan,-0.08982828887279139,nan,0.06711167679987538,nan
1140,-0.64584233169971,nan,-0.08981868615861367,nan,0.002308427681402931,nan
1141,-0.47331640971208183,nan,-0.0898115726209243,nan,0.0014133743486611028,nan
1142,-2.082452619794267,nan,-0.08976872308142178,nan,0.023902217291237017,nan
1143,-1.6273831422210518,nan,-0.08972957988976925,nan,0.012110391881058334,nan
1144,-2.1792171813491317,nan,-0.0896778526433439,nan,0.022207730308714292,nan
1145,-0.7837698735369634,nan,-0.0896635727892042,nan,0.003221568872758295,nan
1146,-0.7918857870469415,nan,-0.08964608192800547,nan,0.0034152868720437146,nan
1147,-0.6102364425618113,nan,-0.08964061309672665,nan,0.0023951154768892973,nan
1148,-0.5519732875255613,nan,-0.08963218953162375,nan,0.002064246271128569,nan
1149,-1.5338736090950775,nan,-0.08959777324198591,nan,0.010771543997400735,nan
1150,-0.6216681527979244,nan,-0.08958639054539329,nan,0.0027245101258398952,nan
1151,-3.2321498954711023,nan,-0.08950863541087818,nan,0.04779167399246874,nan
1152,-1.0543678240438978,nan,-0.08949096320649176,nan,0.00580810795369192,nan
1153,-1.1578387290258934,nan,-0.08946729913149289,nan,0.006466149196634053,nan
1154,-4.689669555169319,nan,-0.0893487731028672,nan,0.10558859565079044,nan
1155,-1.046939972546635,nan,-0.0893288927727389,nan,0.005364785816398746,nan
1156,-0.532083237562085,nan,-0.08931957285369775,nan,0.0017167224242619862,nan
1157,-0.6789760952556085,nan,-0.08930967856354204,nan,0.0032998780702732182,nan
1158,-0.7549040831661278,nan,-0.08929883666974266,nan,0.0028113338914314352,nan
1159,-0.6814779475726419,nan,-0.08928769845144811,nan,0.0027324955132105033,nan
1160,-0.462384646270874,nan,-0.08928223749048698,nan,0.002009980622639906,nan
1161,-1.0216992320292217,nan,-0.08926033590933263,nan,0.0057021017845397615,nan
1162,-0.37620773762041926,nan,-0.08925623382898351,nan,0.001492615588380848,nan
1163,-3.1091710998554847,nan,-0.08918245538059796,nan,0.04221998870089312,nan
1164,-0.7112601905293391,nan,-0.0891724724212388,nan,0.002691087563048641,nan
1165,-0.4874813451371826,nan,-0.08916481095647684,nan,0.0016390751227270046,nan
1166,-0.9807915358921917,nan,-0.08914658675898912,nan,0.005509251207934776,nan
1167,-0.6840229823583,nan,-0.08913616654211295,nan,0.0027415059567495494,nan
1168,-0.6946178721328663,nan,-0.08912197222646315,nan,0.0028156736813694946,nan
1169,-0.665455340520062,nan,-0.08910850717215103,nan,0.003050028752168879,nan
1170,-0.7043014903189416,nan,-0.0890971172083721,nan,0.002857950303264712,nan
1171,-1.1854732814878894,nan,-0.08907214358492836,nan,0.007236517427934826,nan
1172,-0.8833647899509054,nan,-0.08905563684220326,nan,0.00427241072728387,nan
1173,-0.684912446289037,nan,-0.08904554746107897,nan,0.002288252869088671,nan
1174,-0.7578005908057841,nan,-0.08903261863241922,nan,0.0027367886866335625,nan
1175,-0.42754012288294446,nan,-0.08902775625558858,nan,0.0012428897241772193,nan
1176,-0.795968932150462,nan,-0.08901306493103944,nan,0.003318755786863709,nan
1177,-0.9457865808087911,nan,-0.08899388936348161,nan,0.00450974545262993,nan
1178,-1.4178744918442603,nan,-0.0889637069606368,nan,0.01015941902834896,nan
1179,-0.5368928846661224,nan,-0.08895748577828805,nan,0.001929724638659887,nan
1180,-3.382189383750695,nan,-0.08887608703122228,nan,0.0535396765215501,nan
1181,-0.4672050651797448,nan,-0.08886980718285276,nan,0.0015362425138931632,nan
1182,-0.8346898651000957,nan,-0.08885504671365824,nan,0.003318708667383863,nan
1183,-0.7511846233637214,nan,-0.08883927742893259,nan,0.0031487361949387414,nan
1184,-0.7150497888198821,nan,-0.08882667921397198,nan,0.0037728429900389195,nan
1185,-0.9630043273739416,nan,-0.08880887528726854,nan,0.004458820999675525,nan
1186,-2.2962976958312944,nan,-0.08875219800198252,nan,0.02241519157984764,nan
1187,-0.8368110735497158,nan,-0.08873651977484988,nan,0.004415041093883969,nan
1188,-1.1732546443936487,nan,-0.08871202021218895,nan,0.005814185411292692,nan
1189,-0.6222731981251033,nan,-0.08870119265506789,nan,0.002763803771964456,nan
1190,-1.4255111188751812,nan,-0.08866815621669538,nan,0.009004039735075622,nan
1191,-0.9936891762519496,nan,-0.0886475926104927,nan,0.00438448429546519,nan
1192,-1.2191142003239044,nan,-0.08862367098877798,nan,0.006964343334330171,nan
1193,-2.408045421724998,nan,-0.08856905839318675,nan,0.0317412380481026,nan
1194,-0.48497327296302545,nan,-0.08856131808144475,nan,0.0018844680182205057,nan
1195,-0.6412254119704899,nan,-0.0885506103946819,nan,0.0023717989085769906,nan
1196,-0.8640577507617893,nan,-0.08853414425486078,nan,0.003499308231373941,nan
1197,-0.8754973504933125,nan,-0.08851757659364784,nan,0.004303903826708766,nan
1198,-0.6278864041624426,nan,-0.08850852989553634,nan,0.002404355229838662,nan
1199,-0.5872391014610582,nan,-0.08849959851225159,nan,0.00210165485171812,nan
1200,-0.4766730064340935,nan,-0.0884938792960302,nan,0.0019496038837576435,nan
1201,-0.48971428238729336,nan,-0.08848710786511552,nan,0.002098054921198355,nan
1202,-0.6358053289817424,nan,-0.08847807577744563,nan,0.002176219219327457,nan
1203,-0.43632944506185845,nan,-0.08847319467579606,nan,0.001643523751872774,nan
1204,-0.7064597299937139,nan,-0.0884609476432807,nan,0.0032269486737254507,nan
1205,-0.8061350790705589,nan,-0.08844653562971158,nan,0.0036849527831872885,nan
1206,-1.0485506240617788,nan,-0.08842381538224296,nan,0.006075858669156504,nan
1207,-0.5948424352995244,nan,-0.08841570994581965,nan,0.0022225516814783127,nan
1208,-2.1346922283606786,nan,-0.08836778722497116,nan,0.02091152779232971,nan
1209,-0.6934045927665765,nan,-0.08835535318857345,nan,0.0033277136423102956,nan
1210,-0.9904135551464897,nan,-0.08833225445563589,nan,0.005015595978380566,nan
1211,-1.4874845134132428,nan,-0.08830031861383668,nan,0.009256272781932032,nan
1212,-0.8048063748747802,nan,-0.08828573775481023,nan,0.0036451490144008,nan
1213,-0.4872456101103744,nan,-0.0882778111429523,nan,0.0021005179841463964,nan
1214,-0.8150230445274401,nan,-0.0882612117137922,nan,0.004219350514088127,nan
1215,-0.7310811289374617,nan,-0.08824927321563893,nan,0.0031485564682581044,nan
1216,-0.9160917778582964,nan,-0.08823145766688693,nan,0.004404723895245995,nan
1217,-1.8314877240321659,nan,-0.08818967907538344,nan,0.014621908808535913,nan
1218,-1.027738746267186,nan,-0.08816838448525577,nan,0.005387135679780313,nan
1219,-0.7844539269735206,nan,-0.08815446097298352,nan,0.0035800783324910625,nan
1220,-1.023853233677003,nan,-0.08813403042425666,nan,0.004866051921116781,nan
1221,-1.3610703792464747,nan,-0.08810342972251634,nan,0.010266214790472503,nan
1222,-4.272341664402768,nan,-0.08799841139380062,nan,0.08690857945523313,nan
1223,-0.744252508088293,nan,-0.08798495661586267,nan,0.003090671315451772,nan
1224,-0.9202767613188846,nan,-0.0879660034216495,nan,0.00414910567256753,nan
1225,-0.42553853594850855,nan,-0.0879605120937619,nan,0.0016925531424659376,nan
1226,-0.6784173339230308,nan,-0.08795118342808322,nan,0.0028796855166917006,nan
1227,-1.4223562093999875,nan,-0.08792063571960727,nan,0.008787921336761345,nan
1228,-3.2249538028289453,nan,-0.08784487483196433,nan,0.05505996605664815,nan
1229,-0.9197863023021154,nan,-0.0878294509994741,nan,0.0036447333960197207,nan
1230,-0.9121841846272598,nan,-0.0878111185075914,nan,0.005292696690573244,nan
1231,-0.7254681319397537,nan,-0.08779904379180335,nan,0.00278462238528923,nan
1232,-2.05812272565437,nan,-0.0877501380110771,nan,0.0193247327208899,nan
1233,-1.4154982272114243,nan,-0.08772128469232995,nan,0.011537388942423534,nan
1234,-2.6365142664212673,nan,-0.0876596991168872,nan,0.03344724579385438,nan
1235,-0.450985372079059,nan,-0.08765344447478139,nan,0.0016031465264695374,nan
1236,-1.7800212552176398,nan,-0.08761548428426615,nan,0.014328404372294153,nan
1237,-1.182668381532068,nan,-0.08759004460782233,nan,0.0067309111183965304,nan
1238,-0.6360944340310954,nan,-0.08757896423682185,nan,0.0027382736175876215,nan
1239,-0.6370901726956608,nan,-0.08757149865798278,nan,0.0023782535320807014,nan
1240,-2.027952496891438,nan,-0.08752413127745348,nan,0.01884169557961818,nan
1241,-2.3614657784677493,nan,-0.0874700315437954,nan,0.026977621043864777,nan
1242,-0.7719920662744719,nan,-0.0874560607858734,nan,0.003050075645351222,nan
1243,-0.6803261731793133,nan,-0.08744361506451076,nan,0.003107396658538163,nan
1244,-1.2832750141885616,nan,-0.08741705882109121,nan,0.007477339890631492,nan
1245,-2.3928042192738705,nan,-0.08736427210290737,nan,0.027932298224844984,nan
1246,-1.5733358510097841,nan,-0.0873301183370054,nan,0.010458883531337528,nan
1247,-0.7086007699624077,nan,-0.0873167537084099,nan,0.0023128151157658437,nan
1248,-0.5862992351220913,nan,-0.08730877602068605,nan,0.0022343684315453667,nan
1249,-2.6415493028986403,nan,-0.0872526975610683,nan,0.039790644726131114,nan
1250,-0.8510313697098527,nan,-0.08723672799066272,nan,0.0036508006885689107,nan
1251,-0.6341318268060943,nan,-0.08722656294307726,nan,0.0024690593595251948,nan
1252,-0.5149822571767845,nan,-0.08722162863694198,nan,0.0016642019959990755,nan
1253,-0.676942006771693,nan,-0.08721183627521446,nan,0.002363665887352186,nan
1254,-0.6147529140940684,nan,-0.08720308828711568,nan,0.0019630341715948336,nan
1255,-0.779203497624527,nan,-0.08719160558085157,nan,0.00397291976531142,nan
1256,-1.0801332077027113,nan,-0.08716968085144707,nan,0.005574346086229012,nan
1257,-0.925314984206718,nan,-0.08715346013218898,nan,0.004005259722511078,nan
1258,-0.6037715688509568,nan,-0.08714408443678809,nan,0.0023438747018499845,nan
1259,-0.5633390540944606,nan,-0.08713541574926517,nan,0.002014043685002873,nan
1260,-1.6138707470219698,nan,-0.08709805205154388,nan,0.011941330518574841,nan
1261,-0.5307103409961694,nan,-0.08709143037407512,nan,0.0019407685366110805,nan
1262,-0.4182547408329604,nan,-0.08708703971240811,nan,0.0016272544418074197,nan
1263,-0.8503783112508796,nan,-0.08707402597573634,nan,0.0036295371681216763,nan
1264,-3.473849651326849,nan,-0.0869915702631616,nan,0.05815665560562823,nan
1265,-1.7882019919496708,nan,-0.08695070818199925,nan,0.01598200566038543,nan
1266,-0.7152469286377002,nan,-0.0869385378616826,nan,0.002967156995207944,nan
1267,-0.39024182043075395,nan,-0.08693401249348305,nan,0.0017816203643106932,nan
1268,-1.24052335971093,nan,-0.08690978519537337,nan,0.006563377320121794,nan
1269,-1.0955636426087556,nan,-0.0868880227963885,nan,0.005491608052978623,nan
1270,-0.826090806267162,nan,-0.08687278024174977,nan,0.003025656070484715,nan
1271,-1.7553537516778275,nan,-0.0868321336329457,nan,0.014876898977789557,nan
1272,-0.6929256082309703,nan,-0.08681968637487286,nan,0.002884166245855124,nan
1273,-0.5095610464149586,nan,-0.08681344391304237,nan,0.0020629061648850134,nan
1274,-2.74476044111504,nan,-0.08674633394541696,nan,0.032859485379962076,nan
1275,-0.46487549618626983,nan,-0.08674019231808344,nan,0.0018880767875506762,nan
1276,-0.7201020565665158,nan,-0.08672800108427657,nan,0.002875692906877583,nan
1277,-0.411162907912705,nan,-0.08672157853714123,nan,0.0013672943230394982,nan
1278,-0.661644306133562,nan,-0.0867103871087295,nan,0.0024139422051188413,nan
1279,-0.7445540993367928,nan,-0.08669652744891265,nan,0.0030022279198267843,nan
1280,-1.0356763940602742,nan,-0.08667390417479202,nan,0.0056906832710524775,nan
1281,-0.6819537406657755,nan,-0.08666366541548796,nan,0.002705237393071278,nan
1282,-0.4258656974232598,nan,-0.08665829018732359,nan,0.0013678714797240336,nan
1283,-1.2995294800401969,nan,-0.08663119937594803,nan,0.006644037179891265,nan
1284,-0.6448880195960128,nan,-0.0866201367544937,nan,0.002879482364591089,nan
1285,-3.8940753436710276,nan,-0.0865313197088027,nan,0.08098304177452588,nan
1286,-0.7946168667209637,nan,-0.08651758969777432,nan,0.0037231630581151557,nan
1287,-0.8957810293315395,nan,-0.08650149260384771,nan,0.003702234226020186,nan
1288,-1.1921462270479732,nan,-0.08647616197130746,nan,0.007044079219883986,nan
1289,-0.8928774551253162,nan,-0.08646022722645136,nan,0.004157045041547914,nan
1290,-0.5481721847991011,nan,-0.0864527886779692,nan,0.0018487116267951963,nan
1291,-0.47549213295995973,nan,-0.08644599940343044,nan,0.0015646165664186856,nan
1292,-2.2940635278919266,nan,-0.08639432583097373,nan,0.023278889724622807,nan
1293,-0.5589832355338035,nan,-0.08638430113002847,nan,0.0021644536287832106,nan
1294,-0.468559878947843,nan,-0.086377544109648,nan,0.0013623433472973539,nan
1295,-0.7385544313394691,nan,-0.08636409286211676,nan,0.002821087528481689,nan
1296,-2.7543684708469964,nan,-0.08629831970262991,nan,0.03523213006230046,nan
1297,-0.6387726926870555,nan,-0.08628637983393393,nan,0.0021875304110064177,nan
1298,-0.6662928045377083,nan,-0.08627546052122795,nan,0.003239753798161105,nan
1299,-1.9111677164839143,nan,-0.08623281564851759,nan,0.017469614351004,nan
1300,-1.0558387741354094,nan,-0.08621365291462899,nan,0.004898637132818727,nan
1301,-0.8013085464049007,nan,-0.08619832767552986,nan,0.0036877759559517252,nan
1302,-2.0331700341447556,nan,-0.08614880810731289,nan,0.019067037538588138,nan
1303,-0.46968188353575957,nan,-0.08614189704883884,nan,0.0017850825489232776,nan
1304,-0.43606514143680153,nan,-0.08613738226026899,nan,0.0013812575703296497,nan
1305,-0.741973865251543,nan,-0.08612272971336972,nan,0.002937972179244945,nan
1306,-0.9919114840100502,nan,-0.08610313063764329,nan,0.005080152530735592,nan
1307,-0.9611220117568892,nan,-0.08608411763248493,nan,0.004838340955394286,nan
1308,-1.2010554811585772,nan,-0.08605869677122331,nan,0.00732558754068536,nan
1309,-1.596718458191102,nan,-0.08602134956459562,nan,0.01282292399884393,nan
1310,-0.7382747955231939,nan,-0.08600630530541822,nan,0.0029892516582033647,nan
1311,-0.6609882297583112,nan,-0.08599648126448282,nan,0.0030575230720395934,nan
1312,-0.49117837657519653,nan,-0.08598852831333564,nan,0.0015992573094115385,nan
1313,-1.0536174935984837,nan,-0.08597103430711626,nan,0.007865645217817328,nan
1314,-0.5312963339495049,nan,-0.08596230284741466,nan,0.0018184536988367108,nan
1315,-1.0109472421201124,nan,-0.08594174173696804,nan,0.0051880185237123105,nan
1316,-4.357867633416754,nan,-0.08583817889723887,nan,0.10110888968283797,nan
1317,-2.0871724964847913,nan,-0.08579173709444653,nan,0.019753449238312036,nan
1318,-0.9009257177328706,nan,-0.0857729262552927,nan,0.004426708460935617,nan
1319,-0.7383038998755302,nan,-0.08575973571061195,nan,0.003097753693218671,nan
1320,-0.9350496418278589,nan,-0.08574302787480291,nan,0.003721565794984835,nan
1321,-1.4410075377376594,nan,-0.08571465086698123,nan,0.011082267228432207,nan
1322,-3.038193128164341,nan,-0.08564243570052539,nan,0.05198299460746924,nan
1323,-1.2225393211454332,nan,-0.0856187695185803,nan,0.007614439722961084,nan
1324,-1.3397812533031825,nan,-0.0855907517713768,nan,0.009037287945675099,nan
1325,-1.9210658390951292,nan,-0.08554831851623153,nan,0.019607434092472793,nan
1326,-3.9518037384821274,nan,-0.085450112521568,nan,0.07231651849977894,nan
1327,-1.1123459180500346,nan,-0.08542869505390892,nan,0.005312694690041797,nan
1328,-0.8788808209803622,nan,-0.08541148238269959,nan,0.004459955088753405,nan
1329,-1.5987248751902385,nan,-0.08537417186500838,nan,0.011151469732030342,nan
1330,-3.008073245684073,nan,-0.08530279794884857,nan,0.04674196094723036,nan
1331,-0.8187308937343203,nan,-0.08528752908189587,nan,0.003682271124260603,nan
1332,-2.0717685506053014,nan,-0.08524294377235064,nan,0.017914443760224844,nan
1333,-0.95761511763694,nan,-0.08522359579436972,nan,0.00494702794287704,nan
1334,-0.9932377493843317,nan,-0.08520312001744992,nan,0.004876319383232825,nan
1335,-0.8199814486444083,nan,-0.08518915717638305,nan,0.003875010855021307,nan
1336,-0.6635486568700257,nan,-0.0851766127154094,nan,0.0022978571911756716,nan
1337,-0.6021168486601494,nan,-0.08516736234240814,nan,0.0020917666801734958,nan
1338,-1.22442946953494,nan,-0.08514048464404403,nan,0.00682840129396557,nan
1339,-1.4864457974907033,nan,-0.08510714883595147,nan,0.012158932521488735,nan
1340,-1.2236617145794326,nan,-0.08508173600403399,nan,0.007501437775794582,nan
1341,-1.2211677431589163,nan,-0.08505476463236628,nan,0.007569774006935937,nan
1342,-0.6595312094161822,nan,-0.08504535005823857,nan,0.0027429524182380617,nan
1343,-1.1669026979704935,nan,-0.08502217156715895,nan,0.00623653869083395,nan
1344,-0.3324879532913313,nan,-0.08501887480323167,nan,0.0009437430367349862,nan
1345,-0.6414098298025815,nan,-0.0850088249629811,nan,0.002544078972127587,nan
1346,-1.1514864217567606,nan,-0.0849841688678443,nan,0.006475424710123869,nan
1347,-0.6270922290787446,nan,-0.08497189573160767,nan,0.002137502013438749,nan
1348,-0.47847627933563297,nan,-0.08496576146520876,nan,0.0018435677913603379,nan
1349,-0.45245728515986106,nan,-0.08496000252664643,nan,0.0014599039854981575,nan
1350,-1.747051285738878,nan,-0.08491723778708188,nan,0.014526088551299554,nan
1351,-0.7974314457914881,nan,-0.08490343204752437,nan,0.003072813798408369,nan
1352,-0.7098140285515904,nan,-0.08488939624130067,nan,0.0026503010726349765,nan
1353,-0.8615831580910464,nan,-0.08487226581938183,nan,0.0038315490445642573,nan
1354,-0.7335994556974718,nan,-0.08486126969805663,nan,0.003017640364011793,nan
1355,-4.917251237280541,nan,-0.08474491985602955,nan,0.14462969290396174,nan
1356,-1.4206975311353196,nan,-0.0847134113885528,nan,0.00873163371585233,nan
1357,-1.17843773164336,nan,-0.08469056592245544,nan,0.00669001345534048,nan
1358,-1.7748893058443456,nan,-0.08464985479798587,nan,0.014412949836003785,nan
1359,-0.506442124300026,nan,-0.08464244995570966,nan,0.0018298289357898433,nan
1360,-0.871813498796316,nan,-0.08462606734626846,nan,0.003773563935682375,nan
1361,-0.5076872109780232,nan,-0.08461929074552142,nan,0.0017705923543336042,nan
1362,-2.172606845517497,nan,-0.08457051537450151,nan,0.02602511923429679,nan
1363,-0.6340216104914733,nan,-0.08455986156056043,nan,0.0027807884038302086,nan
1364,-0.8459456307998318,nan,-0.08454326845559082,nan,0.004409981301374602,nan
1365,-0.5771714313200479,nan,-0.08453499731744409,nan,0.0020425682717956153,nan
1366,-1.1719530622020649,nan,-0.08451355286668392,nan,0.007544433907462438,nan
1367,-0.7849928929452378,nan,-0.08449869694382428,nan,0.0030956610876472467,nan
1368,-0.794230577751413,nan,-0.08448370871536304,nan,0.0029433986739910967,nan
1369,-0.5251587362045141,nan,-0.0844756422076187,nan,0.001807132576942685,nan
1370,-1.1457167918029392,nan,-0.08445094731953137,nan,0.0066714591232169265,nan
1371,-5.657563227701593,nan,-0.08431111040866185,nan,0.1541294756145042,nan
1372,-1.4054926650532835,nan,-0.08427985640484337,nan,0.008892405677302418,nan
1373,-0.8391420187534903,nan,-0.08426254355682514,nan,0.003930142350672621,nan
1374,-0.9381068091628616,nan,-0.08424366039860066,nan,0.0047226845586445755,nan
1375,-1.4290987333637961,nan,-0.08421402286424332,nan,0.009843395045384883,nan
1376,-0.7805679570963592,nan,-0.08420085456260847,nan,0.0030887151235028496,nan
1377,-0.9019525079811239,nan,-0.08418456489961684,nan,0.005025909548857638,nan
1378,-1.32295295684498,nan,-0.0841536304114988,nan,0.009492538161415856,nan
1379,-0.41240606256433415,nan,-0.08414777452711512,nan,0.001419922089402218,nan
1380,-0.7752926184710048,nan,-0.08413189971587348,nan,0.00394665194171686,nan
1381,-0.7220006582061647,nan,-0.0841188869085052,nan,0.0034711918007289504,nan
1382,-1.3933051640201313,nan,-0.08408793549590057,nan,0.008905439230877376,nan
1383,-1.337849276811679,nan,-0.08406140650867625,nan,0.007439284547378336,nan
1384,-1.567337156957808,nan,-0.08402442562341474,nan,0.012230062025410191,nan
1385,-0.7467107719261169,nan,-0.08400974735896592,nan,0.0031343114642024524,nan
1386,-1.3824772821220164,nan,-0.08397825692540764,nan,0.008344589636742268,nan
1387,-0.8816038867685329,nan,-0.08396064369548188,nan,0.003959729187584553,nan
1388,-0.9156204334811353,nan,-0.08394414948467795,nan,0.0043975699013775685,nan
1389,-0.6814725393407753,nan,-0.08393152436644308,nan,0.0030472822963528772,nan
1390,-0.4257478475817469,nan,-0.08392647211648425,nan,0.001561886757460853,nan
1391,-1.917058776886951,nan,-0.08388606733099815,nan,0.016916205877314548,nan
1392,-2.0440938132536797,nan,-0.08383869901001056,nan,0.02007335504990237,nan
1393,-1.6924332893372085,nan,-0.08379840913371966,nan,0.016052652272569603,nan
1394,-1.0962631401998322,nan,-0.0837750117290119,nan,0.005782572864558,nan
1395,-0.6697035532179288,nan,-0.08376194822225241,nan,0.0027448612740571545,nan
1396,-2.09285321767018,nan,-0.08371318216637534,nan,0.021250168596774394,nan
1397,-2.320655362106461,nan,-0.08365979379837579,nan,0.03020772316774925,nan
1398,-0.7085771229841217,nan,-0.08364700508307654,nan,0.0027654296152152293,nan
1399,-0.6342831411746165,nan,-0.08363639310723528,nan,0.002273928564473055,nan
1400,-1.487932210765393,nan,-0.08360239070956267,nan,0.010541560676356832,nan
1401,-0.7456705567702627,nan,-0.08359120348361047,nan,0.0028328864087244746,nan
1402,-0.6652287592851973,nan,-0.08358046633975953,nan,0.002847780755778992,nan
1403,-0.457741292262047,nan,-0.08357444364383095,nan,0.0018910672487886283,nan
1404,-0.4343765799592282,nan,-0.08356922097011356,nan,0.0017315921662471078,nan
1405,-0.9395551530955861,nan,-0.08354968490762435,nan,0.005121326640064439,nan
1406,-0.82399138706549,nan,-0.08353431097044103,nan,0.003586182548841524,nan
1407,-0.706267210491081,nan,-0.08352077124460941,nan,0.0033645733599407817,nan
1408,-2.5133056792532225,nan,-0.0834616894482987,nan,0.030770606635465072,nan
1409,-3.226076134674291,nan,-0.08338581718224754,nan,0.050868033273704094,nan
1410,-1.121448380238542,nan,-0.08336415400242378,nan,0.005488242019417275,nan
1411,-1.3084027763234447,nan,-0.0833359875830301,nan,0.007721103969889194,nan
1412,-1.0232139185485822,nan,-0.0833193263730031,nan,0.005444412631093783,nan
1413,-0.769564640015006,nan,-0.08330572473814872,nan,0.002673316940292986,nan
1414,-1.3800001572122595,nan,-0.0832743725206995,nan,0.008669146481636837,nan
1415,-1.2615416621795308,nan,-0.08324936880639479,nan,0.006812147385952623,nan
1416,-3.6207738912878993,nan,-0.08316352126259267,nan,0.06662013173683341,nan
1417,-0.8982639430501838,nan,-0.08314581973752605,nan,0.004099918725627497,nan
1418,-1.0275276333877066,nan,-0.0831259323173575,nan,0.0047183719169623314,nan
1419,-0.660943413084633,nan,-0.08311633534075633,nan,0.0025606067835970145,nan
1420,-1.2554352769741082,nan,-0.08308788585357028,nan,0.007758104453853464,nan
1421,-0.37326334699067865,nan,-0.08308286626709971,nan,0.0012289952459421162,nan
1422,-0.9539041559317324,nan,-0.08306256406731666,nan,0.004900189317623489,nan
1423,-0.9995320950086602,nan,-0.08304354476262817,nan,0.00476821176447054,nan
1424,-0.9504321319379181,nan,-0.0830252837672052,nan,0.0047570847904602346,nan
1425,-0.5585780684173424,nan,-0.08301913309766208,nan,0.002082926353184816,nan
1426,-3.5893089405758984,nan,-0.08293001777924269,nan,0.06133341262083091,nan
1427,-0.9869453446700923,nan,-0.08291107009261013,nan,0.005230155251750225,nan
1428,-0.5722206649076175,nan,-0.08290184216895434,nan,0.0022446969945034974,nan
1429,-1.0335105189443843,nan,-0.08287992788616275,nan,0.0051712485621744665,nan
1430,-1.0130620409995013,nan,-0.08286170683155425,nan,0.004995679328940682,nan
1431,-1.207495527815438,nan,-0.08283738053075422,nan,0.0072637462992002745,nan
1432,-0.598619432511304,nan,-0.08282661739728184,nan,0.0026236622560106082,nan
1433,-0.4845450090532079,nan,-0.08282112856709573,nan,0.001689936210521059,nan
1434,-0.588312076155877,nan,-0.08281133889887889,nan,0.002124962715858319,nan
1435,-0.5183898625857517,nan,-0.08280487904486139,nan,0.0019766431670976284,nan
1436,-1.5416219889409744,nan,-0.08277113060000839,nan,0.011986044920174958,nan
1437,-2.631669565963503,nan,-0.08271217191611506,nan,0.032711175098837864,nan
1438,-0.6155766677394643,nan,-0.08270251235165489,nan,0.0024394486846291536,nan
1439,-0.5744238941957746,nan,-0.08269439513039999,nan,0.0023313093522840545,nan
1440,-0.5163109023303317,nan,-0.08268782171476038,nan,0.001730717848493483,nan
1441,-0.4930786651874163,nan,-0.08268164232448381,nan,0.0019982641703852736,nan
1442,-0.7095738262998402,nan,-0.08267000120699677,nan,0.0032174589875549613,nan
1443,-1.047357739502063,nan,-0.08264804280765678,nan,0.006038985826737134,nan
1444,-2.205722855646085,nan,-0.08259255896901188,nan,0.022961883990293853,nan
1445,-1.085790783979925,nan,-0.08256738513207029,nan,0.006585482712144725,nan
1446,-0.5642864212397464,nan,-0.08255937249561526,nan,0.0021574054508306894,nan
1447,-0.6131585904892776,nan,-0.08254777215817406,nan,0.0024951222379276886,nan
1448,-0.5339742901047961,nan,-0.0825386406607435,nan,0.001663226428334029,nan
1449,-0.6933226069564347,nan,-0.08252723344899644,nan,0.0027132038050345767,nan
1450,-1.622830198566969,nan,-0.08249003980466552,nan,0.012316958189035077,nan
1451,-0.7741471995132683,nan,-0.08247639267478381,nan,0.003022711823221348,nan
1452,-0.5633548351823037,nan,-0.08246905509532483,nan,0.002320328534715844,nan
1453,-0.8933548306537109,nan,-0.08245237380643516,nan,0.004788230614421869,nan
1454,-0.48845917245697046,nan,-0.08244628732574205,nan,0.0017309854858321514,nan
1455,-1.1556186704476785,nan,-0.08242143256425467,nan,0.007235288505724255,nan
1456,-0.6625587441836075,nan,-0.08240901397971288,nan,0.002461032911841024,nan
1457,-0.4930559772181068,nan,-0.08240278763084374,nan,0.001937766657983248,nan
1458,-0.6816466912315554,nan,-0.08239078487799877,nan,0.0029441020759947705,nan
1459,-0.7085010146278323,nan,-0.0823762379556649,nan,0.0030979009301102,nan
1460,-0.6319393795502336,nan,-0.08236553635860515,nan,0.002555220200055234,nan
1461,-1.0581426694273564,nan,-0.08234322547021239,nan,0.005695853351098776,nan
1462,-1.4841487475590656,nan,-0.08231102957271963,nan,0.00914282865511745,nan
1463,-1.4713204649992346,nan,-0.08228270325841507,nan,0.01091849988237343,nan
1464,-0.5854610359679153,nan,-0.08227259705217405,nan,0.0023016735965548656,nan
1465,-1.5663075967851119,nan,-0.08223688321359347,nan,0.012505490510619324,nan
1466,-0.7091066201812616,nan,-0.08222368220644123,nan,0.002447767661622137,nan
1467,-0.6975438608773888,nan,-0.08221232875098357,nan,0.0028355034668701624,nan
1468,-0.9198464529959428,nan,-0.08219416962898769,nan,0.003996399450360132,nan
1469,-0.8266731522102252,nan,-0.08217842737888789,nan,0.0037270365446376748,nan
1470,-1.777448535026094,nan,-0.08213679679613477,nan,0.01560268503283845,nan
1471,-3.8223660914408844,nan,-0.08204433438900903,nan,0.06621559966997906,nan
1472,-0.9813037046775557,nan,-0.08202603403614156,nan,0.004525181317773196,nan
1473,-0.7630009073151288,nan,-0.08201407759642991,nan,0.0029422078679314234,nan
1474,-1.9770729257012987,nan,-0.08196862730616573,nan,0.01973292136922654,nan
1475,-0.9233143361344301,nan,-0.08195134563599707,nan,0.004772137073161804,nan
1476,-0.8062394684263375,nan,-0.08193520052757144,nan,0.0038202404426260204,nan
1477,-0.8389580947683969,nan,-0.08191805486777441,nan,0.003863037937160915,nan
1478,-1.169260309839738,nan,-0.08189826751448866,nan,0.006469449104813925,nan
1479,-0.8636257977199692,nan,-0.08188365883166968,nan,0.005148822579634221,nan
1480,-0.823864943320807,nan,-0.08186636404283285,nan,0.004569279369336485,nan
1481,-1.1365510484593393,nan,-0.081844111754816,nan,0.006066390566028538,nan
1482,-0.6150236244858271,nan,-0.08183287636082076,nan,0.0028241852676203242,nan
1483,-1.6308134205137237,nan,-0.08179433939327305,nan,0.011561688449109866,nan
1484,-0.799535248856419,nan,-0.08177796650298665,nan,0.0036404575743896744,nan
1485,-0.709459063008216,nan,-0.08176438763596809,nan,0.003605485154712462,nan
1486,-0.5931288982477178,nan,-0.08175562341796343,nan,0.0019889780747656865,nan
1487,-0.5847286746421573,nan,-0.08174575715213693,nan,0.0019084253103447354,nan
1488,-1.1955873186798858,nan,-0.08172225494070083,nan,0.00779776703340374,nan
1489,-0.9958085465251155,nan,-0.08170080106505556,nan,0.005168290620128243,nan
1490,-1.759852910295567,nan,-0.08166049029142836,nan,0.014254715408959591,nan
1491,-0.9633941088061297,nan,-0.08164132757905741,nan,0.004534113355889123,nan
1492,-1.3181930567931053,nan,-0.08161220526535308,nan,0.007771813798858831,nan
1493,-1.6502389072959995,nan,-0.08157138760956166,nan,0.013286077204548913,nan
1494,-1.305215317802749,nan,-0.08154577764270657,nan,0.00830941756399875,nan
1495,-2.1765268277441185,nan,-0.08149555332489533,nan,0.022202052545533653,nan
1496,-1.4930971504283967,nan,-0.0814624404805407,nan,0.010439299632758097,nan
1497,-1.4151493651746592,nan,-0.08143310115775572,nan,0.010618599286726442,nan
1498,-0.9265736337056787,nan,-0.08141511594452086,nan,0.0045157027262597346,nan
1499,-2.5177039608261764,nan,-0.08135533000520909,nan,0.031051351384718463,nan
1500,-0.6445877508565675,nan,-0.08134310658047314,nan,0.0023100191887833444,nan
1501,-0.7987560633501366,nan,-0.08132930627890002,nan,0.0038118314240498568,nan
1502,-1.8684223717451052,nan,-0.08129371130927343,nan,0.02339396708097052,nan
1503,-0.6004238983297491,nan,-0.08128393179855203,nan,0.0021391233111490424,nan
1504,-0.666997243732875,nan,-0.08127239424663571,nan,0.0022631812743922402,nan
1505,-0.5157574626200723,nan,-0.08126618664404313,nan,0.001934156527441089,nan
1506,-2.3545561669538233,nan,-0.08121560395948263,nan,0.026968264528167807,nan
1507,-0.856220253403563,nan,-0.08120106524847036,nan,0.003601190166528602,nan
1508,-1.9688494869964106,nan,-0.08115605495064397,nan,0.0181375549472434,nan
1509,-1.5722551396906082,nan,-0.0811214887624289,nan,0.010933281129365351,nan
1510,-0.8920000835601883,nan,-0.08110206083020427,nan,0.00458245353435677,nan
1511,-0.6342577580013024,nan,-0.08109242674471583,nan,0.002293847228958528,nan
1512,-0.48075113760358745,nan,-0.0810845125883862,nan,0.0019916510254054318,nan
1513,-3.5224519639751284,nan,-0.08099679498523477,nan,0.06081496223989095,nan
1514,-1.1681870633536446,nan,-0.08097115380204069,nan,0.0063485645714754435,nan
1515,-0.5225665466721046,nan,-0.08096330819265055,nan,0.001955376211279334,nan
1516,-1.2314752142962508,nan,-0.08093944654427117,nan,0.007454190595592112,nan
1517,-2.0883773269261225,nan,-0.08089066795333312,nan,0.018003536178923373,nan
1518,-1.0143655969497092,nan,-0.08086936690888792,nan,0.004547351493559714,nan
1519,-0.6592146069766556,nan,-0.08085951212028591,nan,0.002425880022872964,nan
1520,-1.2224667608731097,nan,-0.08083096514051646,nan,0.008264087653465223,nan
1521,-4.721975592858258,nan,-0.08071537939968662,nan,0.10282171343574727,nan
1522,-0.9460711183557693,nan,-0.08069841682053076,nan,0.004416437574428428,nan
1523,-0.5364879470689597,nan,-0.08069012393665824,nan,0.001933360115751791,nan
1524,-1.90646002092434,nan,-0.0806462627533159,nan,0.018944634022466374,nan
1525,-1.349448512316218,nan,-0.08061525980324259,nan,0.00855271180680182,nan
1526,-1.0506393186871283,nan,-0.08059512984705476,nan,0.005341652493001445,nan
1527,-0.34968358345760847,nan,-0.08059151479512675,nan,0.0011081904179283193,nan
1528,-0.42805377263635275,nan,-0.08058489927568803,nan,0.001236986421033815,nan
1529,-0.9180213120346411,nan,-0.08056717700449537,nan,0.004262144063107726,nan
1530,-0.6036106520291478,nan,-0.08055758528311778,nan,0.0021231655929421066,nan
1531,-2.2831996455090056,nan,-0.08050558859282486,nan,0.021921003909122556,nan
1532,-0.65567085246746,nan,-0.0804957834318671,nan,0.0027556757504563207,nan
1533,-0.6974453705813123,nan,-0.08048417297362935,nan,0.002807064861934475,nan
1534,-0.8389969799101424,nan,-0.08046965980767239,nan,0.003814043091223383,nan
1535,-0.6043031337678313,nan,-0.08045993172283594,nan,0.001978353224110034,nan
1536,-2.000174817267929,nan,-0.08041313425776198,nan,0.018611198026878637,nan
1537,-1.3451536056484124,nan,-0.08038412588122056,nan,0.009170780589228341,nan
1538,-1.5982856650360306,nan,-0.08035100947754761,nan,0.012565376291311062,nan
1539,-1.7882279835957942,nan,-0.08031287473026212,nan,0.013733000258612994,nan
1540,-1.227255297233909,nan,-0.08028561798673431,nan,0.007032903288618405,nan
1541,-0.635554398841434,nan,-0.08027414837415506,nan,0.0026143831819412247,nan
1542,-2.0317841387256843,nan,-0.08022727479177433,nan,0.01800960358393399,nan
1543,-0.9464760095685922,nan,-0.08020704049597988,nan,0.005035989557814114,nan
1544,-0.8509204562189543,nan,-0.08019406324366982,nan,0.004196255647280448,nan
1545,-0.8420504320088723,nan,-0.08017907795232677,nan,0.0036358355888657014,nan
1546,-1.767523184206626,nan,-0.08014071423634188,nan,0.013679902532571135,nan
1547,-0.9311569266411948,nan,-0.08012632108818765,nan,0.003970767052152432,nan
1548,-0.5224593831816274,nan,-0.08011786724365576,nan,0.001936375031597094,nan
1549,-1.1048865932329828,nan,-0.08009564717843025,nan,0.0061013597585692384,nan
1550,-2.130380000411342,nan,-0.08004667462055794,nan,0.01860866178530048,nan
1551,-0.48809956202966825,nan,-0.08004130576828654,nan,0.0017479649900525628,nan
1552,-0.4532543183488856,nan,-0.08003624435034071,nan,0.0016887484284468924,nan
1553,-0.3959898580757727,nan,-0.08003111786648626,nan,0.0014103053941474666,nan
1554,-2.054123529767331,nan,-0.07998331076159292,nan,0.02224608498052181,nan
1555,-0.4267765087007066,nan,-0.07997802346751759,nan,0.001776962545020087,nan
1556,-1.2016311724789175,nan,-0.07995175401371638,nan,0.006918763598868569,nan
1557,-0.7348700785965168,nan,-0.07993771983923284,nan,0.0030688569500024435,nan
1558,-0.8499576255627577,nan,-0.07992078153916923,nan,0.0033294632322044757,nan
1559,-1.025962766640201,nan,-0.07989947249687028,nan,0.005058894918616439,nan
1560,-1.2958774771801767,nan,-0.07987241798193337,nan,0.008808910763798994,nan
1561,-1.5838183063962925,nan,-0.07983979480019497,nan,0.01280563704218479,nan
1562,-1.0661089031186928,nan,-0.07981790739333919,nan,0.005367055854172454,nan
1563,-0.35334764470052965,nan,-0.07981420451525138,nan,0.0012877628064287571,nan
1564,-2.8522232485410957,nan,-0.07974443253465704,nan,0.03735055712149831,nan
1565,-0.6021358224754647,nan,-0.07973487825351348,nan,0.0023878642459264072,nan
1566,-1.831072053057596,nan,-0.07969574936784761,nan,0.018658583036999698,nan
1567,-1.0521427990942558,nan,-0.0796741644174459,nan,0.005430856919958772,nan
1568,-1.4411785728457238,nan,-0.07964136003588933,nan,0.009225840473296847,nan
1569,-0.8327113202159522,nan,-0.07962462425803703,nan,0.00393528518350184,nan
1570,-1.1648606608926293,nan,-0.07959998517018192,nan,0.007007346792657543,nan
1571,-1.277275444864507,nan,-0.07957811323036551,nan,0.009717562644149186,nan
1572,-0.5053535158003313,nan,-0.07957057697715998,nan,0.0016466230129858757,nan
1573,-0.4986879160698046,nan,-0.07956402444917476,nan,0.001715528237274332,nan
1574,-2.6359575056854556,nan,-0.07950085868691609,nan,0.03293169702386318,nan
1575,-1.5345847012163236,nan,-0.07946670922426986,nan,0.01086519588426106,nan
1576,-0.9968619924225299,nan,-0.07944537652891087,nan,0.005912711017018016,nan
1577,-1.034088923151809,nan,-0.07942346278791118,nan,0.005399547633621217,nan
1578,-0.683847921938971,nan,-0.07941174751503528,nan,0.002695437163711228,nan
1579,-2.2867305623865355,nan,-0.07935547522549748,nan,0.02301867908410019,nan
1580,-0.5722069620776637,nan,-0.07934612204687803,nan,0.0019114283166135485,nan
1581,-1.2012855374805098,nan,-0.07931924068858046,nan,0.008730940829986104,nan
1582,-0.9300149077953316,nan,-0.07930295730317073,nan,0.0037596785502205443,nan
1583,-1.7063378048659394,nan,-0.07926470899090983,nan,0.014337356596997105,nan
1584,-1.2065840514562747,nan,-0.0792392715226829,nan,0.007985448761823319,nan
1585,-5.678243133409565,nan,-0.07910288218433544,nan,0.16298412548553512,nan
1586,-0.6499190458659362,nan,-0.07909320435067209,nan,0.002123740553117836,nan
1587,-0.52818501662205,nan,-0.0790846113494707,nan,0.0018683624526971514,nan
1588,-0.5058882037751185,nan,-0.07907626722454103,nan,0.0020249312935375977,nan
1589,-1.1300763941608043,nan,-0.0790524900430344,nan,0.005742093980923391,nan
1590,-0.4916279958826774,nan,-0.07904500413486591,nan,0.0020087432787606477,nan
1591,-0.7318519509890159,nan,-0.07902994798713066,nan,0.002754143533158515,nan
1592,-1.1332375783452742,nan,-0.07900743641880201,nan,0.005930332902108761,nan
1593,-0.5252085068732781,nan,-0.07899987562818435,nan,0.002199593196744778,nan
1594,-1.1040944169973512,nan,-0.07898158441438373,nan,0.008972037437071631,nan
1595,-0.5412892085010077,nan,-0.07897315886653361,nan,0.0020001767685693234,nan
1596,-0.7327853506829547,nan,-0.07895861224199202,nan,0.002819875921163717,nan
1597,-0.9212371348470154,nan,-0.07894044428741899,nan,0.004192497480465756,nan
1598,-0.577641849059699,nan,-0.07893287042428558,nan,0.0018656915648628588,nan
1599,-1.2106230692426254,nan,-0.07890494310694682,nan,0.00692209643565201,nan
1600,-0.31784749684539537,nan,-0.07890162930927382,nan,0.0010997989777105424,nan
1601,-3.3902460017316276,nan,-0.07882773961917139,nan,0.07233996289070502,nan
1602,-1.3466043060101074,nan,-0.07880096953127003,nan,0.007588731929308006,nan
1603,-1.574679666686025,nan,-0.0787642023677201,nan,0.011672942156255063,nan
1604,-1.0261965871592327,nan,-0.07874526513547889,nan,0.005637909494082161,nan
1605,-2.252993380285018,nan,-0.07869268025449223,nan,0.023741751146315142,nan
1606,-2.091364145340295,nan,-0.07864501570649952,nan,0.019840297622459317,nan
1607,-1.542121509904439,nan,-0.07861198089878194,nan,0.012596624819308424,nan
1608,-1.3918901998049014,nan,-0.07858110392270777,nan,0.009303663963428578,nan
1609,-2.343135833938142,nan,-0.0785300021403097,nan,0.030498236361589912,nan
1610,-1.045719169590213,nan,-0.07850721784592143,nan,0.0049684611264628085,nan
1611,-1.1696171458679823,nan,-0.07848140974458988,nan,0.006036685812520486,nan
1612,-1.2917402181494775,nan,-0.07845284550854917,nan,0.007199346474630954,nan
1613,-0.6829048982016166,nan,-0.0784431624237715,nan,0.002717284746638801,nan
1614,-1.1933641823808858,nan,-0.07841934685606121,nan,0.007195437726317936,nan
1615,-4.007099602906024,nan,-0.07832618658272993,nan,0.08212575092139969,nan
1616,-0.7176599492754956,nan,-0.07831240070367025,nan,0.002659735342079973,nan
1617,-0.8591783967430122,nan,-0.07829536694603953,nan,0.003840694942091935,nan
1618,-1.1236093232598003,nan,-0.07827059009966914,nan,0.006121464578004951,nan
1619,-0.7097366915091018,nan,-0.07825953943278564,nan,0.0029185628505148304,nan
1620,-1.072405351739757,nan,-0.07823538045730977,nan,0.005380696642146442,nan
1621,-1.555533059248383,nan,-0.07820323192684275,nan,0.0103894984803284,nan
1622,-1.2679239588520306,nan,-0.07817527589904712,nan,0.007260990452896518,nan
1623,-3.937532984813196,nan,-0.07808288906315979,nan,0.06528951942421689,nan
1624,-0.7601258485216058,nan,-0.07807026590626003,nan,0.0031308569153002245,nan
1625,-0.5005249070104508,nan,-0.07806284325485129,nan,0.0017891181859575648,nan
1626,-1.4531345271237557,nan,-0.07803099480008333,nan,0.010105044743010704,nan
1627,-1.3120660465188883,nan,-0.07800212593144647,nan,0.007211425162640318,nan
1628,-0.37972390901689856,nan,-0.07799728690195726,nan,0.0012866010272871377,nan
1629,-2.7239319874102272,nan,-0.07793149001116663,nan,0.032606024094000874,nan
1630,-0.7845604196301501,nan,-0.07791683568265807,nan,0.0032192448246045223,nan
1631,-0.5984181153240972,nan,-0.07790742820653002,nan,0.00239574912763928,nan
1632,-0.5963440597372403,nan,-0.07789781749238792,nan,0.0027294639456551316,nan
1633,-0.5347046095086433,nan,-0.07789105617235027,nan,0.002021173467538231,nan
1634,-0.5581001851818542,nan,-0.07788298670317766,nan,0.0015931074074061388,nan
1635,-1.3696334153795688,nan,-0.07785844030187156,nan,0.008239357312412427,nan
1636,-0.5345612972773787,nan,-0.07784938492287684,nan,0.0020628712120613754,nan
1637,-1.5074742431055823,nan,-0.07781866205634227,nan,0.013001283460456996,nan
1638,-0.49706495877942997,nan,-0.07781283677471032,nan,0.001968615229702854,nan
1639,-0.9090787940047169,nan,-0.0777945332638423,nan,0.004761369773670897,nan
1640,-1.6595190880036657,nan,-0.07775877595628385,nan,0.01343914224574431,nan
1641,-1.1981141206495345,nan,-0.07773194169704856,nan,0.006868916733209535,nan
1642,-1.7682116164957555,nan,-0.07769183542796995,nan,0.013721702278861147,nan
1643,-0.49352150296771036,nan,-0.07768371544711307,nan,0.0018780826373834677,nan
1644,-0.7901976260786991,nan,-0.07766909128146292,nan,0.0033924614622182505,nan
1645,-0.8990757760642554,nan,-0.07765118493571346,nan,0.004206679778299705,nan
1646,-0.6245736805041279,nan,-0.07764212750489274,nan,0.0023938489336076067,nan
1647,-0.9324597836521723,nan,-0.07762121779491218,nan,0.004280946958771379,nan
1648,-0.7980630547081645,nan,-0.07760634117257924,nan,0.004180873745130639,nan
1649,-0.6641097524229798,nan,-0.07759717919480569,nan,0.0026674335556692856,nan
1650,-0.618580736061766,nan,-0.07758650828767509,nan,0.0024186942685490605,nan
1651,-1.3474830632721704,nan,-0.0775592536772021,nan,0.008070848169973886,nan
1652,-0.6894409809991603,nan,-0.07754753032499712,nan,0.003141993621315799,nan
1653,-0.7170962025156838,nan,-0.07753742746444958,nan,0.0026138890687167258,nan
1654,-1.2257682391874827,nan,-0.07751047528361221,nan,0.006969645652128598,nan
1655,-1.1637915055112968,nan,-0.07748456182374149,nan,0.0071935403083635925,nan
1656,-0.7963293649973391,nan,-0.07746990596376345,nan,0.0036244445290102363,nan
1657,-0.8181496021361011,nan,-0.07745581023747675,nan,0.0031643880076129,nan
1658,-2.6175625240424143,nan,-0.0773932619964485,nan,0.032423063039872385,nan
1659,-1.423930765599314,nan,-0.07736280885342682,nan,0.009540433383621138,nan
1660,-0.7121756471764379,nan,-0.07734924721851999,nan,0.0031700635289882264,nan
1661,-0.7501200133608001,nan,-0.07733418342901674,nan,0.0031887035045645366,nan
1662,-1.9923815565668266,nan,-0.07728285709091007,nan,0.01864145468298803,nan
1663,-2.904247835953344,nan,-0.07721584605431088,nan,0.03759756757544709,nan
1664,-0.44822522408964915,nan,-0.07720874183103131,nan,0.0015559973932700482,nan
1665,-0.8562511926170703,nan,-0.0771923020349229,nan,0.004092808166399373,nan
1666,-1.168303448456329,nan,-0.07716633128343957,nan,0.006790025321317717,nan
1667,-0.564758808826532,nan,-0.07715735727218033,nan,0.0018349863993179737,nan
1668,-0.7190492558044455,nan,-0.07714299958025576,nan,0.0030389156905845207,nan
1669,-0.8592139937143305,nan,-0.07712708271146748,nan,0.004590902753832872,nan
1670,-2.031906088319198,nan,-0.07707871158754893,nan,0.019679331637180324,nan
1671,-1.1737441920312144,nan,-0.07705295535492265,nan,0.007827734242833298,nan
1672,-2.337625762431546,nan,-0.07699766937023325,nan,0.02808219565667332,nan
1673,-0.5951003412308622,nan,-0.07698821153824457,nan,0.0022547548595604956,nan
1674,-0.7141314756106346,nan,-0.07697441213292887,nan,0.002918026423358228,nan
1675,-0.5363399994329348,nan,-0.07696767283300861,nan,0.0020389665625439885,nan
1676,-0.7407576510332015,nan,-0.07695277255829523,nan,0.003209127794989549,nan
1677,-0.5357809584207808,nan,-0.0769455958565604,nan,0.0016909799149573588,nan
1678,-1.0264713468881774,nan,-0.0769227647737332,nan,0.005405532622729437,nan
1679,-0.7956508125361322,nan,-0.07690720199896053,nan,0.0029692379078001055,nan
1680,-1.92523723433811,nan,-0.07686156119739004,nan,0.0174550200016521,nan
1681,-0.8842045588158569,nan,-0.07684497411117147,nan,0.005423844681820512,nan
1682,-0.39541247479146524,nan,-0.07683995014632325,nan,0.0013691792907890724,nan
1683,-0.9510889773656168,nan,-0.07682020305320833,nan,0.004272815163832322,nan
1684,-1.1745619591795464,nan,-0.07679802009694753,nan,0.008554046105213035,nan
1685,-0.7888810690064763,nan,-0.07678204831032538,nan,0.003295783809492864,nan
1686,-0.7447595072646257,nan,-0.07676870033390346,nan,0.0030174561036410176,nan
1687,-0.7109823085139741,nan,-0.0767574464927516,nan,0.002768775168194742,nan
1688,-0.5642647931247593,nan,-0.07674794459687212,nan,0.002048396847134832,nan
1689,-1.0667953732049582,nan,-0.07672854084447363,nan,0.006396916043523355,nan
1690,-1.1962468100748325,nan,-0.07670161654464441,nan,0.006205973311779394,nan
1691,-0.7857825353220597,nan,-0.07668491425744889,nan,0.0030703848126090796,nan
1692,-0.8702771286215004,nan,-0.07666740990801009,nan,0.003969933297184335,nan
1693,-0.9496769277638117,nan,-0.07664777605037129,nan,0.0053960306237651,nan
1694,-0.9513581007466064,nan,-0.07662839911629309,nan,0.005059094114791494,nan
1695,-0.8628115498287819,nan,-0.07661341080750511,nan,0.0034370036090112972,nan
1696,-1.1549837210108902,nan,-0.07659001074342095,nan,0.006219380164699803,nan
1697,-0.48230926449320993,nan,-0.07658578929976038,nan,0.0017045891620284484,nan
1698,-3.191452064004476,nan,-0.07650964701478667,nan,0.05159258498776872,nan
1699,-0.9970185347838795,nan,-0.07649005498706823,nan,0.004929946707287874,nan
1700,-1.1200608566059975,nan,-0.07646639976314089,nan,0.006046048898433442,nan
1701,-0.758706656991184,nan,-0.0764518980727328,nan,0.002894412181069106,nan
1702,-1.287665510985467,nan,-0.07642167493266804,nan,0.007796637071612705,nan
1703,-1.157037882829633,nan,-0.07639501616796923,nan,0.005804002623886232,nan
1704,-1.6471469943489434,nan,-0.07635843170122104,nan,0.012251064589620702,nan
1705,-0.9062989445327552,nan,-0.07633843600325299,nan,0.005129758135662918,nan
1706,-0.8919701397054535,nan,-0.07632239304534326,nan,0.004459892026709437,nan
1707,-0.7657580118518115,nan,-0.07630786919004652,nan,0.0029857009007649544,nan
1708,-0.9485051408503554,nan,-0.07628850236141137,nan,0.004565269919216066,nan
1709,-0.961614931278759,nan,-0.0762674063757426,nan,0.004607932657140392,nan
1710,-1.5446515660888944,nan,-0.07623223798649222,nan,0.010354751124612413,nan
1711,-0.5124738873209659,nan,-0.07622539340270025,nan,0.0016097356161459248,nan
1712,-1.395094947156203,nan,-0.07620047657932617,nan,0.015917129253118528,nan
1713,-0.41320385520126307,nan,-0.07619492170014835,nan,0.001651363283553133,nan
1714,-0.7733293065961422,nan,-0.07617902128631289,nan,0.0032588705184117828,nan
1715,-1.4433388350529308,nan,-0.07614514648057848,nan,0.010000285539549287,nan
1716,-1.6908485100449027,nan,-0.07610985837368443,nan,0.01589090825880306,nan
1717,-0.4969632289304669,nan,-0.07610571994774487,nan,0.0017254910367591047,nan
1718,-1.1588942388944137,nan,-0.07607813421630041,nan,0.006450774788769097,nan
1719,-0.6438076203235473,nan,-0.07606762259666716,nan,0.002921448462703296,nan
1720,-0.9968974298144813,nan,-0.07604683209451642,nan,0.005024965651047969,nan
1721,-5.537463515951571,nan,-0.07590881252319273,nan,0.15331535962581,nan
1722,-0.9076576761909878,nan,-0.07589000731167403,nan,0.004426634377397056,nan
1723,-1.7330435045029347,nan,-0.07584968478115275,nan,0.01389211516640314,nan
1724,-2.97400898968259,nan,-0.07577946517110004,nan,0.0381150820446588,nan
1725,-0.659954240458261,nan,-0.07576876421543446,nan,0.002959160611463014,nan
1726,-0.597802312559943,nan,-0.07575788699565547,nan,0.0023539326373447746,nan
1727,-0.3750671171957102,nan,-0.07575245319169314,nan,0.0015772375579933382,nan
1728,-0.5404107599979836,nan,-0.07574416625346736,nan,0.0018108633815864415,nan
1729,-2.5964537958516494,nan,-0.07568156517875849,nan,0.035861505265384556,nan
1730,-0.6968016882703764,nan,-0.07566937859752408,nan,0.0029543803237017177,nan
1731,-0.5520272981111419,nan,-0.07566000909250321,nan,0.002695882671462639,nan
1732,-1.4980813109320812,nan,-0.07562864555264602,nan,0.009751142018192617,nan
1733,-0.8427540649616592,nan,-0.07561273777868967,nan,0.004149365997026813,nan
1734,-0.8707155767044826,nan,-0.07559687457921407,nan,0.003389089587742766,nan
1735,-0.5789616139992636,nan,-0.07558785870489293,nan,0.0019515768455071344,nan
1736,-0.4365984194867749,nan,-0.07558378343005141,nan,0.001444192086898621,nan
1737,-1.3793484343239244,nan,-0.07555151623718578,nan,0.011434686411671962,nan
1738,-0.6839051000844056,nan,-0.07553983360554323,nan,0.002693453695061573,nan
1739,-1.1657745987604098,nan,-0.07551422241029361,nan,0.006013528091521644,nan
1740,-1.3822176179578813,nan,-0.07548095297713404,nan,0.008754967368490942,nan
1741,-1.9305550423730902,nan,-0.07543472090681003,nan,0.0160076923443168,nan
1742,-0.7353769821031426,nan,-0.07541980229008172,nan,0.002928153781222571,nan
1743,-3.0603972388561616,nan,-0.07534528360258935,nan,0.043148145763538835,nan
1744,-0.4235121452069463,nan,-0.07534182183891239,nan,0.001160950877567776,nan
1745,-1.1873967250997965,nan,-0.07531763219033814,nan,0.007642070632756085,nan
1746,-1.1168709175035456,nan,-0.07529641851810305,nan,0.006525891283496504,nan
1747,-0.9556146670073572,nan,-0.07527752999836655,nan,0.004479754003833405,nan
1748,-1.0659232565210437,nan,-0.07525895921850155,nan,0.004565694317316191,nan
1749,-1.0457367437656322,nan,-0.07523506693422528,nan,0.005943941875062781,nan
1750,-0.47914064364135117,nan,-0.07522832513808442,nan,0.0016675326771472777,nan
1751,-0.4194512460169678,nan,-0.0752219211317253,nan,0.001453471256809786,nan
1752,-1.1973490487133762,nan,-0.07520226038661386,nan,0.007453926447963381,nan
1753,-2.5654451631297026,nan,-0.07513987874190808,nan,0.02750449817515511,nan
1754,-1.2028979929026222,nan,-0.07511562013994842,nan,0.006521310346425489,nan
1755,-0.5325534108920696,nan,-0.07511001979482754,nan,0.002010650377191456,nan
1756,-1.3017359342516224,nan,-0.07508159990012568,nan,0.007779856013747854,nan
1757,-1.0421346772800928,nan,-0.07506023488610387,nan,0.005232899486680454,nan
1758,-1.3503851511718923,nan,-0.07503149014680797,nan,0.008299492369091903,nan
1759,-0.8147461064838384,nan,-0.07501839694502063,nan,0.0030347699728143517,nan
1760,-0.6052586467939652,nan,-0.07500838423224478,nan,0.0020616700130037103,nan
1761,-0.958283304658416,nan,-0.0749895310067798,nan,0.00453334260539168,nan
1762,-0.5258550478758045,nan,-0.0749815318401613,nan,0.0018353600099630931,nan
1763,-1.0493611994245426,nan,-0.07496112071726034,nan,0.005476864590929248,nan
1764,-0.839347135538633,nan,-0.07494459332437706,nan,0.004405979587970671,nan
1765,-1.0485068341636126,nan,-0.07492204156806835,nan,0.0048664020561451716,nan
1766,-0.5242731506440756,nan,-0.07491319046737276,nan,0.0021736389112770554,nan
1767,-0.9974243782042992,nan,-0.07489149679291562,nan,0.005663642818565874,nan
1768,-1.6098881593466694,nan,-0.07485592381395394,nan,0.012253727002416864,nan
1769,-0.6945640770975907,nan,-0.07484405221845834,nan,0.002496755736698144,nan
1770,-0.7118321722715376,nan,-0.07482977897005201,nan,0.002592369740686176,nan
1771,-1.382948972460229,nan,-0.07480182102610224,nan,0.00886128159745116,nan
1772,-0.7172641534229187,nan,-0.0747894835363102,nan,0.0026222569104808087,nan
1773,-1.15921719258235,nan,-0.07476811798436402,nan,0.007233647075160638,nan
1774,-0.6248426205786483,nan,-0.07475945831240623,nan,0.0021446733547305233,nan
1775,-0.9046452102009817,nan,-0.07474111773736823,nan,0.004181300121273194,nan
1776,-0.5583416929660057,nan,-0.07473284958477602,nan,0.0019003023077219284,nan
1777,-1.6684870134857501,nan,-0.07469139746132593,nan,0.01243021458279517,nan
1778,-0.7255678896662983,nan,-0.07467659980560871,nan,0.003071883340657346,nan
1779,-0.4252201060340017,nan,-0.07467139633563916,nan,0.001619232153277651,nan
1780,-0.969993808408545,nan,-0.07465417172915324,nan,0.004417088981717817,nan
1781,-0.8839582625120604,nan,-0.07463529943344946,nan,0.004159516222095461,nan
1782,-1.8088952763679762,nan,-0.0745912096632493,nan,0.0170320854043412,nan
1783,-1.2133859183368962,nan,-0.0745683626574723,nan,0.008172739597579517,nan
1784,-1.3423383996918685,nan,-0.07453801900046658,nan,0.01047924982182388,nan
1785,-0.8914268705761895,nan,-0.07452218924606568,nan,0.0040922264085698394,nan
1786,-0.601827250581854,nan,-0.07451220004412376,nan,0.0020747441229509098,nan
1787,-2.0377418009112804,nan,-0.07446657393582815,nan,0.018629138318827357,nan
1788,-0.4617200789745346,nan,-0.07445963988418326,nan,0.0015115289542197588,nan
1789,-1.44798401136828,nan,-0.07442726640172441,nan,0.009175245096679188,nan
1790,-1.001016740880519,nan,-0.07440746390713364,nan,0.0046652112611918345,nan
1791,-1.1270645588665023,nan,-0.07438344476665773,nan,0.0056410619995199635,nan
1792,-1.1239962283741223,nan,-0.07436180183937767,nan,0.005722295458800262,nan
1793,-0.6961473153948341,nan,-0.07435144365146776,nan,0.0033319987855285602,nan
1794,-0.6314429387309376,nan,-0.07434069570846889,nan,0.0022816512000412297,nan
1795,-0.6511617052355393,nan,-0.07433029320796665,nan,0.002766152255255115,nan
1796,-3.2041817544121685,nan,-0.07425597899515575,nan,0.045670363692836315,nan
1797,-1.3307104189946533,nan,-0.07422549784958148,nan,0.007807951440051219,nan
1798,-0.8364002993343644,nan,-0.07421166153920242,nan,0.003424097484797575,nan
1799,-0.6047578189127265,nan,-0.07420189966218686,nan,0.0023635232948313266,nan
1800,-2.3215784910372994,nan,-0.07414736338900575,nan,0.02396109001324372,nan
1801,-0.49865031779366525,nan,-0.07414050897600709,nan,0.0018562902885233745,nan
1802,-1.4256198098516721,nan,-0.07411537516030432,nan,0.011537640678062396,nan
1803,-1.001429381472205,nan,-0.07409385796196474,nan,0.005181854456273445,nan
1804,-1.023413648115525,nan,-0.07407222775547696,nan,0.005013626100721559,nan
1805,-0.5308385318378355,nan,-0.0740649802219151,nan,0.0019010053628748583,nan
1806,-1.1533080369861828,nan,-0.07404159591103657,nan,0.007188845132508157,nan
1807,-1.1223262520524746,nan,-0.07401906458548765,nan,0.00672560573168431,nan
1808,-0.7625468066023893,nan,-0.07400425040405957,nan,0.0033117009131388418,nan
1809,-1.5466284554242884,nan,-0.07396751631969102,nan,0.011137109846163343,nan
1810,-0.6813175776228917,nan,-0.07395422567790783,nan,0.0027602317906715956,nan
1811,-1.0168499379475058,nan,-0.0739324173945855,nan,0.0052077603919716865,nan
1812,-0.7619052886047764,nan,-0.0739173186180236,nan,0.0033239759773648196,nan
1813,-3.3476338273476793,nan,-0.07383719307106519,nan,0.05184069004574184,nan
1814,-0.6443563480560789,nan,-0.07382725215101102,nan,0.0025312624701551364,nan
1815,-0.5058541085464905,nan,-0.07381969220905937,nan,0.0015661797128611497,nan
1816,-0.9383072389395777,nan,-0.07380014918206708,nan,0.004519684093629394,nan
1817,-1.1882630163529149,nan,-0.07377481093147809,nan,0.00652818558239412,nan
1818,-0.7356288723995452,nan,-0.07376170703676736,nan,0.0030941262318301237,nan
1819,-1.865327129381426,nan,-0.07371984826328479,nan,0.016278161055846556,nan
1820,-1.0283339560356044,nan,-0.0736996789961859,nan,0.005328424486886279,nan
1821,-0.8763345103955354,nan,-0.07368302814004936,nan,0.003829243389419423,nan
1822,-0.8184804823481677,nan,-0.07366662080088068,nan,0.004029727885014769,nan
1823,-1.0043002197697215,nan,-0.07364642715297687,nan,0.004896461050846501,nan
1824,-1.748200122255661,nan,-0.07360587988831074,nan,0.014112781865932914,nan
1825,-0.8300346558258966,nan,-0.07359035436051385,nan,0.00393568473814922,nan
1826,-0.5456034391212122,nan,-0.0735825665394621,nan,0.0019477381370424447,nan
1827,-1.2476226673579682,nan,-0.07355560944730732,nan,0.007451707993011194,nan
1828,-1.0823312025789296,nan,-0.07353284476778445,nan,0.005784963295110802,nan
1829,-0.5793674543540733,nan,-0.073523642428993,nan,0.0019931296815404375,nan
1830,-1.5216697215038535,nan,-0.0734907528434481,nan,0.01053202959178138,nan
1831,-0.8913211775991846,nan,-0.07347115187676892,nan,0.004692530188838999,nan
1832,-1.151580874517563,nan,-0.07344887358039705,nan,0.006406229285735783,nan
1833,-0.5991553828509656,nan,-0.07343871108166948,nan,0.0019974685417267677,nan
1834,-2.702452764553424,nan,-0.0733734094856057,nan,0.034928825882200275,nan
1835,-2.0288825597912994,nan,-0.0733311844175408,nan,0.02317978958208188,nan
1836,-2.097918399548081,nan,-0.07328304194177337,nan,0.01958117237920857,nan
1837,-0.5756340721838094,nan,-0.07327291398152427,nan,0.0021272628286324257,nan
1838,-2.436062255409763,nan,-0.07321681393269393,nan,0.029664406282401037,nan
1839,-0.5049864987418933,nan,-0.0732111648608942,nan,0.0020236222664918005,nan
1840,-0.9728219600828968,nan,-0.07319290230365535,nan,0.004829540342143275,nan
1841,-1.2574067592964246,nan,-0.07316647074476122,nan,0.009047698138826374,nan
1842,-1.0771974365309254,nan,-0.07314760491136715,nan,0.004960652057274286,nan
1843,-2.976564819392583,nan,-0.07307702373380195,nan,0.04109913591571295,nan
1844,-0.8117853092439704,nan,-0.07306059366916817,nan,0.003300907160419327,nan
1845,-0.5749912375071435,nan,-0.07305481445626148,nan,0.0023744067232438467,nan
1846,-1.3916846111068073,nan,-0.07302372055698297,nan,0.00904678343290106,nan
1847,-0.7509960141392059,nan,-0.07301353645893519,nan,0.0027854094907823804,nan
1848,-0.7187630657946192,nan,-0.07299999692173888,nan,0.0026467518981260663,nan
1849,-0.8635068433657537,nan,-0.07298320572062715,nan,0.003995562305836264,nan
1850,-2.1014074469651787,nan,-0.07293148289736658,nan,0.020034600356817766,nan
1851,-1.9347780732716955,nan,-0.07288343049333411,nan,0.016293687422929647,nan
1852,-1.0981374703435407,nan,-0.07286204751821686,nan,0.0059553391852551546,nan
1853,-0.6529253898503753,nan,-0.07285133661473447,nan,0.0021707951929681394,nan
1854,-1.1609263132396208,nan,-0.07282746789011854,nan,0.007751447425730506,nan
1855,-1.1072900648319186,nan,-0.07280456589356524,nan,0.005804456093586423,nan
1856,-0.5985063488080932,nan,-0.07279446065503076,nan,0.002079443960317823,nan
1857,-0.913739896695156,nan,-0.07277590712181986,nan,0.004430612020512187,nan
1858,-0.4752120697634235,nan,-0.07276982021834871,nan,0.001518233662896467,nan
1859,-0.9946839188178237,nan,-0.07275076719797753,nan,0.005507988811226877,nan
1860,-1.2538327157791473,nan,-0.07272634377701451,nan,0.00953475725142844,nan
1861,-0.5472966630898498,nan,-0.07271810103987057,nan,0.0023516142555803916,nan
1862,-0.8917108036523727,nan,-0.07270063739414066,nan,0.00493288809819347,nan
1863,-0.6121479301453087,nan,-0.0726884439863835,nan,0.0019480715198139683,nan
1864,-0.6581136644142875,nan,-0.07267833738130715,nan,0.002540084590428447,nan
1865,-1.4132279393157832,nan,-0.07264871487446116,nan,0.00923599705172626,nan
1866,-1.3587579567866563,nan,-0.07262315519483975,nan,0.011038827442648903,nan
1867,-2.6661543898230677,nan,-0.07255753429814309,nan,0.03232630925412791,nan
1868,-0.7950901066457811,nan,-0.07254231996636498,nan,0.003516259873663992,nan
1869,-1.927558826991732,nan,-0.07249467188038473,nan,0.016532038402614052,nan
1870,-0.7983408363242473,nan,-0.07247803602534235,nan,0.003695674677207695,nan
1871,-0.5584907597296594,nan,-0.07246869381869969,nan,0.002420107389498271,nan
1872,-1.4151107905302198,nan,-0.0724375564566782,nan,0.01066154608858048,nan
1873,-1.1386499528059388,nan,-0.07241557989051656,nan,0.005976916789385607,nan
1874,-0.9045100090700423,nan,-0.07239932692521582,nan,0.00390966155274941,nan
1875,-0.5787172905527042,nan,-0.0723905755388679,nan,0.002072088469383352,nan
1876,-0.4749369237740566,nan,-0.072383190149897,nan,0.0019110402377565878,nan
1877,-0.7158528102252192,nan,-0.07237312916031949,nan,0.0026392565062352095,nan
1878,-0.5150442000365292,nan,-0.07236812779923638,nan,0.0018101093740136834,nan
1879,-1.2490815954280812,nan,-0.07233969587722283,nan,0.007232511165337543,nan
1880,-0.6114419624602736,nan,-0.0723292447093242,nan,0.0025834974073999976,nan
1881,-0.6974798496656681,nan,-0.07231783610081373,nan,0.003135770240154686,nan
1882,-0.6008518381919213,nan,-0.07230845883178219,nan,0.0021678470121437835,nan
1883,-0.7018772237414233,nan,-0.07229692147763461,nan,0.0022589181002701333,nan
1884,-1.863294381122535,nan,-0.07225267793717231,nan,0.01580488522320775,nan
1885,-0.6409248896438634,nan,-0.07224122058959902,nan,0.0024980935306389176,nan
1886,-2.1660745148458607,nan,-0.07219256356723991,nan,0.020458198026008872,nan
1887,-0.6427819178219346,nan,-0.07218190395920529,nan,0.002595814735947251,nan
1888,-0.5802435567826312,nan,-0.07217186898140561,nan,0.002450167946269621,nan
1889,-1.0741062838048465,nan,-0.07215329717629536,nan,0.005625319535809451,nan
1890,-1.7404114450301935,nan,-0.07211554449430557,nan,0.013811304212656693,nan
1891,-1.1504205117533846,nan,-0.07209377650193502,nan,0.007800709420077091,nan
1892,-0.9666985151978515,nan,-0.0720743965028607,nan,0.005111309564282719,nan
1893,-0.44660366928472783,nan,-0.07206767226509223,nan,0.0015387239778045527,nan
1894,-1.4844233060879588,nan,-0.07203100850226267,nan,0.010464138685900869,nan
1895,-0.5938451537003335,nan,-0.07202138037301928,nan,0.002300567721380299,nan
1896,-0.5027319854022504,nan,-0.07201436324962468,nan,0.0016409354163971304,nan
1897,-1.1692276359238356,nan,-0.07198696241809771,nan,0.0065004362504833555,nan
1898,-0.8567066434082605,nan,-0.07196958653309928,nan,0.004190002322228014,nan
1899,-0.8848902873654754,nan,-0.07195311993979171,nan,0.005323931709593057,nan
1900,-1.138975481943256,nan,-0.0719285341142863,nan,0.006149299906907511,nan
1901,-1.8690553736745856,nan,-0.0718833770590928,nan,0.016139934300708664,nan
1902,-2.583163955691508,nan,-0.0718219653438992,nan,0.028560772082997045,nan
1903,-1.0582047561197507,nan,-0.07180095995503523,nan,0.006979693964256094,nan
1904,-0.683166915532652,nan,-0.07178909138230641,nan,0.002515664486599071,nan
1905,-0.9262308045331074,nan,-0.07177248427726737,nan,0.004983590681174878,nan
1906,-0.8409821861055619,nan,-0.07175798360484315,nan,0.0037702092315430582,nan
1907,-0.6682811144958178,nan,-0.07174605343747933,nan,0.002533101132784143,nan
1908,-0.6537291375156197,nan,-0.0717354451199838,nan,0.0028844871248291655,nan
1909,-1.2443109285343554,nan,-0.07171172990595559,nan,0.007011994760008544,nan
1910,-1.0090277500895575,nan,-0.07168887542722965,nan,0.004874424769631284,nan
1911,-0.6429842915678228,nan,-0.07167929829404716,nan,0.0023145047661849933,nan
1912,-0.43236689691997354,nan,-0.07167345856818856,nan,0.0014622337085852303,nan
1913,-1.632058569850295,nan,-0.07163392913652605,nan,0.012052155464971664,nan
1914,-1.1262701139561768,nan,-0.07161332537753087,nan,0.0054949756020781625,nan
1915,-0.7117967524159535,nan,-0.0716005157916856,nan,0.0028974330498050416,nan
1916,-1.051672050977708,nan,-0.07158128425037194,nan,0.004778445423448142,nan
1917,-1.8384429576620769,nan,-0.07153702532024732,nan,0.017345353959724582,nan
1918,-3.5940907567523137,nan,-0.0714481655285193,nan,0.06477334243733283,nan
1919,-0.5920433652737722,nan,-0.07143838085054621,nan,0.002163207684622069,nan
1920,-1.2648754252568988,nan,-0.07141021810964925,nan,0.00754355572455602,nan
1921,-0.6302576896669282,nan,-0.07140112051835973,nan,0.002397677527454248,nan
1922,-0.49439611934208505,nan,-0.07139429468140669,nan,0.001905810521306028,nan
1923,-1.2180555310439858,nan,-0.07136606530717012,nan,0.007439271912806009,nan
1924,-1.6166759997497993,nan,-0.07133153995636723,nan,0.011623949550648409,nan
1925,-0.8639186208835429,nan,-0.07131490700782464,nan,0.0035518278441438985,nan
1926,-0.33470404395608994,nan,-0.07131131743962554,nan,0.0012637262072542018,nan
1927,-0.5065628669056232,nan,-0.07130350095352651,nan,0.0018262792754082683,nan
1928,-1.0641606973186917,nan,-0.0712798117855029,nan,0.0054479635628210486,nan
1929,-1.5453423436214593,nan,-0.07124559174631777,nan,0.011743999314263655,nan
1930,-0.6680720273548271,nan,-0.07123301272968995,nan,0.002862516611076126,nan
1931,-0.9715264359264213,nan,-0.07121209752418525,nan,0.005091831466008777,nan
1932,-0.7431300641637072,nan,-0.07119858692278674,nan,0.0029388703010412875,nan
1933,-1.0216015341874345,nan,-0.07117909054608439,nan,0.005518807143251837,nan
1934,-0.6452982200126578,nan,-0.0711685220709352,nan,0.0028864679208759334,nan
1935,-1.0808935872682974,nan,-0.07114497697697056,nan,0.005770132844181395,nan
1936,-0.8484019391203026,nan,-0.07112794689134842,nan,0.004322295476176004,nan
1937,-0.5795052611160556,nan,-0.07111702242335083,nan,0.002230363435816453,nan
1938,-1.2881361381836123,nan,-0.07108712931640049,nan,0.007766021095149865,nan
1939,-0.7035978066502347,nan,-0.07107760764488863,nan,0.0027202182190554274,nan
1940,-2.3811503716846407,nan,-0.07102131360449906,nan,0.027623251018834876,nan
1941,-0.8039520751484668,nan,-0.07100625109330319,nan,0.0036277203083214266,nan
1942,-0.6961842749673239,nan,-0.07099373612661296,nan,0.0027907822973339317,nan
1943,-0.6636112889293193,nan,-0.07098403000256262,nan,0.002604332082613281,nan
1944,-1.772998593123344,nan,-0.07094442770427883,nan,0.015503721300887894,nan
1945,-2.3936197775239667,nan,-0.07088828219662698,nan,0.02557745534498845,nan
1946,-0.6776427253439026,nan,-0.07087693954289108,nan,0.0024168479710012644,nan
1947,-0.6810379874132825,nan,-0.07086347286537371,nan,0.002456846970494256,nan
1948,-0.5978832851248701,nan,-0.07085347712226732,nan,0.00238880243903466,nan
1949,-0.44374891035546354,nan,-0.07084697424323953,nan,0.0015085203183237558,nan
1950,-1.248474803561305,nan,-0.07081978091335392,nan,0.008281987305792427,nan
1951,-0.9581561143476063,nan,-0.07080277637550693,nan,0.004450841560549854,nan
1952,-0.38699119187603037,nan,-0.07079872403831294,nan,0.0013051094837755167,nan
1953,-2.1757379414872204,nan,-0.07074973686203893,nan,0.02592426336558252,nan
1954,-0.36228322796285634,nan,-0.07074755347332987,nan,0.0010800252159407623,nan
1955,-0.6217577623975764,nan,-0.0707362928758991,nan,0.0027385272137131207,nan
1956,-0.7365088892869665,nan,-0.07072230236495639,nan,0.0034789194837306745,nan
1957,-0.7773821939170508,nan,-0.07070774238014846,nan,0.003260955604018401,nan
1958,-0.9828712701992469,nan,-0.0706877749147632,nan,0.0050158372731691605,nan
1959,-1.1883006682091581,nan,-0.07066358290990771,nan,0.006526820470848392,nan
1960,-0.5031088947041041,nan,-0.0706567749926365,nan,0.0017538879563322519,nan
1961,-0.4795085696858746,nan,-0.07065017693647392,nan,0.0015628313386968193,nan
1962,-2.2983152738889534,nan,-0.07059704163539328,nan,0.02299752514139142,nan
1963,-0.8091111634202319,nan,-0.07058182958214362,nan,0.003713444226237273,nan
1964,-0.5445807347453214,nan,-0.07057320930995833,nan,0.0019980032989525957,nan
1965,-1.195354650916802,nan,-0.07054650082810966,nan,0.008474039882698644,nan
1966,-0.8601110960849402,nan,-0.07053144912747879,nan,0.003639596308617057,nan
1967,-1.0783485189555244,nan,-0.07051208275912318,nan,0.007491511312938423,nan
1968,-0.7101413722495881,nan,-0.07049972866331676,nan,0.002821283874475605,nan
1969,-0.8566959152478064,nan,-0.07048822552645956,nan,0.0036687821776601186,nan
1970,-1.2856508925176486,nan,-0.07046139543667954,nan,0.007052076396463804,nan
1971,-1.2358483288828153,nan,-0.07043386819806953,nan,0.007080912405126138,nan
1972,-0.4777887227667233,nan,-0.07042745687761504,nan,0.0015283344431194367,nan
1973,-0.41418581146168126,nan,-0.07042364667135881,nan,0.0010624724572004744,nan
1974,-0.8641769790896955,nan,-0.0704072860723245,nan,0.003643509370283291,nan
1975,-0.9637121992565386,nan,-0.07038848859724611,nan,0.003937060599874189,nan
1976,-1.8515635562586243,nan,-0.0703469816295561,nan,0.014877715775002995,nan
1977,-0.9459687908647757,nan,-0.07032818910767215,nan,0.004563754288960059,nan
1978,-0.44568515565662675,nan,-0.07032326669505098,nan,0.0014510635004281658,nan
1979,-0.4213847527055317,nan,-0.07031968104686916,nan,0.0012922687485588912,nan
1980,-0.629788527087594,nan,-0.07031043204494039,nan,0.002129552496524823,nan
1981,-0.6254407921195048,nan,-0.07030137909444494,nan,0.002614533347876493,nan
1982,-0.5038912247875524,nan,-0.07029520849870081,nan,0.0015164645963692237,nan
1983,-2.316908735615214,nan,-0.07024465015502081,nan,0.028028757480877534,nan
1984,-1.436056948157766,nan,-0.07021167054308672,nan,0.009014561143021864,nan
1985,-1.950875669418092,nan,-0.07016836806392183,nan,0.020078009628132193,nan
1986,-0.5932994170134875,nan,-0.07015741969114983,nan,0.0020884176675501297,nan
1987,-0.5640527024138475,nan,-0.07014649785642048,nan,0.001998161986071018,nan
1988,-2.7149586067298284,nan,-0.07008365347986925,nan,0.032919349617872046,nan
1989,-0.995113481526149,nan,-0.07006316166881853,nan,0.004708433883724963,nan
1990,-0.424784625051957,nan,-0.07005665403733725,nan,0.0014969419809384586,nan
1991,-1.5340508423405073,nan,-0.0700229531771168,nan,0.010817626609085485,nan
1992,-0.5921141875628252,nan,-0.07001700506660644,nan,0.0025161004648683637,nan
1993,-0.843473043757459,nan,-0.06999996134952832,nan,0.003622048534821696,nan
1994,-1.2014938157917132,nan,-0.06997311408957581,nan,0.006601688758061382,nan
1995,-0.8130269297663254,nan,-0.06995732944891947,nan,0.0035248650014373844,nan
1996,-0.739083556158805,nan,-0.06994502290307537,nan,0.002801565307178829,nan
1997,-0.7648469708056305,nan,-0.06992956258358272,nan,0.0036055197312112033,nan
1998,-1.218414720241251,nan,-0.06990364577413365,nan,0.0075575074374129355,nan
1999,-1.8257485749775664,nan,-0.06986056452890513,nan,0.015262827338797365,nan
2000,-1.5598975663159034,nan,-0.06982505295955144,nan,0.009933133382287402,nan
2001,-0.6173642826154362,nan,-0.06981357500770861,nan,0.0025068644587271653,nan
2002,-2.644031311712138,nan,-0.06975239740987152,nan,0.030377555246737936,nan
2003,-1.1841908522787599,nan,-0.06972706259528937,nan,0.006283206057159522,nan
2004,-0.5082213984082189,nan,-0.06972029817073776,nan,0.001789981727447516,nan
2005,-0.53480266007482,nan,-0.06971253086760648,nan,0.0021894082581401693,nan
2006,-0.7360747315486738,nan,-0.0696993840267367,nan,0.003495268110320092,nan
2007,-0.8241886621871052,nan,-0.06968596406522713,nan,0.0037123422654711836,nan
2008,-0.545636367684906,nan,-0.06967971117646579,nan,0.002023537558696005,nan
2009,-0.457794167951326,nan,-0.06967480392142267,nan,0.0012282734708965826,nan
2010,-0.7388116386241279,nan,-0.06966291336426357,nan,0.002970835995685496,nan
2011,-0.7755985348542256,nan,-0.06964894383888416,nan,0.0034805704762063635,nan
2012,-0.5918071503266772,nan,-0.06963984764064825,nan,0.002056241839449943,nan
2013,-0.6647273946351356,nan,-0.06963156396838459,nan,0.0022054008298434285,nan
2014,-0.5935956271280179,nan,-0.06962169918598902,nan,0.002098103044963244,nan
2015,-0.5753217194466375,nan,-0.06961216443775231,nan,0.0024539563129444865,nan
2016,-0.5545983172940719,nan,-0.06960348396409023,nan,0.0019363832293079948,nan
2017,-1.590006833591157,nan,-0.06956709458744814,nan,0.011279589852055813,nan
2018,-0.6270715709657159,nan,-0.0695580274404955,nan,0.0020606190065245557,nan
2019,-0.5342987753513169,nan,-0.06954977975318885,nan,0.0017221104862022605,nan
2020,-1.0166353843800344,nan,-0.06952997491840524,nan,0.0054266152457848466,nan
2021,-0.4048095471903647,nan,-0.06952446504147602,nan,0.0015114145152001755,nan
2022,-0.7012298573193949,nan,-0.0695115534115706,nan,0.0030932630501522376,nan
2023,-0.5637495300738661,nan,-0.06950296276018578,nan,0.0021935890511495027,nan
2024,-0.6565159277989067,nan,-0.06949291675424282,nan,0.002501261427382726,nan
2025,-0.6331889819038837,nan,-0.06948324071218792,nan,0.0026457561940061575,nan
2026,-1.8217703161012273,nan,-0.06944152953058255,nan,0.015174896784007609,nan
2027,-1.0424724199062263,nan,-0.06941899760201145,nan,0.0056276718797702565,nan
2028,-2.342101479221083,nan,-0.0693649986461338,nan,0.0291777403158814,nan
2029,-0.6824724264394376,nan,-0.06935459206791598,nan,0.002965823480789307,nan
2030,-0.8515476503611931,nan,-0.06933792922858326,nan,0.003465384142699856,nan
2031,-0.42133441328645876,nan,-0.06933172196309267,nan,0.001515930751192705,nan
2032,-1.1202450394139838,nan,-0.06930858845415419,nan,0.005727477140827828,nan
2033,-0.7547536328488869,nan,-0.06929281506574606,nan,0.0036326043730237406,nan
2034,-0.7807889087555386,nan,-0.06927910886539092,nan,0.0037045193115924865,nan
2035,-0.7175149100312846,nan,-0.06926600208849434,nan,0.0031282436980871963,nan
2036,-0.7667224822775228,nan,-0.0692516453933139,nan,0.0033393897984534755,nan
2037,-0.5452731364954186,nan,-0.069242675587491,nan,0.0019199611953035587,nan
2038,-0.754176989045853,nan,-0.0692285682001394,nan,0.003152416470173345,nan
2039,-0.9617657453169677,nan,-0.069207680198841,nan,0.0054867823641632785,nan
2040,-1.0376221463211428,nan,-0.06918632061165936,nan,0.005312653935377509,nan
2041,-1.0716317869542704,nan,-0.06916188137344578,nan,0.0054485001339549645,nan
2042,-2.001244813554617,nan,-0.06911408098080525,nan,0.017293291274147315,nan
2043,-0.6448448914864617,nan,-0.06910260557122078,nan,0.002933419274514443,nan
2044,-1.6196814876546697,nan,-0.06906534555634655,nan,0.012611076915343874,nan
2045,-0.39820057899946537,nan,-0.06906160913622748,nan,0.0014509670359421224,nan
2046,-0.5388081108089696,nan,-0.06905406661452078,nan,0.0018537043046991122,nan
2047,-1.1729810509151655,nan,-0.06902965563863418,nan,0.006530566059680891,nan
2048,-1.7701797877250263,nan,-0.06898740896802447,nan,0.01419968946919682,nan
2049,-0.7867614592987443,nan,-0.06897574103163875,nan,0.0031799327588302546,nan
2050,-0.7550529051350466,nan,-0.06896256789858493,nan,0.0031678524590041473,nan
2051,-1.0843360662745836,nan,-0.06894184949338011,nan,0.0056801807567184595,nan
2052,-3.1974041393128116,nan,-0.06886401281930471,nan,0.046403114559785755,nan
2053,-0.7714754065479216,nan,-0.0688515019867695,nan,0.0033528881702362214,nan
2054,-0.3703097643413471,nan,-0.06884792843997672,nan,0.0010666625381386937,nan
2055,-0.6252666362543159,nan,-0.06883700990296651,nan,0.003134559422381371,nan
2056,-1.1902177544390202,nan,-0.06881238359669939,nan,0.006416194926960894,nan
2057,-0.5318917344364038,nan,-0.06880390822624927,nan,0.0019817357513031778,nan
2058,-1.5430399643562491,nan,-0.06876738228928514,nan,0.011052194279799329,nan
2059,-0.6814163500138067,nan,-0.06875679206885839,nan,0.0026498161771579595,nan
2060,-0.5618709533814817,nan,-0.06874806173102938,nan,0.002498240129748452,nan
2061,-0.6011663751265904,nan,-0.06873768159864933,nan,0.002114923226502524,nan
2062,-1.3216979528792414,nan,-0.06870946727684331,nan,0.008108503618773381,nan
2063,-1.1250018058528808,nan,-0.06868638511478978,nan,0.005732552574037082,nan
2064,-0.9150621972024913,nan,-0.06866773895561848,nan,0.003826203714007764,nan
2065,-0.5256050520861235,nan,-0.0686598190328086,nan,0.001789345736694944,nan
2066,-1.49736061649153,nan,-0.06862533141079702,nan,0.010225570208951788,nan
2067,-0.7831392905273494,nan,-0.0686117841066255,nan,0.0033072185883412882,nan
2068,-0.6778690975848053,nan,-0.06859985920984865,nan,0.0027211055977894665,nan
2069,-0.6486365422292919,nan,-0.06858767994986407,nan,0.002684457648364069,nan
2070,-0.603011367270144,nan,-0.06857805606056051,nan,0.002428804262014685,nan
2071,-2.161933622431428,nan,-0.06852379602033416,nan,0.021668142412331108,nan
2072,-2.127840665788299,nan,-0.06847215262410936,nan,0.0208824212591822,nan
2073,-2.356712561597462,nan,-0.06841646261436307,nan,0.024045032499157255,nan
2074,-0.5515346894010001,nan,-0.06840873504013675,nan,0.0018699805448731813,nan
2075,-2.221665620147569,nan,-0.06835856391720255,nan,0.021105910668373546,nan
2076,-0.6649203009592197,nan,-0.0683477414146762,nan,0.0027837341667063457,nan
2077,-1.8422668213447515,nan,-0.06830579540281603,nan,0.01640607360686716,nan
2078,-0.7968538144085863,nan,-0.06829016506315073,nan,0.003802065880354184,nan
2079,-0.5689411145693659,nan,-0.06828147654118123,nan,0.0024248262889177705,nan
2080,-1.5771314077536174,nan,-0.06824295861529538,nan,0.011607523107745328,nan
2081,-1.297813470238421,nan,-0.06821514261823305,nan,0.008811853712088542,nan
2082,-1.076660950375343,nan,-0.06819344275915934,nan,0.00562972231258863,nan
2083,-0.49345319292130024,nan,-0.06818614454048921,nan,0.0017806511295183935,nan
2084,-0.5054155522226531,nan,-0.06817845877084272,nan,0.0017152701774559651,nan
2085,-0.5348907937736808,nan,-0.06817179831624379,nan,0.002269007951255495,nan
2086,-0.7641007379072873,nan,-0.06815871431968731,nan,0.003417410127654887,nan
2087,-1.7552370345119002,nan,-0.06812028966639021,nan,0.014176855981798102,nan
2088,-1.6000131806484255,nan,-0.06808609434004209,nan,0.014949113285840173,nan
2089,-1.7622425617639175,nan,-0.06804392951345055,nan,0.01496209408367595,nan
2090,-0.7576213121352011,nan,-0.06803058765947437,nan,0.003093575246076862,nan
2091,-0.5992885673999179,nan,-0.06802445525272431,nan,0.0025338737161553497,nan
2092,-0.4180495225129605,nan,-0.06801944708840492,nan,0.001436949882429307,nan
2093,-0.5641439707448387,nan,-0.06801163972823153,nan,0.0026467257555736917,nan
2094,-1.2896229070203857,nan,-0.06798236650849124,nan,0.0077879945806353995,nan
2095,-0.6494059069039354,nan,-0.0679705766462347,nan,0.002553416057873543,nan
2096,-0.40891303083611663,nan,-0.06796628470799795,nan,0.0015130928320371642,nan
2097,-0.9378546696028865,nan,-0.06794771066607586,nan,0.004313481655316645,nan
2098,-0.9441730512005704,nan,-0.06792955098737884,nan,0.004187378293982924,nan
2099,-0.8592678657767466,nan,-0.06791272720282616,nan,0.0035748075802878735,nan
2100,-0.5874559535384342,nan,-0.06790394876063983,nan,0.0019001710320070931,nan
2101,-0.51263649702906,nan,-0.06789622326893312,nan,0.0015173210229892172,nan
2102,-1.061977389594353,nan,-0.06787277605668068,nan,0.005271939378563381,nan
2103,-1.4288105488842644,nan,-0.06784043042830483,nan,0.009292049321547554,nan
2104,-0.6387821725986802,nan,-0.0678301304774022,nan,0.002136276666614323,nan
2105,-0.6185080849648789,nan,-0.06781938634751183,nan,0.0025442850711271557,nan
2106,-1.6240531576865502,nan,-0.06778292570667131,nan,0.013208697049072462,nan
2107,-0.7641240581216254,nan,-0.06776916063045955,nan,0.0032374642887365497,nan
2108,-1.4477425515836813,nan,-0.06774013672117743,nan,0.009696858506915979,nan
2109,-0.5610473510601424,nan,-0.0677297286244769,nan,0.002288339597681192,nan
2110,-0.9069097470100443,nan,-0.06771273085118854,nan,0.004275280858584616,nan
2111,-0.9242936564809915,nan,-0.06769411044221768,nan,0.00435427272228535,nan
2112,-2.275794553561372,nan,-0.06764317193512882,nan,0.02634751266499722,nan
2113,-1.1184437139096737,nan,-0.06762338843831643,nan,0.005606380358234263,nan
2114,-0.7663788844160495,nan,-0.06761134090792052,nan,0.0027683512601115214,nan
2115,-1.2016387071011936,nan,-0.06758818246785367,nan,0.008952947724926554,nan
2116,-2.8312291445168616,nan,-0.06752206416237512,nan,0.037943579391969746,nan
2117,-1.2371676353577463,nan,-0.06749621278726199,nan,0.007683328101282596,nan
2118,-0.9527724747091609,nan,-0.067478782781076,nan,0.00483386504438152,nan
2119,-0.9133354710118327,nan,-0.06746196704353058,nan,0.0043636250559912606,nan
2120,-1.0831002837782215,nan,-0.0674404531036368,nan,0.0056959447163710125,nan
2121,-0.7036465341015731,nan,-0.06742930353411072,nan,0.0024499975812506593,nan
2122,-1.3273510427406359,nan,-0.06739988207728718,nan,0.008455138035297318,nan
2123,-0.7650605054496684,nan,-0.06738402898574326,nan,0.003242604792192625,nan
2124,-0.6030290105982158,nan,-0.06737492212582916,nan,0.002285445159580155,nan
2125,-1.58147360827511,nan,-0.06733795254636635,nan,0.012000463601987648,nan
2126,-1.6094919785821455,nan,-0.06730429375528411,nan,0.012235358808606241,nan
2127,-0.8262489372578604,nan,-0.06728881957640634,nan,0.0035137810163689523,nan
2128,-0.9108727859321838,nan,-0.06727158993104208,nan,0.0042129878821237105,nan
2129,-0.9450999829352873,nan,-0.0672529338023102,nan,0.004201763290352043,nan
2130,-0.8930136626070231,nan,-0.06723640950729359,nan,0.004248071212794182,nan
2131,-0.6522885230519045,nan,-0.06722615715604943,nan,0.0026641736398344356,nan
2132,-1.3980375593591376,nan,-0.06719388388604751,nan,0.01021343519839568,nan
2133,-0.7572514202624866,nan,-0.06718084455970572,nan,0.002792450537346144,nan
2134,-1.1544542098119797,nan,-0.06715565618114952,nan,0.00706905992003411,nan
2135,-0.37826470566870934,nan,-0.06714968098959807,nan,0.0012440140122704493,nan
2136,-0.6651862421853653,nan,-0.06713933574436691,nan,0.00242753728945704,nan
2137,-1.8502470229144674,nan,-0.06709873299885084,nan,0.015362889413401628,nan
2138,-0.6494298644357571,nan,-0.0670888810793805,nan,0.0024242157413655193,nan
2139,-0.432999897888136,nan,-0.06708332616772393,nan,0.001672649054078342,nan
2140,-0.8214972523009061,nan,-0.0670681900654355,nan,0.004333243746968471,nan
2141,-0.983936591325602,nan,-0.06704732458001647,nan,0.00565338993490617,nan
2142,-1.5321825904544748,nan,-0.06701330741493154,nan,0.010319007680008922,nan
2143,-0.8512086315260173,nan,-0.06699579115289146,nan,0.0034240442979680927,nan
2144,-0.8118542339159073,nan,-0.06698053355967289,nan,0.0043982887436920665,nan
2145,-0.7796971286326346,nan,-0.06696573720203526,nan,0.003472009576301348,nan
2146,-0.6998600079003419,nan,-0.06695265141231424,nan,0.003058778883202268,nan
2147,-1.163432507090989,nan,-0.06692772293134666,nan,0.007584437247791301,nan
2148,-0.3893475519034532,nan,-0.066923155566408,nan,0.001345166447042896,nan
2149,-1.1341538681373402,nan,-0.06689913262996307,nan,0.0060607834340872515,nan
2150,-0.4449556436488019,nan,-0.06689365129528722,nan,0.00150784040690562,nan
2151,-1.025444462435521,nan,-0.06687529918291957,nan,0.005386741178534286,nan
2152,-1.259075178206086,nan,-0.06684698832780608,nan,0.00791464564544248,nan
2153,-0.4111919288786802,nan,-0.0668424788583794,nan,0.0012467802036263524,nan
2154,-0.6932539724191138,nan,-0.06682917631679597,nan,0.002789948887308117,nan
2155,-1.012369099131236,nan,-0.06680945515747157,nan,0.004767883617473798,nan
2156,-1.3911113478297565,nan,-0.06677535537633128,nan,0.009393650111415684,nan
2157,-0.5046406364730311,nan,-0.06676867826888729,nan,0.0017925085939590316,nan
2158,-2.554314438423127,nan,-0.06670843782689215,nan,0.0297482789660395,nan
2159,-1.717939351387308,nan,-0.06666799536621067,nan,0.016060643282382655,nan
2160,-0.8551716980623549,nan,-0.0666515758186319,nan,0.003948891597015619,nan
2161,-0.9426731281764863,nan,-0.06663168874076066,nan,0.005181640382159336,nan
2162,-0.3550663725775457,nan,-0.0666273528219637,nan,0.0010542963843574373,nan
2163,-0.7904444957407023,nan,-0.0666109583883181,nan,0.0034662843758300247,nan
2164,-0.6375080288448799,nan,-0.06660108546011718,nan,0.0028511913249411876,nan
2165,-0.6633700885884558,nan,-0.0665898800489062,nan,0.002387234803003913,nan
2166,-0.7863660462994644,nan,-0.06657517129976522,nan,0.0037468209083120372,nan
2167,-0.5631556692293984,nan,-0.06656625305357398,nan,0.002280651889465684,nan
2168,-0.9627454934498262,nan,-0.06654619087118387,nan,0.0047709557522529,nan
2169,-0.6158476668682031,nan,-0.06653497456328436,nan,0.0023344984308328307,nan
2170,-0.7473948829307273,nan,-0.06652255893168518,nan,0.0033118220155315308,nan
2171,-0.5096702222478698,nan,-0.06651383155419492,nan,0.001799653174026752,nan
2172,-0.4694160524421493,nan,-0.0665073187190449,nan,0.0017571633056719538,nan
2173,-1.3302183530658476,nan,-0.06647610462734425,nan,0.008590287625086086,nan
2174,-1.1362538818815755,nan,-0.06645218701688907,nan,0.005251302216650802,nan
2175,-1.0225994544887111,nan,-0.0664322439686706,nan,0.005342379398464489,nan
2176,-0.7066731216600297,nan,-0.06641995416365117,nan,0.00347418698793676,nan
2177,-0.48389508818631904,nan,-0.06641300958744334,nan,0.0016583788755342736,nan
2178,-0.4869276483912478,nan,-0.06640840490487808,nan,0.002041291971684715,nan
2179,-0.9227597068176656,nan,-0.0663901957315765,nan,0.00397965738170004,nan
2180,-1.275897655353172,nan,-0.06636377217078056,nan,0.007272189879293203,nan
2181,-1.5957689769152992,nan,-0.0663283085543101,nan,0.011812951722763237,nan
2182,-1.0020643850342839,nan,-0.06630617949989276,nan,0.004706850040848598,nan
2183,-0.752847086302626,nan,-0.06629033991378394,nan,0.0033510782773776646,nan
2184,-2.7149461770118943,nan,-0.066229663670618,nan,0.038038472274794274,nan
2185,-0.7013179935952218,nan,-0.06621828422550677,nan,0.002980675547883916,nan
2186,-0.9116611015091446,nan,-0.06619966108231824,nan,0.004412914214857602,nan
2187,-1.34046947661635,nan,-0.06617015057122973,nan,0.009147975211308064,nan
2188,-1.0064636010749375,nan,-0.06615209635949684,nan,0.005027845064482767,nan
2189,-0.49891677412283386,nan,-0.06614331079779939,nan,0.0018604184122086689,nan
2190,-1.6478427964109483,nan,-0.06610389440184875,nan,0.013181209658855046,nan
2191,-0.4443120020041374,nan,-0.06609960061695294,nan,0.0012207010705481305,nan
2192,-0.5487276563844141,nan,-0.06608957599956411,nan,0.0019675963640085514,nan
2193,-0.6159542079421526,nan,-0.06607856048762123,nan,0.0022709467490463217,nan
2194,-1.6567846149891412,nan,-0.06604392787910722,nan,0.014157380891142789,nan
2195,-2.044710470481671,nan,-0.06599804694663759,nan,0.01847002082311065,nan
2196,-0.5308052170821943,nan,-0.06598929555072479,nan,0.002013908609142818,nan
2197,-0.876056405014117,nan,-0.0659730626744403,nan,0.004038395083255911,nan
2198,-0.5136188620568067,nan,-0.06596615832927398,nan,0.002042253902452197,nan
2199,-0.7756029450582467,nan,-0.06595219316233987,nan,0.0030689996940257568,nan
2200,-0.509048207485503,nan,-0.0659464538546175,nan,0.00162374652117041,nan
2201,-0.44008682509924857,nan,-0.06594216364987603,nan,0.0012745010510968775,nan
2202,-0.5654183068063408,nan,-0.0659336323985081,nan,0.002518681942002324,nan
2203,-3.0481210216618027,nan,-0.06586027308128337,nan,0.04394583789738795,nan
2204,-0.477879967326527,nan,-0.06585342911588898,nan,0.0018147926121327256,nan
2205,-0.9775694730002292,nan,-0.06583317493913649,nan,0.004734329610786982,nan
2206,-1.0366329800212224,nan,-0.06580926504539153,nan,0.005567907329005773,nan
2207,-1.0719560144242488,nan,-0.06578693990652965,nan,0.005221246648871703,nan
2208,-0.883608541304015,nan,-0.06577233692695426,nan,0.004174446314696183,nan
2209,-0.6989689237267421,nan,-0.06575962013804534,nan,0.0025343034089729015,nan
2210,-0.5094914801495141,nan,-0.06575045318225346,nan,0.00197627573879277,nan
2211,-0.7927513399933114,nan,-0.06573616819899522,nan,0.00356645079007201,nan
2212,-1.4894430812782327,nan,-0.06570406418298444,nan,0.009476392930428767,nan
2213,-0.34151209761526635,nan,-0.06569969239447622,nan,0.0012126898468244305,nan
2214,-1.0312994510086282,nan,-0.0656793635756656,nan,0.005501047986516791,nan
2215,-1.109432148683862,nan,-0.06565442452444971,nan,0.006070852680715336,nan
2216,-0.67335715978594,nan,-0.06564369012721749,nan,0.002493049346253414,nan
2217,-0.7961160977907082,nan,-0.06562793852871533,nan,0.0034039970882146072,nan
2218,-1.7236835897448055,nan,-0.06558723216705971,nan,0.013622581843488685,nan
2219,-0.5332773328144645,nan,-0.06557804148395813,nan,0.0017991628426639577,nan
2220,-0.8254290988673321,nan,-0.06556321075467239,nan,0.0035775564682667426,nan
2221,-0.8903106449346059,nan,-0.06554389828543544,nan,0.004144686297546835,nan
2222,-0.9290826220501441,nan,-0.06552416767336357,nan,0.0047423545364745365,nan
2223,-0.6497789925175891,nan,-0.06551291732927744,nan,0.002356414106707098,nan
2224,-1.3353839580861822,nan,-0.06548320677694146,nan,0.008077426541984897,nan
2225,-1.0938928245153583,nan,-0.06546148735970989,nan,0.00685525775725144,nan
2226,-1.5759005181811139,nan,-0.06542753014290384,nan,0.012254653525588667,nan
2227,-1.445060993278095,nan,-0.06539717737751806,nan,0.00999015894348242,nan
2228,-1.0219000328712855,nan,-0.06537719643363858,nan,0.005052563351854046,nan
2229,-1.3632850796672773,nan,-0.06534615764426284,nan,0.009360711516054259,nan
2230,-0.7002832084091017,nan,-0.06533446222823235,nan,0.002746908085043842,nan
2231,-0.8266868419832936,nan,-0.0653202557122164,nan,0.003666329828304697,nan
2232,-0.7674464670155332,nan,-0.06530778302400035,nan,0.0031063471078141324,nan
2233,-0.5521638113394163,nan,-0.06529922870906722,nan,0.0016576584507962187,nan
2234,-0.7653344763202183,nan,-0.06528332197957928,nan,0.0028670898698784086,nan
2235,-1.2280568867177692,nan,-0.06525728534488213,nan,0.009368069340126559,nan
2236,-1.2735045947266448,nan,-0.06522964629354784,nan,0.008106217532110238,nan
2237,-0.6899595406370482,nan,-0.06521869489335481,nan,0.002830879051313457,nan
2238,-0.39573243643554623,nan,-0.06521536878562098,nan,0.00154011984907388,nan
2239,-0.4190540988590076,nan,-0.06521029947954239,nan,0.0016869205493370018,nan
2240,-1.004975538471129,nan,-0.06518856927438683,nan,0.0053256874819419524,nan
2241,-1.3701736014452284,nan,-0.06515950198581881,nan,0.008556789754341775,nan
2242,-0.38564993759998584,nan,-0.06515497534544089,nan,0.0015622344198278728,nan
2243,-0.5359003691884031,nan,-0.06514750851493617,nan,0.001921989082440424,nan
2244,-0.7204846101828242,nan,-0.06513519268286105,nan,0.0026732005118364236,nan
2245,-1.0483867411499925,nan,-0.06511287475263206,nan,0.005608832807647296,nan
2246,-0.4004657503156133,nan,-0.06511009960975334,nan,0.001177856213106242,nan
2247,-0.4239691200732358,nan,-0.06510669658797283,nan,0.0013530802344764224,nan
2248,-0.7344912643220478,nan,-0.06509382972320882,nan,0.0027999952611272513,nan
2249,-0.524967738716346,nan,-0.06508535973288682,nan,0.001960152975887497,nan
2250,-1.8778041849533156,nan,-0.06503984465427025,nan,0.016135232011031505,nan
2251,-1.2989945214891732,nan,-0.06501166260009664,nan,0.008217354851022641,nan
2252,-1.0411757303257416,nan,-0.0649914603644863,nan,0.005244162432558959,nan
2253,-0.6641568927244164,nan,-0.06497943116351909,nan,0.0024833730399170984,nan
2254,-0.6142540965203097,nan,-0.06496955187084502,nan,0.0024650603392734854,nan
2255,-1.9826577123243796,nan,-0.06492254326633382,nan,0.01947084001212377,nan
2256,-1.4661898483055977,nan,-0.0648901664461431,nan,0.010415389636101247,nan
2257,-1.2557234397385715,nan,-0.06486321365296006,nan,0.007326159958142067,nan
2258,-0.5906415402127974,nan,-0.06485478422604281,nan,0.0023523783898182515,nan
2259,-0.7014037069632939,nan,-0.06484198392667176,nan,0.0027123842279510673,nan
2260,-1.0430909218929274,nan,-0.06482015034168422,nan,0.0050809688798708705,nan
2261,-0.9858070467655754,nan,-0.06480054939780273,nan,0.005015579888600831,nan
2262,-1.1145619633912898,nan,-0.06477793180420491,nan,0.005717091085652361,nan
2263,-1.41042306830486,nan,-0.06474707685978717,nan,0.008997473904659098,nan
2264,-0.4900549230776247,nan,-0.06474005513634658,nan,0.00159682114719039,nan
2265,-1.5155893334690596,nan,-0.06470678662055569,nan,0.00974253063159094,nan
2266,-0.4932695603887327,nan,-0.06469830382869622,nan,0.0016561821517160433,nan
2267,-0.7316789615662685,nan,-0.06468509633992771,nan,0.0029197089181044857,nan
2268,-0.7940930971695913,nan,-0.06467082502222317,nan,0.003562819963997193,nan
2269,-1.0580354707358892,nan,-0.06464749565251568,nan,0.0050521276829623915,nan
2270,-0.36728350848881847,nan,-0.06464393076604148,nan,0.0012328930113713814,nan
2271,-2.9018867425672488,nan,-0.0645789995301796,nan,0.05392922633157696,nan
2272,-0.7940219990724968,nan,-0.06456329732982603,nan,0.0032243530347971132,nan
2273,-1.2247210230936971,nan,-0.06453616412048677,nan,0.00709153652854284,nan
2274,-1.7049257641705404,nan,-0.06449399025047649,nan,0.01371630416345106,nan
2275,-0.5599079280617476,nan,-0.06448419962749077,nan,0.0022036449507470434,nan
2276,-0.8111165350189173,nan,-0.0644681629124315,nan,0.004072924097869128,nan
2277,-2.9782463633601854,nan,-0.06439918177626652,nan,0.050815138688961516,nan
2278,-0.8805350098642479,nan,-0.06438498503113221,nan,0.003346346563755919,nan
2279,-0.46850875350375654,nan,-0.06437880799286617,nan,0.0013482449638838072,nan
2280,-0.8699726892332975,nan,-0.06436336349379054,nan,0.004101291915061636,nan
2281,-0.38419041529062237,nan,-0.06436042114367574,nan,0.0016067296254128904,nan
2282,-0.9509049229764684,nan,-0.06434245206480843,nan,0.004819055826839254,nan
2283,-1.793295668677678,nan,-0.06429940188842735,nan,0.0133463203195445,nan
2284,-0.7231942659491496,nan,-0.0642859564013675,nan,0.003266552038253931,nan
2285,-1.253179744248953,nan,-0.06425783506319568,nan,0.0071873827651754195,nan
2286,-0.5755165259622358,nan,-0.06424835565936031,nan,0.0023869605849539594,nan
2287,-1.6581994843767962,nan,-0.06421221050919164,nan,0.01277573044053567,nan
2288,-0.5719384729961252,nan,-0.06420285300311748,nan,0.001908153561414069,nan
2289,-0.5455397858387001,nan,-0.06419530512935985,nan,0.0018468476702328768,nan
2290,-0.9807272645165517,nan,-0.0641732454459507,nan,0.004755639059015835,nan
2291,-0.667347795399626,nan,-0.06416216998089395,nan,0.0026130997568844447,nan
2292,-0.6620394819632349,nan,-0.06415178607452068,nan,0.0036874313649298877,nan
2293,-1.240399512605683,nan,-0.06412636670590875,nan,0.007128934028443366,nan
2294,-0.6257126523069999,nan,-0.06411656570006131,nan,0.0025742852070787894,nan
2295,-1.1221369402585484,nan,-0.06409396438990254,nan,0.006448682145551891,nan
2296,-0.7390764663087108,nan,-0.06408288731213943,nan,0.0027125533906345975,nan
2297,-0.6733060262236854,nan,-0.06407148162929492,nan,0.0031206707491668096,nan
2298,-1.132448678333955,nan,-0.06404836982248266,nan,0.006891133780948312,nan
2299,-1.547449912719197,nan,-0.06401345423272381,nan,0.011088177390078165,nan
2300,-0.8439140245074384,nan,-0.06399632733606926,nan,0.0033172473674561984,nan
2301,-0.4270158020845555,nan,-0.06399020301692147,nan,0.001868031603433094,nan
2302,-0.6837886834023824,nan,-0.06397810493347629,nan,0.0027398535382486032,nan
2303,-0.9642161853721797,nan,-0.0639610202582183,nan,0.004530003854397144,nan
2304,-0.39419116424934403,nan,-0.06395539377768675,nan,0.001727789964429061,nan
2305,-1.7065040645957756,nan,-0.06391634899590688,nan,0.012968643089500954,nan
2306,-0.46687640760410126,nan,-0.0639091603373782,nan,0.0016077974549629109,nan
2307,-0.5391303384942348,nan,-0.06390148150841041,nan,0.0019830716498053405,nan
2308,-1.0786646813280703,nan,-0.06387783326109578,nan,0.005719585030938135,nan
2309,-1.2030177260311579,nan,-0.06385053052661804,nan,0.0067557957349140395,nan
2310,-0.5334716778928144,nan,-0.06384445582307031,nan,0.002135853114341966,nan
2311,-0.7498219701256685,nan,-0.06382988861028718,nan,0.0032858351043265725,nan
2312,-0.8559499717503584,nan,-0.06381349702684236,nan,0.0037915226626326053,nan
2313,-0.6472750883373838,nan,-0.06380261744420225,nan,0.0022503798717997984,nan
2314,-0.7325798108644992,nan,-0.06379045462662823,nan,0.003402196420430246,nan
2315,-0.7652356832370406,nan,-0.06377563084676525,nan,0.00305796089939747,nan
2316,-2.8498161798828874,nan,-0.06370891731111263,nan,0.03966956053983011,nan
2317,-0.7679417321576029,nan,-0.0636961511366125,nan,0.0033209597196006127,nan
2318,-1.0040088543047805,nan,-0.06367656110267068,nan,0.0048733780652453675,nan
2319,-0.872138729003661,nan,-0.0636597304988784,nan,0.003906122200487318,nan
2320,-1.0588049886118598,nan,-0.06363891951077807,nan,0.005488587048405392,nan
2321,-1.1187997671847252,nan,-0.06361533944530129,nan,0.007762712943813358,nan
2322,-0.6578221988577263,nan,-0.0636049105786303,nan,0.002559833188814971,nan
2323,-0.9449586350362982,nan,-0.06358726883406075,nan,0.004324697669641017,nan
2324,-1.4130518578595075,nan,-0.06355556271356459,nan,0.0089264902173282,nan
2325,-0.7673817709435695,nan,-0.0635423896936503,nan,0.002804415267345794,nan
2326,-0.7572457952483908,nan,-0.06352619996594551,nan,0.00347150974368413,nan
2327,-0.6287692395710069,nan,-0.0635150443382852,nan,0.002175040841179201,nan
2328,-0.8431697840815485,nan,-0.0635002192794159,nan,0.0038249710689339292,nan
2329,-0.9143001493062988,nan,-0.06348100422375212,nan,0.004015688404841236,nan
2330,-0.7932459190268862,nan,-0.06346476423849624,nan,0.0033605415509006292,nan
2331,-0.6697996313322635,nan,-0.06345496125342188,nan,0.0034707444810833186,nan
2332,-0.5143505438797928,nan,-0.06344659972525805,nan,0.0022845944019682916,nan
2333,-0.8957864921824154,nan,-0.06342892170851477,nan,0.0039846811597899386,nan
2334,-1.6991206447437321,nan,-0.06339105935621012,nan,0.013541247782248134,nan
2335,-0.7588943894307878,nan,-0.06337595691817827,nan,0.0030923572207734403,nan
2336,-0.6307356985343429,nan,-0.0633662931445622,nan,0.0028797669893216903,nan
2337,-0.6678623695395727,nan,-0.06335299062545384,nan,0.0031448512454451422,nan
2338,-0.46289497180446987,nan,-0.0633470124433294,nan,0.0015674185905511743,nan
2339,-0.7814667233306343,nan,-0.06333117093814271,nan,0.00356931105984145,nan
2340,-1.008214828570531,nan,-0.06331060658250999,nan,0.0049831842435304596,nan
2341,-0.9549701641983627,nan,-0.06329460414915782,nan,0.004001290253994761,nan
2342,-1.0096212700603637,nan,-0.06327414094112321,nan,0.0047978920203877885,nan
2343,-0.3795686781826512,nan,-0.06326986868109434,nan,0.0014203180344379196,nan
2344,-1.247748610971141,nan,-0.06324321475171643,nan,0.008827796072391689,nan
2345,-1.1339814100837615,nan,-0.06321872384046748,nan,0.007554649975047468,nan
2346,-0.453034843259685,nan,-0.06321437683758263,nan,0.001140009416498109,nan
2347,-1.0250616961113606,nan,-0.06319262410876626,nan,0.005975777059490712,nan
2348,-0.745571745991519,nan,-0.06318044567069468,nan,0.003850947578209539,nan
2349,-0.5880411048246059,nan,-0.06317000462604426,nan,0.0021994868898344852,nan
2350,-0.7252847329552383,nan,-0.06315935651536676,nan,0.0029461124150985517,nan
2351,-0.6490367482027023,nan,-0.06315225290967412,nan,0.0027327845780305005,nan
2352,-1.0129888646085483,nan,-0.06313290807530109,nan,0.005432454442528605,nan
2353,-0.5596764731107395,nan,-0.06312515756927368,nan,0.002240098932590086,nan
2354,-1.7395058602664308,nan,-0.06308493108667167,nan,0.013765517807770931,nan
2355,-1.3194208744036113,nan,-0.06305866590147875,nan,0.007600341025871807,nan
2356,-0.5705625428431116,nan,-0.06305023068618497,nan,0.0024823354649842356,nan
2357,-1.2678673763830577,nan,-0.06302448949812377,nan,0.007710439702137346,nan
2358,-0.7853726530179719,nan,-0.06300697888105816,nan,0.003193150214862587,nan
2359,-2.3791258369239223,nan,-0.06295228554163837,nan,0.030761934611876242,nan
2360,-0.665159849797445,nan,-0.06293999278013548,nan,0.002679736910104816,nan
2361,-0.6806836454835312,nan,-0.06292830523676729,nan,0.002741915999877286,nan
2362,-0.7943813694382945,nan,-0.06291308562575447,nan,0.003450946440411976,nan
2363,-0.5996813259752168,nan,-0.06290416760595102,nan,0.0020884699731434494,nan
2364,-0.795804943080121,nan,-0.06288851814653869,nan,0.004253872199487494,nan
2365,-0.7812968954380193,nan,-0.0628744755889498,nan,0.0032083539601282687,nan
2366,-0.6208026584058616,nan,-0.06286552592411185,nan,0.002481642605845678,nan
2367,-0.5785566808501683,nan,-0.06285491527675117,nan,0.0026969893450132687,nan
2368,-0.8053094007293404,nan,-0.06284007867647995,nan,0.003247431827745897,nan
2369,-1.4622066756569623,nan,-0.0628060460133579,nan,0.010262964443639049,nan
2370,-2.663036636389175,nan,-0.06274409961735201,nan,0.029897808503540225,nan
2371,-3.3846490873196307,nan,-0.06266318400174539,nan,0.06096955970380117,nan
2372,-0.6971862130731518,nan,-0.06265118352333689,nan,0.002769686170325806,nan
2373,-1.7027618383955223,nan,-0.062612861361749,nan,0.017413822406420632,nan
2374,-0.6241263935088035,nan,-0.06260501653838225,nan,0.0024262287423012347,nan
2375,-0.5364710867642706,nan,-0.06259699664269609,nan,0.0017676959090383582,nan
2376,-0.7571984682209263,nan,-0.06258321139328381,nan,0.0025645919693077245,nan
2377,-0.6894731853405669,nan,-0.06257095397589116,nan,0.0023038444672295105,nan
2378,-0.38129475587090955,nan,-0.06256662151387866,nan,0.0011191274243065662,nan
2379,-0.4381702053415362,nan,-0.06256156930714986,nan,0.0014972043311066413,nan
2380,-0.6923194057374312,nan,-0.06254998039297348,nan,0.002204323485061111,nan
2381,-0.7159532816012618,nan,-0.06253749252967471,nan,0.0028227165751173408,nan
2382,-1.1095032521736456,nan,-0.06251632656520903,nan,0.006351133333736144,nan
2383,-0.9561047867551521,nan,-0.06250331426630513,nan,0.004420258599984078,nan
2384,-1.9690370053473891,nan,-0.06246278477813713,nan,0.01807000323119932,nan
2385,-2.212774750965311,nan,-0.06241234179276839,nan,0.026372164777530387,nan
2386,-0.5201470470401441,nan,-0.06240492732144634,nan,0.002034713797349991,nan
2387,-1.0442176040423188,nan,-0.06238145082651715,nan,0.005733108938951978,nan
2388,-0.6853514244861663,nan,-0.06236830936338756,nan,0.0028455169376292856,nan
2389,-0.45122639237287704,nan,-0.062361964108597505,nan,0.001422790565255327,nan
2390,-1.0243453788741161,nan,-0.06234209432240976,nan,0.0052517318664482195,nan
2391,-0.897509878097655,nan,-0.06232665385601182,nan,0.004519462923443686,nan
2392,-0.7488244958674092,nan,-0.06231499175716516,nan,0.0027172141274459734,nan
2393,-0.8645438879146539,nan,-0.06229845934285681,nan,0.003636679646739993,nan
2394,-2.621896999723,nan,-0.06223454147280185,nan,0.031948642314828565,nan
2395,-0.41148037020400224,nan,-0.062228970277460056,nan,0.0015315652191604415,nan
2396,-1.0449357570471556,nan,-0.06220746671514872,nan,0.0051368547713345385,nan
2397,-0.7233443961284373,nan,-0.06219391145993012,nan,0.003005175262603484,nan
2398,-1.065424208317093,nan,-0.062175406830437145,nan,0.0069229029740958785,nan
2399,-0.5035682754565879,nan,-0.06216865048887055,nan,0.001848101801781936,nan
2400,-1.839802973688481,nan,-0.06213014417272391,nan,0.015210727751944217,nan
2401,-0.4181107004932026,nan,-0.062127337268562136,nan,0.0012514964398347276,nan
2402,-1.312282047920991,nan,-0.062099448021297174,nan,0.010325065579761794,nan
2403,-0.608366072940807,nan,-0.06209100332362205,nan,0.002374470053866447,nan
2404,-0.7942390174368924,nan,-0.06207694763315921,nan,0.0033592434673930206,nan
2405,-0.3524339733021973,nan,-0.06207204326725388,nan,0.0012748994113063246,nan
2406,-0.7370149010732809,nan,-0.06205901217559028,nan,0.002712538514329004,nan
2407,-0.7928341436022815,nan,-0.0620438291314513,nan,0.0036528086750195897,nan
2408,-0.7302094164560069,nan,-0.062030503056297225,nan,0.002747166897290092,nan
2409,-0.6587423934018334,nan,-0.06201754421551285,nan,0.003147805013352908,nan
2410,-0.850006664475876,nan,-0.06200231162823019,nan,0.004200954400147481,nan
2411,-0.5828613583591092,nan,-0.0619929047411928,nan,0.001978081551880972,nan
2412,-1.9010168057754417,nan,-0.06195071012231926,nan,0.01762481779983529,nan
2413,-1.272527660280535,nan,-0.06192371304527154,nan,0.007544180473775932,nan
2414,-0.5854734245768111,nan,-0.061913697690700945,nan,0.0026717040441183466,nan
2415,-0.41626070881346605,nan,-0.061907961083458155,nan,0.0015575303182367426,nan
2416,-1.095246189807719,nan,-0.06188397539994087,nan,0.006933182760813545,nan
2417,-1.313348619083972,nan,-0.06185482368938459,nan,0.008319995612829876,nan
2418,-0.43488058298994076,nan,-0.061848668278229726,nan,0.0016689107167235475,nan
2419,-0.5150514024852706,nan,-0.061842220274776344,nan,0.0017046685351456265,nan
2420,-0.7188237854270986,nan,-0.06182980004187239,nan,0.0023519862234631273,nan
2421,-1.03635122850633,nan,-0.06180665439128194,nan,0.005399645029964603,nan
2422,-0.9156823486067562,nan,-0.061793949871554385,nan,0.004465984356496832,nan
2423,-1.0292241165978178,nan,-0.061774739120868005,nan,0.004662636749465316,nan
2424,-0.8086380178415403,nan,-0.061758662581177216,nan,0.0036000916358767897,nan
2425,-0.4010677567430758,nan,-0.061754008334389765,nan,0.0011946675649228114,nan
2426,-0.7765001557078717,nan,-0.0617405157379343,nan,0.00351322529068997,nan
2427,-0.5717697265744878,nan,-0.061731784386573334,nan,0.002551772310405236,nan
2428,-1.334141126955934,nan,-0.06170148315427573,nan,0.008175311165892247,nan
2429,-0.5662954792330956,nan,-0.06169232085216987,nan,0.0020778475202758613,nan
2430,-0.4483377681797217,nan,-0.061685912376280905,nan,0.0014976142504710562,nan
2431,-0.7594868076320334,nan,-0.061671738667603185,nan,0.002876627036856654,nan
2432,-1.0267309496467543,nan,-0.0616502867472167,nan,0.004854950619695345,nan
2433,-1.4057635215784152,nan,-0.061620718713004,nan,0.009377724221976635,nan
2434,-1.2414189786499157,nan,-0.06159430913129948,nan,0.0076650034422755635,nan
2435,-0.6472587459455408,nan,-0.06158528866898829,nan,0.0022626589668628037,nan
2436,-1.0077538895914315,nan,-0.06156504647332784,nan,0.004889137677986283,nan
2437,-2.018916448538299,nan,-0.06151762719153188,nan,0.017748375615365318,nan
2438,-0.578744092521287,nan,-0.061508046589848896,nan,0.002191573780130243,nan
2439,-0.5124355673700846,nan,-0.06150065008932417,nan,0.0016388378467945886,nan
2440,-1.3611200965944874,nan,-0.06147114128091715,nan,0.008110630430538307,nan
2441,-0.46034323965235335,nan,-0.06146372744827212,nan,0.0017167058151979406,nan
2442,-1.4901159886979036,nan,-0.061429215321281615,nan,0.010203562088927285,nan
2443,-0.6219595207060814,nan,-0.06141810299138831,nan,0.0024233275088411544,nan
2444,-0.961129814340511,nan,-0.06139757042711374,nan,0.004928338412697184,nan
2445,-2.8443196318188373,nan,-0.061334109381707226,nan,0.03827898997814337,nan
2446,-2.5994797578360256,nan,-0.061271623363932964,nan,0.03491738029036996,nan
2447,-1.1470072898104036,nan,-0.061248237994122906,nan,0.006148288170530462,nan
2448,-0.5905710719937001,nan,-0.06123908924551464,nan,0.002116333269196215,nan
2449,-1.5407168861154312,nan,-0.06120427980136815,nan,0.011549592742181482,nan
2450,-1.2363691642661059,nan,-0.061178306617445326,nan,0.006119675779623045,nan
2451,-0.50981274923661,nan,-0.06117162224894708,nan,0.001994570459397905,nan
2452,-0.7732661578613084,nan,-0.061156131040540185,nan,0.004046184898768177,nan
2453,-0.6551943629101313,nan,-0.061144897744157836,nan,0.0029877740037154796,nan
2454,-1.1852882053446747,nan,-0.06112023546047955,nan,0.006277463453644119,nan
2455,-0.9242386648948989,nan,-0.061101021224614346,nan,0.004318632959719917,nan
2456,-0.8135947037695402,nan,-0.061084753427369895,nan,0.003817510825145652,nan
2457,-0.8367244227779906,nan,-0.06107100368038311,nan,0.0038207431045756608,nan
2458,-0.8080706218253366,nan,-0.06105749839881687,nan,0.003755512137279573,nan
2459,-0.7678770845592957,nan,-0.06104189993532074,nan,0.0028994249481921496,nan
2460,-0.7593613012421411,nan,-0.06102833342915242,nan,0.003003556977430155,nan
2461,-0.6147896117448463,nan,-0.061019114500024736,nan,0.0025024290734734353,nan
2462,-0.8501603090594155,nan,-0.06100420646317235,nan,0.003612522892776594,nan
2463,-2.0462453162733043,nan,-0.0609550989615071,nan,0.019021868217779937,nan
2464,-0.6517255317356755,nan,-0.06094377611804009,nan,0.0026202931637943237,nan
2465,-0.655615521690722,nan,-0.06093277995016381,nan,0.002405224153575717,nan
2466,-1.3019711103112575,nan,-0.06090694458269299,nan,0.007431084412973017,nan
2467,-1.1711501274384617,nan,-0.060886111678203146,nan,0.005787884160299532,nan
2468,-0.7644742570623116,nan,-0.06086985207683344,nan,0.0031429328292669413,nan
2469,-2.0891398787978646,nan,-0.060821921434526194,nan,0.022015743565492456,nan
2470,-0.7077328254216128,nan,-0.06081198150601313,nan,0.0027375396277736198,nan
2471,-0.4709925838161363,nan,-0.06080471753074962,nan,0.001676475364144886,nan
2472,-0.7386363740296071,nan,-0.06079082514290346,nan,0.0029821404635057658,nan
2473,-1.078986314522104,nan,-0.06076892654326028,nan,0.005237929340993381,nan
2474,-0.5767966685056636,nan,-0.06076170686893042,nan,0.002441203637368331,nan
2475,-1.6742630532134648,nan,-0.06072553144004007,nan,0.014325925023491004,nan
2476,-0.5146791140032304,nan,-0.06071882381862955,nan,0.0020245869948426337,nan
2477,-0.9166744043327799,nan,-0.060700244319823585,nan,0.0044898323355879064,nan
2478,-0.7618503065678389,nan,-0.06068622386742609,nan,0.0032409311960236893,nan
2479,-0.7952135455133504,nan,-0.06067050747501402,nan,0.0036306219425199216,nan
2480,-0.7236577603464242,nan,-0.06065604872453051,nan,0.003521352166204891,nan
2481,-0.596857621046258,nan,-0.06064803581547752,nan,0.002333550754231679,nan
2482,-0.7417528857017401,nan,-0.06063338274183498,nan,0.0032949067143756136,nan
2483,-0.43597331777831655,nan,-0.06062716373996779,nan,0.0013686545257989959,nan
2484,-0.8499800592547465,nan,-0.060608777045725266,nan,0.0033844364288971463,nan
2485,-0.7676960446888511,nan,-0.06059772670900542,nan,0.0030847842502853785,nan
2486,-1.133697952225964,nan,-0.060575298826860934,nan,0.005820900817364496,nan
2487,-0.5438551562231286,nan,-0.0605673894407884,nan,0.002026459562601809,nan
2488,-1.2616228651825805,nan,-0.060540162286559486,nan,0.007937030251273673,nan
2489,-0.5136628485587432,nan,-0.06053348398893712,nan,0.002167887560337533,nan
2490,-1.027434562572684,nan,-0.060511887273422736,nan,0.005363623419937613,nan
2491,-1.9295677336285249,nan,-0.0604693942986654,nan,0.02141650539300291,nan
2492,-0.6763999112623567,nan,-0.060457300862551605,nan,0.0023913676765544407,nan
2493,-1.443855345251937,nan,-0.06042320433038538,nan,0.008985071292681387,nan
2494,-1.403794703963416,nan,-0.06039426819600192,nan,0.008748234231901254,nan
2495,-0.7200838162464854,nan,-0.060380438788684175,nan,0.002994197314207703,nan
2496,-0.6007512722351536,nan,-0.06037040717119756,nan,0.00263677707814306,nan
2497,-0.7124918641523056,nan,-0.060358850845134926,nan,0.0028749952595402252,nan
2498,-0.8088921219556803,nan,-0.0603421439452524,nan,0.0037779853080109407,nan
2499,-0.632498008395131,nan,-0.060331200135635456,nan,0.0026019744196748113,nan
2500,-1.441528570331403,nan,-0.060299942730751246,nan,0.009596909471849074,nan
2501,-0.7906022803490786,nan,-0.06028328362467224,nan,0.0037381472753604994,nan
2502,-0.7726222039475638,nan,-0.06026973798607688,nan,0.0028052990718007813,nan
2503,-0.6177443118178396,nan,-0.06025998032198957,nan,0.0024406655144366316,nan
2504,-2.4990068106946737,nan,-0.06020232744893931,nan,0.028416942576078137,nan
2505,-2.543147380847177,nan,-0.06014343001772808,nan,0.0340520106827251,nan
2506,-1.883730847042346,nan,-0.0600969485571012,nan,0.01557846718829306,nan
2507,-2.196681765687037,nan,-0.06005209260381161,nan,0.028508510307110015,nan
2508,-0.5810172972592165,nan,-0.06004447035139319,nan,0.0019880858396587927,nan
2509,-1.3955535760805056,nan,-0.060012624798101155,nan,0.008805835894890727,nan
2510,-0.5208917622619627,nan,-0.06000283210913367,nan,0.0020507541411101185,nan
2511,-1.7259346001423865,nan,-0.05996392203349223,nan,0.014901808214279243,nan
2512,-0.41329772474846044,nan,-0.059960225489379966,nan,0.0013819570273070128,nan
2513,-1.062879578938638,nan,-0.05993812815098761,nan,0.005273301641579673,nan
2514,-0.43615339080408294,nan,-0.05993108904381908,nan,0.001878563663949897,nan
2515,-1.2902540840627585,nan,-0.059904407951827686,nan,0.007822683559935747,nan
2516,-0.6599645525857184,nan,-0.059895001578138284,nan,0.00251637425497483,nan
2517,-0.533561714014701,nan,-0.059889643764870874,nan,0.0017148994734182076,nan
2518,-0.9143800356122841,nan,-0.059870960757220114,nan,0.004418382692198209,nan
2519,-2.1174973518141105,nan,-0.059818011705160073,nan,0.02056820015912816,nan
2520,-0.8762716231985326,nan,-0.059803231003069814,nan,0.0035144162909081134,nan
2521,-1.2487013479896523,nan,-0.059776087158251466,nan,0.007178334839894791,nan
2522,-0.6879665843292319,nan,-0.05976380830069708,nan,0.00263776136836817,nan
2523,-0.7779162799849128,nan,-0.05974811938072563,nan,0.0033756049430179046,nan
2524,-0.9051967480165407,nan,-0.059728897417720535,nan,0.00422890684106252,nan
2525,-0.36486151238155823,nan,-0.0597243554324781,nan,0.0013565242585797579,nan
2526,-0.5314502506846679,nan,-0.059715384354783935,nan,0.001955900031546974,nan
2527,-0.5127516039798047,nan,-0.05970739461009389,nan,0.0019522379797643984,nan
2528,-0.5141640773515568,nan,-0.059700589243025244,nan,0.0021654693482102026,nan
2529,-0.45954178736161705,nan,-0.05969498799780972,nan,0.0018419872971899888,nan
2530,-0.6274189394867896,nan,-0.059685433329023305,nan,0.002501143235974401,nan
2531,-0.46897253005148387,nan,-0.05967840786245163,nan,0.0016036081533117939,nan
2532,-0.691895400864084,nan,-0.05966558863223499,nan,0.003001850715271077,nan
2533,-1.6881670963699291,nan,-0.05962729235937103,nan,0.013405683248590004,nan
2534,-0.4596212532565154,nan,-0.059621143674744706,nan,0.0016758518453084195,nan
2535,-0.4068892220230324,nan,-0.05961709157079542,nan,0.0014256819055309695,nan
2536,-0.5932336097374686,nan,-0.05960825652955045,nan,0.0024579701446976617,nan
2537,-0.5753101060694082,nan,-0.059597480004178555,nan,0.002265962828968165,nan
2538,-0.6144481146440537,nan,-0.05958649291369358,nan,0.0022708436050779828,nan
2539,-0.5932941803894528,nan,-0.05957631289763174,nan,0.0023892022233094586,nan
2540,-1.610304557313295,nan,-0.059540578031928165,nan,0.010443711024020187,nan
2541,-1.243016273421882,nan,-0.059512757124367675,nan,0.0102079224902363,nan
2542,-1.6694185840436488,nan,-0.05947490286502909,nan,0.013837025500442891,nan
2543,-1.0077021336560028,nan,-0.05945508887026923,nan,0.00490290752368918,nan
2544,-0.645342793363093,nan,-0.05944341465036701,nan,0.002764625534588104,nan
2545,-0.5024985228826959,nan,-0.059435135879629335,nan,0.0021096117717504695,nan
2546,-1.056386839173041,nan,-0.059411253537050415,nan,0.005589944833999886,nan
2547,-0.5512617301619054,nan,-0.05940419970198846,nan,0.002106124885020279,nan
2548,-1.8454525090980882,nan,-0.05936035266694965,nan,0.015668727211986897,nan
2549,-1.4223193438911959,nan,-0.059330385232135276,nan,0.008153891303728237,nan
2550,-1.4670744580588015,nan,-0.05929701453437113,nan,0.008951145861296255,nan
2551,-0.7522112733990381,nan,-0.05928529256718613,nan,0.002833229654602055,nan
2552,-0.52644190672159,nan,-0.059276983089404246,nan,0.001885217629216247,nan
2553,-0.5130844345787001,nan,-0.059269843998735826,nan,0.001994475722486395,nan
2554,-1.6799902038949712,nan,-0.05923256896042475,nan,0.012511937502984625,nan
2555,-0.742462646829043,nan,-0.05921992572085093,nan,0.002899932946165406,nan
2556,-0.428462932648272,nan,-0.059215164735888136,nan,0.0015936100789094116,nan
2557,-0.4209532726754166,nan,-0.059209552049601426,nan,0.001508996905125123,nan
2558,-0.987848176177001,nan,-0.059188443886280195,nan,0.004667658147506833,nan
2559,-0.7884857716781906,nan,-0.0591734208252547,nan,0.0030006030257869083,nan
2560,-0.5058475700967197,nan,-0.05916608421784493,nan,0.0017070694490443888,nan
2561,-0.4786910626008679,nan,-0.05915849354309562,nan,0.0016622074376696364,nan
2562,-0.9958731648277299,nan,-0.05913803258020707,nan,0.004781503097092014,nan
2563,-0.7872041364707659,nan,-0.0591234628070996,nan,0.003568572079401828,nan
2564,-0.9465851703594497,nan,-0.05910420292597081,nan,0.005100920978610665,nan
2565,-0.9223204516177064,nan,-0.059085487198055994,nan,0.0042134328731639826,nan
2566,-0.9146005496610057,nan,-0.05906740246755767,nan,0.004542686936810463,nan
2567,-0.5157745706388142,nan,-0.05906199275090881,nan,0.002059447990466998,nan
2568,-1.3796209441371434,nan,-0.059031168201198164,nan,0.008423671100827887,nan
2569,-0.6958598029046952,nan,-0.059021805728695774,nan,0.002475821309517306,nan
2570,-0.7507183962562225,nan,-0.05900577517082622,nan,0.003333489991565188,nan
2571,-0.8302629469432079,nan,-0.05899133758079903,nan,0.0033172293446469352,nan
2572,-0.5021242004338923,nan,-0.058984170596493725,nan,0.0021740820117958767,nan
2573,-0.9493834364321144,nan,-0.058967527254340776,nan,0.004976426261264908,nan
2574,-0.7847747504515002,nan,-0.058952875728536844,nan,0.0031261874303445815,nan
2575,-0.4883277557104995,nan,-0.05894827536272509,nan,0.0018220772520093273,nan
2576,-0.9107380538219707,nan,-0.05893099063789074,nan,0.004344681087081112,nan
2577,-0.9251271362724157,nan,-0.058915320725344424,nan,0.004013176554476977,nan
2578,-0.7520359540723022,nan,-0.058901425752631166,nan,0.0033112530139782627,nan
2579,-0.3799055311633215,nan,-0.05889689902321003,nan,0.0012850414449951813,nan
2580,-0.6791146265627163,nan,-0.05888547579243865,nan,0.002933134795446259,nan
2581,-0.6459853116734798,nan,-0.05887593899871584,nan,0.0027051781414536395,nan
2582,-1.3702605219501263,nan,-0.058846725805273496,nan,0.008424532149409044,nan
2583,-2.6437296610910535,nan,-0.058784405812881475,nan,0.03443242456567035,nan
2584,-0.4325929014479832,nan,-0.05877837608977856,nan,0.0017180298694551282,nan
2585,-1.7575447836120197,nan,-0.05874073601113962,nan,0.01755392994993492,nan
2586,-0.4269692636371571,nan,-0.058734790098419025,nan,0.0016118057349398865,nan
2587,-0.7835011090046066,nan,-0.05872171545706163,nan,0.0031424103489860423,nan
2588,-0.39833473905261985,nan,-0.058718214418033855,nan,0.0011542219191587192,nan
2589,-0.966831479166933,nan,-0.05869982915508025,nan,0.004545336189461811,nan
2590,-2.7283093992142757,nan,-0.05863099180411338,nan,0.0339878564310352,nan
2591,-0.7840322408127788,nan,-0.058617043970341974,nan,0.004182115173471744,nan
2592,-0.4733761340479715,nan,-0.05861002703746823,nan,0.001281170826964124,nan
2593,-0.43132578826963164,nan,-0.058604797217926066,nan,0.001596972298715541,nan
2594,-0.5038262132753376,nan,-0.05859750704214679,nan,0.0016929100925264498,nan
2595,-0.7650930747379702,nan,-0.05858170464116856,nan,0.0032468499804014154,nan
2596,-0.44207162560698204,nan,-0.05857683183183887,nan,0.0016194719175030238,nan
2597,-0.5384870623451021,nan,-0.0585686893968659,nan,0.0018415110306317438,nan
2598,-0.8859454059566884,nan,-0.05855198639685421,nan,0.0044094623051965645,nan
2599,-0.7818750977584129,nan,-0.05853783085561317,nan,0.002990951965259789,nan
2600,-0.7904153413387213,nan,-0.058524696664915575,nan,0.0036480789876545063,nan
2601,-0.944703351035636,nan,-0.05850512373364729,nan,0.00436965657712887,nan
2602,-0.9945274296133421,nan,-0.05848366011139635,nan,0.00533837811130187,nan
2603,-0.9583693239263542,nan,-0.05846461897351171,nan,0.00491553006857599,nan
2604,-1.4657284819689467,nan,-0.05843237798077296,nan,0.010405488164396442,nan
2605,-0.6329658426277176,nan,-0.058423536504150164,nan,0.0024004471646863145,nan
2606,-0.4388989980489523,nan,-0.05842015248112476,nan,0.0014699658756164018,nan
2607,-0.9296989639028078,nan,-0.0584015229702481,nan,0.003970600335994199,nan
2608,-0.8372598674249291,nan,-0.058384879618240064,nan,0.003781522165286636,nan
2609,-0.6288709086967881,nan,-0.05837565201406412,nan,0.002245984476419325,nan
2610,-0.5657676423344796,nan,-0.05836585819022222,nan,0.002494262962790852,nan
2611,-0.5732267805205182,nan,-0.05835813630577719,nan,0.00199961757518055,nan
2612,-0.5376301806225399,nan,-0.058349409607235295,nan,0.002041260526576417,nan
2613,-0.8019906768185018,nan,-0.058334381514019304,nan,0.0034092368913723357,nan
2614,-1.0762165168364322,nan,-0.05831343808129003,nan,0.005757119930684984,nan
2615,-0.28480617094589006,nan,-0.05831118626023343,nan,0.001146335909023225,nan
2616,-0.9673324257250956,nan,-0.058290260639822816,nan,0.004700860432766673,nan
2617,-0.5737139434659503,nan,-0.05828110162021651,nan,0.002119816729682378,nan
2618,-0.6585133431451085,nan,-0.0582712539584588,nan,0.0026301675397945095,nan
2619,-0.9429268401247205,nan,-0.05825170750661658,nan,0.00462518512817556,nan
2620,-1.357047671228303,nan,-0.05822359852391404,nan,0.010171294728372535,nan
2621,-2.868459740945589,nan,-0.05815843830397487,nan,0.040785426924223274,nan
2622,-1.370387982652759,nan,-0.05813034257857435,nan,0.008307901087165717,nan
2623,-1.3163615653933496,nan,-0.05810024497669576,nan,0.008966603705681817,nan
2624,-1.2437917448395848,nan,-0.05807286332406682,nan,0.006759143385223947,nan
2625,-0.7522235524963445,nan,-0.05805892796465919,nan,0.0032044699406612994,nan
2626,-0.865790731704464,nan,-0.0580415055351106,nan,0.004174359659226748,nan
2627,-1.1383799151909924,nan,-0.058019505882013114,nan,0.005756533362175316,nan
2628,-0.7271225756321982,nan,-0.058005813260352396,nan,0.0030672192015457236,nan
2629,-0.9981174749121717,nan,-0.05798675257703428,nan,0.004814212925472981,nan
2630,-0.9039623511614803,nan,-0.05797227902345408,nan,0.003937279751655862,nan
2631,-0.886488234643372,nan,-0.057955040118378987,nan,0.00392699289414323,nan
2632,-0.6381107278312287,nan,-0.057943192924610455,nan,0.002272571525086236,nan
2633,-0.847412541447448,nan,-0.05792622174106948,nan,0.004121235481927766,nan
2634,-1.2493190315727287,nan,-0.057899444368887845,nan,0.007484218247409115,nan
2635,-1.0389054097460861,nan,-0.057880243442893255,nan,0.005015786544643883,nan
2636,-0.5226756093296999,nan,-0.057873092534428246,nan,0.0020717416300504925,nan
2637,-0.5017109095990187,nan,-0.05786586524094001,nan,0.0020341942073838675,nan
2638,-0.6025191374226402,nan,-0.057856267413542314,nan,0.0024773903974612183,nan
2639,-0.7970864520553509,nan,-0.05784127897918327,nan,0.0034735828830585133,nan
2640,-0.574323272030351,nan,-0.0578339428984213,nan,0.002395713755416976,nan
2641,-1.6904298448335704,nan,-0.05779959613814504,nan,0.014036048272765025,nan
2642,-0.7775178608315653,nan,-0.057784985370330895,nan,0.0030371088951292027,nan
2643,-0.6577488459239089,nan,-0.057772733833441774,nan,0.002761605765134233,nan
2644,-0.5209734001693251,nan,-0.057764815395823337,nan,0.002054382734811188,nan
2645,-1.3661822617065924,nan,-0.057736117646711486,nan,0.00882755411212162,nan
2646,-0.43716495621404033,nan,-0.0577301980615916,nan,0.0016278703073098462,nan
2647,-0.99474599354937,nan,-0.05770890759869308,nan,0.0053815966880428456,nan
2648,-1.0859673129850949,nan,-0.057684678713360686,nan,0.005920169310280546,nan
2649,-0.5557861957316088,nan,-0.05767512495461045,nan,0.002191998237515812,nan
2650,-0.8688896246429783,nan,-0.057658402273353566,nan,0.004391792307201131,nan
2651,-0.5926048478499365,nan,-0.05764877256708357,nan,0.0017415467631374652,nan
2652,-0.5152319730016216,nan,-0.05764161774640079,nan,0.0015573778227614176,nan
2653,-0.7112264218289994,nan,-0.05763133236001887,nan,0.0033454699506241204,nan
2654,-0.48707291336195974,nan,-0.05762326715522874,nan,0.0017768756970497175,nan
2655,-0.7470309392939478,nan,-0.05761048975584384,nan,0.0032102632363193682,nan
2656,-1.0217286069533966,nan,-0.05758898551229046,nan,0.005006471358915359,nan
2657,-0.4281477064491652,nan,-0.057581637220249726,nan,0.0015387026812532104,nan
2658,-1.5737067389243644,nan,-0.057546255489493124,nan,0.012430401563474415,nan
2659,-0.5526395579967693,nan,-0.0575382718077767,nan,0.0021015420287872947,nan
2660,-0.5608773819321509,nan,-0.05752909829825784,nan,0.0020285343516531543,nan
2661,-0.6969144273143966,nan,-0.05751590952633745,nan,0.0024933421137683003,nan
2662,-0.5598020804374153,nan,-0.05750789781029552,nan,0.0017596853556721562,nan
2663,-0.6372578094809627,nan,-0.05749740140048761,nan,0.0024312074868115536,nan
2664,-0.5225032772093626,nan,-0.05749130376713908,nan,0.002175162400028724,nan
2665,-0.8879895897020502,nan,-0.057473169984659206,nan,0.004398367170355418,nan
2666,-0.5990424811671295,nan,-0.05746610955188109,nan,0.0026668644716369024,nan
2667,-0.6453225932012322,nan,-0.0574552526548559,nan,0.002904356926731128,nan
2668,-1.3381011650788561,nan,-0.057427998916709765,nan,0.007936385747374762,nan
2669,-0.6788929954821101,nan,-0.057415415310684385,nan,0.0025756992508656072,nan
2670,-0.5235890700719023,nan,-0.05740567933069451,nan,0.0023406298886148717,nan
2671,-1.3733777921286532,nan,-0.05738022336014933,nan,0.009277442899926842,nan
2672,-0.5193717058622117,nan,-0.05737336201955231,nan,0.0016177084223814632,nan
2673,-1.5636571257965213,nan,-0.05733921916587096,nan,0.011596887107048355,nan
2674,-0.4109200172736923,nan,-0.05733376231206209,nan,0.0012716213532569368,nan
2675,-0.9364725656549743,nan,-0.05731352677087329,nan,0.004700442650232548,nan
2676,-0.9695609957986796,nan,-0.057295160518424454,nan,0.004228195722808138,nan
2677,-0.5107897476148081,nan,-0.05728760221513301,nan,0.0021402750060979356,nan
2678,-1.660074083371891,nan,-0.0572492442439616,nan,0.013442496022024967,nan
2679,-1.509381537825058,nan,-0.05721328745588941,nan,0.011738893268244774,nan
2680,-0.5396281140922149,nan,-0.05720540127786309,nan,0.0026919762303262624,nan
2681,-2.5132768637950953,nan,-0.057145206139498105,nan,0.028153969043549353,nan
2682,-0.4615012699447661,nan,-0.057139456660815574,nan,0.0019096190455431192,nan
2683,-1.2704960604249271,nan,-0.057110142427269084,nan,0.007957381574483297,nan
2684,-1.0360400214547734,nan,-0.05708650813180269,nan,0.004961154293889827,nan
2685,-2.471992916546517,nan,-0.05702791625560342,nan,0.02745960988957483,nan
2686,-0.908943712599121,nan,-0.05700843772984084,nan,0.003955072713292629,nan
2687,-0.6325999569844568,nan,-0.056998557096039015,nan,0.0022349936296549872,nan
2688,-0.5063028913738409,nan,-0.056991672041660585,nan,0.0017286458735940359,nan
2689,-0.5880999390221743,nan,-0.05698238581157498,nan,0.0020443751773460426,nan
2690,-0.7046550515022421,nan,-0.05696984845818815,nan,0.002755402911684672,nan
2691,-0.8725813157454122,nan,-0.056954026767853064,nan,0.0037244045910382845,nan
2692,-0.65996356962154,nan,-0.05694311396783675,nan,0.0024386831044671425,nan
2693,-0.8211278793643871,nan,-0.056927744601009286,nan,0.00340840899760908,nan
2694,-0.5102495979408429,nan,-0.05692142310961797,nan,0.0017124659925795396,nan
2695,-0.8523109902785218,nan,-0.05690738094905552,nan,0.003929158270259155,nan
2696,-1.1432473816050903,nan,-0.0568836495565024,nan,0.00811024836405616,nan
2697,-1.4882518651815075,nan,-0.056852506263167096,nan,0.009583594890360031,nan
2698,-0.5280615602534791,nan,-0.05684451241094626,nan,0.001793408805673725,nan
2699,-0.5481556755085767,nan,-0.056834400725743014,nan,0.0018702491879479862,nan
2700,-0.5168021608927086,nan,-0.05682633337427563,nan,0.0017602275756384352,nan
2701,-0.913457641801811,nan,-0.05680683648914077,nan,0.00464572189181223,nan
2702,-0.6973635535674101,nan,-0.05679378080965572,nan,0.002940453760289473,nan
2703,-0.37371090877298946,nan,-0.05678966024386098,nan,0.0011710570471622388,nan
2704,-0.9385230057028782,nan,-0.05677254442446423,nan,0.004157347919206323,nan
2705,-0.6163186730970056,nan,-0.05676123738714169,nan,0.0023255784266633093,nan
2706,-1.1699510518590996,nan,-0.05673738228074695,nan,0.006235981074476494,nan
2707,-0.6151093344651756,nan,-0.05672891848398916,nan,0.0024159269152844594,nan
2708,-0.7001938891751169,nan,-0.05671472343245243,nan,0.003165276196501856,nan
2709,-0.6927115361959365,nan,-0.05670410488811283,nan,0.0026408181785828625,nan
2710,-0.7082002127108763,nan,-0.056691678591583,nan,0.0028769824039666637,nan
2711,-0.604001696891662,nan,-0.056680932252818,nan,0.0021725696202325043,nan
2712,-0.9434543748922987,nan,-0.05666324041647829,nan,0.004897644495938994,nan
2713,-0.6316770685329355,nan,-0.056653154527218016,nan,0.00276092601289257,nan
2714,-0.384979225374613,nan,-0.056647845822910686,nan,0.0012786228772831796,nan
2715,-0.5067910734898121,nan,-0.05663987379790626,nan,0.0018337749946376613,nan
2716,-1.8293675151543163,nan,-0.05659816527421528,nan,0.022117984307976367,nan
2717,-0.5462736623853516,nan,-0.0565909454695465,nan,0.0025083711894486,nan
2718,-1.341585879238553,nan,-0.05656041417921549,nan,0.008283933764663121,nan
2719,-0.7565781286889747,nan,-0.05654665908068224,nan,0.0034201321587001908,nan
2720,-0.5767209786353388,nan,-0.056537649246508226,nan,0.00206983589606496,nan
2721,-1.500927921113022,nan,-0.05650712184191293,nan,0.011812629909794748,nan
2722,-0.7368064543728058,nan,-0.05649253541907217,nan,0.0034762653081211207,nan
2723,-0.804995628149415,nan,-0.05647778980674545,nan,0.003706030152586916,nan
2724,-0.5351168293240129,nan,-0.05646856020781975,nan,0.001650204998476736,nan
2725,-0.8593495175482988,nan,-0.056451134273746456,nan,0.004351660488800135,nan
2726,-1.127723493278851,nan,-0.05642776877599471,nan,0.005811322887786762,nan
2727,-0.4929259371221373,nan,-0.056421028456114124,nan,0.001995470925504551,nan
2728,-1.1586333493453367,nan,-0.05639715736749968,nan,0.0071323140314588345,nan
2729,-1.0476481801528335,nan,-0.05637477930486013,nan,0.007068683467929815,nan
2730,-0.8152695786976639,nan,-0.05636268852948378,nan,0.003668272983250236,nan
2731,-0.48985277825055423,nan,-0.056357105740645994,nan,0.0017583573506371145,nan
2732,-0.4278145162654257,nan,-0.05635169442062128,nan,0.001437151232770309,nan
2733,-0.5438002716365439,nan,-0.05634281824965568,nan,0.0021149132459371642,nan
2734,-0.48682503258612164,nan,-0.05633710773429809,nan,0.001811945498210603,nan
2735,-1.3025815638824234,nan,-0.05630778409978772,nan,0.008252685268847018,nan
2736,-0.6880152882416612,nan,-0.05629720982740743,nan,0.003040753999028244,nan
2737,-0.6473377631945127,nan,-0.056287906816383695,nan,0.0024941668844761437,nan
2738,-0.9818033928053983,nan,-0.0562690577259679,nan,0.004894118732329614,nan
2739,-0.561239596434207,nan,-0.05626067654412034,nan,0.0019215688056099815,nan
2740,-0.642619534198297,nan,-0.05625042091356954,nan,0.002026817504531205,nan
2741,-0.4057641557576622,nan,-0.0562456863807808,nan,0.0012344790110704628,nan
2742,-1.3406528582927109,nan,-0.05621657732260556,nan,0.009340400717276966,nan
2743,-1.25370763946325,nan,-0.05619133773131053,nan,0.007638230698166083,nan
2744,-0.7377569256752479,nan,-0.05617884103490135,nan,0.0028890460740417525,nan
2745,-0.4801719518608955,nan,-0.05617431612916585,nan,0.0015654033906919384,nan
2746,-0.753966164748746,nan,-0.056161406770840756,nan,0.0028921387531929935,nan
2747,-0.6120008545722913,nan,-0.05615278514417725,nan,0.002273135880103066,nan
2748,-0.6971882906057224,nan,-0.05613924303893498,nan,0.00263667295579412,nan
2749,-0.5569010000237561,nan,-0.056132393814215795,nan,0.002093872037542388,nan
2750,-0.6490890106272043,nan,-0.0561215959773089,nan,0.0023829980729103196,nan
2751,-0.4035566518588908,nan,-0.05611642329747813,nan,0.0016148976493480264,nan
2752,-0.998124092868096,nan,-0.05609764378739535,nan,0.004838845118277156,nan
2753,-0.7034461757543811,nan,-0.0560851421237661,nan,0.0030790369109243956,nan
2754,-0.4079046650706691,nan,-0.056082438650321795,nan,0.001125369939582555,nan
2755,-0.432130514159451,nan,-0.05607663119971353,nan,0.0013745132392443476,nan
2756,-1.5585776916664795,nan,-0.056038672443017766,nan,0.012266327968559029,nan
2757,-0.8255025302258753,nan,-0.0560273211943229,nan,0.0029753669328013163,nan
2758,-0.8432233483265144,nan,-0.056011803922352645,nan,0.0038099015850209107,nan
2759,-1.974597839606641,nan,-0.05596523604501885,nan,0.017858672412287432,nan
2760,-0.8498213141756907,nan,-0.05594691303220228,nan,0.0037977681827088957,nan
2761,-0.7929945646870336,nan,-0.05593185597284997,nan,0.0033585708520464976,nan
2762,-0.9708266345021317,nan,-0.055911501036454446,nan,0.004715752603628298,nan
2763,-2.3918748518782715,nan,-0.055855687515572926,nan,0.030790213600941294,nan
2764,-0.576728473232502,nan,-0.055846102870094394,nan,0.0025245252868026716,nan
2765,-0.6499471856473267,nan,-0.05583389035084817,nan,0.002743461669776936,nan
2766,-0.6784790601514498,nan,-0.05582058667621746,nan,0.002428623789797304,nan
2767,-0.518601664773322,nan,-0.05581472052424109,nan,0.0023018227217082095,nan
2768,-0.892240053802916,nan,-0.055800654871236796,nan,0.004591770871145565,nan
2769,-0.5705770064102563,nan,-0.055791474045389124,nan,0.0020378098461446325,nan
2770,-1.7118423194264214,nan,-0.05574899581387774,nan,0.013355251587722005,nan
2771,-0.6157446117130754,nan,-0.05573841673381628,nan,0.002346854591514169,nan
2772,-2.1176555536801436,nan,-0.055687567832312976,nan,0.019479109401046267,nan
2773,-0.5081369058774504,nan,-0.05568058471243479,nan,0.0016492561378173248,nan
2774,-1.020547408216578,nan,-0.0556601257107857,nan,0.0049190661287646185,nan
2775,-1.0156588882838842,nan,-0.05564169038033561,nan,0.004737650697123938,nan
2776,-1.4030893701414522,nan,-0.05561007308407596,nan,0.008672408291408824,nan
2777,-0.7898000120896005,nan,-0.05559427577417659,nan,0.0034680261781979953,nan
2778,-0.5845954803177047,nan,-0.05558457124403879,nan,0.002306384048088265,nan
2779,-1.1957204438890259,nan,-0.05556087796051256,nan,0.00788249414999358,nan
2780,-0.7278743016431954,nan,-0.05554909298087187,nan,0.0037209812235344895,nan
2781,-0.727940506269769,nan,-0.05553597091914996,nan,0.003286416662483134,nan
2782,-0.9130791778947341,nan,-0.05551926994081684,nan,0.004168133582622624,nan
2783,-0.3663744234071179,nan,-0.055515284784075254,nan,0.0012347159539721796,nan
2784,-1.9336763398922125,nan,-0.05546872666878333,nan,0.017147405997179368,nan
2785,-0.5452329578091134,nan,-0.05545977277503952,nan,0.002207151447002271,nan
2786,-0.4721777119424824,nan,-0.05545398751650867,nan,0.0018451241932339955,nan
2787,-0.8030279560267902,nan,-0.05543782036837169,nan,0.0035232922453948302,nan
2788,-0.41183081182773823,nan,-0.055431046282490855,nan,0.0015514367241975231,nan
2789,-2.694086525482227,nan,-0.05536853564700816,nan,0.04303892548189543,nan
2790,-0.9193207042362187,nan,-0.05534854193252282,nan,0.0039612344944407055,nan
2791,-0.3526293340451304,nan,-0.05534396241232712,nan,0.0011922800870270095,nan
2792,-1.015859416695613,nan,-0.055322843401262194,nan,0.005590486260417781,nan
2793,-0.7889552352140418,nan,-0.055308616127560405,nan,0.0034012968413330187,nan
2794,-0.48085223688467826,nan,-0.05530119967784414,nan,0.0020782250054996697,nan
2795,-0.5957419760912662,nan,-0.05529180383718721,nan,0.0021408586840218832,nan
2796,-1.1078679751450269,nan,-0.05527019224718701,nan,0.006164305988702716,nan
2797,-1.4075590060646639,nan,-0.055236867860317077,nan,0.011204560452853033,nan
2798,-0.5512652339404731,nan,-0.05522759790734658,nan,0.0018999584033537254,nan
2799,-0.5535557961687344,nan,-0.05521870450294295,nan,0.001953317206268102,nan
2800,-0.7728262635637874,nan,-0.055204507834055984,nan,0.003741497558072281,nan
2801,-0.9319637523609483,nan,-0.05518587345491418,nan,0.004255526597872406,nan
2802,-0.8060744873843158,nan,-0.055169950125974816,nan,0.0035324504280923354,nan
2803,-0.898517433217497,nan,-0.05515127807126161,nan,0.004310182641175292,nan
2804,-3.2636757237926126,nan,-0.05506915528783342,nan,0.0488018173194424,nan
2805,-0.5732673572810909,nan,-0.055059998119847235,nan,0.0023511735112245963,nan
2806,-0.7923043229706704,nan,-0.055045854735378645,nan,0.002785245066659936,nan
2807,-1.0616955516237718,nan,-0.05502455844385966,nan,0.005222210386261121,nan
2808,-0.8891332867776477,nan,-0.055008987982360195,nan,0.0039695259946197405,nan
2809,-0.869315317364033,nan,-0.05499291695183725,nan,0.0032376482949731766,nan
2810,-0.643750636532198,nan,-0.05498178622743094,nan,0.002290650164115667,nan
2811,-1.0202899217221792,nan,-0.05496090257086142,nan,0.005073919696539524,nan
2812,-0.4279756160932148,nan,-0.054955441548607376,nan,0.002039893343295273,nan
2813,-2.2275076840581796,nan,-0.05490330066770047,nan,0.021859913694003162,nan
2814,-0.4316487859881658,nan,-0.05489855283878484,nan,0.0014360085488684437,nan
2815,-0.8845421681074249,nan,-0.0548807840589833,nan,0.004520630389403101,nan
2816,-0.9329983494967372,nan,-0.0548637938785607,nan,0.0042289199013262925,nan
2817,-0.9048625864652077,nan,-0.05484741601246582,nan,0.0039045264407319893,nan
2818,-0.6927420227185713,nan,-0.05483417956044704,nan,0.0023343882008457235,nan
2819,-0.8535990035898412,nan,-0.054818181619637384,nan,0.0037870024893063422,nan
2820,-0.4242013149651928,nan,-0.05481409522776346,nan,0.0014877145764136041,nan
2821,-0.7263834147819408,nan,-0.054800574848703626,nan,0.0029130388650129195,nan
2822,-0.5302701000022824,nan,-0.05479397087329916,nan,0.002025427845333839,nan
2823,-0.947480565413617,nan,-0.05477749411253188,nan,0.0047797452652861986,nan
2824,-0.9242916249560459,nan,-0.054760809735966996,nan,0.00625719120108602,nan
2825,-0.5011484488672058,nan,-0.05475363708963355,nan,0.002024141633009644,nan
2826,-0.8493401275812039,nan,-0.054739962343159795,nan,0.00401734740373353,nan
2827,-1.6336434504215667,nan,-0.05470204550419972,nan,0.011967669664164461,nan
2828,-0.6160334959885515,nan,-0.05469059241731604,nan,0.00256080495282852,nan
2829,-0.5546846327379896,nan,-0.05468360839985449,nan,0.002035181709305622,nan
2830,-1.9950946819975133,nan,-0.05463660268228423,nan,0.01619930076828923,nan
2831,-0.6138576623950728,nan,-0.054626530975662446,nan,0.0020149969640544155,nan
2832,-0.48505772140159326,nan,-0.05462133283764438,nan,0.0015558595360780389,nan
2833,-0.6313508619584205,nan,-0.05461038272242405,nan,0.0023899405497249003,nan
2834,-0.7297335022991589,nan,-0.05459911143449144,nan,0.0032189371378468345,nan
2835,-0.8191204102284154,nan,-0.054584651387648744,nan,0.0035996224505125325,nan
2836,-0.49499237865410967,nan,-0.05457691157623235,nan,0.0018751257860402236,nan
2837,-1.0384154131023862,nan,-0.05455598050119039,nan,0.006836861809537843,nan
2838,-0.6157856004040715,nan,-0.05454494874438105,nan,0.002389144560676022,nan
2839,-0.9986583461279885,nan,-0.05452512998443708,nan,0.004809949280135186,nan
2840,-0.41899179717741075,nan,-0.05451962777557913,nan,0.0014326574141699507,nan
2841,-0.9981510442521351,nan,-0.054501821534128865,nan,0.0050011010525059865,nan
2842,-1.4709436092099526,nan,-0.05446839427430878,nan,0.009573057120556274,nan
2843,-0.35860525707630453,nan,-0.05446505161361968,nan,0.0015300569607849053,nan
2844,-1.0075303051119522,nan,-0.05444424011376375,nan,0.005276670582189577,nan
2845,-0.6575524741468556,nan,-0.05443336221565399,nan,0.0027433272750752476,nan
2846,-0.8046739003730734,nan,-0.054419322155530796,nan,0.004193414204797529,nan
2847,-1.0939474364163355,nan,-0.05439561049046606,nan,0.005731553690027769,nan
2848,-0.5246447427661307,nan,-0.05439021033989274,nan,0.0018756054039507737,nan
2849,-0.6108952750907887,nan,-0.0543827447570964,nan,0.002024832499126633,nan
2850,-0.5253378783413934,nan,-0.05437330588332834,nan,0.0021611580714671727,nan
2851,-0.4487853138899008,nan,-0.0543686643159028,nan,0.0013439978695020604,nan
2852,-1.907543962889474,nan,-0.05432477302427422,nan,0.015655046384415644,nan
2853,-0.6389345855105772,nan,-0.05431315829201209,nan,0.002515625734050701,nan
2854,-1.0469177297753887,nan,-0.05429034076061634,nan,0.005500042346464022,nan
2855,-0.9607442757558274,nan,-0.05426969311840905,nan,0.004377376653073617,nan
2856,-0.45620919345390065,nan,-0.05426330995013686,nan,0.0018615880045434329,nan
2857,-0.8368551191133415,nan,-0.05424597370302337,nan,0.0039087736896582116,nan
2858,-0.9195547505658018,nan,-0.054227486931739725,nan,0.004080897122837023,nan
2859,-0.6770104078289622,nan,-0.054214957125654994,nan,0.002855709259701564,nan
2860,-2.864257571135232,nan,-0.05415192334743585,nan,0.03930098413335597,nan
2861,-0.9759082159720078,nan,-0.054129976008249744,nan,0.004963317858412055,nan
2862,-0.9094342137444762,nan,-0.05411167010567841,nan,0.0039221990475582546,nan
2863,-0.8346913671645982,nan,-0.05409740824216538,nan,0.0035318198837761294,nan
2864,-0.46264506996922705,nan,-0.054092345701505416,nan,0.0016942172914240546,nan
2865,-1.2447289680331801,nan,-0.054063382488313716,nan,0.007569883990156414,nan
2866,-0.48108460772589107,nan,-0.054057122595519834,nan,0.0015751668922065222,nan
2867,-0.9929710141920118,nan,-0.054035612071310864,nan,0.004626788558868319,nan
2868,-1.0384133194371656,nan,-0.054013686891217265,nan,0.0048818138079437315,nan
2869,-0.4412331933535116,nan,-0.05400638139376972,nan,0.001445687509312308,nan
2870,-0.9443209715888863,nan,-0.05399071913600556,nan,0.0051090137209452505,nan
2871,-0.8401368436354396,nan,-0.05397355476171497,nan,0.0035531912074632903,nan
2872,-0.5949851708476996,nan,-0.053965358062616854,nan,0.002402989633738685,nan
2873,-0.8893372105251428,nan,-0.05394841641773595,nan,0.0035793404746731097,nan
2874,-0.5351749319153848,nan,-0.053940862120157654,nan,0.001921087238266949,nan
2875,-0.8290351614071816,nan,-0.053922821926881664,nan,0.003739718233294046,nan
2876,-0.6222464700764199,nan,-0.053910896121061584,nan,0.0026105597597141463,nan
2877,-0.5841044308591442,nan,-0.05390102705744798,nan,0.002323358138961423,nan
2878,-0.8231738120195795,nan,-0.05388497495549458,nan,0.00329741606578421,nan
2879,-0.5437125608752275,nan,-0.05387529980699278,nan,0.002268386566473044,nan
2880,-0.41889888911669104,nan,-0.0538700342608103,nan,0.0015317224495767963,nan
2881,-1.3037769209192538,nan,-0.05384512285250824,nan,0.007535635747757115,nan
2882,-0.8316622632384014,nan,-0.05382913038010146,nan,0.0036273904123779745,nan
2883,-0.7335008129312472,nan,-0.05381609946132041,nan,0.003651313482731508,nan
2884,-0.7953039328617882,nan,-0.05380005313926251,nan,0.0032608817474448085,nan
2885,-0.7693860498051102,nan,-0.05378356569396903,nan,0.003609706745709644,nan
2886,-0.4578890413680915,nan,-0.05377637524820144,nan,0.0020515160026543786,nan
2887,-0.9497573021066388,nan,-0.05375702427464845,nan,0.004413094415483466,nan
2888,-2.3381192013046372,nan,-0.053700223973954256,nan,0.02705650517511183,nan
2889,-1.0780135586411874,nan,-0.053677827366512054,nan,0.005866258968375042,nan
2890,-0.6028188479372989,nan,-0.05366855506865359,nan,0.0018424468433260708,nan
2891,-0.7840032086967867,nan,-0.0536528430404055,nan,0.0037123935799364184,nan
2892,-0.7609932804142666,nan,-0.053640441007477176,nan,0.0029823479457405837,nan
2893,-0.6611292167333636,nan,-0.05362912147030865,nan,0.0021063513377852696,nan
2894,-0.7558178443833041,nan,-0.05361460163445169,nan,0.004010438041693028,nan
2895,-0.45015369819998863,nan,-0.0536099359658336,nan,0.0018880940738621643,nan
2896,-0.37583136253143185,nan,-0.053605263413858274,nan,0.001328539389232986,nan
2897,-0.8598171203727166,nan,-0.053587821658602014,nan,0.003993793351263628,nan
2898,-0.5665719892445529,nan,-0.05357726581117925,nan,0.002062908197404518,nan
2899,-0.4121969092958109,nan,-0.05357216717174102,nan,0.0015013449052326535,nan
2900,-0.8746780687493533,nan,-0.053554338808193665,nan,0.003683832141506105,nan
2901,-0.645104759409204,nan,-0.053543098618816336,nan,0.00275610941629913,nan
2902,-0.4767373017668958,nan,-0.053536915098451446,nan,0.0013093172496700264,nan
2903,-0.8666397844856389,nan,-0.05352236157424485,nan,0.0040601502589155064,nan
2904,-0.5291892464317002,nan,-0.05351470153882417,nan,0.002087533828645536,nan
2905,-0.7275171897323667,nan,-0.05349849134629878,nan,0.002849824513690833,nan
2906,-0.5926791579223242,nan,-0.053487959606267066,nan,0.002273938436134498,nan
2907,-2.919060397441449,nan,-0.05341896052251931,nan,0.046746535771829335,nan
2908,-0.4336681620522701,nan,-0.05341314318010542,nan,0.0013237576810923469,nan
2909,-0.7498903634556122,nan,-0.05339964848662384,nan,0.0028981355175381677,nan
2910,-0.8698186286324242,nan,-0.053383267559249485,nan,0.004070386572198215,nan
2911,-0.6299289091368507,nan,-0.05337290326974553,nan,0.0023063150138335135,nan
2912,-1.5619471998936925,nan,-0.05334179122154038,nan,0.015164574874325638,nan
2913,-0.36177023081981535,nan,-0.053337376649953826,nan,0.0012843111635603458,nan
2914,-0.519868800232774,nan,-0.05332903038824853,nan,0.0016258769399878105,nan
2915,-0.9134447050407425,nan,-0.05330980409882117,nan,0.004502088264792768,nan
2916,-0.8684370517603136,nan,-0.05329239946545289,nan,0.004000944957360163,nan
2917,-0.703996213691578,nan,-0.053279101691486544,nan,0.0027364330004305357,nan
2918,-0.537560550771837,nan,-0.05327099296507257,nan,0.002044550147190392,nan
2919,-0.8518539093051082,nan,-0.05325359063603284,nan,0.0037847631258980034,nan
2920,-0.4607098805225092,nan,-0.05324634536669279,nan,0.0015456515077020626,nan
2921,-0.8393740074931886,nan,-0.0532288510046951,nan,0.003661436059891417,nan
2922,-2.02357505719951,nan,-0.05318229832142627,nan,0.018644341265093588,nan
2923,-0.4801158216773893,nan,-0.05317532118098196,nan,0.001926072570150429,nan
2924,-0.5282902854155511,nan,-0.05316719477881901,nan,0.001818612710328537,nan
2925,-0.5621262317848467,nan,-0.053160261317680556,nan,0.0020923709499366242,nan
2926,-0.6791706290696675,nan,-0.05314834799814386,nan,0.002674396081452532,nan
2927,-1.0466063359491176,nan,-0.053127237080836456,nan,0.005995919508148541,nan
2928,-0.5541314873719114,nan,-0.0531200886378064,nan,0.001972277074115252,nan
2929,-1.0111701186770174,nan,-0.05310095357138676,nan,0.004589764967193417,nan
2930,-0.6766301469697404,nan,-0.05308806522923449,nan,0.0028498087142599508,nan
2931,-1.1357967269530818,nan,-0.05306288972838363,nan,0.006257676730139432,nan
2932,-0.6694699080311496,nan,-0.05305226346833216,nan,0.0028321673214737335,nan
2933,-0.4949816708485645,nan,-0.05304665088215852,nan,0.001714110495870981,nan
2934,-0.4863041559771367,nan,-0.053039929807123846,nan,0.0015814600943525855,nan
2935,-0.4996238556251869,nan,-0.05303248937125487,nan,0.001794415687827401,nan
2936,-1.7349231240046983,nan,-0.05299227061087257,nan,0.01543432818087364,nan
2937,-0.7062378510625907,nan,-0.05297926183317255,nan,0.003337623218978483,nan
2938,-1.5144725318989054,nan,-0.052945743945282994,nan,0.010312251165730412,nan
2939,-0.40555225139575113,nan,-0.05294070708248453,nan,0.0014210218381814005,nan
2940,-0.5887695430820584,nan,-0.052933042271481046,nan,0.002265344332451114,nan
2941,-1.0857921121925622,nan,-0.05291047137583814,nan,0.005960921536060088,nan
2942,-1.1780709496910364,nan,-0.05288337232452585,nan,0.007038487955993153,nan
2943,-0.3748180737309127,nan,-0.05287989414030583,nan,0.0011799246863356055,nan
2944,-0.30372658938785213,nan,-0.052876779386376596,nan,0.0011542536265735151,nan
2945,-0.3125777801232308,nan,-0.05287472455769647,nan,0.0011291542751628626,nan
2946,-0.5850186404126853,nan,-0.05286666147422686,nan,0.0027004295513709305,nan
2947,-0.5671574083729727,nan,-0.05285864992419471,nan,0.002001874770486926,nan
2948,-0.46374216487081305,nan,-0.05285402123236566,nan,0.001642021568687213,nan
2949,-1.3701121928824722,nan,-0.05282660475644625,nan,0.009459662147836249,nan
2950,-0.7767267097864019,nan,-0.05281348927832356,nan,0.0036072854200872575,nan
2951,-2.3479540254908997,nan,-0.0527561361018434,nan,0.02494849757660947,nan
2952,-1.6078248337583547,nan,-0.05271842239163834,nan,0.01188993066828903,nan
2953,-1.652552091695408,nan,-0.05268109259500161,nan,0.012443760435689656,nan
2954,-0.6827198243226584,nan,-0.052669483962015366,nan,0.0026369080016276,nan
2955,-1.0518061230900688,nan,-0.05264832371189206,nan,0.00666897836996163,nan
2956,-1.3242595597504632,nan,-0.05261789897876008,nan,0.00800927519444825,nan
2957,-0.6056310730350558,nan,-0.05260796209816836,nan,0.001963151600842581,nan
2958,-0.42740681586219703,nan,-0.05260082276300397,nan,0.0014931834440950734,nan
2959,-1.2605115608852364,nan,-0.052574515657065134,nan,0.008983744242260998,nan
2960,-0.7573662650822708,nan,-0.052560876479131394,nan,0.0034165744040113924,nan
2961,-0.7443022408323909,nan,-0.0525479470342828,nan,0.0030606219103122114,nan
2962,-0.4004934518217147,nan,-0.05254309048935578,nan,0.001237240982358393,nan
2963,-0.7229779567864396,nan,-0.05252966547399396,nan,0.0028161494876825155,nan
2964,-1.652094640143233,nan,-0.05248912658496107,nan,0.015266048380496538,nan
2965,-1.0740289656546311,nan,-0.052465754433813495,nan,0.0057727955901452545,nan
2966,-0.48221636856998507,nan,-0.052459566984348754,nan,0.0021219709691636915,nan
2967,-1.3938015307723441,nan,-0.05242940039817493,nan,0.009509538683732085,nan
2968,-0.7023158630690693,nan,-0.05241784004925836,nan,0.003011094059053296,nan
2969,-0.9066344170871424,nan,-0.05239908325371437,nan,0.004309858905551526,nan
2970,-1.7516336785676616,nan,-0.052357643103636234,nan,0.013218240692375384,nan
2971,-1.0152242300108196,nan,-0.05233609226292515,nan,0.005491480215959439,nan
2972,-0.591859997871639,nan,-0.05232627404341242,nan,0.0024460080254860676,nan
2973,-0.8421118426894818,nan,-0.05231078284076388,nan,0.00394646170177018,nan
2974,-0.6151442147054613,nan,-0.052300886078841737,nan,0.0020888631725599063,nan
2975,-0.4941593079629889,nan,-0.052293405290686885,nan,0.001846155308587203,nan
2976,-1.9297070184236442,nan,-0.05224890204287537,nan,0.01637943858560669,nan
2977,-1.0521240556188654,nan,-0.05222755734467454,nan,0.005156384503694634,nan
2978,-1.33647037838096,nan,-0.0522001593776235,nan,0.008111983343008743,nan
2979,-0.9623865131309801,nan,-0.05217884080059138,nan,0.004715100442338338,nan
2980,-0.626986910657841,nan,-0.05216826807197,nan,0.0027475500769647133,nan
2981,-1.0019225895620603,nan,-0.05214635255442014,nan,0.004601348166058766,nan
2982,-0.6979233329435094,nan,-0.05213332748403417,nan,0.0029454191739358678,nan
2983,-0.9536305088388844,nan,-0.05211393957234846,nan,0.004342923342754634,nan
2984,-0.5870363579799255,nan,-0.05210573527481999,nan,0.0027704739303733837,nan
2985,-0.593300639279503,nan,-0.05209704142221676,nan,0.0027824208840479645,nan
2986,-1.782801315559826,nan,-0.05205548139787201,nan,0.014831858718632542,nan
2987,-0.6758083367380002,nan,-0.05204366319358168,nan,0.002738389649111706,nan
2988,-0.8517825597592755,nan,-0.052026514853472455,nan,0.0039336615154578975,nan
2989,-0.5592160591582465,nan,-0.05201706779746569,nan,0.0022375298706127523,nan
2990,-0.5342395281893819,nan,-0.05200867877615621,nan,0.0018999284772498097,nan
2991,-0.5521024593910762,nan,-0.05200021584134911,nan,0.0021213404445259414,nan
2992,-0.8079803216397693,nan,-0.0519828838156499,nan,0.0036001406505613057,nan
2993,-1.0222348427037657,nan,-0.05196439541989687,nan,0.005614309726152013,nan
2994,-0.6709449148268655,nan,-0.051953293949862464,nan,0.002745199943013374,nan
2995,-0.68099441219243,nan,-0.05194082764493706,nan,0.0024691993510727148,nan
2996,-0.7509526235556729,nan,-0.05192857248822571,nan,0.0031492280726550855,nan
2997,-0.7198281520788196,nan,-0.05191479931610724,nan,0.0030429014925041696,nan
2998,-0.6083409727211904,nan,-0.05190469955483449,nan,0.0023671587559328093,nan
2999,-1.8032645200711137,nan,-0.05186281814449793,nan,0.016729975060776267,nan
