iter,down_reward,up_reward,down_cos,up_cos,down_mse,up_mse
0,-1.4521378949913442,-0.38209554704103055,-0.12644636446374424,-0.03228586326535797,0.009378458327191532,0.011048452439787968
1,-2.0497423176565315,-0.374374977230984,-0.12598174111670563,-0.03227493805955231,0.019167682057877857,0.012013821795123138
2,-1.7410399444714542,-0.5964842248006967,-0.1256285929287429,-0.03226334801034277,0.017352223927965864,0.01518087521572108
3,-2.225696804991203,-0.30387538455791013,-0.12511957170154256,-0.03226461250189254,0.02484765293694196,0.011855120421316966
4,-0.4792898473935942,-0.32674000509449186,-0.12507727502834382,-0.03226260550245674,0.0016645356922433052,0.010849552961494735
5,-0.5475422856627253,-0.38371750734545446,-0.12498022805527408,-0.03226411549226287,0.00177760288660252,0.012268061949438224
6,-1.264629587721854,-0.4714241150129094,-0.12471214064660673,-0.03226402923607018,0.007091380540091299,0.014104539539063186
7,-2.192737487237293,-0.3729449279831458,-0.12427067575818437,-0.03225558431780961,0.028134179084262252,0.010937035047498657
8,-0.8006903457008825,-0.27104356038021643,-0.12413656255313181,-0.03225475240233873,0.003300780594192906,0.01024843661732682
9,-0.882764989275711,-0.38004569623015905,-0.12397587271104345,-0.032248685836189304,0.004888830985392816,0.011997988701658628
10,-0.7969116625062432,-0.3407936074261412,-0.12382908600345315,-0.03224492373753653,0.004348886967821239,0.011658170374351582
11,-3.904351774371077,-0.3023724842104071,-0.12290173631553537,-0.03224380857187832,0.07001359764182616,0.01084265752276942
12,-1.6126714187068178,-0.3935901614781101,-0.12254563912140903,-0.03223985279333821,0.014064659793221052,0.012009035933361441
13,-2.8621274448058784,-0.3731403999869784,-0.1218690056729467,-0.03224165831914838,0.03478548151738875,0.009952545749344687
14,-0.6439857194757861,-0.3419669993547164,-0.12176042856828578,-0.03223815614931432,0.0023430025242811223,0.012675118457680365
15,-1.857842666582747,-0.4556599502653578,-0.12134035433425769,-0.03222907711697165,0.014710883186095676,0.014028844228469914
16,-6.082639523457561,-0.43264537611937326,-0.11998711728714416,-0.03222556155598941,0.2274396833641631,0.012931821923131385
17,-0.7610257960397269,-0.3581705865760903,-0.11987975524357682,-0.032222411622792435,0.003294901322699691,0.011842804640955986
18,-2.006177580544385,-0.38709887608769,-0.11942744852555935,-0.032213861737655766,0.016769025757958134,0.011115470587906925
19,-3.549961244012718,-0.39172694828793886,-0.11854007797015105,-0.032213314912499534,0.054407081480710114,0.011209120182084914
20,-0.8327687112465659,-0.4032162740350338,-0.11839128302476382,-0.03221002779804366,0.004102827151970079,0.012665769814707859
21,-0.7918736601717709,-0.3866375728737451,-0.11823993740606645,-0.03220339314668359,0.003701649542793157,0.010975743070511173
22,-0.7556151353478153,-0.4331591193425653,-0.11813449439533492,-0.03219871364693361,0.0028738391914527647,0.012258121629845173
23,-0.9397122244609751,-0.40159365660358853,-0.11798818358909925,-0.03218978095090847,0.004156341072322578,0.010996923335073735
24,-1.0788616789777896,-0.3356197063988572,-0.11774823562609182,-0.032185090767581505,0.005999766242076243,0.010304090877154606
25,-5.773570473110342,-0.5164084019248957,-0.1163329856398805,-0.03217257737534749,0.16237813530545894,0.014103796186993766
26,-1.377666209747018,-0.4162907578741758,-0.11606680809589952,-0.03216927753514901,0.010038429417385739,0.013564130963345914
27,-1.4618435676693546,-0.40053748855144955,-0.1157689803706604,-0.03215583633715691,0.00858918033635104,0.011460370328529236
28,-5.258967986206198,-0.3494847596074129,-0.11451485506552792,-0.03215402453818302,0.13412864066092012,0.011718215905629053
29,-0.7784176923582495,-0.35712868237652096,-0.11438560884948573,-0.032150033780832275,0.0038217735445207567,0.011669207766721099
30,-0.8650734156312235,-0.5020953965708507,-0.11423184279437189,-0.03213802470339695,0.0042189337079963935,0.012024854210073018
31,-2.8596401371543534,-0.36238490170187593,-0.11355508248403898,-0.03213101528060234,0.045286332371156174,0.011255072756931312
32,-0.9937407678521283,-0.33555780701584104,-0.11338034387978996,-0.03212486745789235,0.004689300908953341,0.011123063859535228
33,-0.988644353283838,-0.3094542618835632,-0.1131851158311021,-0.032121842929631085,0.00451617893224649,0.011319358250995662
34,-0.7940271938771188,-0.41486762249904735,-0.1130278327909437,-0.03211919374679004,0.0033002169419610212,0.011840473569430512
35,-2.0087233509516222,-0.3035017973080235,-0.1125577130414943,-0.032112827198310524,0.017390188522490583,0.010632851700686936
36,-4.038706097721831,-0.4516373168913445,-0.11164936125243093,-0.032100935401861715,0.10319468243770696,0.014097434834169587
37,-0.6304262506145504,-0.39085682735948607,-0.11154777142709243,-0.032097983657089914,0.0022938839906682545,0.010811739827582979
38,-1.0248947418995578,-0.3853078009314359,-0.11133886993339581,-0.03209569416014216,0.0046485716735194344,0.011899233342523349
39,-2.451603315480804,-0.4450239667596464,-0.11079311035453979,-0.03209000634043528,0.029778636101026726,0.01430491911894494
40,-2.5839388979753872,-0.3713589301077484,-0.11018994700530377,-0.03208611626735575,0.029248330440192698,0.011847262238064454
41,-0.8371584025736923,-0.327231186624252,-0.1100391294427755,-0.03208438029433524,0.0038476861100909176,0.011082501238921683
42,-0.6911268830791503,-0.32765138929916954,-0.10991603947531817,-0.03208146692741666,0.002867827386389916,0.01097677167148994
43,-1.2341988697754287,-0.3674270029229028,-0.10966377197395213,-0.032078562516531954,0.007036339945742652,0.010765558770573098
44,-1.6863373885244664,-0.2306358566268283,-0.10929889505391634,-0.032076996002190744,0.012079576937721931,0.008753956258038329
45,-0.5378594611998956,-0.363903798014592,-0.10920781728346991,-0.03207117944183979,0.0020267164711617837,0.010720429720299652
46,-1.33784069736107,-0.3396413240947226,-0.10893855351200632,-0.03206163183971959,0.009379978155166491,0.011814782490085107
47,-1.7141023473283818,-0.44407321015513723,-0.1085680462811146,-0.03205711801501057,0.020360088118648312,0.014995776187470326
48,-0.8478295558970592,-0.396776233696474,-0.10839402824992243,-0.032050984682278856,0.003471411138758061,0.013915007468679625
49,-2.17322989050845,-0.48426891681383477,-0.10793169845741435,-0.032040629149825514,0.019879318672980355,0.011553928365565843
50,-0.7582981598381483,-0.3375669969269552,-0.10780503775210838,-0.032038950774697775,0.0035627195861382376,0.011188430486813896
51,-1.0071177326574836,-0.5120830090593254,-0.10761281420821708,-0.03203023027359414,0.004517120809638083,0.014133572411700655
52,-1.9199863191050603,-0.41989291473832335,-0.10719128349615412,-0.03202289468487289,0.017862224940176315,0.01123557851489823
53,-2.743574876346528,-0.37000977858826534,-0.10656520208981429,-0.03201678450678939,0.0380008776888846,0.010303073425925253
54,-0.8141837804033518,-0.3861928223592266,-0.1063908970483896,-0.03201101861981249,0.003541443525971265,0.012270151805905316
55,-3.0030169639094257,-0.40192521171369544,-0.10567769227456546,-0.03200865551659008,0.04072357783143738,0.013103260335919046
56,-0.7486280610279702,-0.33929783199708335,-0.10556677303925091,-0.03200070687998804,0.003015127518913421,0.010854952651671008
57,-0.6927016924055182,-0.5210137856360555,-0.10546060012228971,-0.03199497192421873,0.00278237754310666,0.01205226890769272
58,-0.7781544390103868,-0.46952795145814663,-0.10535266159946301,-0.031989876765319655,0.00280438523227891,0.012551583310383065
59,-0.672108474780154,-0.3600653695028767,-0.10524103409598227,-0.03198268718619217,0.0028703934659709837,0.009567656604328637
60,-1.4339262688178667,-0.344281895813617,-0.10493280067477376,-0.03197725725824397,0.009640563517058706,0.012031409959088038
61,-2.2165620308637632,-0.45279382076518243,-0.10441190333129456,-0.03196854580596893,0.020638853397943198,0.014407489491305946
62,-0.9564576963782421,-0.37528042582950816,-0.10423224113339498,-0.03195767453597888,0.004280353862410915,0.011213591803770228
63,-2.8586529589646883,-0.3083739498194317,-0.103559293128128,-0.03195560956109469,0.03415834229657114,0.011306312856853776
64,-0.755781906187173,-0.3365017058488379,-0.10342629940206517,-0.03195347832665802,0.0032057967898353194,0.012746539878506359
65,-0.9329465911988551,-0.33964698302517954,-0.10324026978924493,-0.03195095808965665,0.0043851229331214065,0.01251526516579302
66,-0.6983102151199853,-0.274141238635084,-0.10311563150844323,-0.03194837812400906,0.0028647354036647936,0.009684285099926197
67,-2.085828760476011,-0.36496709408407246,-0.10268136944087915,-0.03194273138458458,0.026290593576023515,0.010868101744502368
68,-1.459250137964877,-0.3087514498241419,-0.10236538977413961,-0.03193627272058172,0.009909699525062638,0.0098599859635529
69,-1.3679214764720122,-0.3608049339709828,-0.10209506408881455,-0.03193162953322688,0.00924748841527279,0.010602476158254525
70,-4.322252415629519,-0.33846221776509694,-0.10108163392987096,-0.03192907930150661,0.1004318857715852,0.011528330870340905
71,-0.7040458026893566,-0.2753820550058105,-0.10093889660347782,-0.03192470065413396,0.002928290979277458,0.0120334810312734
72,-0.7629448984358792,-0.3996761999898494,-0.10081915740069632,-0.0319260805492677,0.002989955256847645,0.015451219690857037
73,-1.067091657282572,-0.36514988981129487,-0.10059253825257682,-0.031920654249554925,0.005270919757017179,0.01125923494249487
74,-0.5373623996470513,-0.32906873855537466,-0.10052708245350463,-0.031917421502977446,0.0017514800579628547,0.011506408008109826
75,-1.286153793363466,-0.3063512330871343,-0.10026865999662053,-0.031913230140565886,0.006980262704010729,0.010421119119421021
76,-1.4142473295305533,-0.399421925932739,-0.09997924958974479,-0.03190833728528589,0.00873694698844728,0.011806171675432584
77,-0.8315080712131309,-0.29188912687588725,-0.09982894287203686,-0.03190499310969058,0.0037843044145048762,0.00963540735435575
78,-1.5736549172815772,-0.5012357067428229,-0.0994547459999161,-0.03189956718400806,0.01051900225429306,0.01574302207257097
79,-1.7531905506855652,-0.27928444205772884,-0.09905417702559463,-0.03189548088502363,0.01495567909511336,0.009952398336755968
80,-0.9344201873384945,-0.3587841568724681,-0.09887392550741322,-0.03189259675043016,0.0040271609064369464,0.01214039846474162
81,-3.8406413459481437,-0.4292643989989346,-0.09797925267680585,-0.03188645642291834,0.08272494594071593,0.013904605673090214
82,-0.9567632715006061,-0.43263450749172305,-0.09780718945288217,-0.03187897451896551,0.005517623997457161,0.011086334870524026
83,-0.8442821687984764,-0.48734075776759833,-0.09762842058959204,-0.03187031474690961,0.003606477417231442,0.012246452707249694
84,-0.7575398749735369,-0.408245496678955,-0.09748189893331927,-0.03186294056921243,0.0029566461870188243,0.011440222132092765
85,-0.8789221124760892,-0.37489221363473596,-0.09731981740539739,-0.03185900974785583,0.004354418648636666,0.011913032027263652
86,-0.8453380848985547,-0.3639457113214306,-0.09716797253784754,-0.03185247094243734,0.0037608230822388754,0.011736647452500002
87,-1.084715647840598,-0.4499100080651582,-0.09693814945032368,-0.03184459496193179,0.006186032286462203,0.012529061504727679
88,-0.7145996662667683,-0.46484709093718507,-0.09681646212028781,-0.03183945266363752,0.0031081430006415717,0.015205393219707998
89,-2.4353970361703943,-0.42863558457214007,-0.0962795302312049,-0.03183799016799546,0.026884437410892324,0.01074591897980579
90,-2.545384057345445,-0.2827062408090095,-0.09570900105957332,-0.03183662732833766,0.03165138612925835,0.009803682654677532
91,-1.1385326394475432,-0.41481401602415463,-0.09546129252484538,-0.03183360008256345,0.006325883514807668,0.012945187569520481
92,-0.7216907175959154,-0.3746074452104403,-0.0953102953438875,-0.031828689570517106,0.0032616952098576523,0.012313253302444288
93,-0.6165998931029179,-0.2910831973981507,-0.09521761419164738,-0.03182157119664646,0.0019646237925104327,0.011540077512141755
94,-0.739393027131126,-0.3986908165237859,-0.09507900188875888,-0.031820185356820095,0.0029199687322643683,0.011996504231237675
95,-0.736756878222212,-0.284809172318292,-0.094963497024239,-0.031816625942943814,0.0026098162252131173,0.010317374039749572
96,-1.597782923714888,-0.29600306116951225,-0.09460689038822306,-0.031815038293039416,0.011831721096241154,0.010635651706117768
97,-2.0285016695175213,-0.3338781908669187,-0.09417650661771063,-0.03181449306162914,0.02037421213182897,0.012228959314164714
98,-0.6960843741409816,-0.4109140276220847,-0.09406863725990192,-0.031813097934395164,0.0027304810749628652,0.0115799827165757
99,-1.3784883820908975,-0.35423977816878993,-0.09375752830620115,-0.03180445463159654,0.009848507681624524,0.009813872368161503
100,-0.3799747703708907,-0.49716451481753143,-0.09370521572353231,-0.03180252781384696,0.0016110950342724255,0.015480022746799198
101,-0.6924123910387512,-0.38445338048395683,-0.09358209240267915,-0.03179639709893324,0.002784621823808185,0.012451892005128334
102,-0.6419648718107049,-0.28833545721769027,-0.09346664041130098,-0.03179442950676832,0.003346835735500928,0.01138980300146488
103,-1.7105264372854139,-0.3775578818437856,-0.09309360002486192,-0.031787574007204916,0.012780307736819008,0.01096911875389485
104,-0.9933360886351923,-0.4256926164081017,-0.0929042052559246,-0.031782719367297554,0.004677327782296587,0.012390897010638299
105,-1.4738682690560037,-0.3341780288320814,-0.09260305201797493,-0.031779060796769655,0.010117876509743886,0.009949908184637367
106,-1.9197212723130879,-0.3516794368054179,-0.09213340991821968,-0.03177601949633377,0.015696605612042898,0.011813575035532193
107,-1.1836802298952693,-0.5104724988628363,-0.09189346033229719,-0.031767120260695426,0.006474531348750462,0.014566453786687686
108,-0.9058822347190264,-0.38068480058594306,-0.09170782389265539,-0.03176226694707066,0.0035097669137258013,0.011892529661835393
109,-1.705960589218854,-0.31427527482280554,-0.09130615053659609,-0.03175742024756601,0.013559989242246587,0.011894065688003514
110,-0.7227026341653782,-0.4282133773066404,-0.09118054356766563,-0.03175518632182947,0.002991493387031153,0.011957704858779646
111,-0.4075924958057234,-0.4003932406507134,-0.09113030758282743,-0.03175067774587369,0.001459390353523801,0.010239645284465086
112,-0.7832263260838059,-0.40485584769336835,-0.09100803163738876,-0.03174529850607183,0.0029546048089334463,0.012757897969802435
113,-0.7702143840544077,-0.39206043080424574,-0.09086817262692838,-0.03173707695707446,0.003312713889729789,0.01264686987963297
114,-0.8496894793170254,-0.3237540279349815,-0.0906889151397287,-0.03173296530002403,0.003988610218609297,0.010551088652939111
115,-1.2385854843218702,-0.5051956287789416,-0.09042221414967604,-0.03172483804572135,0.008009479621009183,0.012833349767054738
116,-0.7711559493317885,-0.27712404762961845,-0.09030291426197051,-0.03172200204013603,0.0032854489139508645,0.009702945498625945
117,-5.899427106312204,-0.3289986150035763,-0.08896519907221644,-0.03171605896500248,0.18103580584393317,0.00982467452024941
118,-0.8011030912833811,-0.3044421979209792,-0.08881768180686636,-0.03171256746121013,0.003134124207729341,0.010871216717934376
119,-1.7842546019549805,-0.3922662796476743,-0.08844883034675129,-0.0317019281253712,0.01623460690560454,0.011791606800164995
120,-0.6506577746212753,-0.2996496717835722,-0.08835707313357405,-0.031700528230516896,0.0030033300102422942,0.009858426808024746
121,-0.6769306259939252,-0.41790379243276926,-0.08825173373877795,-0.03169639257758054,0.002605937131673216,0.013080075413995088
122,-1.4363736613730111,-0.4415608772924061,-0.08792317468683303,-0.031691138443422494,0.008542402458156188,0.013587625423635692
123,-0.5241666259268464,-0.38206045583796505,-0.08784823805121673,-0.03168418187964989,0.0020304575326623355,0.012609818455752575
124,-0.6313190920785446,-0.32167066228135366,-0.08775030909762918,-0.031678758289249015,0.0023928001303950017,0.010309733239656853
125,-2.1826266311256455,-0.41491416569798717,-0.0872391136455075,-0.03166644343927605,0.022374828172041627,0.011809219160343457
126,-0.8486580893126626,-0.5898044569644494,-0.08708780420902763,-0.03165613315590924,0.0036913064177368916,0.014167526102804518
127,-0.44076520031379135,-0.36299739827248995,-0.0870342247038049,-0.031652511868099725,0.0014189245887626482,0.012242937886380156
128,-0.5140790229658202,-0.39557220518521663,-0.0869450539402404,-0.03164619335294501,0.0017099325360353031,0.010730548867545363
129,-1.3958207492726293,-0.3468380330243456,-0.08662132615381263,-0.03164493736134645,0.009307750278810343,0.010888262424668253
130,-1.5400316374377532,-0.3663497294417684,-0.08628447351278984,-0.03164137071825674,0.010260972643885972,0.010899544438833222
131,-0.31673027850129165,-0.3825040128499366,-0.08625593885908484,-0.03163845983376599,0.0008377259209057863,0.01366069789885212
132,-0.4769390933378262,-0.5000629283270756,-0.08619088105251534,-0.0316338595616861,0.001660772782826289,0.01272343792982498
133,-3.1020297859809407,-0.3524563785835921,-0.08546436532119128,-0.031630592457787945,0.05012824629095783,0.01113561736185909
134,-1.221859124316705,-0.48699963873967733,-0.08523013671034523,-0.03162171942371914,0.010304672165950355,0.013798011139578886
135,-0.7736712056218263,-0.4507903074732574,-0.08507918295552053,-0.03161681202667738,0.0031220537672233773,0.012041339215712588
136,-1.42814965815605,-0.37655846599135506,-0.08476206725792639,-0.03160979567818422,0.008711263144052172,0.011882048873805597
137,-0.6338867767812232,-0.3405602603268226,-0.0846771561575917,-0.03160765433464109,0.0023244855305380842,0.008698509099300226
138,-1.0959660883632374,-0.5176914300509013,-0.0844300766810398,-0.03160278561927074,0.006024918461678002,0.012425348929760714
139,-1.608930180633665,-0.37875209154843464,-0.08407655357325117,-0.0315971987871791,0.011464508898269042,0.012314803640670158
140,-0.7360823622958415,-0.49209380924148144,-0.0839505574185961,-0.031589960432127945,0.003986616428705421,0.012544744507849976
141,-2.2724205785577754,-0.44868084298026806,-0.08340703026426054,-0.031579747642867535,0.02349167627997188,0.01441916377124853
142,-0.9939783979983172,-0.39942633662156235,-0.08320040806878246,-0.031580451756081276,0.0045040958156507375,0.01260425272897749
143,-0.7383372770937615,-0.3116841013568765,-0.08304816179236262,-0.03157724367134962,0.003651542429996417,0.011086897022810589
144,-2.167672822017201,-0.41703201459583683,-0.08252476724764965,-0.03157150164175248,0.021053984136465535,0.01166704350073283
145,-0.7628734671333873,-0.3512936504366585,-0.08242402517537475,-0.03156664185894057,0.003587564839843661,0.011247378005989617
146,-0.5471108691323534,-0.3173766958975994,-0.0823388988906818,-0.03156236952820848,0.0017983360277463022,0.010159765239899808
147,-1.480986384814321,-0.4026158425565407,-0.08203895524568673,-0.03155791262681605,0.011163006239494186,0.012717470510053383
148,-0.5553175059150912,-0.4263696716970568,-0.08194872385187965,-0.03155324527526832,0.0023391637831981856,0.011073225547974505
149,-0.8420486384397946,-0.35217916448799325,-0.08175924341628701,-0.031552395003347194,0.004105772858901674,0.012871161251188697
150,-0.613273523761487,-0.343897702931094,-0.0816646447159877,-0.03155082021779539,0.002219038555807719,0.012831741089680422
151,-1.0499916453611917,-0.30404885456020786,-0.08147886943356235,-0.03154816936559362,0.005513892692343428,0.011167866922408025
152,-1.5554824268720133,-0.2815120631489182,-0.08115041615195906,-0.031547533639022,0.010677119330342199,0.011655036012460084
153,-0.5379617825404466,-0.37679963365853725,-0.08107298900433876,-0.031546211280383145,0.0021608393122390934,0.012132401018850917
154,-0.40345899816177333,-0.23702752250339473,-0.08102313931911655,-0.031545297355101164,0.0013976119251785516,0.010162323019821722
155,-1.840907919992202,-0.3782452437338499,-0.08059681685028534,-0.031538327264338896,0.014159603030566535,0.011255480691593473
156,-2.2556594536602477,-0.4393798484443004,-0.08010410861610567,-0.03152978445255246,0.022631537644068257,0.01240519090149472
157,-2.9551700532343754,-0.5378605750376173,-0.07938942712513344,-0.0315281969745537,0.03933700156391131,0.013923942412611984
158,-1.6953758982169989,-0.3236428784326681,-0.0789984411914372,-0.031525706044698995,0.012699524616824437,0.009924546078367713
159,-0.627539246160836,-0.4023417559728127,-0.07889470067337948,-0.031520282794754044,0.0021377259202901987,0.013708630422430573
160,-0.7869561882781354,-0.3262729833458308,-0.0787354961318116,-0.03151920064030354,0.003625434883090363,0.010409992474622638
161,-0.3840604321695101,-0.4100014438764621,-0.07869575557341152,-0.03150980208002812,0.0014143335809718963,0.011771443830709417
162,-0.431077185368619,-0.35090753372012684,-0.07864470516120224,-0.03150845914729502,0.0013189612293651744,0.011864206295996367
163,-2.2832985023531416,-0.36853603864775286,-0.07811521270286785,-0.031507132726243954,0.02235290976294609,0.01310748362535977
164,-0.3282817429932238,-0.27060589501319,-0.07806734479382202,-0.031506093394832915,0.0012997309252625652,0.01058188372206693
165,-0.8767887893257411,-0.36849280967315134,-0.07791403947045723,-0.031499608941060436,0.0039709531383522985,0.013045667482978552
166,-0.7809054354829786,-0.3223914141373918,-0.07777666283273899,-0.031494765012017076,0.003336139239606954,0.010744504543194967
167,-0.7550693611376996,-0.40608281244971683,-0.07766434538911468,-0.03149263375925818,0.003220782215204912,0.013196498576006965
168,-0.6614530444539146,-0.30141885634168214,-0.07754162126881839,-0.03148971553379705,0.002343439932233185,0.010971271036533352
169,-1.3701162508879874,-0.3631695362726396,-0.07721692136250345,-0.0314812199511148,0.007849233896993182,0.012033171349436201
170,-1.10399582150688,-0.44156423112431853,-0.07697659186605063,-0.031477825880920754,0.005527848139006619,0.012699797803174378
171,-0.8176388456474538,-0.3399498612583953,-0.07683847666868152,-0.031473302662993884,0.0036888465821058427,0.010903735641463418
172,-2.390294943607241,-0.39012659853365905,-0.07626029397095764,-0.03146661889783452,0.02726607449572867,0.011956904647518557
173,-0.8358558189163283,-0.38985395252429944,-0.07609247895030544,-0.03145914148690535,0.003326693778689419,0.01197746862179836
174,-2.7099017403131582,-0.43326365006421863,-0.07546587885026228,-0.031460708510657596,0.03351124938462813,0.0148870424678222
175,-0.4634594258574709,-0.3629343283063087,-0.07539518338316047,-0.031458447353457125,0.0019963666935730803,0.012153418205835084
176,-1.6010077496907915,-0.39276378525073524,-0.0750266647164684,-0.031454185343147825,0.01168181222938213,0.012306415370171112
177,-0.4426340770602794,-0.3556593305207956,-0.07496794244377732,-0.03144937349818008,0.0015490284346925509,0.010553458360155669
178,-2.269637902546113,-0.2975552246056073,-0.07444480917099061,-0.031446466757472376,0.022372758445438998,0.010572492033854476
179,-0.5955317244360326,-0.3413398769375964,-0.07433253560312245,-0.03144493312223782,0.0019556399882493447,0.011675640682801929
180,-1.4344257302217316,-0.306688430861154,-0.07403380059520111,-0.03143952280323007,0.00889001184882238,0.01035154796553901
181,-0.9046927412831183,-0.4860279229514275,-0.07385783723559697,-0.03143235776808263,0.005718138697431233,0.014080979244610983
182,-0.6353772602480331,-0.2784108527897898,-0.0737583379414211,-0.03143043182971827,0.002085772449296678,0.01130209840016218
183,-0.7329110656958466,-0.35001749162837603,-0.07364351353701525,-0.03142224981994377,0.0027464867109745234,0.01182196190583351
184,-0.707618342707131,-0.4501192256173767,-0.07352454051315886,-0.031418313223854744,0.0030320184120969946,0.014192165746648666
185,-2.0834167162410284,-0.34917313967430635,-0.07308132569601278,-0.03141480175403532,0.024330651526833096,0.011289327084604374
186,-1.107580710049277,-0.38044844375498593,-0.07288157522673046,-0.0314118822575891,0.005994098626844376,0.009996901451830844
187,-1.9691253396672042,-0.41752879551927885,-0.07241821161901593,-0.031410661025903154,0.018824177841905713,0.010124925540553317
188,-0.41731165593591124,-0.4626966529436667,-0.07237725444124975,-0.03140542540493695,0.0020542108800068485,0.014234707416206745
189,-0.8471319121917538,-0.3274574752704614,-0.07222570192766653,-0.03140279917479629,0.00397033456157177,0.01106147218262924
190,-1.1784831085668834,-0.43619198995356306,-0.07198436820416373,-0.03139585445031112,0.007537662122437235,0.012217958418880705
191,-2.3152050918985334,-0.3851050714470536,-0.07144097236810842,-0.03139513272779912,0.026142331778308842,0.011858458280882446
192,-1.0999967060649105,-0.5344387590772398,-0.07124329570961169,-0.031393316202653544,0.006005800185148821,0.014901777027158348
193,-0.7288325775314111,-0.38793069370888983,-0.0711196592203986,-0.031390158840435396,0.002962265320522814,0.013691775781550898
194,-0.958012249490053,-0.3138598289131925,-0.07091874865508362,-0.03138588768659485,0.005058867535689413,0.011191825816680932
195,-1.0363229630330553,-0.3700615825738917,-0.07070413958065529,-0.03138194801286284,0.005192763538522814,0.010901641820561548
196,-0.3577218968521592,-0.4079259424695018,-0.07066142238392013,-0.0313732756477974,0.0013190559705035369,0.011947087602965877
197,-0.773504040367174,-0.27962599026682133,-0.07052121284775538,-0.03137150071624827,0.0031174326840159045,0.00959424358635101
198,-0.760110731161459,-0.3216811107304212,-0.07039724108635025,-0.031365010485206,0.0030570066540765357,0.00931420493586314
199,-2.0613226079586124,-0.40494281811429494,-0.06995216414850619,-0.03136175944051385,0.02087353938480734,0.012358766945959512
200,-0.459167228541042,-0.37398324716131137,-0.06989682504055303,-0.03135758849345861,0.0019891143629319585,0.009664618316368518
201,-1.245358912274726,-0.3900108434535045,-0.06963277357687367,-0.0313504009950581,0.006667125752856004,0.010831778452190724
202,-0.6671283228338988,-0.44390577339435533,-0.06951972685263869,-0.031342099509199806,0.0029320967501192782,0.012212662080402422
203,-0.5363334383086418,-0.37720270852759596,-0.06943167816425683,-0.031338958263083604,0.0019714768846867694,0.010785911017257154
204,-1.7855849364351608,-0.4182218829452444,-0.06900806199861195,-0.03133632358511062,0.013581618563283411,0.012789379314455968
205,-0.9094453693638191,-0.3537030909725545,-0.06881613013508942,-0.0313323096622119,0.004078367164107814,0.011459601938842994
206,-0.6821482200926398,-0.3770727524609466,-0.06872074389037894,-0.03132650071004319,0.0024155767073683614,0.012653181167526308
207,-0.6813849077611112,-0.35301763747641335,-0.06860526390537391,-0.031317054655207975,0.002350372587842553,0.011821585679807251
208,-1.3649762089292008,-0.4011844606291711,-0.06829455697080923,-0.03131227362813559,0.008694637001119096,0.013817459465676595
209,-1.3927596062969867,-0.43855985868453967,-0.0679888876340892,-0.031306161460669085,0.008846645595247957,0.012482502574665448
210,-0.5574023278872755,-0.37177726724859606,-0.06791267356075313,-0.03130354658562774,0.001956590385249601,0.01331375635077073
211,-0.4907832304967167,-0.36355592915909885,-0.06783171688554114,-0.03130237961229629,0.0018190208374987886,0.011074133945299188
212,-0.5400375221426255,-0.351836349805208,-0.06775151802605789,-0.03129792375405176,0.002203547831465873,0.010719342859586376
213,-1.0018628587983431,-0.42710456017170384,-0.06756452471005918,-0.0312906167641083,0.004668797844972129,0.012677620555943379
214,-0.5044787272743588,-0.3287374009419234,-0.06747801232155827,-0.03128755556400196,0.001983344366957645,0.010467201473094032
215,-2.232472920826275,-0.4141619776057645,-0.06693986816576376,-0.03128127713617199,0.020427912487032875,0.010608907859674265
216,-1.605599520168022,-0.32952917139256327,-0.0665588424850356,-0.03127801748084567,0.011385938159151177,0.010456605639857359
217,-0.6172544120573089,-0.3032842786512744,-0.06644699644103196,-0.03127547663714643,0.0028614968582749405,0.011194452798919858
218,-0.9868615776036559,-0.4444498286436349,-0.06624877890224953,-0.031267983891777845,0.004695513133508423,0.01278968269288961
219,-0.5546822704098793,-0.33401131156274916,-0.06615525503469438,-0.0312614397935408,0.0018109245598147766,0.010942692627046635
220,-0.7990669378231062,-0.35184135876129935,-0.06601380950270372,-0.03125677125012482,0.003515006534309007,0.011576985742461281
221,-0.5788102565715995,-0.30558062357116833,-0.06592712648822627,-0.03125537250568581,0.0019897242245880014,0.01141961745407548
222,-0.7284595718745398,-0.36032358519463736,-0.06578690762920873,-0.03125162764312508,0.002992327628939164,0.013561829100488736
223,-0.8394663300926241,-0.4874250634480921,-0.06560174174097352,-0.03123801817925084,0.00434234459144174,0.014528673915185726
224,-0.6152502513637064,-0.3670555348949137,-0.06550964814150372,-0.031236119923036508,0.0026477682539962984,0.012102639382989907
225,-1.1193741463447735,-0.319267706011781,-0.06526862266461121,-0.031229576348384438,0.005777022912671593,0.011091946525144052
226,-0.9573919334327784,-0.32678219799590325,-0.06507637252976511,-0.031224030967381102,0.004346141212503234,0.009718592705098953
227,-0.829530035755686,-0.3359783475843417,-0.06490750954278755,-0.031218406237065534,0.003837830420171957,0.010625700859863335
228,-0.4532795655119614,-0.4707683807961105,-0.06486578323707091,-0.03120569894157886,0.001197255869373215,0.013148122864797801
229,-0.6605921660887915,-0.3359031322976464,-0.0647688426589503,-0.03120094617073422,0.0022406680937057874,0.01090740320432217
230,-1.0087567679231857,-0.3379234072372516,-0.06456126868069692,-0.031196931739154013,0.0050152840904636314,0.011888930220303835
231,-0.4601037176341663,-0.34042406070198067,-0.0645055878814066,-0.03119044321672107,0.0017769008529511156,0.011437242204448162
232,-2.0547425696858563,-0.27067645272020624,-0.06404337496420401,-0.031186095736321837,0.020199228771194042,0.009078808452528602
233,-1.1619537281471157,-0.3071904789739207,-0.06378689591219035,-0.031184530863484543,0.006438051658677312,0.009845364654394983
234,-0.6230418991973317,-0.3457370041665081,-0.06366812473970936,-0.03117865449810975,0.0023867924771981764,0.011299888266869892
235,-0.5088231429700109,-0.38143905593678,-0.06360363649652057,-0.0311737101700769,0.0018883061655772281,0.011493901377690638
236,-1.0487510798822777,-0.4490774224763025,-0.0633965881404886,-0.031166912142057825,0.005560097725852527,0.012845962058404962
237,-1.3648509172237915,-0.38800246531332855,-0.06309384572500239,-0.031164220054640188,0.009849567808722705,0.011975716336778236
238,-0.5259917204483475,-0.3990647391715912,-0.06301056687864992,-0.03116373023023228,0.0017896887321659986,0.012828797150951742
239,-1.2970893184955095,-0.38390299312161746,-0.06273729461173733,-0.0311599410638894,0.008554472441711307,0.012466565136695938
240,-0.7700563049091459,-0.3759181917273245,-0.06260241669671224,-0.03115722979354446,0.003189920015549513,0.012078380041145786
241,-0.4931726538364059,-0.3237002464195252,-0.0625296609530411,-0.031156043582009033,0.0018232798210937292,0.009974150137689661
242,-0.5307169344736976,-0.3383580623543111,-0.062440991868863864,-0.031153393327305375,0.0018668095557758276,0.012117913270036028
243,-0.6322906800279912,-0.29830760780376747,-0.06233045546775899,-0.031151900548272524,0.0027172322760575353,0.011288761055081694
244,-0.4750068526555205,-0.2887206632003913,-0.06226591524512435,-0.031149270883280556,0.001624553550429288,0.01137888405842363
245,-0.8476841482889688,-0.3311412488898121,-0.06209948720469349,-0.031146016085076042,0.0035766864390197124,0.010004227284797766
246,-0.6120055403223943,-0.4151325107666957,-0.06200427112814455,-0.03113995624069371,0.002411226804159543,0.011810446179012302
247,-1.529437548010012,-0.366804988211683,-0.061696008130901696,-0.031133560188854995,0.01221670316390648,0.01153753216239231
248,-1.2241470160526824,-0.4118816982903057,-0.061450632568878075,-0.031125370752920697,0.006805310719771986,0.010449391344082227
249,-0.5383228072683368,-0.4506410712571136,-0.06138256939228126,-0.031112577011072146,0.0018320797198358688,0.011990110197726314
250,-0.509571895739646,-0.35042412799269523,-0.06130933323374647,-0.031106311449547373,0.0020299375911790895,0.012701025268275145
251,-0.637858257690991,-0.41916947752488987,-0.06120542472224903,-0.031098364294272568,0.00324501649413154,0.011776198004516712
252,-1.001469161992679,-0.4199281470668788,-0.060991362897314515,-0.031091248360220942,0.005785306900077076,0.010868135815579459
253,-0.43351520861559295,-0.35086610719829503,-0.060938958471396104,-0.03108681864956128,0.0013521916426498947,0.010969976911282804
254,-0.7156133113804144,-0.3121316688540884,-0.060810705036657385,-0.03108506621971578,0.0029859357859016813,0.01089879697481528
255,-1.0306845213337485,-0.3306023223492736,-0.060608549814467165,-0.03108242163617082,0.005958120527611843,0.010849783955519518
256,-1.088303081992738,-0.4380776877344562,-0.060366083138007856,-0.031071206690936718,0.006690546585544005,0.013836551347579816
257,-0.4100527907571759,-0.4074529889738634,-0.06032449942390383,-0.03106787107515118,0.0014411713065997371,0.011470852857501457
258,-2.309826383373305,-0.3691756295173588,-0.059805363333989274,-0.031065438067186483,0.02615652709836809,0.013074868546945015
259,-0.6973255510929505,-0.3782647988085766,-0.05967988393775022,-0.031061424409119763,0.00277607228915194,0.012138985256720549
260,-1.2409696760495443,-0.3401505356615303,-0.05941811725194788,-0.031059119789171807,0.007026375604269161,0.010090337870722879
261,-0.6123279023883718,-0.3594882191640331,-0.05930733860235234,-0.03105279226529303,0.0024105276077950196,0.011235490132190136
262,-0.3472049755167808,-0.3314874102476389,-0.05926781458805941,-0.031054301451044403,0.0012819653364100137,0.010112108005321363
263,-0.6146749864520845,-0.3578214601310729,-0.059185451079830476,-0.031049307535410842,0.0026922081395482594,0.01061097920724251
264,-0.5189315074909014,-0.35601729512871727,-0.05910818580512017,-0.031045450754911018,0.0017802954682316948,0.010811721276481947
265,-0.5297246669416665,-0.40209308112238423,-0.059044441285530255,-0.031035065360523542,0.0016791518809696777,0.012015107339450637
266,-0.8477435942928507,-0.3390331248370733,-0.05888587792358626,-0.03103242598427711,0.003778635134417486,0.010492537705845567
267,-0.6225983553775655,-0.39823665473372016,-0.05879079985362429,-0.03102036480618998,0.0023204349836294545,0.011705602466838492
268,-1.3545501363615935,-0.4815027824245908,-0.058491886232051614,-0.03101011683673236,0.00869038698366943,0.012254018476149679
269,-0.6308040207131727,-0.3257235248208202,-0.05838806132094459,-0.03100759450728134,0.0021317269508182523,0.010089437637923599
270,-1.2314965678472127,-0.4608845403658795,-0.058140114364339676,-0.03100434611721235,0.0071615551400506785,0.01289056831820267
271,-1.9995508700254259,-0.31766799631633086,-0.057663094576700366,-0.03099777224108987,0.019208883237348037,0.01021418653113582
272,-0.8866648875746096,-0.31149026067327173,-0.057491886357886775,-0.030990279942943236,0.004227590041423015,0.010665691521552365
273,-1.0158049282443797,-0.35890244348249073,-0.057315230307605686,-0.030983912784269214,0.00434858775443213,0.011476873236328896
274,-0.5391370220623247,-0.32618905477097404,-0.057222569136114496,-0.030980825619031267,0.0018781095082050032,0.011279325577521579
275,-0.6592592007964182,-0.37630999370553797,-0.057112862986230084,-0.030976566580537736,0.002455780149099802,0.012592686017891791
276,-0.6451569928861705,-0.3696075251605794,-0.057029538751971476,-0.030972734238473156,0.002247595954581131,0.011276632891073885
277,-0.5549957128801993,-0.3885954746014287,-0.056924892889025074,-0.03096868047592526,0.001975995837368702,0.012809560330921196
278,-1.103396799977455,-0.49781714673588706,-0.056703728018010664,-0.0309585930240469,0.006086873348417968,0.012640642420924116
279,-0.5035930243347799,-0.41990629831521514,-0.05662647984028257,-0.030954888387166247,0.0017982118472422458,0.01522983974552993
280,-1.057924718619373,-0.36478658684149734,-0.05643167660433811,-0.030950383330113924,0.0054517204986781745,0.010250069995961501
281,-0.7126530387817402,-0.34560400479199743,-0.05629398902496043,-0.03094742423549306,0.0032468437520137734,0.012223995291808546
282,-0.615050111013149,-0.3252900410471201,-0.056211629878868,-0.030945112220230473,0.0022463675247418762,0.011988394030110256
283,-0.4467997604163428,-0.30477777397333966,-0.05614983092140601,-0.030942234838990924,0.0014869150212959965,0.011266976188294526
284,-0.40864612529487515,-0.37915455190945635,-0.0561021483046096,-0.030937403226963252,0.001745776717233756,0.013842132159340484
285,-0.5261483844298274,-0.42774793977866393,-0.056017825237579186,-0.0309295519309553,0.001924212204981179,0.011827596298436095
286,-0.7724911409849728,-0.3850418314599846,-0.05586578006479441,-0.03092522787013027,0.003522154205344528,0.011327803425813373
287,-1.839114137616834,-0.4735308903436168,-0.055396987324861244,-0.03091737675314248,0.014955137944850757,0.01096649270966752
288,-0.9375803058039713,-0.41579769345993245,-0.0551986856379968,-0.030915479002497734,0.0048807408862205325,0.01412919326923589
289,-2.1108388756013694,-0.4443645383440608,-0.05469188382980377,-0.03091236857917566,0.019355150895583293,0.010799687439855788
290,-0.6030842885337737,-0.3425955234060854,-0.05460376560464873,-0.030907766818549728,0.0024100738162664906,0.011175110282513919
291,-0.4500523802485401,-0.3753561178146954,-0.054549719468595485,-0.030904694079263505,0.0015732532656972495,0.012210268059158706
292,-0.7315058485082975,-0.44634541572260206,-0.054430074287550534,-0.030901918223714936,0.0029452254646748855,0.013551008611455868
293,-0.7937377531204167,-0.3490284593162419,-0.05428604023408432,-0.030889537064396972,0.0035331659871837896,0.01182768543474344
294,-0.561900097574408,-0.336177564177235,-0.054207907982748174,-0.030886563103913346,0.0021655616487118623,0.010853482824571492
295,-0.359749019506197,-0.3046143444298931,-0.054158240412582534,-0.030881845705294255,0.0013292626185610298,0.010719073997195242
296,-0.8254782609323988,-0.3167291491049753,-0.05399744597848194,-0.03087870373256164,0.0037400619675102375,0.010220192149553435
297,-0.5715133107132441,-0.3150421910380004,-0.05392933851997492,-0.030878438455042553,0.0017709537939686537,0.012295105697270582
298,-0.6726712167088318,-0.46968280556120634,-0.053801720043031874,-0.03087828896393025,0.0029909662518101125,0.01174554937735021
299,-0.6264236618934532,-0.3396634601120953,-0.053702619615841565,-0.03087375083067175,0.0021236574553041786,0.009906588424807782
300,-0.8297534501856031,-0.3945695313685219,-0.05355385792054492,-0.03087124533640546,0.0034171353233966983,0.012024206928071374
301,-0.8188215149463892,-0.323007253074017,-0.05337630364220183,-0.03086900453856934,0.0037157746877967517,0.009163116577243923
302,-0.43865112736918527,-0.4602673157399924,-0.05329829086922019,-0.030865621387262912,0.0016977627088256995,0.013661319326575546
303,-0.6984185220613968,-0.3895041695875098,-0.0531533295682925,-0.030862083365231618,0.003232559034067415,0.011523696053209588
304,-0.519882475540619,-0.3572027006789973,-0.053092882110439256,-0.03085934462055363,0.0019651570311284886,0.011240913924259022
305,-2.1196413994668863,-0.3600697211572119,-0.05259946909681848,-0.030860727848617656,0.020993383878492866,0.013066598953224066
306,-0.7588670283401198,-0.4085182196082867,-0.052449064842714666,-0.030850477301939544,0.0038459620252695123,0.01268952871821477
307,-0.8567874808133807,-0.37531451903245044,-0.05226254043779582,-0.03084555322859419,0.004273700036594689,0.012075073157012525
308,-0.729567191834276,-0.3189086070061351,-0.05212537519587595,-0.030841689013357498,0.0031859392139494134,0.012499365960590264
309,-0.6645209237388531,-0.5327365776185843,-0.05198579362057247,-0.030829469897393658,0.0028049538848840135,0.012195088745295854
310,-1.6650060426742488,-0.36883803447451696,-0.05161076903337011,-0.03082978203866474,0.012038626655862576,0.01209208729887715
311,-0.5462687628508885,-0.2877680056628147,-0.05153196313898406,-0.030828382824468314,0.0019207167825401883,0.011072464439786557
312,-0.6654752803414403,-0.4631694531511652,-0.051430520126057984,-0.030818207649850896,0.00277543652192553,0.014678880580431854
313,-0.46427156921593443,-0.35130758117325683,-0.05138833017622903,-0.030809464863067505,0.0016048761252823388,0.010956579345717046
314,-1.180364007832547,-0.2676801437396415,-0.05113812627496345,-0.030807147353024783,0.006926438851952214,0.011217675018683801
315,-0.5406335247310516,-0.5157608208866604,-0.051052406805267875,-0.030797830019176804,0.0016212804961389918,0.01055034262977126
316,-0.8216716910119792,-0.39715628449948803,-0.0509037545361051,-0.030792249304083252,0.003400515999902621,0.011040788811377836
317,-1.1326455176382328,-0.3277670961272578,-0.05066195860577267,-0.03078938765367687,0.005635149278356578,0.012600664295959749
318,-0.47052396685077874,-0.3263558414300331,-0.05059948687268714,-0.030787200323006466,0.0016909203629352123,0.009560857512419049
319,-0.7424118708103286,-0.5127628745838215,-0.05047921713796252,-0.030782401669371885,0.0031254987258908895,0.015049752940727322
320,-0.7216512427725073,-0.31376346551320294,-0.05035422794480761,-0.030779641647396883,0.0031459332344282824,0.010176622144479371
321,-0.8878831835893534,-0.4892088642673674,-0.05017949927314408,-0.030769634643895996,0.004451979522059177,0.01219362515376491
322,-0.6571131735488666,-0.3004263703622559,-0.05006862322767712,-0.03076492325396027,0.002247074024963282,0.011556846397553071
323,-0.6693024945830807,-0.3810117048596029,-0.04996147942008813,-0.030759896598244248,0.002937693487211237,0.010746042844915165
324,-1.0744544132121883,-0.32257275374446925,-0.0497463806755519,-0.030751648238413292,0.005532452754891703,0.011293081930543179
325,-0.3820202634257139,-0.3374169083151516,-0.04970693311058889,-0.030749758368084947,0.0012503206810781284,0.010805600073755738
326,-0.4878514430905899,-0.4074725098761248,-0.049651229106989415,-0.030737244181083204,0.0017006276700918764,0.014889228605076904
327,-0.6727177236644525,-0.29011375626512365,-0.04953873158072871,-0.030735601625489915,0.002974641856588929,0.009904438140199739
328,-0.47779733169394567,-0.34501441546824624,-0.04947317542086936,-0.03073121057435245,0.0016439353682815643,0.012835807636232252
329,-0.5519662380197379,-0.30696959740634794,-0.04939509492547406,-0.03073026453746977,0.0025191669971860835,0.009783636717603544
330,-0.7077276308598273,-0.4085690751704575,-0.049291893997909716,-0.030725549829699682,0.0025086377438900452,0.01212074991184655
331,-0.6837511278073752,-0.40190805590501394,-0.049154053262254194,-0.030722145315088375,0.00235895075438689,0.011635351063428681
332,-0.7680436565931024,-0.3229793359398687,-0.04900788935192795,-0.03071561280190821,0.002934572023601632,0.010341075198221954
333,-0.6888950646543035,-0.41492506672910645,-0.04890320771748949,-0.030705602766042707,0.0028014949177274577,0.011671836303298884
334,-0.5632484764854321,-0.36248768213894594,-0.04882512322255727,-0.030700949810331724,0.0020659310995381616,0.011866886580443605
335,-0.7586174796372425,-0.33079097144567704,-0.04867836289596471,-0.03069660920326601,0.002934354832242582,0.0092965889424375
336,-0.6053996664039027,-0.3274318238290866,-0.04858659526014801,-0.03069285919149291,0.0024560204166719562,0.012044032699311643
337,-0.6763104438434082,-0.46003987824261133,-0.04849041268885713,-0.030678295741258937,0.002761352419632006,0.01142710268034275
338,-0.5693091763729251,-0.35060312796991094,-0.04840332227731152,-0.03066819769768058,0.0020308936522473215,0.010714588949107715
339,-0.649630654828675,-0.33315751555796935,-0.04828675164815201,-0.03066641509083091,0.002943851052530645,0.011641299332745561
340,-0.4757198297794902,-0.3604259854864664,-0.04821944187420466,-0.030660620668308974,0.0015584219718782447,0.010698521919365458
341,-0.5284121700444983,-0.43089859734203767,-0.04813927867063194,-0.030653411891606495,0.0020241014911216546,0.011411152148178262
342,-0.5138141021362123,-0.5105184688217228,-0.04807057542685819,-0.03063379657014411,0.001960746768540351,0.013934292705518376
343,-1.7592984957565563,-0.3963215997983972,-0.047690237687256457,-0.030629102582758288,0.014811317084457177,0.012261134561838301
344,-1.017905996460679,-0.3758408047402048,-0.04749382494091997,-0.03062309993801648,0.0052328665076177405,0.010657831628011837
345,-0.4716138038158198,-0.40087807445123913,-0.047444942421471875,-0.03061946677227387,0.001471830272614989,0.011020643504637977
346,-0.46763682093081266,-0.4504900855589317,-0.04738108176241496,-0.03060843236344362,0.0017070896621780875,0.012791556812874904
347,-0.6201260525788681,-0.3827455281113938,-0.047280656367925646,-0.030605886651993517,0.0026030682816364763,0.010740751782164893
348,-0.42761688726157954,-0.3323198632148185,-0.0472227858278778,-0.03059741715301075,0.0013720515056602528,0.012280951102878418
349,-0.4019051562722974,-0.30732145288568574,-0.04717788577038533,-0.030592198200141498,0.0013759268653987552,0.011745178985621576
350,-0.33827568920900375,-0.35001422288393746,-0.047138355994536404,-0.030587703246260953,0.0010474717852056983,0.010001579808197558
351,-1.1080297264401544,-0.3861732646927931,-0.04691519821883806,-0.030582488429815455,0.006350508274044842,0.010693928315261714
352,-0.442807481313799,-0.2841332350948393,-0.046859728022848206,-0.03057773809445103,0.0016798879261313727,0.011607605641186989
353,-0.4636065737342129,-0.36032757012723465,-0.04679389085740782,-0.03057148127497688,0.0012438521525691565,0.009208132941250963
354,-0.9095036463957706,-0.348495518158034,-0.046614620982078143,-0.030568478965052055,0.003955121822979992,0.011336800858809568
355,-0.555379056161434,-0.36523383959710826,-0.046529598098047124,-0.030567062947600657,0.002280336141770703,0.010807823361321812
356,-1.7234408729425643,-0.34206759941094816,-0.04617377668102233,-0.030566438252703727,0.014547097197242145,0.01366961186251466
357,-0.697429084335757,-0.3193594769617379,-0.04604939697332042,-0.030560485865681657,0.002479493824317859,0.009224076762197048
358,-0.503287978415963,-0.4014223991125913,-0.045971800542863366,-0.030553082037995612,0.001645025646193188,0.012087685949046311
359,-0.4660273650925444,-0.32028734304203293,-0.045924836511492435,-0.030548109961789294,0.0018567452906464667,0.00991494515946477
360,-0.6934542581888377,-0.3204309756734774,-0.04579067911794408,-0.03054379809069729,0.0027944040685169147,0.010070117007660565
361,-0.4093513850252855,-0.3889632924313576,-0.04574114807525994,-0.030541623679134804,0.0017174974230399593,0.013041495175216463
362,-0.8562043695678634,-0.3342817902452704,-0.045579310641737425,-0.030535292739311444,0.003942000834415215,0.011255805456627153
363,-1.309624624229812,-0.3784428815841052,-0.045312370797504734,-0.030530653869664047,0.007835344887775791,0.012740318799531941
364,-0.5335799480171879,-0.28535472521583033,-0.04523746956913729,-0.03052844842068931,0.0015585591145547075,0.009909710595395686
365,-0.5490837178975755,-0.36352690148073585,-0.045152249713482216,-0.030521929216585326,0.002063989147694522,0.010853207522102276
366,-1.0704977396342141,-0.4238458956592824,-0.04495730465309927,-0.030520181417393787,0.004697284571198653,0.012529554990745243
367,-1.516909857876919,-0.3974021560836936,-0.04462992480184023,-0.030517090579647615,0.010724216116431087,0.010250929843903215
368,-0.41401437583492495,-0.3359983765717487,-0.044578410635799495,-0.030509933028458117,0.0015376112436660983,0.010065030573396186
369,-0.43695173799178155,-0.3574217596053961,-0.0445073333428091,-0.030509189362908105,0.0016426221992366476,0.011620960258962835
370,-0.8269146765783686,-0.43952618337627275,-0.0443221757974917,-0.030505206649856464,0.0038562900318366545,0.01432306696973241
371,-0.7553255829163881,-0.43122697314791436,-0.044182675588620844,-0.03050116120251164,0.0030376418652011843,0.011113840441149278
372,-0.8302349919871859,-0.38424799459618286,-0.0440097694230813,-0.03049787123922824,0.0036261271206283778,0.010767081272330444
373,-1.0100511129972247,-0.391727304441419,-0.04381225051685663,-0.03049627910836373,0.0052769335990734394,0.00974963364989662
374,-2.0352507936762008,-0.3047057027987897,-0.04335367565385149,-0.030492627578826703,0.017521871946223667,0.010803304431425556
375,-0.8961834216833524,-0.307462996353934,-0.043172777931977796,-0.030489413084980543,0.004511390138477461,0.010349414900387656
376,-0.472693535000171,-0.32518828334464855,-0.04310851428499424,-0.030485875121609975,0.0017622585167513772,0.01077985133513913
377,-0.48375961905838677,-0.3915140483791213,-0.04304950986301942,-0.030482213837426112,0.0016292097605868417,0.012052842251456405
378,-0.6411048432919197,-0.4519344379376,-0.04295050754408972,-0.030472029411400686,0.002389278598691014,0.012281391042248764
379,-1.3104952348299839,-0.3090190522500006,-0.042664308846869115,-0.030469926981016304,0.00784366385139286,0.011314231864363975
380,-0.45102566956479295,-0.37938176031165505,-0.04262124162286407,-0.030468473637877767,0.0013393072520909706,0.01122267403384042
381,-0.998125339701012,-0.2511733069773678,-0.04244461918714785,-0.030464927490922236,0.004610019248435333,0.010205930870090866
382,-0.9758808236471721,-0.5599106225840919,-0.04223486250323779,-0.030456795447815804,0.00521963197240471,0.014790146673637147
383,-0.3705059242689989,-0.38019034860869616,-0.04221105673916148,-0.030452980548120758,0.0014137154257094211,0.012176186636403144
384,-0.7263753185228545,-0.3098770093404861,-0.04209300164415821,-0.03045163976853078,0.0031348458178203863,0.01050885484291007
385,-1.8301255916503045,-0.3561679837078968,-0.04164655031610646,-0.030449889175068114,0.015641582711564562,0.01149641832899334
386,-0.42079954992110663,-0.31294476216279343,-0.041591328980942775,-0.03044622133576496,0.001296991185496194,0.012473029740167367
387,-0.46343728878361845,-0.4503157261207147,-0.04151908995839395,-0.030442246672586167,0.0017755095716885248,0.015356982578532229
388,-0.3957074216740147,-0.3042082813923428,-0.04147975023516619,-0.03043895540510861,0.0010523464457858726,0.010447666876006663
389,-0.8740346613869497,-0.29156564718364614,-0.04133141414760718,-0.030434029304367786,0.0032087028187904342,0.010663701933633571
390,-0.7868745220120548,-0.3621619205343659,-0.04117577461470613,-0.030426147674974247,0.003834383767916381,0.009753328884540623
391,-1.537650026295521,-0.3387827203012601,-0.040832905887258054,-0.030422923643034748,0.014184482448311785,0.011901669985150014
392,-0.7300953017652121,-0.41340971810062477,-0.040697904289319645,-0.030418424824387183,0.0033178263386963074,0.011317925053581594
393,-0.9603420277391094,-0.27341260170597953,-0.04050221098147502,-0.03041668742208185,0.004558117971887,0.010534221081300692
394,-0.7304353230944346,-0.3732646176355517,-0.04037427559515355,-0.030410623783292897,0.0034498958042632043,0.012646177601038401
395,-0.612358419328542,-0.43311391587720177,-0.04026642501504728,-0.0304041893766674,0.0025681921183936447,0.01232892969798468
396,-2.224981456586639,-0.4027881803815477,-0.03978309817045243,-0.030402684241922367,0.024058717651444454,0.012031710778710273
397,-1.588157933503322,-0.4006371783534366,-0.039394560084546316,-0.030392657003468382,0.011450087091956754,0.010767332947102325
398,-0.3968215303778688,-0.3457254210935178,-0.03934959339334216,-0.030390268068071293,0.001201348911479132,0.010916378888619675
399,-1.1668484336071496,-0.438072412917173,-0.03910654725426581,-0.03038698800057257,0.006825720152137679,0.014040419694009078
400,-1.2253475174622952,-0.2925501774123837,-0.03887100977581793,-0.030385307732305376,0.0076208383466464715,0.011886693652859224
401,-0.6437878518486998,-0.4865873337187392,-0.03876752306694891,-0.03038127513671726,0.0024706581192989224,0.013475049111826513
402,-0.7995572467035452,-0.4211769665102146,-0.038585499247658826,-0.030379126005755458,0.0034717880743005175,0.011912540854519548
403,-0.46233687773497195,-0.37347475482783055,-0.03852800135489476,-0.030373161629457645,0.0017194361396889123,0.011156669499283562
404,-1.2730477740231516,-0.3400212816333984,-0.038262066273203624,-0.030369419793062603,0.00720878032699249,0.009349036526014303
405,-1.2550051030958547,-0.24437049795280677,-0.03797031860401017,-0.030367450305682036,0.006944473037047003,0.009872055784337721
406,-0.8629753223801051,-0.28391989704944426,-0.037797340958953776,-0.0303639781368656,0.004123525084558251,0.011294626731589865
407,-0.6562102787258596,-0.38075381145046905,-0.03768893738955368,-0.030360853778846675,0.002339253767707862,0.011978317714204153
408,-0.6735287276941522,-0.4167531413228469,-0.03756330552523813,-0.03035482291135764,0.0026071055767316635,0.009930394447021963
409,-0.755896961974187,-0.31233668665175135,-0.03742972708098443,-0.03034892717410154,0.0029434155001138505,0.009924772019192674
410,-0.9446302724140982,-0.3385172294129068,-0.03725116025549541,-0.030345620743679958,0.004402820626761558,0.010978028512883771
411,-0.5390515881302695,-0.2730659048397117,-0.03716639659319335,-0.030344590976399154,0.0016331374037540293,0.011183551692262466
412,-0.4156147934569548,-0.4001636173316115,-0.03710483344875803,-0.03033634850789172,0.0016901759065022465,0.011633569773291486
413,-1.1940492959605884,-0.4232905609543466,-0.03684538319319416,-0.030327615745469994,0.006214331674269946,0.014668113101661402
414,-1.9176889590346187,-0.3422369734853856,-0.03645342286161422,-0.030317801334232328,0.02122361829892673,0.015211611341521002
415,-0.5313251969137229,-0.3242282313446297,-0.03635580060291975,-0.030314266284619085,0.001964854307543104,0.010051354742728568
416,-0.7540598223109231,-0.29730486567075015,-0.03621870829374807,-0.03031188143413581,0.002965306558580921,0.00951490395197101
417,-0.6870239264889252,-0.365563946377172,-0.03612255906162754,-0.03030852762079162,0.0027096150329319955,0.009339190299112508
418,-0.5455908399347893,-0.3954906944646526,-0.03603567888166984,-0.030307706751830837,0.0024348704845316357,0.012435606854766013
419,-0.447064218194548,-0.33261784070369704,-0.0359768102876995,-0.030305818744657577,0.0018202807814834531,0.010812797991085648
420,-0.8524077015348895,-0.4178560248865966,-0.03581778382045015,-0.03030608084582392,0.0037003738098095895,0.012403153173841056
421,-0.35488457339723556,-0.34514565168619654,-0.035783737101874886,-0.03030235146291959,0.0010931815225025537,0.012436310313413045
422,-0.39844629966713513,-0.5035321668718948,-0.035737748037281206,-0.030292506032300343,0.001576525022982719,0.011832714585046582
423,-1.981542634368216,-0.3842176469238562,-0.035248177349937536,-0.030285922286810166,0.018008789383264556,0.010214404404281752
424,-0.8160908815271327,-0.49753654664464136,-0.035104306355567286,-0.030275023190230746,0.0035557940491644092,0.011083065629025411
425,-0.37964234118154633,-0.3977873685601753,-0.03507227415193437,-0.030266592872225703,0.001499489777656701,0.010962417986606842
426,-0.46744734823466183,-0.3741229060307021,-0.035000722321528545,-0.03025990575914326,0.0013353468352094357,0.010597787717441574
427,-0.7627706500204531,-0.4521826172553355,-0.034847010526813264,-0.030249642663519875,0.00301325552303311,0.013012547034333402
428,-0.5710722565582371,-0.353044020587033,-0.034749392361698314,-0.03024494813193723,0.002524464439710123,0.011118227634599314
429,-1.0237475903228517,-0.38009101190981026,-0.03456317570226243,-0.030239033076533937,0.005067896515616716,0.009881955841713337
430,-0.5439305139767818,-0.3668819299275812,-0.03448616360661004,-0.030237087843819226,0.0018322597421976956,0.010891127528837235
431,-0.6789482161330711,-0.3623165995910268,-0.03438061861498731,-0.030230854029494283,0.0025045998841869564,0.011149091999858541
432,-0.6751820310887379,-0.32269098430582877,-0.03427470093279013,-0.030227982186626375,0.0026859489082465982,0.01113923591495035
433,-0.40313967617564894,-0.32310663586329225,-0.03421764080027942,-0.030225300969012204,0.0012446281427800578,0.009069143702557509
434,-0.5695498060437196,-0.4679409744053512,-0.034142666877025066,-0.030222446643173632,0.0019093866593271462,0.011283508037490812
435,-0.830583397447269,-0.39926233644968445,-0.03398842181991959,-0.030212476330356848,0.0032222273811819114,0.011633350065401662
436,-0.7652588976302375,-0.40589166572369983,-0.033844470754813984,-0.03020779336816306,0.0029407370575222753,0.011861301315405411
437,-0.9270269750183033,-0.4433310259706744,-0.033667404267753775,-0.030205504283878297,0.004316733475799644,0.015018020429638517
438,-0.6075651205667548,-0.3748549758588189,-0.033562414509507664,-0.030204930534677755,0.002684598498578086,0.013013953667999328
439,-0.48146713383807765,-0.3255836540096869,-0.03349352019558717,-0.030196865588218588,0.001778957561897679,0.008981218921819184
440,-0.9799981536994353,-0.38360181966227264,-0.03329456871322714,-0.030190874578118553,0.004514636629930358,0.011269707581158838
441,-0.6238051309391576,-0.4279414380341037,-0.033192587371839735,-0.030191700989536784,0.0024792079813716525,0.011344040510585254
442,-0.6629324199249921,-0.3102495734870429,-0.033090154735939306,-0.03018927846345381,0.002541913255202417,0.009545202358537244
443,-1.0226215744391831,-0.33929073831707,-0.03286182922800616,-0.030188293656451547,0.005260478346857329,0.012617255067358706
444,-0.6177209356439534,-0.3326514264900344,-0.03274818335689432,-0.03018607516328456,0.0027554092035387526,0.01171776486560049
445,-0.8242241656793257,-0.3422090032560864,-0.032590299250623664,-0.030176460434128406,0.0033975664695195663,0.010974713399818441
446,-1.1272914377082508,-0.36514377770270223,-0.03235375314251819,-0.03016964517394774,0.006207022091699831,0.010533911909009977
447,-1.235723283383983,-0.3411523982243848,-0.03209156576333742,-0.030166019494107167,0.008010410678675644,0.01063288168060889
448,-1.3756787166178486,-0.33592050693175685,-0.03176025221379922,-0.030162516373649587,0.0086988066146546,0.010425183822341475
449,-0.6201556253696114,-0.2931926237002829,-0.031683923315812657,-0.03016035087110181,0.0022126714037399645,0.011697913740447999
450,-2.106364370477231,-0.3968173361796614,-0.031206926794594962,-0.030153843601827653,0.020339814105291402,0.012155278399212495
451,-0.6458447681654087,-0.35571168327719255,-0.031096285431857742,-0.030144044133265054,0.0021470950769372265,0.011047664280776125
452,-0.5158815435217914,-0.48688781514254015,-0.03101234479722353,-0.030136843409012487,0.0017167021373996677,0.01204496797844965
453,-0.5262269451688658,-0.3225001819393668,-0.030924389643227586,-0.03013397346368161,0.001981062111611333,0.010330506251651666
454,-0.42969092410114784,-0.3851877798894093,-0.030879237388744686,-0.03012919886399997,0.0016090488754535233,0.00996992115673427
455,-0.5955551401972986,-0.3303591542429374,-0.030758591971908132,-0.03012300688359282,0.0023265429318244705,0.009312334390307679
456,-0.5695430500329812,-0.27694445595307815,-0.030669031930553682,-0.03012109371642049,0.0023250269656570847,0.010699100260315522
457,-0.4384495934889989,-0.3946589589684368,-0.030618941516459407,-0.030117446850159484,0.0015122446028256803,0.01042283286000594
458,-0.5825322732413516,-0.3375715782251774,-0.03050382305415567,-0.030112304692984898,0.0024906568974980784,0.011722856429528201
459,-0.5186178788776401,-0.3149920267156077,-0.030416154574461847,-0.030105463509356032,0.0018616564692135386,0.01183671103311078
460,-0.6804151238573481,-0.37583848143488335,-0.030336822515544374,-0.030101734481788354,0.002463478248239945,0.012310832055306137
461,-0.5334226784755999,-0.5202051398724341,-0.030262341363467435,-0.03009593027943581,0.0018901227457176345,0.014732170218323563
462,-0.5367327594646553,-0.3851594802619562,-0.030173462752499023,-0.03009088090663498,0.0019176811970287716,0.01175090850792479
463,-0.8418541327011262,-0.3888076938148321,-0.0300263766421758,-0.03008465301206834,0.0034151009354663696,0.01231179694105792
464,-0.4325789454394826,-0.5683663303773374,-0.029963189182256808,-0.030074204544156307,0.0015919461013979446,0.013862839105689492
465,-0.7826040977131014,-0.429933638842514,-0.029837967430783683,-0.030071257063397,0.002951157169006983,0.012926471323289293
466,-0.8946262124535846,-0.42850234683649285,-0.029686870519044176,-0.03006102210670308,0.005004901283910063,0.012674870327622198
467,-0.5206681908585982,-0.3256340290816619,-0.02961011266349771,-0.030059493605537772,0.002211466200103867,0.010175081482821736
468,-1.1940832044315923,-0.359049087788975,-0.029334207286415843,-0.030053841496853216,0.007653324590197896,0.010030522885094088
469,-0.8228105993704444,-0.2802202462424522,-0.029220118435603067,-0.0300514066869725,0.00455508067738221,0.009584277719981174
470,-0.5811531824358358,-0.3695771118766401,-0.02911221029673429,-0.030048145267209232,0.0021734538492593266,0.01016389857113988
471,-1.1404947743845342,-0.45760288294141416,-0.028873551808767387,-0.030039214159251523,0.006263851474285981,0.013065311343601112
472,-0.4767051568011361,-0.32983104140878655,-0.028815281040122032,-0.030030803525901935,0.0016274516180257576,0.009884126727295953
473,-0.4269639803267994,-0.3475778914015367,-0.028750995001845837,-0.0300256845485246,0.0012872654160094835,0.012310806817928814
474,-0.7090893997985445,-0.39064244813141824,-0.02862670209899821,-0.030024037272138916,0.002425774311748076,0.012019559884643993
475,-1.2312541394012673,-0.40109000900251396,-0.02839630242607297,-0.03001835167379372,0.007829765093072356,0.011960087018290889
476,-0.6078949242349193,-0.27625757841548443,-0.02829880118349741,-0.030016396961850742,0.002782737578353783,0.010373169328436333
477,-1.236609784970279,-0.38547170012320603,-0.028027464168862027,-0.030011196379622428,0.006692215713560082,0.012864287369051876
478,-0.469550926377157,-0.32684552196419,-0.02795865869617832,-0.030008325849532343,0.0017471178119669098,0.011099702267731913
479,-1.1781277603564757,-0.29436429065828285,-0.027715696904362166,-0.030002802777915952,0.007908016792590334,0.009754479283021643
480,-0.6093689254130346,-0.4120775880810481,-0.027630157465852227,-0.029991374702275753,0.002405407856785662,0.012170960578209192
481,-0.3730721250189622,-0.44555570326242744,-0.027596473864728105,-0.02998547582758692,0.0013420140441069478,0.011675827348596034
482,-1.3582622076169981,-0.31462515922244244,-0.027294174891056344,-0.029982898872916507,0.008600784398786856,0.011340339776768349
483,-0.9720723212472122,-0.3459734171282962,-0.027093199509910224,-0.02998158139318795,0.004533286852143938,0.01251226566537767
484,-0.7497321164127523,-0.33879543180583693,-0.026965391671401672,-0.029974641362181274,0.0031354705441090126,0.011169493667352107
485,-0.6217754532416552,-0.37743953871412667,-0.026866248999305134,-0.02996583350905383,0.0024678674647835575,0.010857537652198337
486,-0.7247220558359404,-0.3248289597557507,-0.026731952346924985,-0.02995302200169909,0.0028817768718471964,0.00911178697566415
487,-0.8721103137724695,-0.38222972887817874,-0.026566398598639317,-0.029950950542182418,0.003718757531043954,0.011117334732341567
488,-0.6348068318115904,-0.37691693656574443,-0.02649715039272068,-0.029945489901034204,0.0020033379784343826,0.010852801984955663
489,-0.6270897581424073,-0.26257607961528756,-0.02641259515278843,-0.029940417003295094,0.0021368618037585236,0.011616449217422675
490,-0.9756477240375471,-0.47306998856841503,-0.026206897545116487,-0.029935546638365715,0.004677716592922607,0.01216985394371289
491,-1.5289459545283355,-0.4240630677989504,-0.025878553324528052,-0.029931477092570734,0.01086188195878098,0.012363301225492146
492,-0.5626055871909619,-0.4058308647020698,-0.025800109917375618,-0.02993005522048515,0.00194130320303756,0.01129609715679369
493,-0.5447576019891841,-0.32093065456499104,-0.025737569388295564,-0.029924212412455454,0.0023155441914873916,0.010901285082306027
494,-0.9954356486345444,-0.312275799232815,-0.025516408247232353,-0.029919327504180478,0.004703791870585717,0.010328983185716048
495,-0.5435434617540305,-0.38535416287084945,-0.02542341409019593,-0.02991598207730277,0.0019164078871655465,0.010379126834213184
496,-0.5379438121431174,-0.2826886800942508,-0.02533027950052583,-0.029911401328805893,0.002031012861690179,0.009672410284180165
497,-0.7431840465882408,-0.4021382782550586,-0.025209187986273623,-0.029898399550250254,0.0031008919176367363,0.011104247872381673
498,-0.8920272906309868,-0.4226454312961492,-0.025026924608652554,-0.029880803818857667,0.004398215534488822,0.010100126444966153
499,-0.8562453856408866,-0.3689570161243678,-0.024868655100379566,-0.029877785483111936,0.0030780857976245553,0.010521559698942591
500,-0.5741103399212238,-0.2725405896282807,-0.024766737323714053,-0.029875094590680603,0.002251725898835645,0.011088252492646763
501,-0.5091115478406155,-0.4701078436029327,-0.024689013329873142,-0.02987124916920713,0.0017546198905364725,0.012716363210708797
502,-0.513650714391119,-0.2773895109512973,-0.024622657461329068,-0.029867883497800708,0.0018052389209143092,0.011374587467357688
503,-0.5425164645770212,-0.3262467407262814,-0.02456551706184394,-0.029864024069582478,0.001986338553398421,0.00996633434528356
504,-0.6079798016585082,-0.33875648432539807,-0.02446558022967899,-0.02986036837717466,0.0026122080540587093,0.012129575658809151
505,-1.042833044468663,-0.33550374879896,-0.024254847785620037,-0.02985423080945795,0.00563080577807291,0.011110780131162384
506,-0.6038967839596424,-0.4038275704870651,-0.024159590004302053,-0.029851195534481484,0.0021843687930198667,0.010944818205893875
507,-0.6674563626476874,-0.373464519196276,-0.024047963492244903,-0.02984790883246724,0.002833381478351228,0.011874219884800898
508,-1.1498502747902721,-0.3870314746153126,-0.023793804013854895,-0.029843819866198194,0.006771853104317875,0.011844808442684386
509,-0.6075000247802188,-0.3738417933749906,-0.023709144409718736,-0.029840378090073373,0.002540031963294664,0.011476128581857347
510,-0.6500466820920503,-0.30733704966429276,-0.02361030542815827,-0.029833427861761706,0.0024052605253340924,0.013439013304274225
511,-0.6843412205916323,-0.2865304781275199,-0.023481658606615163,-0.02983066257092092,0.002546084912244463,0.00996283411185037
512,-0.5893385402339788,-0.43409084911885915,-0.023376325277817373,-0.029825635578217057,0.002213092561156295,0.01239492042511639
513,-0.5283050730425654,-0.39321447321541186,-0.023307653753651885,-0.029823241037403234,0.0020379125724483645,0.01173616569766552
514,-0.6291135438424271,-0.4431285436823644,-0.023190391406543477,-0.02980929381778612,0.0026930713928823135,0.010318601690454047
515,-0.4040945992390571,-0.4641239874490568,-0.02313293116546015,-0.029801474814594425,0.0015707686270369054,0.010525502687300767
516,-0.5932090249942189,-0.5064650753432982,-0.02305548841229243,-0.029786119032489754,0.0024390486931744134,0.011756524071399599
517,-1.266670253377057,-0.32650879773877,-0.022786439934215967,-0.02978182691841687,0.007406127214261233,0.010928500975967573
518,-0.43960022756002004,-0.3378353334311834,-0.022723964353788144,-0.029779573287695392,0.0016254904853427222,0.01080559180513072
519,-0.5288631299392148,-0.4532889570755727,-0.02266517417550715,-0.029776086135734695,0.002046877439587765,0.013054214631161626
520,-0.4351442293047648,-0.3668401031435809,-0.02261615622700828,-0.029769244532225687,0.00188907329859162,0.011204576764778627
521,-0.9553056204812811,-0.3176086960660865,-0.02240068498603926,-0.029764410543925916,0.004158432373281262,0.009628994864192119
522,-0.5610847353858545,-0.32975369912069363,-0.02231524513480149,-0.029759505970530873,0.0021679297828946227,0.010474869462507646
523,-0.5451113366919026,-0.4642878634559898,-0.02222338377629075,-0.029755611204104897,0.002191230632349139,0.013337504636276287
524,-0.5533244521501081,-0.43058370867367673,-0.022142512962649963,-0.02975286972464269,0.002364291418890818,0.012341401608773343
525,-0.589788943164337,-0.5035081456742264,-0.022055530843803114,-0.02974277700519667,0.0024868835276115955,0.012707526924415938
526,-0.47190113110646303,-0.3370264702228266,-0.021994610723144726,-0.02973797149706121,0.0016740664770813327,0.010872611488413333
527,-0.6069068976163603,-0.574924171704588,-0.021895711622183147,-0.029726061582371004,0.002370869241132677,0.014219701820548636
528,-1.0859292325848278,-0.33148492016596315,-0.021680466853551586,-0.029723169014155882,0.006087909691136314,0.011532667523121024
529,-0.4235137595905701,-0.37091570312294264,-0.021622053187530504,-0.0297144520985315,0.002093576388206414,0.011423804322731166
530,-0.7625216182480045,-0.45586841822811186,-0.02149670276270468,-0.029702103644350275,0.0027628704531624613,0.012444020213652646
531,-0.931233989110947,-0.471160244493185,-0.021316350178929425,-0.029697298173089474,0.004358357962967655,0.01360124793839236
532,-0.448234273381329,-0.3776749015849761,-0.021248550041488498,-0.029692371131485616,0.0016663661248672267,0.010919816819399773
533,-0.7947897819173305,-0.40650313314143,-0.021088468261076077,-0.029677872715657055,0.0036759179196283725,0.010684934972068728
534,-0.3537387654659218,-0.4656229966939849,-0.021044224330481164,-0.029672605942818776,0.0011521294148123713,0.01247507673125271
535,-0.41477259178143494,-0.3325240005735993,-0.020984685262988134,-0.02966957947184435,0.0015668104764694722,0.010276278561549498
536,-1.0058225750847256,-0.360892778576408,-0.020783485553044528,-0.029667973112568576,0.005181229802465209,0.010861771397349444
537,-0.49288081982368653,-0.3565516486822138,-0.02072802338577885,-0.029662185350819457,0.0019678547580642227,0.010719142884188768
538,-0.7326942568664416,-0.3908859333077219,-0.020587047670076707,-0.029657366486118927,0.0027924472095758146,0.011441702087252177
539,-0.5432027052345846,-0.3502478700630028,-0.020515394261725287,-0.029654648490771384,0.0016621872546608353,0.010316791148253188
540,-1.8480555361904127,-0.39867854432227284,-0.020118601112848113,-0.029654478927135762,0.016980278273132338,0.014537972598719943
541,-0.4596925919295429,-0.29921934292440217,-0.020053364636312673,-0.02965078280166019,0.001889821335687507,0.011237493867492534
542,-0.9670316920662968,-0.25544563787241403,-0.01984304896103564,-0.029648121490468273,0.005338367604300456,0.011106226804831578
543,-0.593305011201334,-0.38114954347176555,-0.01975675548558244,-0.02964020570876938,0.001899194911173211,0.01281933650852899
544,-0.3530235667015852,-0.3707345106951764,-0.019720701211666948,-0.02963649392397354,0.001215278868086564,0.012610383623915372
545,-1.2234008956772273,-0.4577959143386105,-0.019468346471278417,-0.029622888910842356,0.006706404100949126,0.012285264050375966
546,-0.4277602805276126,-0.4764635124603228,-0.019403572115646736,-0.02962256533638317,0.0014305497147141025,0.013762750354891582
547,-1.0137656696869295,-0.5462251377460369,-0.019215902288064014,-0.02961573528791391,0.005483564403312647,0.012856623499475224
548,-1.0598466793713175,-0.31334809683721754,-0.019018264435330622,-0.02961202280018428,0.00581607532971921,0.010424818825348894
549,-0.5456785012326907,-0.40264106355131346,-0.01892810429254098,-0.029601992073948914,0.0021940250310528856,0.013081211291992242
550,-0.43257381438541903,-0.39108948534004545,-0.018871642985709258,-0.02959794648572959,0.0015794594182895758,0.011456487729753903
551,-0.7224831090256919,-0.3107601545986708,-0.018771198869764708,-0.029593665885367382,0.0029221291427260197,0.011302585329183948
552,-0.7816144283017249,-0.43715335004909067,-0.01863503688428349,-0.029589796523990793,0.003366158108593515,0.011675429388619044
553,-0.39548223126463017,-0.37150353864160013,-0.018588936021661097,-0.02957915337099578,0.0012738413203298715,0.012355757181510106
554,-0.7844663838593084,-0.3269764503192811,-0.018448538796275497,-0.02957642196991378,0.0036215175757080328,0.011932384398495572
555,-0.9136889288700667,-0.4245863679314168,-0.018279703508066805,-0.029568371489961692,0.0042372362486490745,0.012672660492275568
556,-1.0153425743041233,-0.33850405418302193,-0.018079275045394586,-0.029564289997084027,0.004571300985153406,0.011687472921239542
557,-0.5147177702829391,-0.3699746289503116,-0.01800174470807911,-0.029556622912231753,0.0018599097321923103,0.010797391089439588
558,-1.0350758356451055,-0.30736559197218966,-0.017809864634532477,-0.029554837372553027,0.00796668434745429,0.01087783738731915
559,-1.109195926124188,-0.3400065944772215,-0.01756063356312248,-0.029553617478735427,0.006601629864102152,0.010656592236147679
560,-0.450963055995536,-0.35687973924229377,-0.017501850555423967,-0.029545024336361313,0.0016388716355327116,0.01204827800050278
561,-0.7285323001728831,-0.26581153142146347,-0.01736973008700674,-0.029542309492153015,0.002999169870123677,0.01076632769621996
562,-0.4871712405520826,-0.3730298554831349,-0.01729428601027267,-0.02953808779920042,0.0016759207666086535,0.010789441645972899
563,-0.46577515156319693,-0.4628856007732669,-0.017238395702866914,-0.029534063026247757,0.0016095360080888995,0.013206687372218359
564,-0.8901216222612207,-0.33911408634157403,-0.017054168368826096,-0.029529613410107396,0.00450512880441891,0.012153639082668718
565,-0.94946835273235,-0.35109763014201784,-0.01686556903075452,-0.02952438488581913,0.0048894065216276116,0.01030465872629601
566,-0.5058066283248099,-0.3726778924158419,-0.016804836471740005,-0.0295207489315379,0.0016361306151044907,0.01126577028943891
567,-0.6871474246036073,-0.42311544806038504,-0.016690452844539072,-0.029515054803688736,0.0023859251938015314,0.0120070771002322
568,-0.7695838602148296,-0.4310733980604839,-0.01656774585683731,-0.02950693339651614,0.0028371346318649317,0.012829489060540579
569,-0.4888305574408511,-0.2720854084039837,-0.016490082748562018,-0.029504218507868083,0.00201130537715791,0.009851727642210517
570,-0.9260310424776326,-0.27992198567415866,-0.016306446802217198,-0.029500601019947864,0.004449993388736307,0.00933132491078439
571,-0.5516517861355628,-0.4918511121372196,-0.016226145223973185,-0.029492556873828655,0.001811344484111672,0.012388855908808588
572,-0.7806359515668503,-0.36151550792114073,-0.01609740591065488,-0.02948721611876032,0.003319515685613787,0.010888155195266527
573,-1.7268815136833295,-0.31517342882650495,-0.01573825027156366,-0.029482461484880932,0.014278536876231056,0.010095161617664883
574,-1.223435451668758,-0.3572272194955428,-0.015461792070842504,-0.02947729615123211,0.008235481223509578,0.0123277253596489
575,-0.9671198176169564,-0.3438165618384188,-0.015239160872588168,-0.02947236085614355,0.004950058089559441,0.01185446529061398
576,-0.7717212387766634,-0.3250099515637089,-0.015101988381411883,-0.02946534568238033,0.0034523388373187166,0.011923838340089981
577,-0.9067709064606988,-0.3949323788113742,-0.014926405008131626,-0.029457371189543058,0.004273064384345664,0.011268441282844993
578,-0.6878415659027962,-0.3348688818105663,-0.01481314427133925,-0.029453712878625925,0.002769847535714105,0.010268764005260184
579,-1.4972284489133125,-0.2801449946848551,-0.014499789060603075,-0.029450731618641684,0.010937004876526421,0.01069750751405911
580,-0.6648834982078513,-0.4719136107786043,-0.014383968526496295,-0.029439409984319268,0.002771982033244846,0.012807347428061253
581,-0.853560550280692,-0.35023979426023777,-0.01421989061967348,-0.029437930829350558,0.003928930348023394,0.011586748879135961
582,-0.594515064407868,-0.3247515171755638,-0.014128936355166155,-0.029435433467676533,0.0020006081383590977,0.0110299358103177
583,-0.46799093001503483,-0.2861792870082554,-0.014061340849660198,-0.02943042622340862,0.001686764745122943,0.00880733967609083
584,-1.3064126160678031,-0.4211987375499616,-0.01379189460286033,-0.02942478186392372,0.01145696126773457,0.01106250720867866
585,-0.4681009749405018,-0.506129989749442,-0.01373496027013152,-0.029411229811389647,0.0014896290995114185,0.01281209036792814
586,-0.5249530140689271,-0.4061400990094988,-0.013663417164468311,-0.029409091887641476,0.002233405691573891,0.012786865549025745
587,-0.7409045497122554,-0.3739360640522956,-0.013525834339432772,-0.029408875840587635,0.003583103146125664,0.013301312967494434
588,-1.0032369781862867,-0.38862946754051303,-0.013301819888812072,-0.029400989216644788,0.005112924734239271,0.010965899090870222
589,-0.7897918562254884,-0.4571637425235029,-0.013166390339418662,-0.02939166786879937,0.003441287329304473,0.013147875546689676
590,-0.561041805829311,-0.33272043786708716,-0.01306631046434837,-0.02939108182086077,0.0020172028788691906,0.012305087720927428
591,-0.44522523266360226,-0.37274224499746317,-0.01300242881577699,-0.029386430182837747,0.0014052453724826466,0.011724184514962514
592,-0.8381632271008225,-0.4784771159443741,-0.012834854174252343,-0.029380168089554525,0.003787904129042846,0.013186099922711568
593,-0.9097592801220078,-0.36750204869520664,-0.012681261339745613,-0.02937786237403136,0.003969530674065815,0.01196561218130376
594,-0.920173611142181,-0.2592134181777649,-0.012509379167656771,-0.02937557570361151,0.003777605926551868,0.011028730025598914
595,-0.4440134939657133,-0.3854469566597002,-0.012449727732581456,-0.029366228888102627,0.0013591355431889658,0.0109891368572358
596,-0.6288905135684044,-0.28346975892400567,-0.012344500164703495,-0.029364399875567257,0.002357904692786928,0.009141691236018466
597,-0.42529192815411043,-0.5177335048285516,-0.01227609957343666,-0.02935137124020093,0.0016067205033700564,0.013166288290015338
598,-0.5629794097104414,-0.377070126600402,-0.012171455043921186,-0.029349244735657656,0.0021065700706425074,0.011916381478112362
599,-0.7960787416381656,-0.3793352979370713,-0.012018015414629834,-0.029343401304726267,0.004226920965575189,0.011007374673124931
600,-0.492645102536342,-0.4478012721105567,-0.011954383574893312,-0.029342388060266338,0.0017879146614542642,0.012807236936222266
601,-0.5164405809973783,-0.3227214899596722,-0.011875769808743887,-0.029338505387549646,0.002312020601391648,0.011208508390204954
602,-1.1709390107683773,-0.357669812424215,-0.011618536319922072,-0.02933319223309828,0.006664835785278068,0.011358073490686672
603,-0.8912436450532585,-0.3748949168405697,-0.01146299508637955,-0.029329936155420486,0.003589190485022106,0.01267449098775122
604,-0.5337286304616504,-0.4149343153911667,-0.011390809898921578,-0.029326474831379155,0.0020631925447890513,0.0118078539025939
605,-0.7064975977403283,-0.3112743298750373,-0.011260852592333687,-0.029320533972420626,0.0029138589790854235,0.010546408801803856
606,-0.43005699091524113,-0.4189161711598167,-0.011227862395012675,-0.02931354786964233,0.001587277042999353,0.010788056507700657
607,-0.4998967466445946,-0.3657474085052671,-0.011165590569186954,-0.02930789344648126,0.0019266652507844914,0.011694403819304268
608,-0.7386419371077496,-0.3767910960323723,-0.011034493229017502,-0.029305187522897232,0.0029635470216686196,0.010206726518130848
609,-0.916675837157903,-0.395735007831499,-0.010878339761936596,-0.02930257947507527,0.00445467319933395,0.010221266499845085
610,-0.6230846450048059,-0.29757921206664123,-0.010783780362954347,-0.029297184953590294,0.002426416790669482,0.01041907695726657
611,-0.7451515537715153,-0.401450023221033,-0.01064265283863915,-0.029293612434379036,0.002820408224324866,0.010926031834888206
612,-0.6487115350937028,-0.4052036660635559,-0.010555939441063667,-0.02928699392416421,0.002410667321766059,0.013424768487897955
613,-0.6606523798108148,-0.39828919649322236,-0.0104542155776688,-0.029285158911401148,0.002351308236907628,0.012758132847913191
614,-0.41975311675140364,-0.5208152308241538,-0.010411879865033084,-0.02927866109486578,0.001710217797884504,0.012671124732936263
615,-0.9060544633867522,-0.37937518060433856,-0.010244578883568839,-0.029272219261865226,0.004194953893917126,0.011462871593809614
616,-0.34651944620954095,-0.2776106407885755,-0.010212316596538198,-0.02926624798340296,0.0011511860235351769,0.009334195205909218
617,-0.6628201717291198,-0.48828561974645557,-0.010095142419411868,-0.029257957574638362,0.0027889626073534807,0.012802591452813183
618,-0.39406921011205553,-0.369200107080061,-0.010043676352414588,-0.029252197231574815,0.0012921827833996264,0.01172909734420212
619,-0.7052527962593844,-0.45814589061634575,-0.00991262169409972,-0.02924383710448959,0.0031055061788205045,0.01284765397504258
620,-0.440018703217939,-0.43723874194873646,-0.009854663938829946,-0.029241150020432434,0.0018203042325740518,0.012107101352609513
621,-0.6184025108013143,-0.40412372391124896,-0.009755719085723554,-0.02923471959949606,0.0023213879796178567,0.010889929576010694
622,-0.44988887529707566,-0.4337587957270459,-0.009699851652792907,-0.029224791256685985,0.001993951333168007,0.01239250264623092
623,-1.1979209203577366,-0.32434334966748835,-0.009456311425182785,-0.029219546931362125,0.008307356805212846,0.011149688962677285
624,-0.7319351738058621,-0.38920142885321785,-0.009335316294664695,-0.029215907266777138,0.0029551055367896075,0.010882742023674662
625,-1.4172383242741549,-0.39139368191032214,-0.009040908239808725,-0.02921399367866104,0.00928885624579968,0.011437980499067423
626,-0.30545405249762675,-0.3286428140936496,-0.0090098140371191,-0.029208320984725148,0.00107032735741424,0.010361882310189394
627,-0.6915500486269491,-0.47204896760323434,-0.008889203615358717,-0.029205333571099553,0.002785379266896138,0.015063117340640315
628,-0.48936456709524817,-0.482536363261312,-0.008831277408522208,-0.02919797611371655,0.001756628797943184,0.013399654700501704
629,-0.6367045462662594,-0.30245196368774696,-0.008723470239082097,-0.029195613888593406,0.0025321502001737816,0.010761210211176526
630,-0.5015819528261084,-0.3097363052296918,-0.00867310459676886,-0.029192720248175444,0.0020741596693790265,0.010227666557932131
631,-1.059554226307605,-0.385024782275684,-0.008470554763148445,-0.02918428818335937,0.005604329511461529,0.010477897239165628
632,-1.2080697789880497,-0.46552599432456004,-0.008211438693886996,-0.029172817095589287,0.006733889390109464,0.01120855352152824
633,-0.5021051327752982,-0.3085353087851892,-0.008137370573432747,-0.029173670376415724,0.002035878163821274,0.011089195730239384
634,-1.1568239698067708,-0.36613773768523517,-0.007884347603500812,-0.029170281617258778,0.0075226916656551185,0.011330170203173805
635,-0.723716460667083,-0.3501681001368322,-0.007763033027529923,-0.029165957991097825,0.0030815257809980704,0.01065561925604079
636,-0.8349470904440871,-0.38240034066694273,-0.007604739121545264,-0.02916234467614323,0.003461434968833392,0.012235604354264122
637,-0.8904824085359028,-0.267316670936042,-0.007406273237683668,-0.02915790827156246,0.004371790105490625,0.01016868408337601
638,-1.1954855026714573,-0.4709713008462719,-0.0071661440363259945,-0.029154902886172812,0.006118274967004152,0.012566684839163894
639,-1.3170264541305976,-0.4464022029712381,-0.006861922911150492,-0.029148246737929897,0.008681120028500154,0.012918801648826445
640,-0.5825728393740944,-0.4627193579564465,-0.006769745436260736,-0.029143385462238297,0.002307814139943975,0.013774485252049213
641,-0.4004347464728332,-0.3329814566599384,-0.0067090217523356225,-0.029138148843619274,0.0017889643494812253,0.01124347879502699
642,-0.482440396704602,-0.3729161039100041,-0.0066509822402583485,-0.029134185264958288,0.002063828470138618,0.011552555184321694
643,-1.126115485465564,-0.5711989680356694,-0.006438339690340621,-0.02912117596048617,0.006011444073286732,0.01325972986610187
644,-0.4605170091015852,-0.3935164789491363,-0.006382132705123881,-0.02911689620803945,0.0017302102846064285,0.012085060298768973
645,-0.3766583365756044,-0.3688284516698571,-0.006327434360963589,-0.029110786566468774,0.001470726336221384,0.011119160147400487
646,-0.647866176995825,-0.4188516616606746,-0.006229436379736973,-0.029106828986541274,0.002527452821553653,0.013889195199494886
647,-0.6230975660086738,-0.4102677840023486,-0.006128371301271069,-0.02910131232785047,0.0027013097914940047,0.010837730272448448
648,-0.8000711592053833,-0.3686864215479245,-0.00596434259929631,-0.029097429139966706,0.0038580248906520554,0.012345468790503829
649,-0.8600409123348105,-0.28136150710998215,-0.005776893836423074,-0.029095307505545696,0.004031528619166027,0.011652220737332429
650,-0.9577248600525298,-0.31274259637806995,-0.005585029982142921,-0.029090535535005818,0.004958580181423509,0.011115976331223732
651,-0.5796423683264208,-0.3195232147836146,-0.005486728389627444,-0.029088453168273524,0.0018614105238345478,0.011957068096694591
652,-1.1055852119627996,-0.28212630121778004,-0.0052608344497603035,-0.02908662538403213,0.0068923236673383995,0.011575411438898833
653,-0.32566470022039895,-0.3193374764070985,-0.005224993735871903,-0.029079375151498214,0.0013814262010604335,0.008938355042686162
654,-0.8368515134548197,-0.436459245113882,-0.005050891742495637,-0.029075366118612545,0.003941154751903532,0.01172551795651531
655,-0.7215782760070708,-0.34520372913481684,-0.004934753772152606,-0.02907050366354657,0.002892729356992427,0.011064141151242744
656,-0.5410934571138516,-0.30959304367393353,-0.004855449311998861,-0.02906459643700915,0.0020131953223098023,0.011289217718263736
657,-0.35884530354552796,-0.4139793065394107,-0.004828684957029318,-0.029050262253380886,0.0013052155270726212,0.011456063401461233
658,-1.2651396103369121,-0.380467456659116,-0.004587442441344108,-0.029048437865510483,0.010159584093337356,0.012537740117458146
659,-0.39311402872358964,-0.48683949235724777,-0.004542365848351402,-0.02904205211536981,0.0014550316716372552,0.012974868285435502
660,-0.44911658888049383,-0.5198168517117353,-0.004484915520592677,-0.029028339524100874,0.0020792866866159916,0.011929810833785814
661,-0.6454521926454693,-0.3451835825798388,-0.004351230722846877,-0.029024151707267357,0.002630950629922241,0.011318478770946326
662,-0.38292870806699625,-0.325543526237138,-0.004306906912112769,-0.02901954033899473,0.0011157785706232008,0.012334022663777075
663,-0.5722455885075601,-0.3317885923724282,-0.004198536794171469,-0.029013060630144374,0.0019014451131166296,0.01069099871260483
664,-0.7401821768127027,-0.33398603245238223,-0.004043429957974829,-0.029007356865853227,0.0027714251676525955,0.011916553491125944
665,-0.5621101579765762,-0.3628837579441142,-0.003961253652327472,-0.029003399983308167,0.0018029534632821,0.011780806260091044
666,-1.1778873492248587,-0.39172026504637686,-0.0037165256400332023,-0.028997404521977976,0.006876450393809207,0.01030336169818653
667,-0.5549347298294754,-0.35580794890787937,-0.003627469427560635,-0.02899118325969828,0.002045163562791715,0.010067816764086341
668,-0.658972530715249,-0.37525540154553244,-0.003523131346763047,-0.02898582704073887,0.003163765954477091,0.012357615052698685
669,-0.52161074388399,-0.3134983341806935,-0.0034431813485742016,-0.028982093472444754,0.0021497834007465537,0.009484786419315811
670,-0.6339082140140441,-0.39233683151314097,-0.003353378215287828,-0.028971618369577182,0.002249578055604591,0.012471932874127538
671,-0.4856700486748201,-0.24676829885237553,-0.0032917798036023395,-0.02896754930273847,0.002131690644970507,0.009495351710510549
672,-1.3910983691056271,-0.38298421669270283,-0.003017779525540841,-0.02896594990713022,0.008667189870100357,0.011769153313059473
673,-0.6243980815721573,-0.33397117370828777,-0.002936133170693902,-0.028963241783454004,0.002165171347359638,0.012323280240906325
674,-0.5369477408386734,-0.2845824024737865,-0.0028536714272524018,-0.02896016070316258,0.0018384272934650304,0.0105130980807034
675,-0.6492092601783397,-0.3886463578477479,-0.0027397088290702165,-0.028955562932873664,0.0022944553340017893,0.012158780180174576
676,-0.4925796694009141,-0.48091706205141055,-0.0026595176051325757,-0.02894334095201919,0.0020539680567735847,0.01215376718801678
677,-1.1289230263351666,-0.35527305608930143,-0.002436779972695951,-0.028939566928680018,0.005918307102678271,0.010472115154398344
678,-0.5300180553015482,-0.3784868543841248,-0.002348536756708602,-0.028935176945468984,0.002328003626039004,0.011434621380660351
679,-1.2942471124778276,-0.36091671644113776,-0.002050390080513928,-0.028926718238643817,0.008174779113686095,0.011018140695018885
680,-0.6674442545230234,-0.3632005770860773,-0.0019506677549167475,-0.028921962141681423,0.0025225800799074543,0.00964139761371594
681,-0.4151407371927153,-0.40061126118519225,-0.0019037689559646513,-0.028916492076747104,0.0014764891446692214,0.010977371622830093
682,-1.6559980481287009,-0.37359152342993596,-0.0015578917092052395,-0.028904009211931845,0.012405591184131034,0.011274188235080937
683,-0.6066780864505338,-0.37948267495623617,-0.0014397695656101202,-0.028902982288147704,0.0025681095262616973,0.013563066524926495
684,-0.7868589416277572,-0.34544815251502303,-0.00128617669209977,-0.028901966543782884,0.003472348759434983,0.011469222583305265
685,-0.4571223441376438,-0.42709538811065545,-0.0012242355388158768,-0.028897512007649787,0.0013051759495634175,0.012119820268229881
686,-0.5322972084847298,-0.4001988470904913,-0.001173741496223337,-0.028889793365919927,0.0016935490499243558,0.010396793169220925
687,-0.42699844840955753,-0.31596124948889326,-0.00111439834644571,-0.02888626446094168,0.001663354724993119,0.010817461901374156
688,-0.42126744587799536,-0.46183692383583663,-0.001054571094545947,-0.028883056603506173,0.0018564201015234061,0.013497041552760118
689,-1.219686127617093,-0.34494527963287536,-0.0008019127370430802,-0.028876026432733955,0.007629364909759458,0.010084266516012875
690,-0.9376359944972,-0.46117839666715915,-0.0006096676365090139,-0.028871829369995602,0.004501571923527409,0.011559181049615452
691,-0.41440988105357496,-0.32844151413540684,-0.000574512871025344,-0.028866736272819826,0.0015973298869259446,0.00966668095185145
692,-0.5889663066197007,-0.3757751384146773,-0.00048706834769069216,-0.028861411460659035,0.0023737943699571533,0.010580076614155144
693,-0.7064528684764612,-0.3256678260726338,-0.00035060233412953333,-0.028861216096991677,0.0026805088064532504,0.012664792879456153
694,-0.47911993529749547,-0.3787559666747361,-0.0002927736009724724,-0.02885440342110187,0.0017450828557957201,0.013866942349740188
695,-0.6450409029582432,-0.3525900034590155,-0.00017690338334389968,-0.028851401660045514,0.002520213496833733,0.011780626611424847
696,-0.6469740600959115,-0.32339758948452035,-9.108825060661956e-05,-0.028848856994983067,0.0024955993682464176,0.011197408020913492
697,-0.5388989335791551,-0.5072306108162846,-2.1073327782881715e-05,-0.02883857040043614,0.0019743322677554702,0.013627317255693898
698,-0.44278178196356294,-0.45190852659792463,3.605727798314384e-05,-0.028829986986146743,0.0018764321301189735,0.012560308013878115
699,-0.5380957158422491,-0.4226164663358853,0.00011587140829882947,-0.028829932705341715,0.002107035838155198,0.01153490676298071
700,-0.37377787343134933,-0.4041634479181563,0.00015206801125039666,-0.02882365414557969,0.0013400711778277412,0.01119829205342984
701,-0.8536226029635454,-0.4253590157322077,0.0003219512291718781,-0.028816704594115505,0.004889952157666248,0.011619897849962584
702,-0.5732172542944733,-0.34665082192810887,0.0003926461949299492,-0.028811686682360078,0.0021551265845313767,0.010654421341508541
703,-0.47766927404759735,-0.3349203984032276,0.0004322288225082044,-0.02880821208409603,0.0014940770779319262,0.009992226686163235
704,-0.6068731879128415,-0.3766535589712371,0.0005273409402049864,-0.028803689271016494,0.002078734298949301,0.009884989945903365
705,-0.4681106648686454,-0.3685863693752416,0.0005934378520160642,-0.02880259497266669,0.0014934422278077475,0.011139442438030485
706,-0.773631020967907,-0.35323549934034515,0.0007307396397341675,-0.02880168274521588,0.0033032496408592037,0.01050313752410254
707,-1.1867498485654377,-0.3286639066954919,0.0009859336577320292,-0.028798399050555142,0.006823544471831197,0.010605058026045272
708,-0.7308399358683,-0.4148340860282667,0.001120619429302642,-0.02879224555536404,0.003202900970303169,0.011799599082569352
709,-0.7822609924292403,-0.3514664466510136,0.0012546043727248856,-0.028788169718664013,0.0033607593234748073,0.012539640800573737
710,-0.8410041120831441,-0.22856287148372675,0.001430237893143786,-0.028785584146040696,0.0038520532820112002,0.009942520416236094
711,-1.5165199373146074,-0.4511402817566826,0.001781529190516477,-0.028783524053365202,0.010535179305133572,0.013398616356599826
712,-0.5645560704732949,-0.2950122276249943,0.0018559716409616218,-0.028781737634985056,0.002039119101253688,0.011862334246111047
713,-0.6511908144373452,-0.43772217016996295,0.0019591752545829615,-0.02877348542796245,0.0024962382142802823,0.01235577399411027
714,-0.5166996908999366,-0.33541376291581604,0.0020259687541348418,-0.028771453368696548,0.0020763564848390497,0.01060326746124924
715,-0.562127263642388,-0.46979176315942234,0.0020960250533165283,-0.028761326390824918,0.0018685313767304698,0.014172459244958819
716,-0.3748924653792183,-0.3346316022563626,0.0021335173558396036,-0.028758899973946664,0.0014533450796504887,0.010559180328202359
717,-0.5412999378683657,-0.4667915641106316,0.0022246207737899922,-0.02874878984254844,0.002513694105941267,0.010942123095690084
718,-0.8281294153566416,-0.3804358292725276,0.0023888202640917804,-0.02874717417823636,0.0034713230620897003,0.0126771610854236
719,-0.38370374610085434,-0.3119812610853103,0.002433888564582465,-0.02874178437000454,0.001255046829288247,0.00909319891707985
720,-0.6753254805569017,-0.3487964760168973,0.002557145229792382,-0.028737682951747848,0.002288555826087338,0.012210584821014631
721,-0.44657647814401463,-0.36343093497705936,0.0026083564354240072,-0.028733235412619375,0.0014773186505165103,0.010191584957289496
722,-0.7581831326882357,-0.32074626375665355,0.0027530713302978895,-0.028730642343167176,0.003190003659824403,0.01114447329757248
723,-0.849156920691209,-0.31629149186541317,0.002901915157127625,-0.02872673126339115,0.0039697378787333865,0.010096822387761531
724,-0.8587118192340513,-0.31069906506428685,0.0030634256973273207,-0.02872300564061175,0.00358532285416672,0.009871347425854647
725,-0.9828018776089378,-0.5119834342923085,0.0032506575220044,-0.028718083184979343,0.005147169339974314,0.013444292382566602
726,-0.49885970948622027,-0.39799643964836445,0.0033143099135445127,-0.028714291979238207,0.0015800134790020374,0.011240212385625508
727,-1.0010157686322676,-0.3444214270548378,0.0035267579980113473,-0.02871206358055502,0.004642237822045071,0.010099460583230392
728,-0.44048166797958554,-0.5024601646752604,0.003570143029791998,-0.028705233900876766,0.001802272409456571,0.013257635372740191
729,-0.33229398442938834,-0.45995146912157175,0.0036093492027122072,-0.028699972754266896,0.0011296258817964093,0.01460936732115243
730,-0.6949051174190005,-0.41005247835677455,0.0037269119924149,-0.02869463505791746,0.003539761071932429,0.012697134233518934
731,-0.9027888551574746,-0.342592365239761,0.0038943744013785566,-0.02869093108535615,0.004505634224039708,0.010444698389281045
732,-0.730849709685667,-0.3302622708531251,0.004036623384691056,-0.028683916151692596,0.002782571394728242,0.010600116438885305
733,-0.9598794921698527,-0.37620044697636174,0.004224051037734343,-0.0286755946076014,0.005024030627741729,0.010079400886420163
734,-0.2748000698770519,-0.33363822399339144,0.0042427160216248995,-0.02867403218486872,0.0011699601869768783,0.011776818668712134
735,-0.3857136332555061,-0.357341976335605,0.004277800231820976,-0.028670582342149926,0.0014761705106330898,0.010897058670388702
736,-0.638704005567378,-0.3333915345359154,0.00438827386009887,-0.02866340373379462,0.0023159686140017508,0.010781472348060877
737,-0.4860278897595819,-0.34058916779649434,0.004461961572216529,-0.02865573565032195,0.0015406900309369266,0.010519026766151364
738,-0.5958107141908681,-0.3541275085465796,0.004549562229963531,-0.028652508378508638,0.0023516248874314097,0.01234655970849969
739,-0.36217969425663504,-0.3684121591667897,0.004590104161029287,-0.02864927359733311,0.0011212536188234818,0.010968880389994266
740,-0.5949517519385986,-0.4047497461995234,0.004650686985686477,-0.02864265217170416,0.0020203035429992348,0.010611826911643083
741,-1.0682851426738076,-0.29916586846566146,0.0048846656117002285,-0.02863995464229829,0.0052775627095970725,0.009583074696734965
742,-0.6112456122135936,-0.35969229378630313,0.004987832647552943,-0.028635713116165123,0.002351748068608553,0.011234318068198008
743,-0.40376218583397505,-0.33227566376014045,0.005024577096849043,-0.028632072062534684,0.0017782233775903758,0.010145995888709508
744,-0.6272111135966744,-0.2844692045936585,0.0051312757493135385,-0.028627996866935082,0.0018957811271337662,0.009391151468400433
745,-0.4737235832613823,-0.32553246206381525,0.005185520395384308,-0.02862560352144143,0.001676501237072776,0.011536969119739272
746,-0.6886180372014413,-0.43962610499413957,0.005290762389817584,-0.02861848959090504,0.002199015922813871,0.012876068833352522
747,-0.6817667777591605,-0.33009844748442824,0.00539553162355745,-0.028613297924780484,0.0028099757212822953,0.012191233151673832
748,-0.6223511808110219,-0.3687829695964819,0.005503157161461099,-0.028605436099682503,0.002493915314725007,0.009968554590307403
749,-0.6132092068152223,-0.3517772445718944,0.005617706574299789,-0.028605067648843793,0.002275207222084328,0.011000947564213128
750,-0.5040444621628464,-0.326709211752809,0.005685349709410361,-0.028601743499734142,0.0017782803703924133,0.011380237034813435
751,-0.6414919824914687,-0.3470044231837147,0.005799518558854786,-0.028596913054771973,0.0023886156541962815,0.009927346126039066
752,-1.12989778892599,-0.3646154854123481,0.0060462363445903415,-0.02859456193653618,0.0068142557815379845,0.011271697496225305
753,-0.5708966359948653,-0.3063735773551257,0.006116813717360329,-0.028591068917659522,0.0022147221621490925,0.009828747018819693
754,-0.5550627792978924,-0.34996541029381756,0.006199977131230589,-0.028585295305246516,0.002455610643656711,0.012264050547719159
755,-0.3946800127161822,-0.46192755984786804,0.006249214397646161,-0.028576466803774524,0.001376319134869253,0.01258517802906294
756,-0.5113960697684384,-0.3778707330706866,0.006334751244133591,-0.02857023163176676,0.0021974841040187385,0.009512235181137302
757,-0.9978502449652354,-0.4590593616616995,0.006552032355823466,-0.028559102368943233,0.005343033844722363,0.01190578087157847
758,-0.4541513254939669,-0.2975849518467194,0.006600896354295151,-0.028555351273610925,0.0019525686118993582,0.010698628481647527
759,-0.6514270414703006,-0.4348688089008842,0.006706717309765196,-0.028553834492098935,0.0027822793914582212,0.01245857969113641
760,-0.7162649797375014,-0.46748448069942855,0.006826659789567959,-0.028548862543870207,0.0025096251866167933,0.01335372567467587
761,-0.6656458052091994,-0.32861177525469226,0.006946835969438578,-0.028544224116068242,0.0026611587257551338,0.009795469721895865
762,-0.6393528775555594,-0.3707123348997881,0.0070461329628843435,-0.02853808637569699,0.0025873108664174445,0.011524669767396927
763,-0.5575023857357025,-0.35876868191112715,0.007125329984605198,-0.02853332093581147,0.0022768722967826983,0.010385046301539047
764,-0.6138219153786356,-0.41082445450516664,0.0072229817486357175,-0.02853012697153591,0.0024808129271779453,0.013602484498037155
765,-0.5511638363375745,-0.4330221927008894,0.0073021990155901,-0.02852783441152884,0.0020817801109288755,0.012886827811244858
766,-1.4046307047959616,-0.49069791950021613,0.00763656570217897,-0.02852012981803117,0.010163335626969736,0.012148830552145655
767,-0.9144353472801808,-0.3695042497658651,0.007809007925459376,-0.028517607820064947,0.004614711236101271,0.011893595855426002
768,-0.34095759806315445,-0.28578776008645684,0.007838654200599562,-0.028511342307026802,0.0013725046986659598,0.009719488799006082
769,-0.4544511439674169,-0.34133563651725923,0.007891310014479375,-0.028500067213266728,0.0016235307348171277,0.011092258248687318
770,-0.4251935910821852,-0.5079673483246411,0.007929400997955038,-0.028493173505512066,0.0012704618917377193,0.014256300069460838
771,-0.33760565758560335,-0.37295488561368756,0.007963061633084016,-0.028489112911496486,0.0014739023823804461,0.01141801641563085
772,-0.5584121747947962,-0.3003515709395323,0.008049912923498069,-0.028483832713839738,0.001904705106556274,0.00950284148983943
773,-0.7001350702390161,-0.3131818254522532,0.008173880585704753,-0.02848084223574891,0.002593110783501176,0.009507131739068732
774,-0.5545099388016859,-0.40869545262227824,0.008243970094894696,-0.02847777025156086,0.002195823634023203,0.012503734178357227
775,-0.563322118449954,-0.4114791395715807,0.008343750103790872,-0.02847862879084088,0.002463563425823832,0.0110736984761824
776,-0.4685578127689796,-0.3655568426020788,0.008414002244186019,-0.02847851155822497,0.0018202436853925568,0.011227806949028783
777,-0.6381687489910426,-0.41949281847323416,0.00852917654668125,-0.02847265100576617,0.0024681381865025867,0.012240944439923754
778,-0.7003423181486778,-0.42382474431900236,0.008662398990947862,-0.028464936200456235,0.0029022637416603915,0.010275114191049074
779,-1.1922950788708004,-0.4759797592377721,0.008943265857483904,-0.028450721151935324,0.00755878843674612,0.015238400280840286
780,-1.3611724462408825,-0.3776627047050208,0.00927710665320188,-0.02844600467061294,0.008953675128551077,0.011996883119792712
781,-0.5784545463863371,-0.39510319211165684,0.009357882156886444,-0.028443889737988035,0.0018975582351453359,0.013087480078317807
782,-0.9973199755112911,-0.39466022869428663,0.009531784338440616,-0.028439112578539823,0.00475994039725571,0.011326832071632558
783,-0.4482494999674723,-0.4411080929508515,0.00958712132951517,-0.02843524072392384,0.0015203357989572984,0.011836548393045812
784,-0.5495913979171118,-0.5643287756170131,0.00968308556710214,-0.02842413513719752,0.002297707301886934,0.012305541652139962
785,-0.6310154628945066,-0.43876839154735764,0.009779712970042414,-0.028411449259513787,0.002095949742339298,0.01188148228197312
786,-0.5633427658863186,-0.38199421841249903,0.009861478134256592,-0.0284062897447652,0.0019328420055608378,0.012308722328061766
787,-0.3910683429720795,-0.4280162276800047,0.00991371246046612,-0.028398246714348728,0.001329926877151035,0.012305499013192254
788,-0.403654858807881,-0.4041856587873931,0.009977387432045725,-0.02839412319593055,0.0013476038332251778,0.011272872408739774
789,-0.3731530429059208,-0.4662503453593085,0.010017015714393137,-0.028390358795327215,0.001153483988533986,0.013006160354633393
790,-0.5508938659045605,-0.3058211639065918,0.010106792764248043,-0.028385725960362228,0.0021313476479284344,0.010984704480531432
791,-0.49517011585584464,-0.35972834457341274,0.010178981588091524,-0.028385070089235673,0.0018492896655381576,0.010782696195806596
792,-0.7406103786368401,-0.4047943565520157,0.010322744895986974,-0.028372906925947048,0.0026746142256980124,0.01062105841980334
793,-0.777272541441139,-0.33419265963320466,0.010459517844764402,-0.02836830393923253,0.003226480924706179,0.009372388082299014
794,-0.5686754322203992,-0.3197847217381295,0.010532177336331404,-0.02836425059945315,0.0020563394562031954,0.010142097446978247
795,-0.5952217213055505,-0.2401417444396426,0.010641451193142705,-0.028362417743221326,0.002055700333353225,0.010122969453768154
796,-0.6804443462624546,-0.34338046827223695,0.010765030991034147,-0.02835725676010176,0.0024104320983551124,0.010974225349545872
797,-0.5029653383518657,-0.30688696341186006,0.010828822520920812,-0.028354853712713075,0.001957766043384726,0.010671559381659826
798,-0.7265442288791203,-0.4641370222727956,0.010982065852039948,-0.028347439877124604,0.003031066395372775,0.012800303462979177
799,-0.42649162372191884,-0.4227218151565991,0.011035759737865043,-0.02833656187794699,0.0016884427535647684,0.011685114489479563
800,-0.6197097430074855,-0.463307408989113,0.011148052006904951,-0.028331679246310353,0.0023060757408474605,0.014675087327934431
801,-0.35945796353389176,-0.3775886998661982,0.011184775185886583,-0.028326430795490444,0.0010202175541437575,0.012202270261038171
802,-1.0147305970401936,-0.3416696684176067,0.011345137529611806,-0.028321467348961307,0.0051873785218220295,0.010967899118552627
803,-0.5347627386511301,-0.3113636857724631,0.011434122211321243,-0.028314978521691053,0.002172032128692943,0.010686208987889774
804,-0.44494144843261973,-0.4395103058997347,0.01146861092614863,-0.028308474674837342,0.0014921551374127563,0.01205376569368069
805,-0.4618805813526551,-0.388925680149352,0.01152556294607167,-0.02830489359384289,0.0018049246147599513,0.01111908113839051
806,-0.5640088001180061,-0.46977260195731185,0.01159043357203368,-0.02829603788176778,0.0018567460680323695,0.011843418735174974
807,-0.5287961840917942,-0.537544072433323,0.011664076192849858,-0.028279925672658166,0.0019264198932022305,0.011923747612311943
808,-0.462474014876844,-0.3398640248761708,0.011725815400123409,-0.028274097315884445,0.0020264101386876406,0.009137594480922714
809,-0.51468523709814,-0.37531868827574477,0.011807757386282675,-0.028270362951445277,0.0021729541204235847,0.012254370280968804
810,-0.3924714384519217,-0.3601996951678231,0.011850286393666486,-0.028264996479995492,0.0014698504145198867,0.012088819123600675
811,-0.44341149549917336,-0.44461714939702207,0.011892253908952023,-0.028261103923253046,0.001678817113824298,0.012098839222139238
812,-0.8485262384983809,-0.3407452724796216,0.012049726234383943,-0.02825761755898455,0.004270421728484666,0.011048098776891772
813,-0.5880419371301859,-0.29592542975486963,0.01214468171012094,-0.02825235095222035,0.0020653028945532654,0.010595283776452434
814,-0.432898120121379,-0.266374011472818,0.012192816001696947,-0.028248523169115212,0.001409927385534417,0.012761957572473111
815,-1.2197927864088152,-0.37771128997538506,0.012448454266945169,-0.028243916166522998,0.006418276674542649,0.012749126830388252
816,-1.134681299761879,-0.40720405580503677,0.012671792872709428,-0.028238870661891808,0.006483526345975903,0.011761120421251285
817,-0.6302591640907583,-0.36487358003060694,0.012773205849640572,-0.028237863884529014,0.002324185750897111,0.013319001569903153
818,-0.664321390378537,-0.4161653551447826,0.01288101442420728,-0.028234066313658813,0.003128207954370531,0.01383369751551733
819,-0.4253650852211104,-0.5646697795123512,0.01294094996998228,-0.028226029545275415,0.0015735726533850798,0.014477922603519947
820,-0.41574321797145597,-0.48388486168613065,0.012994225232184877,-0.02821798066893143,0.0011163635255827258,0.01176509461106271
821,-0.4414128343155885,-0.464185024512091,0.013041707335652198,-0.028212202677887283,0.0014457195776412324,0.010499013640758621
822,-0.544913488683156,-0.3341723736351972,0.013106753877118932,-0.028209447538193128,0.0017883057279116073,0.011461765917847222
823,-0.6008786257128322,-0.3591831747894746,0.013202176240816241,-0.028199973986383582,0.0023640885391110985,0.010015890655607722
824,-0.8261153408848194,-0.37471770061611404,0.013349861829636768,-0.028189894279626076,0.003241188489200494,0.011478527124878223
825,-1.8391393363245843,-0.3492017250052368,0.013766155927908008,-0.028188440760102136,0.01420585590267582,0.011918203493899012
826,-0.759324343530017,-0.27492682311432215,0.013919843386698879,-0.028187439922156943,0.003573108907666946,0.011256616884721396
827,-0.39734721166158465,-0.4033230516445402,0.013946154821951022,-0.028184366603426582,0.001432162126685297,0.01056711606068194
828,-0.497339506884042,-0.34841872000875507,0.01402210353283911,-0.02818088862756295,0.001898847307864073,0.010358556568014144
829,-0.5420234622470627,-0.4694263508020447,0.014118030211121013,-0.02817762968126331,0.002019776144092396,0.014106222660501497
830,-1.149114429712899,-0.33259283257627215,0.014347215777937527,-0.02817614919153938,0.007491868055689431,0.012737584677256952
831,-0.58268581889148,-0.3292028045153709,0.014429390100990147,-0.028172000008602288,0.0021048215462784285,0.009548936174894853
832,-0.9180751743196471,-0.3227968225449415,0.014620203609581179,-0.02816933161539953,0.005021453751999928,0.010214213809617836
833,-0.4209904978065589,-0.44657950637437416,0.014655391302375576,-0.028164620922235786,0.001276669737744401,0.01395876033538091
834,-0.44597346489676587,-0.3182274190080711,0.014717117213033615,-0.028162802030803336,0.0014055703974657366,0.010431328161681264
835,-0.7785059324325398,-0.3448733822947635,0.01486111223388798,-0.028157869776100377,0.0033678775065366278,0.00991654820173253
836,-2.195025973845751,-0.33882106761419994,0.01537145097402549,-0.028153818825913675,0.022145030468518522,0.010675695885521436
837,-0.4619424085221482,-0.39523320183780253,0.015415054918148633,-0.028146690050033334,0.0016970504480764606,0.011347778615854604
838,-0.613574965776174,-0.4064335620193521,0.015513892975034655,-0.028141453640530965,0.0024237554863536285,0.011168215531331889
839,-0.4845105999823981,-0.373292942850785,0.015595971732174954,-0.028136781942205705,0.0018190909010619197,0.01220612942162586
840,-0.6085441041781303,-0.43071774369530375,0.015690921038818733,-0.02813445865727457,0.002896176415172987,0.01223443043625192
841,-0.4711365400221797,-0.358798461563912,0.015750282112304725,-0.028126799408436383,0.0016802572043286895,0.010896727300551058
842,-1.5373856479892534,-0.3963130917308589,0.016088940173085813,-0.02812010469288592,0.011111895719481684,0.010438007673542587
843,-0.4818322811895755,-0.44095063050492206,0.016152757166986977,-0.028112767405523764,0.0016588608253367376,0.012759835239614761
844,-0.6422609914687655,-0.4090028790813899,0.016254508421522262,-0.028101692377096834,0.0025162406740926045,0.01235000894040982
845,-0.5949286324113406,-0.47743255794858797,0.01632628130134469,-0.028092718489467813,0.0021477011311767566,0.012098767206778833
846,-0.5418973127406537,-0.4023059532066875,0.01639433039309725,-0.02808756697471675,0.00199302780722605,0.012122581143060475
847,-0.7627914319108764,-0.3573970596604047,0.016526321795710588,-0.02808220228941844,0.0034609165163639564,0.011465117716800454
848,-0.4117276077044418,-0.37683586512305395,0.01657642782521757,-0.028073745594125843,0.0017096642265823894,0.01202534464767165
849,-0.33971376877276316,-0.5003201051707634,0.016612480989033885,-0.028070360307999753,0.0011520761509375777,0.01298807178484372
850,-0.6770232629550448,-0.41091707759240687,0.016736851910758816,-0.02805813598085954,0.003067737934260455,0.011185542214151247
851,-0.7287763199191247,-0.3700813064046553,0.016868805528165977,-0.028052687887462284,0.003600281288491942,0.010777745199346189
852,-0.6523349537010543,-0.422955137430286,0.016977927515077092,-0.028047202213053266,0.0024481135603836557,0.012485414502526387
853,-0.5524396515258361,-0.3444309311038102,0.017063220254611634,-0.028039512433895963,0.0021509945074602347,0.009978014270261659
854,-0.883897419309824,-0.4596642855608833,0.01723299272592446,-0.02802821169615881,0.00436976400456431,0.0124952463140443
855,-0.517601242809024,-0.41155728726232466,0.017321244770562714,-0.028022917261606085,0.002075631551206799,0.011943375785324721
856,-0.3870656755630495,-0.40612438655986827,0.017368484327232942,-0.028013955168217333,0.0012347041623375725,0.012713982399098352
857,-0.39136298613704584,-0.4038662243705835,0.017415440934221184,-0.02800432514921974,0.0012859250675190254,0.009682752925566673
858,-1.0290814910139743,-0.4471230667726454,0.017629995293419756,-0.0279957885207234,0.005031258283704379,0.013034323791721491
859,-0.5027046100251643,-0.6191156424313128,0.017697770631361118,-0.027990162589239743,0.0020182883015682227,0.013508193535064132
860,-0.7156101434775524,-0.351881449451794,0.01782287993604886,-0.027980492849058396,0.003117541758938049,0.010968795830719366
861,-0.46720571603171834,-0.3782428789885374,0.017871493241131988,-0.02797399767882265,0.001833302401372356,0.011927060894512433
862,-0.3703628866267575,-0.31832626761990285,0.01791228713577106,-0.027968836420905505,0.0011976266592102912,0.010457097388466802
863,-0.5078431799624612,-0.408181951206477,0.017990153561264745,-0.02796249078512118,0.0016323815908221907,0.0113324548557651
864,-0.4511304080039596,-0.315682883455146,0.018058541506241674,-0.02795823599382062,0.0018327573047922376,0.01153667557583506
865,-0.5700407382121322,-0.4495387226806797,0.01814507413359474,-0.027952981594367595,0.002250501123204284,0.010650743688176456
866,-0.456370993718804,-0.37044911661552216,0.018214541960727238,-0.027942964111930053,0.0017490847308337966,0.01082521078884012
867,-0.646866016059668,-0.3300917417041775,0.018315759815172455,-0.02794053668983352,0.0031648580667739123,0.011863875833604712
868,-0.3734679100022786,-0.39910356635863725,0.018361744447934036,-0.027935693375474385,0.0013964272487258795,0.010481921317511887
869,-0.43694647220248056,-0.3026867638035799,0.01842234704125476,-0.027931366080805844,0.0016421220473807183,0.01009633813563672
870,-0.4631536983490954,-0.37948869229578375,0.018489107984193894,-0.0279255255007216,0.0015727542555597947,0.010915901302080502
871,-0.38619642585283664,-0.5824977731644285,0.018534798771079813,-0.027918715586826546,0.0010923665609191854,0.015215422498335164
872,-0.4608368310547575,-0.5231885571303014,0.018600022018813205,-0.02789918400077272,0.0017197846724173486,0.011023427131374393
873,-0.3280977939217662,-0.2870412603338291,0.018639920333598983,-0.027895127250243002,0.0011179711319399242,0.010185571700030892
874,-0.5182429760436986,-0.3289371474321763,0.018716224934254556,-0.027892937344793575,0.0020936848193781315,0.010086988296357145
875,-0.5906270026609379,-0.4033246226082011,0.018794975656287873,-0.02788785944907884,0.002564722795055502,0.013348935906526147
876,-0.6312599793495438,-0.4344993664553571,0.018904083847518224,-0.02788365432201398,0.0028353367093820877,0.012763646996386692
877,-0.5882735932874559,-0.4474411613978973,0.018981761977301462,-0.027874459036543627,0.002074562249736332,0.011724368508501497
878,-1.0999288725786778,-0.41854919542169383,0.01920666590918978,-0.027870409631645353,0.005852168667215397,0.01268092534741854
879,-0.5329271811892755,-0.35292841391663965,0.019261475935618753,-0.027866729705195815,0.0017860212687970264,0.009735974140051874
880,-0.6747475482252262,-0.27231032287080165,0.01938812974515408,-0.0278623304272754,0.0023307267716719507,0.010653144634143921
881,-1.532295345535442,-0.29920674896815375,0.019711766165226144,-0.027857216458986866,0.011343300203239879,0.009963995718457639
882,-0.4902674044948087,-0.4316204041676634,0.01976852903923705,-0.02785076535658795,0.0017020226045188491,0.010678201325659253
883,-0.4797166644593821,-0.35339102421513635,0.019836569978926088,-0.027841561259542947,0.0022490546000611725,0.01061450294659553
884,-0.5720532116397428,-0.37328345497731114,0.01991826801674205,-0.027837670170122963,0.002293553105457788,0.013381495185910254
885,-0.4191139919807683,-0.29569046688579786,0.01995783329797677,-0.027835471926309256,0.001364156770262409,0.010050588864146897
886,-0.35891554110233254,-0.37165844525398045,0.020003105284984477,-0.027830981603851602,0.0012491622699155552,0.01129861577945382
887,-0.8171918836756392,-0.38606619151755,0.020160866876250016,-0.027827269503937394,0.004379311828916713,0.014373982921050235
888,-0.6603436111950989,-0.446618814191261,0.020270247092270644,-0.027815886021537766,0.002603664561866859,0.010125973290600766
889,-0.8022007063852281,-0.40020928495495633,0.020416734974834934,-0.027810234668769276,0.003511355520827433,0.011285420848593004
890,-0.54069012329038,-0.3136514255874282,0.02048611261687085,-0.027807501663448145,0.002253647264437568,0.011676334078357303
891,-0.48442049875459436,-0.36923064979858766,0.020549942741029437,-0.02780498667683982,0.0021148662059402644,0.012542829589502274
892,-0.412444711144311,-0.5004527314246133,0.020598196846040258,-0.027797993307062695,0.001471408225402251,0.01362462179394794
893,-0.9554926468086529,-0.39854786104786905,0.020758376618056955,-0.02779354225167594,0.004134109846953816,0.011620403796278836
894,-0.5787533639537205,-0.364636923036148,0.020849700613413336,-0.027786988812001215,0.0019256316910105371,0.010722347387362642
895,-0.4479067493261349,-0.29835025617154515,0.02090740374405698,-0.027783680012665086,0.001436175947834739,0.009088289775305
896,-1.1628863120478976,-0.364201413955918,0.021137605231937362,-0.02777780555360044,0.006701701379740752,0.013942181092989557
897,-0.33669905021790975,-0.39213813886772253,0.021166222358486024,-0.027774517429639062,0.0011709284756208915,0.011177675051650075
898,-0.4597762155858884,-0.3398646233158845,0.021252746135634454,-0.027769268574204437,0.0016683136495490554,0.010759306444406404
899,-0.6321812808786234,-0.3205742343076297,0.021387554412277528,-0.027766593333105924,0.002641653309570357,0.010342375044069024
900,-1.452881117848901,-0.3511471623186907,0.021714473216736186,-0.027763767071680493,0.01156293626449735,0.011871572012774806
901,-0.46399083209706543,-0.4016952694191472,0.02177182003777475,-0.027756439511515296,0.002016087070857206,0.011858654721425239
902,-0.6727169789724431,-0.3379487343534354,0.021881410691206128,-0.02775136549147015,0.0026191733934467264,0.011931862088162395
903,-0.6219489262934685,-0.37120253001496417,0.021984444793469133,-0.027745836606011594,0.0024998720750249973,0.010214615351703489
904,-0.534813276163396,-0.3946592003744494,0.022062426054748608,-0.027743488780012687,0.0015864235108498004,0.01198179089587629
905,-0.2846079712880767,-0.42846725565656757,0.022078391217689727,-0.027738678141695398,0.0008711361757658799,0.011790104968141792
906,-0.46873113340392636,-0.3320297486286293,0.022132559964162513,-0.027733268594966536,0.0016265759895560815,0.011286375864086071
907,-0.35273572590552205,-0.4016082776187542,0.022164086648185526,-0.02772546926566985,0.0012737675256432545,0.01248446876527181
908,-1.0043834340270146,-0.40626851675996306,0.02234882866654266,-0.02772060633498038,0.005304260094759739,0.011027648315509219
909,-0.8429170723115901,-0.37654211609517124,0.022495096014535802,-0.02771592376337081,0.0037736951298018243,0.01196470915611948
910,-0.47147663226724545,-0.40153845576280545,0.022549485503509985,-0.027711136978047633,0.0018804682275491104,0.010798396257059688
911,-0.5594097258054866,-0.30245386685738,0.022642560188574617,-0.027708529404415046,0.0022829313527753152,0.009642442687351425
912,-0.4750942662470491,-0.29114800334174623,0.022696695607991712,-0.027705328161343936,0.0017691924983156125,0.011021737475475227
913,-0.6482721158156917,-0.330960810600779,0.022813809153059156,-0.027699845024880206,0.002736044222885758,0.012162094997858038
914,-1.3856763643161034,-0.49864509702729554,0.0231276353172787,-0.027702621144555992,0.009972498628903552,0.014397134788476413
915,-0.5092822285576992,-0.34588540952153607,0.02319493124829874,-0.02770190404362343,0.0018248659884262236,0.012238721853153944
916,-0.71955428143014,-0.2603468060363093,0.023321400438172588,-0.02769838221843653,0.0030043906176863877,0.01017822384374978
917,-0.6581368325835758,-0.4089507236751797,0.023424847754219155,-0.027691854122344345,0.0025666179962833694,0.012768833331372808
918,-0.40877947248105845,-0.365890556446995,0.02346306580036255,-0.02768212753731024,0.0012182956711810561,0.009207743840702408
919,-0.38818605685990476,-0.3354199205529678,0.023501268094706967,-0.027671786344704546,0.0013589754468504756,0.01171779372518741
920,-1.1628640086260686,-0.3720779295333393,0.023742347111416373,-0.0276562851247041,0.0072875628196716405,0.010578663485034941
921,-0.41760247880382567,-0.3882832298778046,0.023791259044206977,-0.027649700279215098,0.0015548305060287654,0.01164258204896645
922,-0.40752628702913296,-0.3721411452629822,0.023838253770408997,-0.027647379011676156,0.0016035407837062016,0.011528813890895957
923,-0.37964682535077937,-0.3693193938772655,0.023886629289546022,-0.02764814788043977,0.0015799811269674576,0.01341902062094628
924,-0.6118108460979051,-0.3517389121432735,0.023986455709271867,-0.027642081320133127,0.002689372098355505,0.011118500155028608
925,-0.4309301472623369,-0.36470205949318596,0.024051303855212102,-0.027637418367178822,0.0015034501083197695,0.011089621160984551
926,-0.6266135825024131,-0.4637808901727106,0.024165793266075198,-0.027618797815982806,0.002693018047994789,0.011215360760493986
927,-0.5622550950185317,-0.30020269528030874,0.024256958872844903,-0.02761504026759683,0.0025980003293853667,0.011855963550809829
928,-0.5769671155951873,-0.30653065970148935,0.024345577895769594,-0.02761231034095637,0.0018998084936698136,0.010431429931200591
929,-1.0646461016191264,-0.35153956824954774,0.02456387172208328,-0.027609257638296338,0.005557707323915035,0.012292919617263623
930,-0.42545567379376736,-0.3242054563360805,0.02461228958843507,-0.027604891529199913,0.001351136076163242,0.010848578940481931
931,-0.66800493630894,-0.4165245574182168,0.024741612313140832,-0.02759698095639009,0.002934786005955038,0.012913137995012538
932,-0.8521283647925265,-0.325125561446853,0.02490775424576921,-0.02759426730384452,0.0037533915672219908,0.01228275710416549
933,-0.8650888970599294,-0.4498486724070195,0.025087379697619372,-0.02757700183894012,0.0038511925430481987,0.012509553909810877
934,-0.6493462713174101,-0.44084906721733386,0.025192143105051253,-0.027572399010057102,0.0028928358215717887,0.012646008614474137
935,-1.026920664131464,-0.35670555083836863,0.02541203945158416,-0.027561776571186483,0.005293970608453149,0.011542083461957092
936,-0.4080694563034615,-0.33700214288361435,0.025457558332349497,-0.02755572240296218,0.0013419003259809285,0.011020500672679378
937,-1.3104682795695153,-0.406273737867086,0.02574421290164966,-0.027546107281488798,0.008720101704197014,0.009771375895305816
938,-0.6687745102002842,-0.34362946508251785,0.025851510838243122,-0.02754191601402877,0.0026420668750920463,0.011011085969099287
939,-0.6972133173140025,-0.47989129996950497,0.025958256994570432,-0.027537450809250342,0.0026596525105397296,0.013035725458929356
940,-0.4499312902941481,-0.39264325452254994,0.026013410942612756,-0.027533595855157543,0.0015001953890950042,0.01300962154106804
941,-0.41984306228133356,-0.4326633298588453,0.026060524569918378,-0.027524743296745296,0.001587631381700044,0.011604941533037092
942,-0.47927279813981477,-0.38224184824266993,0.026145398961565317,-0.027525442243742773,0.001689590991183894,0.01134671150044594
943,-0.38784711085240636,-0.34936641425481346,0.02619056959128087,-0.027521001781238123,0.0014981609535090448,0.010112088240025291
944,-0.4718283430663041,-0.27471681283732874,0.026259923316045326,-0.027519754045744492,0.001665087456487352,0.00961071655319526
945,-0.5988902059538321,-0.3281180388625128,0.026350113338137245,-0.02751591800726593,0.002514542724188859,0.011431359607717078
946,-0.6183790700149744,-0.41957370623140605,0.02645378563406155,-0.027511076913837727,0.002708643849609936,0.011732463299082252
947,-0.862696838915032,-0.44358342326666467,0.02661458752744601,-0.027510752756907283,0.0037454159375426223,0.01222643835029428
948,-0.5125480256685807,-0.30747784978876097,0.026687684818970762,-0.027504347856164166,0.0017771460501780773,0.010850896061943534
949,-0.48342528557815556,-0.3474407966853457,0.02674478281695473,-0.027501406130094008,0.0017279665658625242,0.011705786227980668
950,-0.39510799829197035,-0.2979055926845882,0.026799999131485615,-0.02749660262488497,0.0014222694432152621,0.009894138318233093
951,-0.6670220244987005,-0.3727017173183611,0.026914172591652047,-0.027493053212589352,0.002458532867905652,0.009898276716490186
952,-0.6710022579155815,-0.3896821012254409,0.02702785878824902,-0.02748958765502257,0.0024323655315466493,0.012815740836926855
953,-0.47436889703374513,-0.38502651965432083,0.027094187978130468,-0.02748657247228286,0.0016635982392249054,0.010002176847204886
954,-0.4939562091549077,-0.4087127683606627,0.02716192962626131,-0.027482180434567446,0.0018219288182063347,0.013176459889198388
955,-0.7886884052412104,-0.5292772505662477,0.02730249986411042,-0.02746854857458342,0.0033941487260077913,0.012091601659234782
956,-0.8404071224219042,-0.3311809679827751,0.027477490732893184,-0.02746443743613963,0.003717643851951167,0.010682376450794891
957,-0.513232269717641,-0.38878651292836225,0.027553021603479885,-0.02745836643480327,0.0017902465708037262,0.010944841017301818
958,-0.3531162842281033,-0.43295440373591415,0.027581336595950297,-0.027453056986852173,0.001326929878471812,0.011562118260279057
959,-0.682012923339051,-0.3545129755747322,0.027673461732319993,-0.027450611057631535,0.002235826153249062,0.010790645914708002
960,-0.6764854452159542,-0.36574375427856115,0.02776641931793985,-0.027447152852556417,0.002412989325001544,0.011813126771791785
961,-0.609463743341124,-0.4076972717420224,0.02785103270733681,-0.027440943440655494,0.0024079407282878757,0.011311774269121968
962,-0.54765306695246,-0.4086135310463425,0.02794550671328549,-0.027430431876866248,0.0017706300719430204,0.011311513766048876
963,-0.54659137999335,-0.36380036017578604,0.028015270880880204,-0.02742928908561281,0.002357578786369804,0.012348694796230084
964,-0.614240252885804,-0.4225202440686493,0.028101218104999926,-0.02742283316928812,0.002544477013956357,0.010422170937146645
965,-0.49160589053141457,-0.34884773174895956,0.028172703238949413,-0.027419737759921816,0.002295238911466653,0.010752959797813903
966,-0.26135502966598423,-0.356630184422639,0.028195346800043004,-0.027415985826119645,0.0012042180405343048,0.011469672986414874
967,-0.5077240190028854,-0.3170729090928004,0.02826026390857313,-0.02741482039219973,0.0017043773730089048,0.01018279683701062
968,-0.3759853614681108,-0.4428810600183523,0.028300204267334005,-0.02741424431145152,0.0013752483469432581,0.011017546004855371
969,-0.30597134098464285,-0.285129829271361,0.028324125519951875,-0.027410291408563197,0.0012666939940997248,0.009664710642343217
970,-0.4428985351830415,-0.41074531235029677,0.028370083642014328,-0.027404953616615012,0.0016978597640700114,0.011931366887124121
971,-0.9715699056321414,-0.2734547342634721,0.02854971303740291,-0.027401416936860316,0.00417744875480592,0.010761394405115966
972,-0.7735456805425129,-0.3390384354985641,0.028682054623504944,-0.027399798856326093,0.002945153938058549,0.009909134796791926
973,-0.5876529478300884,-0.39699504600932545,0.028792991115310834,-0.027390563299467423,0.002175465657859994,0.014386021707676189
974,-0.6507405542215522,-0.41282157268025627,0.028883750885974037,-0.027382493544460974,0.0024925580826280396,0.011712025788583108
975,-0.5614244278406195,-0.491153899836913,0.028977230509631757,-0.027372447385986775,0.0016569607466801763,0.014560252765645378
976,-1.105344263742259,-0.3755605119173948,0.029235823246426956,-0.027370842704889733,0.005908431336817937,0.012996970017851304
977,-0.5528822139348383,-0.293225864473321,0.029317718479776905,-0.02736956687949729,0.002225604054984998,0.01047970167401551
978,-0.6065020607501601,-0.42375561489404745,0.02940984147084796,-0.027359947640268115,0.002442256653881264,0.012322090637622053
979,-0.2829118567925291,-0.4256479473957852,0.029427971952289207,-0.027351858716938172,0.0012431922172814313,0.012528748005153275
980,-0.7500771230337706,-0.4830010509067619,0.02955416212128439,-0.027347367901947594,0.002784479337805112,0.01414169675588008
981,-0.4058325724111569,-0.41768577331125384,0.02959620586671888,-0.027340009040345437,0.0011518103231468212,0.012597064608870358
982,-0.9851103624646739,-0.3714209295707916,0.02979757712030991,-0.02733004311760224,0.005433172536849483,0.010200391174387036
983,-0.5572895725894874,-0.44007054015668634,0.02987292452341742,-0.02732168387872362,0.0022687528884073505,0.01368490096109186
984,-0.30607907336163076,-0.3489967789867793,0.029911078586427938,-0.027318966476718064,0.0009261723280543087,0.0107759567675709
985,-0.5090449693171952,-0.3770573422519635,0.029978306038070356,-0.027310499552165964,0.0019010530525200061,0.01364165873936743
986,-0.7767324448147392,-0.36968247741113675,0.03011603275363845,-0.027310248259682247,0.003106614367781283,0.012624431059886108
987,-0.443953423465369,-0.42105042981363283,0.030164442837772205,-0.027308148418371248,0.0015504538170074671,0.012457641775154966
988,-0.5249349892762242,-0.4175245841893416,0.030247113687114132,-0.02730572923959573,0.0019646027908383685,0.01179109671853089
989,-0.37856714888517456,-0.30284692469085644,0.03029319442727617,-0.02730155770487864,0.001242899511050484,0.011304153546681506
990,-0.5591402651185458,-0.5137822959156085,0.030375016981035282,-0.027299959096175015,0.002285435007363381,0.014642442845910413
991,-1.2202734284012613,-0.26731052701678537,0.030649186074384577,-0.027297423685881884,0.008376962146650506,0.010620934811794889
992,-0.6078840869641142,-0.46738771105039306,0.03075491969330747,-0.027291725324901317,0.002058608850393214,0.014422552473358476
993,-0.6652245280716347,-0.31084039277275244,0.030842161088633326,-0.027287795309965154,0.0020941530601771593,0.009899428401114765
994,-0.4120231056613421,-0.39745355382254605,0.030901321876832078,-0.027281761109478383,0.001834974536432491,0.010568712737257117
995,-0.9075751394478659,-0.40620720447021735,0.031056526042413407,-0.027280225560615348,0.004254608631050731,0.010759652951724626
996,-0.4280273966403926,-0.30749455696200895,0.031104578453471143,-0.02727698653168712,0.0016810882151570355,0.011944625560627286
997,-0.8256086207206891,-0.3828056349058384,0.031262229581891954,-0.027277185912557917,0.00381905902827087,0.011741938738166419
998,-0.4490433622570201,-0.42883044158615974,0.0313256530389514,-0.027266949944716675,0.0016621252736252709,0.011411399872842847
999,-0.5798068325737163,-0.4208410836947276,0.031416282133915216,-0.027256610047136094,0.0019715989746687482,0.011710490631147452
1000,-0.5215661311127378,-0.4168119941800305,0.03149415104566363,-0.027250729714606316,0.0017779025593197368,0.011285084081319655
1001,-0.4986441581851871,-0.6493696161741687,0.031559732533074134,-0.027238430670061754,0.0022615476174701853,0.014551426837512232
1002,-0.5273898855718862,-0.42880571166408765,0.03163774224217115,-0.027229203130573167,0.002446938055980416,0.010877675747509658
1003,-0.6374233678854938,-0.4148694283004827,0.03173131020054594,-0.027224774100615006,0.002663278907149274,0.013354338085815213
1004,-0.9435435046225611,-0.2572775899176153,0.031929391876020986,-0.027223931062668003,0.004498288966832795,0.010766861742590585
1005,-1.2770865278339254,-0.34769724043703815,0.03220221928686144,-0.027218725182111502,0.007428820789161709,0.010712501039579629
1006,-1.883683442858749,-0.43424672251589497,0.032674700648505965,-0.027209396438472998,0.016371827376193734,0.011013382804328892
1007,-0.44001402580321225,-0.3808564718840713,0.03272660994207017,-0.02720235965504619,0.0015763709832971368,0.013638957263566209
1008,-0.4844182576843875,-0.3366731981743802,0.03279791081511016,-0.027200417002321932,0.0018628082156207815,0.012775224825375605
1009,-0.5641262405707823,-0.48064388593623336,0.032870145594156464,-0.027194772487894123,0.002031476117008321,0.013503729250778177
1010,-0.5988877003094701,-0.32807740966094384,0.0329636398361023,-0.027190721622122608,0.0024225256067234337,0.010189115263754545
1011,-0.47124028145380603,-0.41289093302524826,0.03302090284146691,-0.027184676186876814,0.0016751324987677486,0.011344214337631107
1012,-0.6607236830471394,-0.312197205881815,0.0331451430508437,-0.027180525467351033,0.002610681398038435,0.010756642106674616
1013,-0.46728244993804474,-0.42279594893853856,0.03320954342797087,-0.02717677377671306,0.0018305374366572966,0.012093750519137815
1014,-0.6561678488214951,-0.31981656047753726,0.033295989786818775,-0.027166067354272513,0.0025963463737091533,0.010965671718053564
1015,-1.490018095084895,-0.34717862694790436,0.033631745015697094,-0.02716477969998079,0.01137067224472579,0.010270128793386029
1016,-0.7896491896006532,-0.3622668706562141,0.033781782053450345,-0.027158790027423586,0.003093803395523124,0.011000098811504442
1017,-0.5282645284153514,-0.46890865243491725,0.033853721786310874,-0.02715662207670537,0.002103240901567719,0.012757062155518587
1018,-0.41503673770970645,-0.37702992202395796,0.03389908259279141,-0.02715141956921525,0.001470115562807382,0.012482088120953728
1019,-0.6486968879789557,-0.4221525675155623,0.034010930646685776,-0.027144614891368848,0.0023517973931196255,0.011423901854459502
1020,-0.4559437709690371,-0.37199626500016414,0.03405980576250137,-0.027140924930825695,0.0014411224134878772,0.012280607159315537
1021,-0.5923795596315581,-0.3929706545573828,0.03417555976470275,-0.02713852458180852,0.002332230578467644,0.011995970253145376
1022,-0.48400152969668286,-0.39153840139823065,0.03422453854623186,-0.02713440059084026,0.0018261037621262225,0.013070694495104783
1023,-0.5013457705724707,-0.5218930351140317,0.034302761142009704,-0.027127273543288897,0.0018881264111117778,0.014177280609560583
1024,-0.7102366225318439,-0.35396177552962077,0.03443898422461346,-0.027122681039178663,0.0029096574588059723,0.010379172452296725
1025,-0.40700821862372266,-0.34605972750404346,0.03448420471637871,-0.027122296844398607,0.0012475703000639977,0.012727814320317662
1026,-0.4348750236896905,-0.47047862532885526,0.034543358650048976,-0.027114834523574834,0.0013975904839076824,0.013213888830275383
1027,-1.1010399380207918,-0.35896587443390465,0.03476156800683933,-0.0271124143252329,0.004726817066160655,0.013117564767234198
1028,-0.528384317243135,-0.3924849128834632,0.03484179145922345,-0.02710536078742752,0.0017670289989632998,0.01255287558593451
1029,-1.1878753475500399,-0.44995700680593814,0.035084957409684744,-0.02710284066011765,0.0066423835406287345,0.013226060784917714
1030,-0.501671029640135,-0.3980689685263582,0.03515197324432797,-0.027097227237334605,0.0016382237256424416,0.01289174794498749
1031,-0.5244688758644881,-0.3633140270129634,0.035231104344969434,-0.027095511465570345,0.0020719434956526315,0.01135151579774003
1032,-0.27973579815000343,-0.36924545825382626,0.03525060840598547,-0.02708914686704584,0.0009690250185192289,0.010522295691526552
1033,-0.3081458133092732,-0.3528557136339219,0.035282852539616175,-0.02708728414968999,0.001126544861005284,0.012418654875697594
1034,-0.5842260691701943,-0.40339930339662095,0.03540199656248393,-0.027080865492527306,0.0022504342038815995,0.01313789236996626
1035,-1.24830301394158,-0.4142156785043346,0.03570596389616001,-0.02707003018158641,0.008781806876509795,0.012595562865189995
1036,-0.8601439576882612,-0.31610940041677443,0.035861769155542934,-0.027068119653886263,0.003675860633389604,0.012045662612102359
1037,-0.5004824598312685,-0.3256091469659357,0.0359362037768671,-0.02706425945207621,0.0017904986703948694,0.011013819555117568
1038,-0.4494248624461344,-0.5456155737336164,0.035990723289860395,-0.027053227879975793,0.0015195918937626106,0.011144917602059856
1039,-0.3591710968241494,-0.33438049836751077,0.036026698727433096,-0.02704891113554527,0.0015021407800871267,0.010461433186084355
1040,-0.5255908048535937,-0.4077010738127889,0.0360955526693711,-0.027042191826018518,0.0018340110706844214,0.011120063196062832
1041,-0.7951625194630969,-0.45046778713956614,0.03623998117095399,-0.02703799488152274,0.003192033684741275,0.010987537636319602
1042,-0.8838162650462539,-0.47717484150155903,0.036418070980272846,-0.027031964432808052,0.0035465285125781125,0.013873994566618099
1043,-1.0165206502962747,-0.4413853489545514,0.03662090067970713,-0.027027761076804553,0.004742996961919119,0.014370154115839733
1044,-1.3093819994379627,-0.2804294651461989,0.03691427569211692,-0.027025990962187548,0.008553691583593367,0.010222931534482674
1045,-1.0108466393930322,-0.4079624317823286,0.03710549990937186,-0.027016806597828184,0.004720162999617176,0.01096383792715242
1046,-0.45751283516402225,-0.3781283998288204,0.03715559691325013,-0.02701069514091118,0.0014382279544309685,0.011244525694488007
1047,-0.4857974612372319,-0.31341017736474724,0.03721060873487958,-0.02700304256961026,0.001750521931057186,0.011831857862688325
1048,-0.43570675952612364,-0.3993904455656716,0.037270775140284554,-0.026998631308997784,0.001712851603561239,0.01250452468592515
1049,-1.0032343919302222,-0.4220384098531305,0.03746775400276552,-0.02699566309330546,0.004832999710936174,0.011052233950588545
1050,-0.38302288124611117,-0.3967553927013265,0.03750750963452057,-0.026993033098410613,0.0014591397862758822,0.011157449448735979
1051,-0.5443351905888693,-0.4165418281031765,0.03758283269172507,-0.026985186432670786,0.001829635912959031,0.012132789189664607
1052,-0.61183732747711,-0.3143474884680771,0.037672540869796635,-0.026979618765756486,0.0021819583319298433,0.011837919179779775
1053,-0.4673063143847896,-0.46613762837948275,0.0377387827194542,-0.026971605063665326,0.0019107846732961745,0.010845330348073735
1054,-0.6055943195592022,-0.3872953356332039,0.03782665821957267,-0.02696379780516015,0.002239817951222743,0.011208668538437855
1055,-1.6587347715006502,-0.4356050166946241,0.038207338060311416,-0.026960631981931774,0.012614634714242888,0.011320033973209055
1056,-0.5385785601233816,-0.370713466636037,0.038291917414692137,-0.026954318510799966,0.0020330027342808916,0.013459618967743763
1057,-0.4297078145612113,-0.4952110335437746,0.03835336265985948,-0.026943080612961134,0.0016393676655341736,0.012008001867118206
1058,-0.6028535676723357,-0.4706165064810379,0.03845394046258344,-0.026935125250151345,0.0025378842655947847,0.012913758563651175
1059,-0.9906782865916335,-0.4480862298450155,0.038636258060378355,-0.02692844215018549,0.005708715900988352,0.013722374668069387
1060,-0.4235620309370427,-0.24500717074805226,0.03867788052489504,-0.026926419892521126,0.0012711695506173175,0.010063091151542239
1061,-0.520318689979755,-0.39835231785365904,0.03874885659291698,-0.026921933332915402,0.0017777557254549492,0.010982653539962282
1062,-0.8129729788347415,-0.4016951829869166,0.03888194332734095,-0.02691300703480442,0.0036489841681136086,0.01006535009126158
1063,-0.4729783359025156,-0.27173838040084497,0.03893588754182548,-0.026910615578912563,0.0015009223771753118,0.009744734662759259
1064,-0.6432536671418896,-0.4123508101863889,0.03902695522905679,-0.02690884802451505,0.0027325857888441515,0.0133222703134773
1065,-0.8027067945484075,-0.45931728047477133,0.03918614136207841,-0.02690205761662939,0.003319253539236874,0.011812186666703646
1066,-0.8293635781084772,-0.45785371869619484,0.039344278430145575,-0.026894684741268448,0.003757322143956585,0.012172665026358274
1067,-0.4228454980819768,-0.45132228235323385,0.03940031338312486,-0.026886678371149036,0.001384179956749878,0.011570998027136176
1068,-0.69020352343872,-0.39262284337333325,0.039481410016321855,-0.02688164778478294,0.002713990213807634,0.010509720369082575
1069,-0.9988032366717682,-0.32209735786503474,0.039671473320968154,-0.026877605454455836,0.004541127019120449,0.010742281585939773
1070,-0.4679225530206363,-0.3828781600492631,0.03971808708405979,-0.026867968001395005,0.001671726563288072,0.011263724603511141
1071,-0.5449581854881037,-0.3185716502316434,0.03979529829277004,-0.026866316276967995,0.002237198093873998,0.012482255639678511
1072,-0.48419352985912817,-0.3630814772463053,0.03985103593750498,-0.026863295373650512,0.0015466872109219122,0.009942298385374247
1073,-0.38906827699173896,-0.4269925767962467,0.03989562713913898,-0.026855904275319756,0.0013699368973003653,0.011084237228994952
1074,-0.5607218578871318,-0.3648185940718513,0.03997013720817422,-0.026854097421825134,0.0022119003507372844,0.011909074601586208
1075,-0.36080143102874423,-0.27798810087872083,0.04000833132194751,-0.026852822838493752,0.001198332300071284,0.011473969926931001
1076,-0.6803115669202806,-0.318485858782982,0.04013486660225619,-0.02684837346722586,0.0024901351926738258,0.012218965016256828
1077,-0.48011184278104585,-0.44405579086899283,0.04020638732755997,-0.026841154025852094,0.0018211148882112125,0.012047646606246736
1078,-0.4558420844411635,-0.41863990547091046,0.04028156808589335,-0.02683667678801004,0.0018434850428991497,0.010635043605706516
1079,-0.7652918932219397,-0.3737026502737233,0.040419781188160545,-0.02683243815029897,0.002675401236380147,0.01358252456304325
1080,-0.42593889438078747,-0.34458739700566743,0.040460111349611826,-0.026828575064920326,0.00153292753211883,0.010533152311351485
1081,-0.7602307825491383,-0.3417206588185954,0.04061137165612226,-0.026826280016736415,0.003040006321717587,0.012786936923585616
1082,-0.6951631007916955,-0.4170369065444236,0.04073804410816153,-0.02682289724399096,0.0036915190254038195,0.011338249598400327
1083,-0.6807752578517634,-0.39316624445845394,0.04083691703401022,-0.026813715858247232,0.0029738084175407113,0.010909949097545871
1084,-0.6050987017928862,-0.415309402144934,0.040928901059775334,-0.02680702990030944,0.002440335414821586,0.013914258750304522
1085,-0.40755205889750773,-0.4301096106485747,0.040992572730234274,-0.026801296697898623,0.0012385069085677205,0.011349909578052863
1086,-0.631413856028167,-0.3360422744963566,0.04109683830404534,-0.026798606773513093,0.0020714141515337666,0.011107812966328314
1087,-0.5402294593221528,-0.41308815495113904,0.04116964702979252,-0.02679617879782269,0.002046497798924587,0.013651468578723583
1088,-0.5813939785277197,-0.3718285315183988,0.041277321962710556,-0.02679277100153081,0.0023542466980918724,0.011041354369388641
1089,-0.7128173806133348,-0.3172222430017398,0.04141102858720757,-0.026789256018227386,0.003200821306782834,0.010815521840467924
1090,-0.3525079672730884,-0.4917199545475159,0.04144356836370207,-0.02677796805766289,0.001238899530278355,0.012820440153882944
1091,-0.42826918243259027,-0.46901607451959604,0.04150851197706216,-0.02677520211478331,0.0012961134064412747,0.01389639500769839
1092,-1.4073418528136576,-0.39775860444185435,0.04183545011993146,-0.026770917535511096,0.009386035305192724,0.01067237803230184
1093,-0.6497863016235639,-0.3512353582380509,0.04193152202713429,-0.026766914115089278,0.0025890350988654145,0.010384304329741537
1094,-0.4488943596905777,-0.4697263145805787,0.04197585496484027,-0.026756625709348288,0.0011918914295812532,0.012606933833913586
1095,-0.5268355254944765,-0.43125512818203215,0.04207079501036364,-0.026752654372970856,0.0019525681255770804,0.012896439931715142
1096,-0.6636105290409696,-0.3472735358386329,0.04219922241381845,-0.026749243322673245,0.0025455206870173596,0.012358033766675576
1097,-0.6903111306737465,-0.34982930955790337,0.042313455243769525,-0.02674600250787563,0.002304258679165155,0.011117519606958143
1098,-0.4729378277638144,-0.3395756629787082,0.04238092118724415,-0.026742218109202884,0.0018215807816219802,0.00972742106538479
1099,-0.5443255189950362,-0.4182737719857081,0.04247836117947172,-0.026733843361487614,0.002293210865139561,0.010977253229851054
1100,-0.5569467971873647,-0.30666214637853023,0.04256085973426943,-0.026729355503852848,0.0023703368216711975,0.011328598173843666
1101,-0.7371777361867354,-0.3451768406051146,0.042679974547256,-0.026724998294550162,0.00269451308667589,0.01135870159682414
1102,-0.4424760103530626,-0.3094048352861765,0.042715252858851284,-0.026722155296490708,0.0019049767942787162,0.01020978750477924
1103,-0.4120620426319463,-0.3355242735066226,0.042754293742779025,-0.026718590801974588,0.0013873194103877166,0.008886829130458533
1104,-0.3599247886005227,-0.457025377684018,0.04279161585636075,-0.0267062470772443,0.001253547669868664,0.012090802675162696
1105,-0.4918331987113777,-0.3612525441657787,0.04288316580682123,-0.026700923702444604,0.0020682010923739674,0.010279716645279447
1106,-0.370145005902491,-0.4123861809139682,0.042920122183540355,-0.02669764052765783,0.0012855382596154126,0.010917908536550365
1107,-0.37035646189319016,-0.4300477032067597,0.04297069303818406,-0.026694291707302885,0.001179290720359573,0.011363935515036675
1108,-1.074930125494131,-0.351105675398314,0.0431737572748754,-0.026689990277991415,0.005659735039904059,0.010251004755108031
1109,-0.4473260526949818,-0.41450248447645377,0.04323947414352406,-0.02668329154517786,0.0017537089885064764,0.012010111432150137
1110,-0.4036830707072544,-0.4134717620024402,0.04327471649018143,-0.026679585235114982,0.0011636120383529639,0.013132872600364128
1111,-0.39014887092573,-0.33251379712297413,0.04332664945819169,-0.02667575346195587,0.0014021988651909555,0.011801347811581998
1112,-0.40114242966556085,-0.37331613672601377,0.043373258093989564,-0.026667929072835158,0.0014909997242868156,0.009809019032774252
1113,-0.5370967442213467,-0.3675220737673651,0.04343352425840338,-0.026666713615196395,0.002215436673118538,0.01256392422638027
1114,-0.5724749293272995,-0.3831694980623042,0.043513016914404276,-0.02666306327106652,0.0020825022681678312,0.013075681573823194
1115,-0.7706889321276705,-0.28262941912091244,0.04366760388414369,-0.026657974583293092,0.003095755499097499,0.010677650862363317
1116,-0.3989765092336652,-0.41387631182902057,0.04371218399620609,-0.026648803778774002,0.0012443713127446823,0.012672678440423104
1117,-0.4563126232832917,-0.39502714329999367,0.043772665829949785,-0.026644271346510852,0.0016651949361384559,0.01170628548582377
1118,-1.3397830511103472,-0.34629138140204446,0.04408335492809844,-0.026635666864376937,0.00853328283052948,0.01035070968688588
1119,-0.6948589230184975,-0.3090158873706273,0.04419261053744169,-0.026633441339235946,0.0027368400692147116,0.011413516432747097
1120,-0.768217807415268,-0.39301408351414296,0.04432591700935474,-0.02662854711235803,0.0035540190209675054,0.012362878989093386
1121,-1.155276581051952,-0.4426712442377521,0.044555167189965855,-0.026620503990918396,0.005899198112484717,0.01194734404022988
1122,-0.29658713671798065,-0.35311727763671613,0.044593637821784035,-0.026617438426387162,0.0009116312342899301,0.010876656471917203
1123,-1.060500261648975,-0.3677124518984905,0.04480228537150453,-0.026614450847410476,0.00566691364771762,0.012037327141199889
1124,-0.6106913582909251,-0.493983038394754,0.044900216512598956,-0.026614047462444876,0.0021761209094212906,0.012800739537439631
1125,-0.500252385816142,-0.39963952508478634,0.04495851099624338,-0.026608038639311278,0.0020208749585399785,0.011445720580799188
1126,-0.9338560799282473,-0.4424123477485915,0.04513843756704874,-0.02660137138097578,0.005040660906431968,0.013563294227057921
1127,-0.48250369348503686,-0.34534078418813713,0.04520586464730551,-0.02659686836387393,0.001986508095624669,0.010954526407570544
1128,-0.45712164825482193,-0.24388823556737527,0.045277433396728226,-0.026594486742690857,0.001938812964546115,0.008879265463136185
1129,-0.4760394886291213,-0.44565473307714354,0.04533756772319502,-0.0265920522464512,0.001749659928115217,0.012481480972739418
1130,-0.3699955878990268,-0.3274702635921103,0.04539743353226734,-0.026588338788012204,0.0013944579907125454,0.011746515190033799
1131,-0.3978897487834742,-0.40278268089411023,0.04541412630471956,-0.0265851718101057,0.001340403368051289,0.012178307041291659
1132,-0.43751564780669305,-0.38034504830780735,0.04548703623114951,-0.02658019311024336,0.0013504714310029944,0.01311963690402805
1133,-0.7829363961218577,-0.29480238942369086,0.04562330048826743,-0.026574678937939668,0.003228087176018338,0.010489503250161278
1134,-0.5502843942342714,-0.34558566352390996,0.045717291532401776,-0.026569576677206268,0.002180680996433248,0.011054549136148846
1135,-0.47727305710565265,-0.33239402502884546,0.04579452968898232,-0.026567668487686498,0.0017136613899227514,0.011444914033306998
1136,-1.4124240940610444,-0.24719338944072836,0.04609205523278917,-0.026565065317350707,0.008373537065731315,0.009146764554759964
1137,-0.7949821054261362,-0.4327747840940278,0.04627059768498948,-0.026559700400438067,0.0037612023787952703,0.014801537143241977
1138,-0.3189277918384434,-0.394660685534181,0.04631302185064873,-0.026553197851973936,0.0012309000126498,0.011580437097708346
1139,-0.9309793104332262,-0.4398749180712888,0.04649204797503078,-0.02654839453106813,0.00421890914090763,0.01378609296977926
1140,-0.7303253106903115,-0.3515084397663345,0.04660533564277686,-0.026545621418486032,0.002795935054409724,0.01319194267592734
1141,-0.5172823014594021,-0.4734355485856919,0.04669235681318659,-0.026536779790181243,0.0015326348862839052,0.012985291889754346
1142,-0.5701492783585782,-0.41782306471657976,0.04676399703087736,-0.026529321848545444,0.0020317235645796053,0.011356010902706885
1143,-0.5082472626142122,-0.38052612381706546,0.04685042599908125,-0.026523229735910335,0.0020378138127905275,0.011317437376441615
1144,-0.5920323876237213,-0.3129955323000208,0.04695465589744419,-0.026521342757780658,0.002272978574394269,0.01231089368561188
1145,-0.36360177019337614,-0.4626218115234027,0.046983666586841485,-0.026513006601610958,0.0013703787437759818,0.013363056370277269
1146,-0.3017686784016223,-0.34400990555096767,0.04701629617523857,-0.02650712548899966,0.0012539808203974653,0.009320885184613227
1147,-0.7356963285859193,-0.29043525147081806,0.04711895505682534,-0.02650228014673793,0.002790076544062663,0.009781430712300549
1148,-0.4257951754726465,-0.3943002747959233,0.047170894214084484,-0.026492408642169635,0.001412149639744905,0.01197498696506158
1149,-0.607236493168142,-0.3112091828306752,0.047262786044805036,-0.0264897177733527,0.0024944586739467987,0.012859525946961842
1150,-0.5463627473348962,-0.26227542983359725,0.047355772658296,-0.026487324177213632,0.002348351225537798,0.009149045915833584
1151,-0.6840742000535255,-0.3651379046899214,0.04748029508799506,-0.02648350068088867,0.002622814864396384,0.01001759125136521
1152,-0.9070542750134579,-0.431644700718372,0.04764730410308682,-0.02647393069814435,0.004281654625339286,0.012007117128956689
1153,-0.4298615019474805,-0.436553705325717,0.04769359352146998,-0.026470003556537443,0.0016220596160601264,0.011272660798974031
1154,-1.006367508115033,-0.30800921932430186,0.04792781576893935,-0.026464602031805447,0.005235737892560061,0.011649840367503864
1155,-1.0111932888885236,-0.48544962845324274,0.048116428595066416,-0.02646311850745353,0.004959134193192471,0.016411990835609347
1156,-0.5226171176735227,-0.40028713162606705,0.04820479629181535,-0.026457754008016105,0.0016949696297447554,0.010095790260116982
1157,-0.5002640245708649,-0.33332582229542923,0.0482677274309105,-0.02644718576350407,0.0022186994801040045,0.011288514571926712
1158,-0.866621259048687,-0.3472862471463247,0.04842180518535982,-0.02644243551702295,0.003471366100224945,0.009898342079983918
1159,-0.4768814839050323,-0.528325865498941,0.04847696392054235,-0.026431254054721146,0.0018578943204791052,0.014078593567056394
1160,-0.46469669804242764,-0.35194683338810595,0.048532636237381466,-0.02642794697476024,0.001988318939938363,0.012795775118858752
1161,-0.4805720208706811,-0.35679090804588015,0.04860239659690858,-0.026422657807624577,0.0017674099031984684,0.01028769212123799
1162,-0.393695685068971,-0.2996468498039525,0.0486481526222919,-0.026420859884603506,0.0015130475690326686,0.010698534152841771
1163,-0.8918192468154318,-0.347495774967889,0.04880850168626368,-0.02641752163035432,0.004011746365277588,0.010994969148187086
1164,-0.8036215759397477,-0.3436262404852278,0.048937455765193046,-0.02641473874950736,0.0029551936127614332,0.010734100116351947
1165,-0.37376666621750715,-0.3138900529197176,0.0489846590636072,-0.026412930836907742,0.0013658924563598978,0.010010936569380152
1166,-0.4956142989931574,-0.30681390326446456,0.04905225268682426,-0.02640843441416364,0.0020148215993890575,0.00977643131782053
1167,-0.6279186282676517,-0.30649721418655995,0.04914515496434668,-0.026406879260873855,0.002622701082347212,0.012350462336529795
1168,-0.3841362628117704,-0.32492095649446456,0.049192730157507074,-0.026401221890458158,0.0015090318336008312,0.009660668969397027
1169,-0.44579647293245095,-0.400512210973008,0.049263116103230954,-0.026394354508676107,0.001842715564846449,0.009968523323231879
1170,-0.7657681518006383,-0.44334182710194087,0.049394740793913296,-0.026385014911074756,0.0034460860666784567,0.011878811513525954
1171,-0.5484757025432525,-0.27603132097297867,0.04947095867252968,-0.026381124086160997,0.002337526473438656,0.011047085079333642
1172,-0.8029119063224479,-0.3529932186471624,0.049605828043821194,-0.026376723809490802,0.0031701101526413087,0.011533653303620557
1173,-0.7672724318474166,-0.47429940275442767,0.04973741095787879,-0.026364574801335583,0.0027923819257859874,0.013415340161665738
1174,-0.5657296046522572,-0.3456882332445296,0.04981116103477023,-0.02635674356502242,0.0018761203072002438,0.009043902319034644
1175,-0.4146923880370578,-0.39327539436987113,0.04984971378571157,-0.02635418092148463,0.001014944747672962,0.011461016149108666
1176,-0.36783071300116305,-0.4758637071233894,0.04988087952157014,-0.026348962992481424,0.0011049148687022681,0.014181917810071595
1177,-0.5547897734102899,-0.3821166121093561,0.04996839847111468,-0.026340069417240628,0.0021250220741374213,0.010436787064548553
1178,-0.3962707248810343,-0.5034446721447394,0.050014498241720114,-0.02632947357342297,0.001392218818692893,0.012313392731065926
1179,-0.6564765735425611,-0.3553333594522612,0.05011343119554167,-0.026323310561682113,0.0024028478044518377,0.010983604123190573
1180,-0.8223155857962943,-0.3472589014345735,0.05027949466168314,-0.026317812074923824,0.003461539940856642,0.011505789570418241
1181,-0.38491239467425015,-0.33585006315959587,0.05031906002813857,-0.02631264714010256,0.0013788608131778928,0.009703619399187603
1182,-0.4816671867131198,-0.4269841204717646,0.0503649408325364,-0.026306477746760537,0.001601425670542604,0.013182169308479643
1183,-0.46748857233520313,-0.42870554380657167,0.05043149476040105,-0.026298621965499605,0.001575420517872005,0.012948535762278064
1184,-0.542723035962162,-0.3189149571582587,0.05051384269445788,-0.02629624809850118,0.0020603624926053663,0.01046771809037028
1185,-0.9449781727498449,-0.34913875464740385,0.05070406578040183,-0.0262889524243569,0.005392720654425922,0.008521167710853332
1186,-0.5411457906675974,-0.4362051657381362,0.05081271027625194,-0.026275579352959173,0.0019342707224389542,0.011703276612808764
1187,-0.43110682611005585,-0.3871363977091448,0.05085753920650282,-0.02627005226309439,0.0021182815594308,0.011048749586525596
1188,-0.40880544921639417,-0.46618408156568913,0.05090764717290197,-0.02626485144812676,0.0013376588375771427,0.013217648170932428
1189,-0.4672837604514823,-0.32156610524655543,0.050974159345753244,-0.026263854440654082,0.0018139027414564913,0.011661592822457148
1190,-0.45520322082949116,-0.4606980436946205,0.05103964594949561,-0.026258292624123197,0.0017369524331105242,0.013879685644165592
1191,-0.434735038071276,-0.5571681751837395,0.05109398413834411,-0.02625374139858132,0.001412145359056673,0.014686878476600664
1192,-1.161295346191026,-0.4356384209108481,0.05133827927974737,-0.026241566566069442,0.006586534430596668,0.013382582326953336
1193,-0.6531788590848017,-0.30518425190936266,0.05145471581501096,-0.02623999363472527,0.0023514908746450126,0.010756465420847124
1194,-0.28821786068530564,-0.5246372982527839,0.0514771331179306,-0.026229454394738297,0.0011800899601137665,0.01243241844104979
1195,-0.4614718643761168,-0.4766055479156371,0.05153323019468081,-0.026212554183043583,0.0013610393871006728,0.012095339135435899
1196,-0.35321552481542157,-0.3497048433071087,0.0515626978715099,-0.02620819193004506,0.0011060862657028573,0.010720414148185649
1197,-0.902925600923229,-0.39694623035628884,0.051735714571454455,-0.026206851241096438,0.004671008859730236,0.012843043819527642
1198,-0.6761462618815219,-0.4505654034813953,0.0518328131152878,-0.02620066562265593,0.0025912463203324318,0.012637036258124972
1199,-0.6270442175061889,-0.3480047474592738,0.05193660683803704,-0.026197120135216818,0.002399610141239452,0.012263433477987947
1200,-0.4551521399350755,-0.3800896692217324,0.051983900403723124,-0.026192237179456977,0.0017225555580823576,0.011778383709800036
1201,-0.5352603264524091,-0.40977507490197107,0.05206057066699007,-0.026192373563001355,0.002110474751530597,0.014432248355497836
1202,-0.5228818905126634,-0.3637516824494676,0.05212369288563036,-0.026185681569963794,0.0016780040156800051,0.011626837787640832
1203,-0.3681790770935797,-0.43350304449816135,0.052154184873346845,-0.026180763644246374,0.0014436051865708932,0.013874916065226138
1204,-0.5282963667152134,-0.3428683715262405,0.05222510129292857,-0.026174320534583455,0.001931240202860453,0.010833300684486189
1205,-0.5511623769789862,-0.3200484886543481,0.05229600719522581,-0.02617185371603495,0.0020603035320076388,0.01161215514589725
1206,-0.5634436616760266,-0.4084223563908066,0.052386447649248304,-0.026166228446806588,0.0022764055939767168,0.011422247673867713
1207,-0.41584842287681795,-0.34474183715805196,0.052412433407861024,-0.026154788608015973,0.001484179152393323,0.009996093846113321
1208,-0.8766907679904596,-0.3490694485700002,0.05257617873157031,-0.026151930863552306,0.0039568549709547984,0.01146617627565039
1209,-0.4226052825025811,-0.4283805711464013,0.05262159931074718,-0.026141797389821565,0.0014408071691511834,0.011900129308933484
1210,-0.5417250266514149,-0.4210985870596671,0.052720543219331374,-0.02613195539472331,0.0020677071315210824,0.014101860525014203
1211,-0.42654364981918075,-0.37743146846014475,0.05276848661967878,-0.026128522876070634,0.0017020656796257487,0.013962660147530854
1212,-0.36181392011896923,-0.46365614705320357,0.05279731392054969,-0.026116145988116683,0.0015401108198341144,0.01153860269682956
1213,-0.36849540765726907,-0.38748547839959024,0.05284181792545669,-0.026111198886575274,0.0015964108383495009,0.011997710130460472
1214,-0.6204872501558708,-0.4593178901300831,0.052950032697672136,-0.026106321066744587,0.002625016485872119,0.012408234880498283
1215,-0.5637661754253054,-0.37949168557636775,0.053020297259160964,-0.02610091773302767,0.001904214052904399,0.011574598581631294
1216,-0.36029697774930997,-0.45522433015544733,0.0530513272502885,-0.026091611443976082,0.0015491091891594736,0.012567902750474192
1217,-0.4707423095863306,-0.41380615397562714,0.053114760421283484,-0.026088319824335838,0.0018460266180109956,0.012287040737233478
1218,-0.5065154226256743,-0.42170923460475546,0.05318188951956338,-0.026072634702477903,0.0021547094291568137,0.01203652689201582
1219,-0.7407427016905259,-0.3784628631898863,0.05331540595166311,-0.02606907947218577,0.0029280729773175007,0.01389663156408898
1220,-0.6108079598106678,-0.5112829002213959,0.05339055128242745,-0.02606322413522161,0.0024136797965019154,0.013785458013838145
1221,-0.4019821274805912,-0.3695541289343729,0.053453558124969366,-0.026061837207808483,0.0017620846391513455,0.012560682609808922
1222,-0.9635304353039953,-0.4112523909846752,0.05366319592036963,-0.026055053249117836,0.005616145832567195,0.011542826831710224
1223,-0.7337975219553111,-0.439456267409651,0.05379273557817854,-0.02605359164491705,0.002923968700798744,0.012417357087485405
1224,-0.7644636221757865,-0.33085757871035526,0.05393189248010692,-0.026053514223153607,0.0029760449754894984,0.012188402175921147
1225,-0.4234020275870201,-0.29642223405999635,0.053982679993975255,-0.026052626614602333,0.001676568170378348,0.0112158053862406
1226,-0.7362301257381204,-0.33626485110640875,0.054101291180362374,-0.026047767972063242,0.003507769122645493,0.009821444051826321
1227,-0.442278471817784,-0.3009339098492009,0.05414481090944217,-0.026044152092287293,0.0016189256167065526,0.010519094329052138
1228,-0.8999594799752471,-0.48184504504288067,0.054317630512589664,-0.02604030696156522,0.0046536789099554665,0.013706418698931196
1229,-0.9370025784043928,-0.350071597934457,0.05448910752559791,-0.026031503986496923,0.0038391762898503912,0.01204132566323728
1230,-0.6870316816417809,-0.27979431647903685,0.05460454192662682,-0.026027181007186737,0.002903825150561176,0.013026704301702087
1231,-0.3651815331660044,-0.35544377764266893,0.054629445581318443,-0.026024016796117096,0.0014177891863824106,0.012155326134302372
1232,-0.5655159961106286,-0.3880369455774531,0.0547233320115428,-0.02601835364274516,0.0021074842524289013,0.011714843606281476
1233,-0.4727460468875733,-0.34045348163097516,0.054772829711823366,-0.02601352229535986,0.0017187073171489539,0.01161221301301253
1234,-0.7301067822700245,-0.2861956267837919,0.05490603939033536,-0.02600782223491122,0.002942481935517024,0.00955493305548107
1235,-0.3482441486488354,-0.5227150497750744,0.05494089508900765,-0.025997048801361746,0.0012804448850234362,0.015756575555545334
1236,-0.5962518762105267,-0.4560511348634847,0.05501922413634004,-0.025996811147851677,0.002311235476033595,0.012256626981271017
1237,-0.536928494942385,-0.36992776668880556,0.055081753055320794,-0.025990792606525374,0.001851588450071438,0.009882626927848278
1238,-0.5333686961748978,-0.352878077210827,0.05515841253471189,-0.02598685613699826,0.002051228584917441,0.011382734561803562
1239,-0.709508392304192,-0.5235379107354837,0.05526243823333546,-0.025984965976910752,0.0028779510722597404,0.014621573653416715
1240,-0.5051630422394839,-0.49332085988640895,0.05534409831876382,-0.025976489565350067,0.0017248666827481072,0.012772062433357972
1241,-0.5848241385032976,-0.3521436981436561,0.05545076593423567,-0.025971481660222544,0.002260093993786413,0.010804201885468106
1242,-0.42284085125685783,-0.48284865865760235,0.055488787589747186,-0.02596801577864749,0.0014619716136413587,0.013925955862376023
1243,-0.4891255960840544,-0.5359970725018923,0.055549836780838295,-0.025950517830530304,0.002147416789634548,0.013859524581965658
1244,-0.4556586510401453,-0.3371553059278771,0.055602893785551215,-0.025947096904572746,0.0018679645757907516,0.009727077474708426
1245,-0.5771497199755541,-0.3797931764877684,0.055676235318784656,-0.025940463041997222,0.002211005572644823,0.01190822154139243
1246,-0.4338307404537943,-0.3692445238695171,0.055726441478640074,-0.025938070182201397,0.0013412019605333703,0.010984532386951847
1247,-0.3751440260552978,-0.3309225903555236,0.05576003705421161,-0.025935692556015702,0.001097386991655669,0.010462777414161357
1248,-0.4558857702995842,-0.5064818382430301,0.05580208535728456,-0.02592852113845847,0.0016305616556202577,0.013658287170038301
1249,-0.8485724374540682,-0.439818841512331,0.055948083505223394,-0.02592737171120016,0.004435854861026558,0.01168788683703521
1250,-0.8127018563450245,-0.45298913309996286,0.056103795813140706,-0.02592868800489479,0.003531062663063845,0.012967992100274134
1251,-0.34596287680562027,-0.30335905313918543,0.05612801591807339,-0.025924709347225662,0.001348231673134991,0.009857030244068811
1252,-0.4958396644498372,-0.36184381212747985,0.05617256969294085,-0.02592067285703126,0.0013857319604998403,0.009830047585523756
1253,-0.40752483098758874,-0.3533147068477009,0.05620454110493709,-0.025915794461707456,0.0014433583265401478,0.00925119098233879
1254,-0.5237055974957041,-0.3587901915565794,0.05626100450274212,-0.025909913954978357,0.0016029626198417301,0.010642989245784116
1255,-0.5101929131139255,-0.36405995988290535,0.05631372061287141,-0.025903591371520217,0.0017619360883360084,0.011218437738568947
1256,-0.37322240159465947,-0.42245372004248355,0.05635028719009451,-0.025895639883172537,0.001359126281581759,0.013378322877358958
1257,-0.9634584062935367,-0.36923686635923103,0.05653295250943958,-0.02589114611562869,0.0050200148660575206,0.010563773121284646
1258,-0.6028473611412571,-0.32439293183405277,0.05663449677454562,-0.02588681986435305,0.0022582476641878155,0.01187268617913986
1259,-0.5731330600560193,-0.4470742679832921,0.05672193290240226,-0.025883283158130297,0.0020320393614496985,0.01131703275431993
1260,-0.6009350547242205,-0.5427159757405523,0.056812177696051826,-0.025875637133306317,0.002337098312492447,0.013311199580575011
1261,-0.511200588551477,-0.41217604081414466,0.05687459083457986,-0.02587227103417662,0.0018039466009039389,0.012954691593896997
1262,-0.3705872436745773,-0.3596155270315251,0.05691018341743619,-0.025870189060316937,0.0013512325761755623,0.011656873985379955
1263,-0.9005035525672053,-0.32597481621407665,0.05705770423190655,-0.025865655907769403,0.003619037129532575,0.01230081447510426
1264,-0.7272524633583853,-0.38320826086748694,0.05719411904063953,-0.02585825266668649,0.0028336882013732124,0.012208595369838997
1265,-0.6152702330419452,-0.33850259619631745,0.05729847684654591,-0.02585316570904142,0.0029675522695974755,0.011688287260979946
1266,-0.6005232445527615,-0.45458720192381624,0.057387121920195044,-0.02584224266115051,0.002305370386824414,0.01269427401339557
1267,-0.38230099072496115,-0.30934087539093275,0.05742945256086335,-0.0258363591672103,0.0015676963654753895,0.010986207370486093
1268,-0.37460195427022897,-0.3096344821534481,0.057457188925990874,-0.025831182664304758,0.001172282070416508,0.010108299575367614
1269,-0.6645693422885359,-0.3496946006292936,0.057551258783874557,-0.025828095520775068,0.002591780203535007,0.012765450205621297
1270,-0.8299028923605956,-0.3714639379973021,0.057704898625738285,-0.025822972222787722,0.003101494158772161,0.011436685662889095
1271,-0.5000815690093753,-0.408048478628926,0.057779337339518975,-0.02582013727954744,0.0017962012677040626,0.013942033602330399
1272,-0.5657603494503849,-0.39557977180824716,0.05787445723864098,-0.025818569034643628,0.0018338439863176952,0.012581178980182142
1273,-0.5439849740543189,-0.40240958995702003,0.05794987863034028,-0.02581307582765254,0.002265859449802077,0.013532167203409686
1274,-0.8800524601045453,-0.30657171157592994,0.05812135393042291,-0.02580984781487093,0.004412490855494158,0.009673467973010313
1275,-0.3477114501376276,-0.3608363550207021,0.05814849972288555,-0.025803548259247907,0.0015790408044413838,0.012090795515877727
1276,-0.6862396602064312,-0.4110536541017965,0.05826615075242755,-0.02579226183736981,0.002991315479280887,0.013629733601071762
1277,-0.3081339948111435,-0.31702460284672984,0.058298851879141696,-0.025789422844772626,0.0010096675407440705,0.011308959319968177
1278,-0.3785382979954194,-0.3326419846024629,0.058338392927707323,-0.025786838267617386,0.0013528725974567659,0.010645293597622344
1279,-0.45409164779930594,-0.316029705927084,0.05839251065035669,-0.025784068590658186,0.001455419054481698,0.010372312501576126
1280,-0.5231659217581485,-0.3144249975492524,0.05847671018329358,-0.025779544131953734,0.0017930845621816909,0.01290028682063586
1281,-0.47355018612601985,-0.31207936808597264,0.0585257134993384,-0.025777766369119555,0.0015007957043481049,0.012598828890610947
1282,-0.44939046755940293,-0.33328051908243733,0.05858877987207095,-0.025772820263080795,0.001282006886832542,0.011629768106779553
1283,-0.40806886179176444,-0.29017485406935134,0.058632723334121686,-0.025769062279845094,0.001238822773430221,0.009225731129963348
1284,-0.4385490603567749,-0.3802357699092471,0.05868500156920166,-0.02576424408520739,0.0015708899080168622,0.00993954252504727
1285,-0.9221910399937403,-0.4811498725498826,0.05885366713360776,-0.025755780875707266,0.0045328778643373285,0.01483941715808928
1286,-0.4060022043661285,-0.44760885956291196,0.05888507865640898,-0.025750076299958617,0.0020641942552327365,0.012190056183285381
1287,-0.849682754602402,-0.40177284766779026,0.059039105579330925,-0.025747066915979576,0.0032269498067592594,0.013241002712381903
1288,-0.4488037762190071,-0.3409021839522952,0.05909490243854385,-0.025741430847556472,0.0018129492828896337,0.008995560520375222
1289,-0.7162255612329701,-0.4551552989334664,0.0591988024180497,-0.025733127895836188,0.0026613175581971043,0.012702427173247956
1290,-0.4753639473622088,-0.3924636982742228,0.05924733188309605,-0.02572965636156826,0.0016100133005728364,0.01232823765753698
1291,-0.4953217148377192,-0.23665376798417653,0.05932338091220462,-0.02572784103010454,0.0017427304669177125,0.009702248688991423
1292,-0.6167151705526861,-0.34764888998275034,0.05941298934126861,-0.02571669827546425,0.002577078009631769,0.01143607020594158
1293,-0.5384134896441674,-0.3279542872770357,0.05950283051504987,-0.025714045572378223,0.0018979917544140314,0.010332748677763534
1294,-0.47327836876165646,-0.41443596479795736,0.059578050211973516,-0.025706998630982,0.0013045100116095907,0.010954652685153337
1295,-0.6672914668495861,-0.41826396803377336,0.05969698754675399,-0.025701687950735637,0.00264527424189037,0.01199749868133982
1296,-0.5968570786410619,-0.2998444600811277,0.05981931382791557,-0.025695809792574253,0.00231925690968023,0.010783250125540808
1297,-0.2705203755616097,-0.307407912510052,0.05984391388401636,-0.02569200513329394,0.0009412649388212594,0.010261753400461754
1298,-0.5052682078716485,-0.4164683688300307,0.059907809952745014,-0.025685884723685385,0.002096280092911011,0.0145976606693277
1299,-0.5844080652572663,-0.48442998690856687,0.05999900511673505,-0.025673248943718793,0.0020972606979152205,0.010739447709980322
1300,-0.4508697097811382,-0.3223553427309811,0.06003503843816541,-0.02566898327221439,0.0014791333067479013,0.012540286589582172
1301,-0.4160603343245639,-0.40091968663111316,0.06008269391973132,-0.025658850567959895,0.0018121987574519635,0.012424863877060521
1302,-0.49902232678189845,-0.345268337787595,0.06016755948222073,-0.02565283396506548,0.002120429856875168,0.010157086484976706
1303,-0.4307355300633201,-0.3287372159191905,0.060224433360034996,-0.025648945900318743,0.0016131023325082997,0.0126023125272302
1304,-0.37871524222012315,-0.2840381671002314,0.06025168136875249,-0.025645335376708742,0.0013466416519378318,0.009456573195652898
1305,-0.32096179051897855,-0.3379136533477124,0.06028175440823971,-0.02564442165319661,0.001265125805467712,0.011594414586032158
1306,-0.48758003990606846,-0.3087109010840848,0.060347153120965946,-0.02564134360547288,0.0019047636747456607,0.009663648553643043
1307,-0.3908050073185232,-0.3109080073539184,0.06038932177213875,-0.025639835652852952,0.001574026133982789,0.011437143121213853
1308,-0.37869322483674,-0.41160845796843387,0.060427773452088905,-0.025635853774397296,0.0015276563028682358,0.012047197032379841
1309,-0.5744144473929209,-0.4903449760635838,0.06051716480992751,-0.025632417661165596,0.0023277299190743008,0.014716215724067595
1310,-0.3306787210237225,-0.35808776405418075,0.06055103396800985,-0.0256274399892556,0.00117562816961239,0.012290379817795937
1311,-0.6763158125615379,-0.3290092485043964,0.06064468055746139,-0.02562334559472738,0.0026409333376897584,0.010344327542346722
1312,-0.43380918104766963,-0.3591574279001328,0.0607144151321142,-0.025617440992956025,0.0012946327621398451,0.01055159968237
1313,-0.505532982743567,-0.3392167600615911,0.06076906297088266,-0.025614544401618408,0.002002932855036866,0.011457801232315722
1314,-0.31539030576094945,-0.33129455921628703,0.060799920767812626,-0.025608953494001344,0.0012145996396118236,0.011693609098324686
1315,-0.9316131922337438,-0.33403040972383535,0.061001470643452425,-0.025606852953950036,0.004661462231876062,0.00894200332095817
1316,-1.0851725514139503,-0.42857609162284643,0.06123713649479822,-0.025592033786092743,0.006367720892464958,0.01186155544170998
1317,-0.5547333016549685,-0.35004085758974796,0.061314345987675704,-0.025588338149564068,0.002107934027155423,0.011067563341991904
1318,-0.46103796478533704,-0.37175976041577175,0.06137503380854374,-0.02558157074109279,0.001796077065971737,0.011497798941324683
1319,-0.6419436097533446,-0.3603733713838809,0.06148153059769372,-0.025571553230082724,0.0025022281622980014,0.00937466696083259
1320,-0.9170593598966618,-0.35652725501451105,0.06164910165752831,-0.02556843539930037,0.0035526370531823686,0.010480648076844295
1321,-1.2539165455642516,-0.54878391354577,0.06192033382456895,-0.025558869004707423,0.007882262415204837,0.014539964400224814
1322,-0.7299593014042314,-0.3785215015172837,0.06206573826741524,-0.025556200747506384,0.003374375697384094,0.012262371672057825
1323,-0.9418536330811736,-0.38686626029288046,0.06226224574045241,-0.02555334683563059,0.003824271945440706,0.01216682718654198
1324,-0.508749058924267,-0.3178442187152715,0.06233078628721158,-0.025549654801109597,0.0019710491354981343,0.011101792910375838
1325,-0.6614491529086239,-0.40445002467376207,0.06244568312442703,-0.025540544897767758,0.0026371543134622363,0.011109544496137309
1326,-0.7815201887561352,-0.3150287949330988,0.06261209072362536,-0.025535089109008473,0.0035986867374046875,0.012175585982780898
1327,-1.1293433720712707,-0.44907895141117643,0.06283342443815357,-0.025524043956189443,0.005972434421392034,0.010820142644152028
1328,-0.453309536537547,-0.41453946852736706,0.06288553094070808,-0.025516292026197276,0.0015447319788748724,0.010513033279489018
1329,-0.41375039656177587,-0.3784478982481164,0.06294177083285826,-0.025512881506099323,0.001730146575531488,0.012001842183617764
1330,-0.7196400657034087,-0.3429711387298195,0.0630752150318451,-0.02550976949537857,0.0029139684936939944,0.011999988069638073
1331,-0.5660973442215427,-0.3563889740630531,0.06315063305465968,-0.025501400430252615,0.0022268909979639333,0.010920816985241125
1332,-0.6548907307491701,-0.25794241192656137,0.06323658335108372,-0.02549927612823499,0.002739688769933115,0.009021035320371872
1333,-0.6330768887232007,-0.595781805126972,0.0633415870064202,-0.02548747827157154,0.0024965665434929186,0.015374915371864238
1334,-0.458948645670395,-0.37186262962132394,0.06339797803897775,-0.025481078375680363,0.0017815242079990824,0.011978461539026743
1335,-0.8312882069678493,-0.4964894109892099,0.06355272720550685,-0.02547028546209526,0.003944461796467351,0.013375916097446403
1336,-0.6426164849074736,-0.26586789719908815,0.06367779451869092,-0.025464295864341346,0.0024992673319991924,0.011000180498300987
1337,-0.49893726430471885,-0.3391541174248973,0.06374491126583817,-0.02546339688527201,0.0017751134308125424,0.013147676632532919
1338,-0.39610255396696775,-0.3312904349185018,0.06378858681193286,-0.025459418438598783,0.0017671546078507103,0.01125023494067263
1339,-0.5784200024936436,-0.32074221716416035,0.0638844431524615,-0.025455170312210836,0.0022522218758558757,0.00985725354932342
1340,-0.5134864360662627,-0.3119994864460238,0.06394666786731501,-0.025452714432508242,0.0023658589124256127,0.01093698222713373
1341,-0.4758859804472042,-0.4156753801228897,0.06401919702083707,-0.025447234485964622,0.0019343089663111511,0.011688535246439506
1342,-0.3754323228887437,-0.2635865300396407,0.06403937755719097,-0.025444650441779692,0.0016610075478271772,0.010522586191818985
1343,-0.4193490795737069,-0.3810308517437337,0.0640750083607513,-0.025439865677406012,0.0018405131830877153,0.011317177641526888
1344,-0.3878378654576884,-0.38383622646309007,0.06412227948454198,-0.025439452584899422,0.0011863371722337205,0.01355177877198404
1345,-0.34023231267010273,-0.414659582693744,0.0641461090948266,-0.025437404251938668,0.001364308220185431,0.011882177116903654
1346,-0.6584196698694005,-0.27609523708335915,0.06425344071758261,-0.025435700384430424,0.002930686618814483,0.012401323760285127
1347,-0.6023573216428997,-0.39225148335298177,0.06436422225067133,-0.025430930814528917,0.001990613808513276,0.013715587399036647
1348,-0.4110853606704372,-0.44848043388154063,0.06440483106453827,-0.025420191591377504,0.0015717257348155625,0.013458681966319197
1349,-0.3961460656296761,-0.27559313967493076,0.06444523475363438,-0.025412870986906987,0.001200410174383417,0.009925650343923429
1350,-0.5545819064744296,-0.299558622441402,0.06453593865249475,-0.025410606501875238,0.00204084656905549,0.010483261939482034
1351,-0.7323441980645755,-0.31692070690309065,0.06467385899369396,-0.025404952593068988,0.002817900712395024,0.009792780398834673
1352,-0.2949298930275828,-0.39975010448065745,0.06470119042628084,-0.02540067796316338,0.0009722540449061765,0.01321977533894512
1353,-0.3577387762606218,-0.34418194216596554,0.0647366446142323,-0.025398993865847944,0.0013686694129902823,0.012191917590970497
1354,-0.7570429788880957,-0.4511475360951315,0.06485869785088258,-0.025386389452611333,0.0031082911494146356,0.011733457837840335
1355,-1.3585108293299364,-0.34922556903115504,0.06515564350704964,-0.025383851865303245,0.010390097032640681,0.01116077636058405
1356,-1.1916554677527602,-0.4307220974539315,0.06542000556261973,-0.025380120912200963,0.006334968629571971,0.011785317986478616
1357,-0.501325206290252,-0.369012926502434,0.06547951532873039,-0.02537453742626742,0.0018104813869983271,0.01130455129515669
1358,-0.5816613755549366,-0.36110441661366244,0.06557941229432346,-0.025368946117094747,0.0021367296130621414,0.0106901546715716
1359,-0.38622763744315763,-0.44985057614108304,0.06562114081614671,-0.025365162313609975,0.0012781061215924076,0.013959141546427975
1360,-0.3297382962179665,-0.43406289984669744,0.06564543605589296,-0.025356794925938553,0.0013143388984558487,0.012743917121107408
1361,-0.5750977745276332,-0.39169800153642675,0.06573230346584051,-0.025351945634116937,0.0019321597980569382,0.010757576395493084
1362,-0.6121149509517805,-0.33347392315697133,0.06583305500740623,-0.0253465228766411,0.002211195210550997,0.010822516734502236
1363,-0.39670994807994825,-0.4462397874532972,0.06588172570293956,-0.025342057312125785,0.0014929527053890944,0.011980714011053243
1364,-0.3163275864504635,-0.3132738347432722,0.06591194877317247,-0.025341678063636425,0.0016605085316170403,0.01074986008426177
1365,-0.4740480439137663,-0.4023333525409297,0.06596188157918491,-0.025336174201584967,0.001648738669602441,0.01048787101248371
1366,-0.6843324933284176,-0.460782854859923,0.06607239165995218,-0.02533160131134092,0.002430822546906991,0.01381878085489366
1367,-0.3042639118499318,-0.38042821605306676,0.0660926558400626,-0.025327443996274488,0.0011554513983729302,0.012419344448360667
1368,-0.3545309258508682,-0.3326678675426173,0.06612493739805832,-0.025324870649647842,0.0010426112164923587,0.01326330790676802
1369,-0.3797608794196299,-0.3076062449864299,0.06616680813814674,-0.025318863258156903,0.001473230146154318,0.01156409363315369
1370,-0.49974125936078745,-0.2732209038614074,0.06624378544261922,-0.025315015374338258,0.0019429630271436877,0.011326181052150518
1371,-1.1585267591468682,-0.30265121320631544,0.06650054489763235,-0.02531089326461503,0.006486490330169579,0.01004596184075806
1372,-0.4423156090698324,-0.3762934582947081,0.06655336452753169,-0.025307787187965076,0.001853853937046861,0.013682583381990058
1373,-0.497121312873253,-0.3533458877791234,0.06662794548358587,-0.025302344948832,0.001781812604946273,0.012922303340239187
1374,-0.39495188741469894,-0.4178214738831516,0.06667178136321346,-0.02529871150380608,0.0016946826752373104,0.013549497795169061
1375,-0.45338004071631377,-0.3346074899356298,0.06672103006910726,-0.025294316320729343,0.0015340667880524878,0.012091075025523881
1376,-0.42898247946702495,-0.3760638229997479,0.06676390963123298,-0.025291584113622114,0.0015245312043841738,0.01363810473459586
1377,-0.7229027923106395,-0.23970719701279364,0.06690205219844758,-0.025287868539035512,0.00347474459939839,0.009958716944778609
1378,-0.4641139983460962,-0.2903829630423583,0.06697478234830959,-0.025283960330979797,0.002155780313384405,0.01102687269337153
1379,-0.407642624226191,-0.4004902283178097,0.06702791217849272,-0.02527949491900222,0.0013903906718129918,0.011416483643415831
1380,-0.5618078417968133,-0.42830062298738736,0.06712107264757027,-0.02527300715075121,0.002032048649573704,0.013720083646706419
1381,-0.5471266349034463,-0.351104689308964,0.06720135078828664,-0.025269130319198117,0.00200308737774491,0.011484556245486324
1382,-0.34064447988233876,-0.4350293496131476,0.06723961508546449,-0.02526197123863216,0.0013520309715984425,0.0115921044008577
1383,-0.767750726059438,-0.32837339837098556,0.06734731568946073,-0.02526035398091476,0.002894838747916484,0.010442692900111185
1384,-0.5242471642128362,-0.29592038392139275,0.06743553986511566,-0.02525804520265253,0.0020169550240686724,0.008752394112490135
1385,-0.37836927553314953,-0.46849599980765244,0.06747668389747052,-0.025253708127124727,0.0013611993144610264,0.014540829304924511
1386,-0.3775195619749676,-0.40659724342587433,0.06752302468239643,-0.02524184184619443,0.0012371868286484876,0.011963683727338569
1387,-0.7556602326266981,-0.3609943185639258,0.06765107169419626,-0.025235053131001682,0.002947077027645405,0.011571199981604142
1388,-0.5876771478873941,-0.3233046734002343,0.06772087182345309,-0.025231549819073173,0.0019843967769156952,0.01215457252776902
1389,-0.5456821651371799,-0.48820880235765934,0.06780593055108805,-0.02522199500454168,0.0018364266869048853,0.012891869473178115
1390,-0.3780926771871726,-0.39600717062295204,0.06784281903081138,-0.02521101394875064,0.0013446046732896618,0.010872849887458808
1391,-0.5018113940073022,-0.3368507370796398,0.06789523511555429,-0.025207817243127265,0.0016508897849966473,0.012036398293997542
1392,-0.8434267888157317,-0.31908709273781183,0.06805816673001762,-0.02520280428527629,0.003594087796611332,0.012621919757971617
1393,-0.4972662986907563,-0.3918806572670715,0.06813819814101593,-0.025198944275134735,0.0022391593028237063,0.011807374072310086
1394,-0.6341097750699798,-0.2873367318025448,0.06822923045010332,-0.02519733161251978,0.002676747771966294,0.01226281008661084
1395,-0.4568984506306644,-0.3021669359924839,0.06829429094451904,-0.025193116056368745,0.001406267332409592,0.00941120642620173
1396,-0.6169094038134899,-0.5423137475085744,0.06839400340222607,-0.02518261518049744,0.002458968694782534,0.01443473985539597
1397,-0.6369889730211323,-0.35153492032258044,0.06848915460556715,-0.025179105009978754,0.0029293150739137276,0.01136623298972443
1398,-0.47740187533570544,-0.2519798680024878,0.06853838896763065,-0.025176384188674898,0.0016941789988843092,0.009387920665179655
1399,-0.621724588609947,-0.425167097590381,0.06864537113647365,-0.025168545539927856,0.0022879254510155384,0.01311988700768126
1400,-0.43170783691036374,-0.28361985010069185,0.06870726831625507,-0.02516227264052668,0.0014293769392944705,0.011116501775136926
1401,-0.7881770666573389,-0.36540323680735304,0.06883757038477535,-0.02515738548297663,0.003056708741027569,0.013184025247040704
1402,-0.6235939297439572,-0.3137567691045646,0.0689350261990071,-0.02515628293174087,0.002656751266274519,0.011462785268468948
1403,-0.41120367881081904,-0.3335011720396277,0.06897873170432642,-0.02515296047756456,0.0016209797895305762,0.012486578098302137
1404,-0.39566777654787744,-0.3936968248866701,0.0690186268660331,-0.025149460378355033,0.0016829582695642804,0.015392480165792371
1405,-0.550366533505386,-0.2888576162732021,0.06910421417029095,-0.025145284122552743,0.002432401433170728,0.01022256116259832
1406,-0.319464331396709,-0.35487938976142563,0.06912568600871123,-0.02514191742297191,0.001131761288866203,0.012415833819239493
1407,-0.5775669591045511,-0.42234239555655106,0.06922917298619877,-0.02513599935729631,0.0023126660469540428,0.011853785811832695
1408,-0.5953807486018617,-0.3516686456178858,0.06932550083583051,-0.02513360792025644,0.0022004863056322406,0.0133410213289173
1409,-0.9636376392138793,-0.37660571937883286,0.0695161533102405,-0.025130532833633454,0.004412042437559934,0.011320397307545832
1410,-0.44876600721375964,-0.30599462671166905,0.06956002394700442,-0.025129783266482048,0.0013003753817916435,0.00982989808635303
1411,-0.39305882632327827,-0.355127288628332,0.06959783634628819,-0.02512679851703452,0.0011852106807821907,0.011691565205721082
1412,-1.0928467038485512,-0.43884990824074954,0.06979424834855509,-0.025122244318492592,0.005805898077352109,0.013061642048211945
1413,-0.7588885449763844,-0.373365964391553,0.06992940239589866,-0.025116858448880994,0.002598951279958184,0.014474893207230787
1414,-0.5162859476539593,-0.3545426383611898,0.07000725284750542,-0.025109900774248576,0.0017943295066024851,0.011501100217819958
1415,-1.2078743571401542,-0.40916301364631474,0.0702564499539936,-0.025100993361845687,0.006434394900273642,0.01071947089216574
1416,-0.9909629233665257,-0.31002225819500073,0.07046805684379721,-0.025095669507769886,0.005819770042056241,0.008865617913867056
1417,-0.3577946337823436,-0.41517573128887225,0.07050212786339197,-0.025090668811796862,0.0012691845699914926,0.011534365645009552
1418,-0.4539256044757477,-0.5976381618841019,0.07055586718039715,-0.025079961702426688,0.0012581597732783524,0.01421815365711375
1419,-0.48951391797459687,-0.3299736239262538,0.07059870363953896,-0.025076962330944245,0.001847865892006442,0.011103715048470178
1420,-0.34044129074177637,-0.3596568660779815,0.07064215156016712,-0.025073660084868436,0.0014629304528919593,0.010742454406290985
1421,-0.26823560507963917,-0.5314999325792134,0.07066307883827251,-0.025054093389233884,0.0009621862660113761,0.011923386370325929
1422,-0.5061583269023864,-0.3311996416096824,0.07074545961874926,-0.025045818337145816,0.002124995459888679,0.010379127366919568
1423,-0.825023121934483,-0.2687027499354037,0.0709043401389628,-0.025043319931427582,0.003200510483704565,0.011263171680603697
1424,-0.37614155837207625,-0.26409676425188366,0.07094226673923344,-0.02504070674226015,0.0012175876306460705,0.01090026683279876
1425,-0.4718979122215686,-0.33929189123432324,0.07098248580143951,-0.02503678851197906,0.00152537599746583,0.011599555073583567
1426,-0.8328035206460975,-0.30093477693306786,0.07115269028339152,-0.02503540826046665,0.00361682598611279,0.010702430227918
1427,-0.4347755464316916,-0.3092574021058484,0.07120377072154598,-0.02503263445436223,0.0016358425961764866,0.011011607042841577
1428,-0.5118332971920564,-0.38263574324017635,0.07127512858322306,-0.025028078952592007,0.0019436712720961437,0.01415755195493619
1429,-0.7053855141687713,-0.2814514559097309,0.07140243482863701,-0.025026734541569777,0.003049217544936233,0.009870602986725074
1430,-0.38451397292493483,-0.30996100317456865,0.07142028935338902,-0.02502498961192699,0.0014519753977511598,0.011205499262681997
1431,-0.9659086499848163,-0.3559645856170702,0.071617500492523,-0.02501811555731598,0.004710896608647385,0.011153773007869799
1432,-0.4517942065761684,-0.5707797340024756,0.07167728211305328,-0.02500605937581312,0.0018764163746970424,0.013499344786094958
1433,-0.4850739992019691,-0.3687330294805713,0.0717324308165977,-0.025003945591318154,0.0016339651768769827,0.012337493139127818
1434,-0.5993000995218594,-0.4618980413883835,0.07183148647549058,-0.024998378883886948,0.0022175505823812886,0.013559314720672198
1435,-0.436089320151374,-0.4098205943453618,0.07187060193050421,-0.024997069882145326,0.001697623615469438,0.014901730694247418
1436,-0.6204488649957457,-0.3961491307054987,0.07196905019185329,-0.02499071313406261,0.003112760910189115,0.0128874626106297
1437,-0.6949479676780537,-0.4449503324250536,0.07207969342449247,-0.02498323035491055,0.0027175459415092105,0.012858688993977208
1438,-0.520007815664738,-0.39461107898153225,0.07214683473381119,-0.024976966501519475,0.0018082512814365916,0.012862295332587478
1439,-0.5320244999255574,-0.6213050678856977,0.07221732594614444,-0.024965545337355243,0.0022397941025913593,0.014859250170294177
1440,-0.41955416310199695,-0.2840951725477064,0.07225900212520388,-0.024960056236379834,0.001426227723723708,0.010791949643077161
1441,-0.4124030256907593,-0.3980535874003828,0.07229529722516181,-0.02495369258276199,0.0018607775663111047,0.011939816406186392
1442,-0.6075820250296288,-0.4524741436684174,0.07238216611819442,-0.02494929042314283,0.0023226911615694505,0.013601394569173373
1443,-0.7517808327002393,-0.38354561893379796,0.07252719614700742,-0.024938738451238885,0.003042712467611651,0.013608123292413711
1444,-0.4915255432756903,-0.30651675818612556,0.07260930655987083,-0.02493484657621565,0.0021305788510529574,0.011526392133034526
1445,-0.4985640006346082,-0.43995998186950735,0.0726878926010111,-0.024927638150949803,0.002022375828820441,0.011840604474807328
1446,-0.38239586028528216,-0.3750266612110696,0.07271289029013625,-0.024916209077214216,0.0016015488021036142,0.013130375185545641
1447,-0.44553591085980176,-0.4336260270984384,0.07278107891090131,-0.024906413846935746,0.0016429082498375697,0.012949755969096888
1448,-0.30053599243466705,-0.3334636202557423,0.07280705978332846,-0.024903759711285924,0.0009470001084270598,0.009967947787154414
1449,-0.41195249338807505,-0.3263153619606742,0.07284150296111137,-0.02489732131224508,0.0012523480817820418,0.012412317010331594
1450,-0.4446221183686822,-0.36262368213349344,0.07290882879751336,-0.02489259444681277,0.0020334191236041194,0.01224134898094183
1451,-0.7054953931579833,-0.3144090404290172,0.0730287516802645,-0.02488736537762786,0.0026433168418280896,0.011600355993662412
1452,-0.43629427993705716,-0.3790108130684597,0.07307382412333027,-0.024879807150383185,0.0016694571644162203,0.011449533482131787
1453,-0.4161269288458623,-0.38867830698212813,0.07311850835422534,-0.02487842824170579,0.001633802703189263,0.013487853961541955
1454,-0.49155645204845827,-0.35363859367651795,0.07318254449808197,-0.024875259294908476,0.0015956871109666661,0.010368650971518982
1455,-1.0206483465328764,-0.3358500856288425,0.0733896060158788,-0.024871855635211867,0.005302260849500638,0.012248920766583715
1456,-0.6294259541981777,-0.5148769621076649,0.07349831725440883,-0.02485983188609207,0.002028730914596584,0.014094830145505792
1457,-0.4018872022645686,-0.3776173028841264,0.07353863112456094,-0.024854032056644708,0.001619906750834957,0.01238078583061159
1458,-0.6432135696105854,-0.37265722698890313,0.07364561440444466,-0.024850017353594326,0.0022021993156461357,0.010691583887674615
1459,-0.31098580655640923,-0.32437181883472516,0.07367202838794326,-0.02484547908276844,0.0012393759979018133,0.011574862490416614
1460,-0.46895243358957134,-0.45688857707802893,0.07371664865102144,-0.024838545904607982,0.0015824339583618847,0.01206017280589128
1461,-0.6432757767281627,-0.3528989464817495,0.07381900341652008,-0.024831567276637573,0.0026324515750162382,0.011811466388371276
1462,-0.39754440682260245,-0.29206460203315243,0.07386024820304372,-0.02482733103510356,0.0014957197178162842,0.008137185700785417
1463,-1.325616204797004,-0.5068418515032768,0.07413019545383795,-0.02482027113236298,0.007611693554345134,0.013043575280557851
1464,-0.2869195382342389,-0.3951793570374145,0.07415258511751337,-0.024818946067765545,0.0009985051095995157,0.011545618440873349
1465,-0.73571962251729,-0.3324987758456693,0.07428116220250214,-0.024815224226005586,0.003226256506203402,0.009838222185981392
1466,-0.7265726705180808,-0.3408550419012423,0.07441821271798066,-0.024811244199503067,0.0026682685274100303,0.011686329374302636
1467,-0.5827271263420769,-0.3840215058034939,0.07449481003101947,-0.02480724586972502,0.002215997351909457,0.012185385378586915
1468,-0.39358397778288023,-0.39399725311425987,0.07452853204792856,-0.024802616742049702,0.0012857858223823604,0.012133733766238337
1469,-0.7887572833353622,-0.4873667226489874,0.07467596998971864,-0.024784479488288838,0.0034906164850169,0.012602423076337932
1470,-0.4516585188106087,-0.32905289876959987,0.07474530886744297,-0.024780692553461072,0.0015506610107003517,0.011765433636855642
1471,-0.7869857306546366,-0.3465813306548332,0.07490437959789063,-0.024776038984080324,0.003685433297082254,0.011719083604196651
1472,-0.38905415223701856,-0.3132944476800542,0.07493688141330303,-0.024775938566061178,0.0014112142944597273,0.010426405552359977
1473,-0.5470062375072992,-0.3805062588071752,0.07499821822543895,-0.02477323724110858,0.001831551268853238,0.01220261986672354
1474,-0.5074429402003492,-0.35482463836886585,0.0750768190433016,-0.024766553811034257,0.0019676833384422595,0.011854983689456223
1475,-0.4612007143189618,-0.29878992129932935,0.07513039695769178,-0.02476342862648941,0.0020043740463969767,0.011541254049336664
1476,-0.5032128145688843,-0.33113470458742905,0.07520208132305377,-0.024759429859488043,0.0015200331692386633,0.013708439354844401
1477,-0.3335882513005149,-0.33307159100832506,0.07523378155842673,-0.024758471455870096,0.0015938346775243486,0.010269984291417098
1478,-0.5470640366205668,-0.38454646143457016,0.07528493830927971,-0.024751499751816914,0.0019458737866077439,0.011444982052936096
1479,-0.4435676309712876,-0.3722525481196581,0.07533349438902148,-0.024747577916233002,0.0019181441392872268,0.012883616574044502
1480,-0.4901963985855771,-0.33257705104889784,0.07541238944752551,-0.024742511254916257,0.0021625060796441075,0.009862972337194497
1481,-0.43846579782773054,-0.35322587517204096,0.07545015630716957,-0.024734985792128912,0.0017000511587017607,0.011860545697848442
1482,-0.38069519522286593,-0.37413109389569776,0.07549620423343258,-0.024730203201743312,0.0014191792325796491,0.0115341181673599
1483,-0.4771591726293425,-0.3851901550041531,0.07556785572913405,-0.024718432908224636,0.002122623019388972,0.010337066946001665
1484,-0.7373102529906207,-0.4034003942490991,0.07572082367322777,-0.024706989523714765,0.002863086231543399,0.011562232934235785
1485,-0.44066218485097114,-0.41219219794520345,0.07576655545886492,-0.024697889666030485,0.001710998658039704,0.013484078990122259
1486,-0.3156939292817181,-0.327889781943892,0.07578344755147484,-0.024695399214381967,0.0010478600860926843,0.010051864758077473
1487,-0.3281119859342747,-0.5943880214574849,0.07581447742894687,-0.0246818746557345,0.0011162622837536456,0.015678456678462727
1488,-0.7370960241117535,-0.36720551583635797,0.07594175229383131,-0.024673587540339766,0.003179646204889635,0.011263997087441363
1489,-0.31804506040010244,-0.48556294210154355,0.07597491568634646,-0.024670187243084465,0.0014945568392310496,0.01309328222977732
1490,-0.45001003197470424,-0.5180050236307167,0.0760450495711527,-0.02466153119069087,0.0015927197213518266,0.013541112604040367
1491,-0.3522072259658456,-0.29399214181947947,0.07608088842013944,-0.02465760179159857,0.0012535935416706154,0.009897390134657824
1492,-0.48701101310262884,-0.4445734355120338,0.07613068640488127,-0.02464289873686065,0.0014299972868191118,0.012299775284042075
1493,-0.42707900264745047,-0.3385939838795498,0.07620356965574905,-0.024637038656956153,0.0016397693563468894,0.011587982832294848
1494,-1.0574371570160361,-0.3111243388784599,0.07641624311530108,-0.024634330349012207,0.005350086971818569,0.012967732059560557
1495,-0.7357679384078836,-0.37048205633544423,0.0765463828130484,-0.024628214984068104,0.0031831739811593786,0.010753726297269813
1496,-0.8220924336779949,-0.45886139693159594,0.07669794352278647,-0.02462143700668444,0.003662799447035958,0.012659127445925037
1497,-0.5507207918462941,-0.24612275420303245,0.07678487640293184,-0.024617932442470944,0.0021725420564462656,0.011388056630804614
1498,-0.6540295068535498,-0.27049226559250783,0.07688819303449668,-0.024615373223016886,0.0026596671579430277,0.010201097765692408
1499,-0.649785918515269,-0.453116445840109,0.07700100660751472,-0.02460559720705981,0.0026019797601348595,0.011747009613147587
1500,-0.6057721609088039,-0.39807911541196356,0.07711267553658425,-0.024598614219608097,0.002158383104551223,0.013070914339524111
1501,-0.3457831638784251,-0.4439559781721288,0.07714466885439947,-0.02458964396312398,0.0014901412700012075,0.010458563458135854
1502,-1.6317200019499245,-0.3550688668829366,0.07749572814171485,-0.02458747956497565,0.01651110867492103,0.012115125543404048
1503,-0.4355484979012183,-0.4680903743845653,0.07754399168778237,-0.024578595049355202,0.0012481140544824902,0.013279863310492582
1504,-0.6460267528094699,-0.35203735856450835,0.0776532075048631,-0.024573818794815527,0.002203199921877492,0.010391584280777017
1505,-0.501744962372452,-0.4293963431785801,0.07770985204738946,-0.02456509204844823,0.001870006083836487,0.013130531915958445
1506,-1.8097596512861924,-0.4074067235014112,0.07811858198804401,-0.024560858014589487,0.013605948802408178,0.011773799121094861
1507,-0.8896763127867968,-0.34047606367944155,0.0782896387462145,-0.024557029192462908,0.004061109270974009,0.011663416127232294
1508,-0.4970925308824345,-0.3403130989470295,0.0783550903770025,-0.024553438121006774,0.0018292922071265847,0.010037486030638797
1509,-0.40705388327646674,-0.3287694671710783,0.07839580796422577,-0.02455185925558225,0.0014183170798134862,0.01169493319776935
1510,-0.4127099065684918,-0.31341119470497397,0.0784494760623799,-0.02454607611693947,0.0018101409634824212,0.01034169680415291
1511,-0.4691567713023694,-0.33250583352226215,0.07849812634916095,-0.0245434786924618,0.001521076285014501,0.010519532165577033
1512,-0.36701261790627365,-0.4353161653207521,0.07854202833966593,-0.024538931168461488,0.001467235301174231,0.011489164125354678
1513,-0.8298828602698579,-0.4078502052566936,0.07870107078036392,-0.024529112781997348,0.0043188232870782686,0.013113438841638474
1514,-0.4357368426633329,-0.3532381205393233,0.07876435440772768,-0.024524989552252897,0.001679093637952623,0.0107088928293945
1515,-0.4867487118413459,-0.41621256855622074,0.07883193327044971,-0.02451879789151113,0.0016686455666089896,0.011440856307607824
1516,-1.0511075237040381,-0.3361403935646332,0.07903991269309464,-0.02451593834225174,0.005608389602340528,0.009724929085883523
1517,-0.4390577415603374,-0.3298946914954438,0.07910155953585887,-0.02451228187363611,0.001322942581159171,0.0144010875541944
1518,-0.38780609743937067,-0.3919469219393443,0.0791456022925741,-0.024509380161094402,0.0012248381589735214,0.011173950296498387
1519,-0.6901474444372119,-0.31180480958670714,0.07926080954197366,-0.024502911943720847,0.00255161493965306,0.009492975016037141
1520,-0.631221682032521,-0.3361750346491674,0.0793657357270938,-0.024499254714842073,0.003044070058769045,0.012001287380485826
1521,-0.9943182732129848,-0.37650598265041,0.07956058445440366,-0.024497097557522406,0.004808759540207334,0.011270187177817843
1522,-0.4197414266209777,-0.31557082762661026,0.07959039771352672,-0.02449188530658056,0.001601102454539474,0.011045061685560666
1523,-0.4081106037853068,-0.3217170212767241,0.07963903581085188,-0.024489110630745253,0.001319609819315284,0.010397769205621112
1524,-0.5826736558263512,-0.5977066039481822,0.07973257195507212,-0.024490522708584286,0.0024687891322983306,0.01486711117900457
1525,-0.724917595568168,-0.37501508719553545,0.07986575630800648,-0.024483448372103256,0.0032137517192647375,0.012966367558653972
1526,-0.8958265526706694,-0.34076104417432473,0.08003839478624632,-0.024476623657617307,0.0035817720035070367,0.013473520178383326
1527,-0.39226267570091067,-0.3921178904617444,0.08008788412116259,-0.024470866584597684,0.0012229452804859515,0.011615854144200747
1528,-0.2724833440297947,-0.3800292155771942,0.08011072621532633,-0.024465858930639933,0.0008370296919752416,0.010902020406244068
1529,-0.3193930308363453,-0.5237191346843263,0.08013041130786888,-0.02444901605005431,0.0014545660789002258,0.012974498074826086
1530,-0.5645247788731663,-0.3116929924026207,0.08022499024611232,-0.024443685193038578,0.0018278090889637718,0.011140020762335234
1531,-0.5928394155747752,-0.309294421769388,0.0803132285514452,-0.024442375853507142,0.002065492965709313,0.010761826325358945
1532,-0.3681591781840424,-0.39196096883758175,0.0803381532554405,-0.024431730028269302,0.0014702629651601666,0.011661487207268879
1533,-0.42772272191631283,-0.44553684140160865,0.08038150353654648,-0.024425023067763355,0.001373961004057052,0.010963993012236443
1534,-0.4478616457845129,-0.4073708550909298,0.08043066002037985,-0.024419764696992776,0.0017467841237924304,0.01250023093185202
1535,-0.6544517202702791,-0.3133939865382176,0.08054607665688422,-0.024415380377489658,0.002029599083340347,0.010542534639908651
1536,-0.4623474565988388,-0.4042707620028026,0.08061337164430545,-0.024412543471097656,0.0013513246754826653,0.012340427465232121
1537,-0.367366989887701,-0.5022625981778157,0.08065294799344708,-0.024397234511351975,0.0013730864446549087,0.010797189485775899
1538,-0.5112623342339616,-0.3644631623448969,0.08070881401404878,-0.02439685462298674,0.0017555899452999608,0.013297311748905263
1539,-0.4468884140804746,-0.35980044814405765,0.08075855154549615,-0.024393876219435732,0.0012643821436848983,0.012130851138808671
1540,-0.640223918602777,-0.28005299888027857,0.08086189936590008,-0.02439115865089699,0.002397485715626834,0.012397557230813785
1541,-0.3320763653930922,-0.2664007778909906,0.08088267379063749,-0.024388401126476146,0.001449348714193244,0.00992117725642276
1542,-0.5290862411483331,-0.448369812016492,0.08097303831842846,-0.024378459302612735,0.001966983021829588,0.014304010209448563
1543,-0.5120909920445648,-0.3458234300635207,0.0810542495522168,-0.02437222903468282,0.0021552327536275063,0.012693357557290194
1544,-0.8491082341060598,-0.49077507691735944,0.08121159284660026,-0.024365455051067898,0.004005881724800836,0.013968823755871175
1545,-0.7558243257489091,-0.3521490917240493,0.08134300937118363,-0.02436117306067142,0.003080594497952414,0.012602905732499347
1546,-0.529377906365374,-0.36643824319998564,0.08139401969541393,-0.024356328306465468,0.0015973638225567806,0.011880258854167436
1547,-0.963687311173884,-0.4327362664849767,0.08155800378549813,-0.024354631533689674,0.004135086009804144,0.0145709653560194
1548,-0.30028967147313335,-0.32498546529885086,0.08157517497747067,-0.024348614611819964,0.0012135212665578625,0.011565848671861903
1549,-0.3804902348592389,-0.36440136859431277,0.08161338203551519,-0.024345202319383443,0.0013420118591816843,0.011502558962185652
1550,-0.6620344692074437,-0.41317630822246987,0.08171194969912503,-0.024336347453785125,0.002369209803486385,0.012226842583309095
1551,-0.40845311300070725,-0.4047972422794779,0.08174105088236443,-0.024325038404941143,0.0015674578468339007,0.012898021667368335
1552,-0.4810086554221741,-0.3693164696513657,0.08179929931718115,-0.02432114448767561,0.0014535007895531986,0.012056165418593244
1553,-0.38208931165759286,-0.39080464768030637,0.08185189518798011,-0.024317434819661192,0.0013737577148720207,0.01432457201374919
1554,-0.5938001141813222,-0.3148617942459519,0.08196024804669594,-0.024315570909335445,0.0025629108032936346,0.011749155729107265
1555,-0.419645623490017,-0.3693788321922496,0.08200877838971027,-0.024305159209224225,0.0015774092088226865,0.013870988239559236
1556,-0.6296244443179243,-0.3279786548595877,0.08212118050279342,-0.02430121588987184,0.002574960457927449,0.010636852920994382
1557,-0.6477223769354139,-0.32355003910448255,0.08223261429650315,-0.024298630526214032,0.002668083454710517,0.01165323083738195
1558,-0.43849595914557643,-0.3421669246722653,0.08227388477311168,-0.024299033352873985,0.0012431238347521893,0.01243007409400429
1559,-0.3628914582172088,-0.4118447935650658,0.08230701143030379,-0.024288376701670382,0.0014863906275292289,0.012503721730680569
1560,-0.49206670300999844,-0.3278077227296841,0.08236745304310945,-0.024283308944627904,0.002089184076067728,0.009458978772752459
1561,-0.5092306298026675,-0.41464671300092515,0.0824377676880249,-0.024273441877274142,0.001679477753241232,0.0119427720551103
1562,-0.5586056725669551,-0.37904749068039884,0.08251178946248111,-0.024267354653759964,0.0022429286038446695,0.013183381398907155
1563,-0.36602172520442705,-0.3500105371558441,0.08255550043217023,-0.024261272359479814,0.0013067373085045768,0.01131639608428674
1564,-0.7901289118139925,-0.32688556203979574,0.08270802575551721,-0.02425760023551519,0.004082635804016847,0.011808216292039077
1565,-0.4969798221995785,-0.41805154180164655,0.08277154442768986,-0.024250542850644173,0.0017865642089311105,0.011261737876660852
1566,-0.6315153268554424,-0.3525756006436828,0.08287177847601576,-0.024246696232123697,0.002233918948994592,0.010181141013300098
1567,-0.4320326979930748,-0.3131790961896453,0.08292094659789241,-0.024242710796168902,0.0016045741133115508,0.01111244684583933
1568,-0.424195079763914,-0.47074873858722244,0.08297192832327348,-0.02423692868718005,0.0015867514432623877,0.012498165831688451
1569,-0.3598946808443667,-0.3564462228793674,0.08300696817235786,-0.024235091325155878,0.0015114618896816092,0.012906933228791875
1570,-0.36429088293295614,-0.34087246849233843,0.08304844668978123,-0.02422805200935876,0.00125971833475308,0.011503921569339614
1571,-1.0835589092902727,-0.44626634761587847,0.08325647655553965,-0.024219971997878967,0.006021553974809618,0.015023981340400285
1572,-0.36794488358006233,-0.3139689075821872,0.08328627971191693,-0.024216703980139528,0.0012215753381378445,0.010549779807437534
1573,-0.5335814125828511,-0.3596997926256548,0.08336834534618466,-0.024210683996617556,0.002044187005229986,0.012505856856675672
1574,-0.6761288564381968,-0.3426262349926321,0.08347207726394927,-0.024208365447250735,0.0026832881405376764,0.01119040280098201
1575,-0.41854221450939866,-0.4092802854412995,0.08351181695464831,-0.024203454908871942,0.0018274853835201252,0.014603768694679123
1576,-0.7636002720881447,-0.3155671211496676,0.08365720727317665,-0.02420099281791929,0.003271479785720489,0.01294054094125815
1577,-0.3911858321661035,-0.37943735725836997,0.08369182335034508,-0.024190418338862932,0.0017373002087691862,0.011474666755690663
1578,-0.44553018691938995,-0.34462630700892627,0.08374334224445136,-0.024184892888761533,0.0014364926040041372,0.01291654192263565
1579,-0.4622597719011095,-0.36237998666905924,0.08381722126468132,-0.02417663395454821,0.0019371180082713908,0.010855448227424645
1580,-0.4669348283987815,-0.3958279801961552,0.08387730202559304,-0.024175427227062955,0.0013645959638668278,0.012975791523620496
1581,-0.4505428393487266,-0.43474983283618374,0.08394942336531198,-0.024161317564694307,0.0017046249546517236,0.011689084459731236
1582,-0.8432213729022175,-0.3722911866977833,0.08408570997088527,-0.024154209144310542,0.003144011968782292,0.01182752117101593
1583,-0.45504704803487633,-0.45374503376156194,0.08414423392073513,-0.024152234138438533,0.0015287068085380838,0.011857090264813979
1584,-0.4255704561111623,-0.340910806450361,0.08419667388382569,-0.024148287321099082,0.0016909082950585428,0.011413066024911581
1585,-1.390941646542727,-0.35145352138217584,0.08452432023648418,-0.024145337482247002,0.00995298507046145,0.01082530246460723
1586,-0.5654504197665448,-0.35537429633233425,0.08459710009028855,-0.024140988608176796,0.0015920789983429233,0.011306065891558314
1587,-0.3997613664024468,-0.3050101696391005,0.08464568440523416,-0.024135055672486368,0.0015919245691394387,0.0096327848741693
1588,-0.40889990813669547,-0.31943112673883917,0.0846964792966797,-0.024126751320083337,0.0015900011749683475,0.011104978581714983
1589,-0.3685648826417652,-0.41626706714058237,0.0847274881059472,-0.024122665842148644,0.001398857286904875,0.0117873750171697
1590,-0.491646795907036,-0.3430182819689545,0.08481005653284895,-0.024119840709706842,0.0018022903548969057,0.012109272938302494
1591,-0.4422683589858435,-0.35433787161773544,0.08487583327444384,-0.02411395346179004,0.0013278154378686495,0.011442370504292905
1592,-0.35307307516070274,-0.44883811527013484,0.0849058536981324,-0.02410900879577049,0.0013222339063813974,0.014716580615316433
1593,-0.5322150154168397,-0.43259752817053154,0.08498713702501941,-0.024101106326469255,0.002352619703932683,0.014317290949435528
1594,-0.9902243494972722,-0.33453926885402124,0.08517621728018572,-0.02409270877890051,0.005973201028681276,0.012029425419546944
1595,-0.405589711890779,-0.45201897153336623,0.08521654007856522,-0.024086503908350137,0.0012785771300910492,0.012688900525192849
1596,-0.4615331339403988,-0.32845119173389253,0.08528047969641342,-0.024083015071585105,0.001395182005688619,0.012622152241835482
1597,-0.8905508624424439,-0.4489070379053526,0.08546286647408487,-0.02407746535927373,0.004089781287920689,0.014110787331409563
1598,-0.44932828001911346,-0.40073371582961503,0.08550431758054348,-0.02407684449297782,0.00116255448602843,0.016376259903651692
1599,-0.42467564135097724,-0.35963274628101843,0.0855653023983686,-0.024069006749101375,0.0016572704757914691,0.012040407900110168
1600,-0.3160352717320048,-0.32446345980456354,0.08559748246449901,-0.02406559217544637,0.0011023504889048743,0.01134196371151911
1601,-0.798977022448772,-0.3648109522064777,0.08571500735100977,-0.02406351789127991,0.003797270050988099,0.01118312144946269
1602,-0.6851869734455613,-0.32054489099901057,0.08580142276821501,-0.02406089014722922,0.00238741571879443,0.011314251154274124
1603,-0.4090103361575823,-0.37930109837371573,0.0858649484828633,-0.024058250915615188,0.0012997378913960557,0.011722172163412594
1604,-0.8517056506548465,-0.30625653588848845,0.08602785531375233,-0.024052150126235856,0.0037708109222260155,0.012321942317803402
1605,-0.7776970420354171,-0.34362583701641175,0.08618027673937169,-0.024046206155410456,0.0032872692371472352,0.011143618396785267
1606,-0.7303227816873022,-0.6053282826579139,0.08629918348145157,-0.024039364338951808,0.003292021966569095,0.01508012311583768
1607,-1.2892017742637458,-0.3074551490040992,0.08658140655067734,-0.024031300935277312,0.007855696450795278,0.01245453006427634
1608,-0.36726112195692123,-0.3724579379253002,0.08662029745399613,-0.02402651209862245,0.0012156434764429118,0.010143171043126004
1609,-1.594126650624797,-0.34969788378455907,0.08698242016948209,-0.02401713626892499,0.012155707256240936,0.012611170390857204
1610,-0.4183778068786521,-0.3411464022732049,0.08703444427132892,-0.024014114299403855,0.001424886812664368,0.011266232541464085
1611,-0.42710342117503003,-0.29576590157315413,0.08709967852401984,-0.024004830845086998,0.0017493405360764552,0.0119345437007477
1612,-0.9822326310428228,-0.2873910609496921,0.08731310049585596,-0.024001643868915137,0.0041708501407230454,0.010919142485137456
1613,-0.6459426988662965,-0.3173577378036231,0.08741538843377661,-0.024000942402987214,0.0022859761765927637,0.01078210675407833
1614,-0.8192659776377342,-0.4351826891427754,0.08754042204786917,-0.023996418738333487,0.0030978247783991874,0.012822818505519985
1615,-0.9608914204725199,-0.29137221290755694,0.08771534861480644,-0.023992669434876525,0.005328047432929869,0.01066377572145618
1616,-0.32694548785577465,-0.3569865790771576,0.08775179202517679,-0.023984973290951582,0.0012521258856054759,0.010869318295475753
1617,-0.3960361784174381,-0.39330997443907284,0.08779045275403617,-0.023974866998802784,0.0014303009015211173,0.011767936677170177
1618,-0.4156368495122582,-0.28415389037921707,0.08784438374217937,-0.023971533832609436,0.0014368719974020077,0.010261488843728515
1619,-0.7417384460574021,-0.38362004152808665,0.08797458535830266,-0.023969594977437846,0.0031518169246494707,0.012041263812716325
1620,-0.6606203397281663,-0.38385007528119214,0.08809578706114353,-0.023965174587996078,0.0024847318129855456,0.011031185570803107
1621,-0.4784929910242358,-0.43655412792355935,0.08813901228776032,-0.023961451162123608,0.0015687577929798418,0.012972057654849664
1622,-0.4565805312285023,-0.3289460763300218,0.08819821191357154,-0.023953589434918647,0.001818910715997472,0.012312508008503725
1623,-0.8060365065197642,-0.3837215850296245,0.08834454173139022,-0.023948552916336706,0.0036325424898279867,0.012196835609893613
1624,-0.7332399835629665,-0.4049500429199767,0.08846685943056472,-0.023946186797549795,0.00281376432484596,0.01245714545967903
1625,-0.32797916908944824,-0.4161851122799255,0.08849007022628266,-0.023941735636548632,0.0012569867073515457,0.013816974832292352
1626,-0.5053231252461352,-0.3367099050146511,0.08855901523626668,-0.02393836266843289,0.0019796049644028395,0.009430971816739677
1627,-0.3460395182696404,-0.3469167424393258,0.08858982948679303,-0.023935900360483636,0.0012078635288445224,0.011743557138086006
1628,-0.3647786251310433,-0.3668445535330775,0.08862991089553242,-0.02392980577309301,0.0011784818791131658,0.01270728530570938
1629,-0.6741431706146166,-0.41020465000623485,0.08873612153672443,-0.023925433246739108,0.003083570517192926,0.013713624157632361
1630,-0.5625560591762123,-0.36112211046334375,0.08881267935540332,-0.023922819947182285,0.00192649838295631,0.011541592542381567
1631,-0.5306191289649795,-0.24671215935180282,0.08889016404320345,-0.023919744633376774,0.001952072294681788,0.009648385874730894
1632,-0.4470287718070573,-0.44072793310667546,0.08894388245914156,-0.023914442592799838,0.0019123599359890896,0.012871916898497147
1633,-0.5400539338644488,-0.4178633949459471,0.08901799769153154,-0.023905020763894138,0.001920122186639284,0.013081923030639812
1634,-0.4885420204828066,-0.36305371034193745,0.0890818183322348,-0.0238975041290758,0.0013217780010537814,0.0109425303349274
1635,-0.5589652014228974,-0.2868759151274836,0.08912540150629776,-0.023894486920098167,0.002093793926079489,0.01088696852051627
1636,-0.5061462093370357,-0.45657967531945864,0.08920928253164012,-0.023881084038235866,0.002003610975791015,0.011543793342462309
1637,-0.5060745215671633,-0.3010673023998947,0.08928052187174144,-0.023874917520493227,0.0019754582068403008,0.00999350930117806
1638,-0.4747351690338114,-0.3985535941378056,0.08933893391076601,-0.02387358683243724,0.0014898496340334032,0.012673809662973707
1639,-0.4361478891674646,-0.26941658997272855,0.08939089248837977,-0.023871972384905533,0.001836197775531351,0.011638410750859255
1640,-0.5426683612016684,-0.30562953871281384,0.08945736969580542,-0.02386958738328712,0.002130392699092644,0.009522519621430721
1641,-0.9129560178311072,-0.3439282011682928,0.08963168702109581,-0.02386090764533199,0.0038460707175920136,0.010698251194150412
1642,-0.4935623539472467,-0.43582914236444203,0.08968818960404758,-0.02384675438056927,0.0017344397075419432,0.010588447924598936
1643,-0.3394469745656755,-0.3458515686397166,0.08972610726772927,-0.023843148899176665,0.0013159224384710288,0.011045378882958147
1644,-0.37413327797607976,-0.311663454600645,0.08975373905627561,-0.02383742125719207,0.0016032774836785254,0.009556549671377649
1645,-0.37543271625504443,-0.4038483146248129,0.08979153685596533,-0.023829681994429582,0.001344900268064598,0.011643938105188068
1646,-0.43994803129431254,-0.3756583541837299,0.08983081407144221,-0.023827895867147057,0.001558358048405835,0.013843590563550003
1647,-0.356745292884657,-0.4106875094680508,0.08987759678715093,-0.023821772988236033,0.0013223601337881137,0.01347520832501501
1648,-0.4614252906731394,-0.4351346080426232,0.08993360538184449,-0.02381671759001295,0.0015949464094069355,0.014027543502947158
1649,-0.6777547181391926,-0.3854159709627806,0.0900210102356087,-0.02381324825225391,0.002449791317761386,0.012546124725712648
1650,-0.4270292876006142,-0.32967452169242417,0.09007564505675718,-0.023806853363525525,0.001456283509926935,0.013733741076830883
1651,-0.38167575499493683,-0.38262613699726283,0.09010692323093902,-0.023796286369925913,0.0014496129433899932,0.010913996134878187
1652,-0.5522552202394387,-0.41806897569571083,0.09018403205877829,-0.023784774184011277,0.0021847394837884444,0.011035338866192098
1653,-0.781248859313946,-0.3354323606464924,0.09030629521274804,-0.023781544129703056,0.0028539060295746607,0.01263784466358681
1654,-0.3807557796820278,-0.2718764844315257,0.09034120638934594,-0.023776086534765695,0.0012391015046933757,0.012043536497716398
1655,-0.5014322703018333,-0.36606127906564223,0.0904213111090742,-0.023773918436732138,0.0019498909233769375,0.014220125740094496
1656,-0.5366822282127607,-0.3644619922415146,0.09050050973331755,-0.023771459725638537,0.001909415657895152,0.010992448823739965
1657,-0.46547593040569335,-0.40662496772429063,0.09054886624262652,-0.02376671600860529,0.0016443470882586517,0.012042722363989858
1658,-0.5387062799281034,-0.38977738820660285,0.09063367274350059,-0.023757375972253966,0.0022307208160006163,0.011290579499510926
1659,-0.4426660144862005,-0.3404687233587796,0.09068529947243158,-0.02375081905270005,0.0019124844486598418,0.01254473400493537
1660,-0.45862568936586423,-0.37849707687725254,0.09074883312269616,-0.02375244144865384,0.0013049595706010482,0.013786532259948525
1661,-0.3097251579492582,-0.41701121567233296,0.0907750849558439,-0.02374127606014608,0.0013105958395656305,0.012480160076620082
1662,-0.5862003120581762,-0.34731278415031847,0.09088776704649443,-0.023738089054306636,0.0027606823563367483,0.01078625018547864
1663,-0.6315916231279229,-0.3595619302756168,0.09097421946914434,-0.023733090910283947,0.0027666737816360917,0.012562966232839874
1664,-0.37274728291330816,-0.3747451522729245,0.0910221959166286,-0.0237269755199259,0.0013363297647774376,0.012502797888247966
1665,-0.7321741975506753,-0.40230224081498794,0.09114354856998359,-0.023723332866477286,0.0026986470572847106,0.01130131886421402
1666,-0.6773219670577446,-0.3930935967964932,0.09126641559579385,-0.023711578975795716,0.0026967121278942217,0.01303521608328227
1667,-0.5980198056703282,-0.3492733625080944,0.09135845777624457,-0.02370884069747882,0.0018787189701363898,0.011952935648001135
1668,-0.577924535590576,-0.395522629631748,0.0914703453945882,-0.023706183209958702,0.0025517694595647167,0.012429641881035607
1669,-0.6460005247258757,-0.4283986721092635,0.09156347041814565,-0.023699259529305735,0.002514246677892551,0.012861981840094095
1670,-0.4841564834574562,-0.3570129967580648,0.09165102123960953,-0.023695135548486446,0.0019234245916661516,0.011509646003058623
1671,-0.570158217929193,-0.3820435989305288,0.09174255050307445,-0.0236838860212488,0.002446023097502084,0.009839889509145676
1672,-0.5254914695632379,-0.3380343520252312,0.0918291264663453,-0.023674050271466743,0.0020161816097083204,0.01150982375558974
1673,-0.43611230728657513,-0.3782960572227087,0.09188550974175971,-0.02367144883818042,0.0013999050709575644,0.011700640559768822
1674,-0.3552184956733412,-0.43324801467204466,0.09192389029539967,-0.023666270561611597,0.0015424319303053262,0.0135573793624517
1675,-0.5238273098728007,-0.3308483704547532,0.0919853291769139,-0.023663212211346634,0.0017446571272573038,0.012627017660221312
1676,-0.3248957419695513,-0.3471328398629862,0.09201218652866865,-0.02365987053697444,0.0014337744196688208,0.01288659337078352
1677,-0.46752053568901847,-0.4181312273323439,0.09205977540306928,-0.023654142188598404,0.0014466606012797894,0.012650085139912986
1678,-0.7822743119503289,-0.29593181443117283,0.09222470630288501,-0.02364770299925963,0.00324395881907404,0.009518985768626335
1679,-0.5911265261841214,-0.28266382910669463,0.0923148987859757,-0.02364524781499144,0.0019866292466970644,0.010846059740911764
1680,-0.4333141145672443,-0.46395067362958936,0.09237788077091907,-0.023635187464221333,0.0017648330488195221,0.01244338119096799
1681,-0.6582913545925086,-0.3684084375160193,0.09248342435269971,-0.02363033745296649,0.0025624843557193965,0.01135911694640922
1682,-0.4133666927939023,-0.3535687763109747,0.09254094103043614,-0.023623438912547444,0.0014451656604035738,0.010765365761021316
1683,-0.823477164917264,-0.31988628079325776,0.09270185208182914,-0.023618281338939857,0.0033489438069876287,0.011157888313671233
1684,-0.5773070208406827,-0.38756214389948856,0.09279090184543734,-0.023615495494186626,0.002042542870148992,0.014058453134102823
1685,-0.4686061397333815,-0.25930017711169073,0.09284905941964475,-0.023614083810591987,0.0015105645512513294,0.009237953585170757
1686,-0.36320168804219066,-0.42794068581630995,0.09288098045886009,-0.023604617704336275,0.0013222628063047786,0.013134425519965324
1687,-0.6403362348103282,-0.4025917567087326,0.09299314011322996,-0.02359818348644719,0.0021488462210087706,0.011394758654321107
1688,-0.4807174934228249,-0.3464167523583519,0.09305820051196667,-0.02359482008796824,0.0012746701815321481,0.012246302124133404
1689,-0.4354779394302392,-0.36970991091598726,0.09309805222383355,-0.023588880468405894,0.0017655334051273515,0.012079381001251012
1690,-0.4128957951528588,-0.32964182470631764,0.09316127648136699,-0.02358545380669231,0.0014604372379661114,0.013230699970228474
1691,-0.25198086058170327,-0.3857128157252527,0.09317785590687624,-0.023579179511346467,0.0009254019676928531,0.011568319804580496
1692,-0.4389244509941105,-0.3124693187260848,0.09323326430954414,-0.02357448863599444,0.001620127220181366,0.01025709353224881
1693,-0.451746424084534,-0.4480593479331319,0.09329216144557455,-0.023566227943380754,0.0017813496953973428,0.014948575555237383
1694,-0.4098002101385839,-0.4514597430088487,0.09333962506220014,-0.023559225288182536,0.0014572567624612505,0.01112634883021718
1695,-0.5361510886230288,-0.38183974358696976,0.09340346860173532,-0.023551096915192946,0.001681976052589321,0.011805987009911745
1696,-0.43131884031122825,-0.30116917272947763,0.09344795701787971,-0.023545258811425884,0.0013476329154579832,0.009697497538052565
1697,-0.5281787981246759,-0.3640042013156296,0.09349961755259409,-0.023540449225827112,0.0017337397563926902,0.012805840486348719
1698,-0.6527368412023138,-0.4916905993962923,0.09360849397526515,-0.023529941839149977,0.002596151989681659,0.015712642985641196
1699,-0.5309095517909646,-0.4171701527437052,0.09368141052548419,-0.02351758636731283,0.0018664357437148274,0.012653768897112193
1700,-0.8116169361761085,-0.37055092522267935,0.09383573488835813,-0.023507924268473444,0.0033430745878335914,0.01258877623019038
1701,-0.6992025629931429,-0.2671787786225366,0.0939700191987789,-0.02350483260009492,0.002791413251255933,0.010368702324290081
1702,-0.39780358363596335,-0.38828610995060264,0.09402108711719509,-0.023495213414908192,0.001574952561902581,0.010087807381617348
1703,-0.37158510639876263,-0.37513370242793237,0.09406676296766942,-0.023481206169800102,0.0014169087396840542,0.011386038852424384
1704,-0.565148062921526,-0.4058165160080858,0.09414312711243772,-0.0234742997862088,0.002589646549974823,0.0137879354451433
1705,-0.48237640123294645,-0.3283082249890991,0.09423560312915935,-0.023471043098524224,0.0018425405836373025,0.01287341807644667
1706,-0.766299296711485,-0.3560166637710719,0.09437053923116445,-0.023465927020113245,0.0034289391012661337,0.011163384921961485
1707,-0.49968741907150965,-0.3967531629521791,0.09443518876636087,-0.02346156238425269,0.0014982114854785414,0.014029437749888393
1708,-0.36196269326193214,-0.32712080619698963,0.09446319571188219,-0.02345442816162071,0.0015649685248687124,0.009461324491303841
1709,-0.3690366032590291,-0.32557924145804723,0.09450383764390805,-0.02344987378318328,0.001405215178100079,0.010812170931190617
1710,-1.1241054843578313,-0.37965194084620213,0.09473052655290791,-0.02344606088007395,0.005653090150506452,0.012124571895574617
1711,-0.5080164605477531,-0.38380638399042255,0.09480837680254867,-0.02344148924400661,0.0016885555324560838,0.010971593288840084
1712,-0.6474537974824348,-0.26107009740406467,0.09490031052473254,-0.023439514709944754,0.003065700825926338,0.010414020982277552
1713,-0.4235878925134198,-0.42492066346169177,0.09495506106777923,-0.02342791534778748,0.001543713457545352,0.01292973264525838
1714,-0.2869729048450287,-0.3252510785392321,0.09497759848295854,-0.023423279869376434,0.0011117885367394901,0.011233372579494444
1715,-0.42936134752945426,-0.37719620556997563,0.09503747910453426,-0.023418151779444396,0.0019003703951468137,0.012259714360972907
1716,-0.5022317028365186,-0.33858650323795875,0.0950947396649916,-0.02341401483269932,0.0015957248424994612,0.010213476424820634
1717,-0.5321200571770636,-0.3539363548315087,0.0951406886710231,-0.02341137184304187,0.0018486922744084908,0.013479546100717383
1718,-0.7469808894429523,-0.5404775960332874,0.09529103431169245,-0.023405324248815026,0.003162350889935643,0.014793059169272404
1719,-0.5300883555220557,-0.28095174963572545,0.09536386818884157,-0.02340118216566675,0.0021643787775126153,0.008934708125209178
1720,-0.5302631568983013,-0.3578732160778817,0.09543773003360569,-0.023395568777144198,0.0018873738443578442,0.011777958538270454
1721,-1.2590908210740641,-0.27272680353997397,0.09573427218874027,-0.023391073260817914,0.00800371206041796,0.012485230229697306
1722,-0.4414897286373351,-0.3156146994105674,0.09577837381249997,-0.02338682806854804,0.001828916157040299,0.010407186817306468
1723,-0.5471403171180744,-0.442290642575941,0.0958714867550005,-0.023386637810706944,0.0021969708660505515,0.012376279945713047
1724,-0.648444428825862,-0.342210690385283,0.09598072994593997,-0.023380068313750592,0.002324097592417814,0.01334129779365285
1725,-0.529785345612196,-0.40141762473212866,0.0960480047396614,-0.02337652334620494,0.002263909259923232,0.013546786119455426
1726,-0.44020838309888805,-0.3739221733786749,0.0961152199170728,-0.02337524387878291,0.0015203311352858244,0.011849335724214672
1727,-0.36470621720137786,-0.3146497611282427,0.09616198448364799,-0.02337263066540192,0.0013948797940961887,0.012042185785125633
1728,-0.4551069599030228,-0.3480110838954497,0.09621903484414636,-0.023369488694623717,0.0014257531218932868,0.011970621929961013
1729,-1.0911554927793008,-0.314886102043665,0.09645676410748641,-0.02336825905961233,0.006722921583712195,0.01242129911323107
1730,-0.462968114917054,-0.4162106688265562,0.09650572265308141,-0.02336289621571642,0.001716862286210057,0.01365369302330673
1731,-0.3447537699442227,-0.34238550270914514,0.09654031555933872,-0.023360103916029017,0.0013397838761022307,0.013698883657751803
1732,-0.4308616963783012,-0.43634498683834433,0.09658494853394925,-0.023348337945184594,0.0015453237926109351,0.010739742784860503
1733,-0.4739828688731866,-0.3888249752614406,0.09664366955970648,-0.023344181341752722,0.0017737125176251168,0.01294534708077958
1734,-0.7621510791022854,-0.34980173558310085,0.09678431467137974,-0.023337926477183902,0.002639396800594517,0.012243157855193785
1735,-0.3478731040943268,-0.3441635014355654,0.09680737649449715,-0.02333424418588901,0.001369901529118764,0.01005871673005046
1736,-0.4365513042374251,-0.3373677853846412,0.09684677390744768,-0.02332835915511785,0.0014178232411415459,0.012482644278536566
1737,-0.4075085077598754,-0.35801495745309114,0.09691541825281673,-0.02332131643644856,0.0014002646659927445,0.012600668222021284
1738,-0.415366671914427,-0.34596197136388995,0.09696100960894068,-0.023315673100128533,0.0015456885884380187,0.012759384527153214
1739,-0.45429269993998117,-0.5201219062749706,0.09701829012914946,-0.023312969890443666,0.00155195435032063,0.015038148083651589
1740,-0.4006881256539386,-0.4269425406820483,0.09706983681413356,-0.023304490770355152,0.0011683272232828527,0.013888561551543251
1741,-0.45639844770575644,-0.3868678431501038,0.09713477769348813,-0.023306204450266568,0.0017481916480157616,0.013342377725058885
1742,-0.3701247917342738,-0.44756333635803014,0.09717654308982235,-0.02330098587947393,0.0013704960034950423,0.011965479262721195
1743,-0.6707439104405511,-0.29947734941432924,0.0973027931592821,-0.023298590270009936,0.0026636698887522337,0.009674961891625462
1744,-0.4681054706196111,-0.30733898445542535,0.09735086256036593,-0.023298199984176655,0.0013852234486401288,0.011539612873332121
1745,-0.6747706671940871,-0.3525329372740903,0.09745691003378609,-0.023291434728195223,0.0027150158588987935,0.012227774144455264
1746,-0.9027448850094161,-0.4487240229991349,0.09763138814525574,-0.023280898634494097,0.004169372432937999,0.013123385459719668
1747,-0.8514885384814365,-0.33010617702802275,0.09778868093045211,-0.023278091985887085,0.0036419747519826208,0.012018350103527108
1748,-0.9529875990007317,-0.381396346762297,0.097956579623702,-0.023272751377204047,0.0038408553497338107,0.010704262654181337
1749,-0.8339019175526539,-0.30321974504403226,0.09813031776651353,-0.023268874815925655,0.003990199136389604,0.01016590885511218
1750,-0.4674334490519417,-0.3452221406035931,0.09819376353091225,-0.023265257074929338,0.0015815209027213956,0.011794858282774432
1751,-0.3128725249412618,-0.4510122136092154,0.09822384224693442,-0.02326070574798915,0.001175763640799804,0.01654125098877419
1752,-0.9813656340243303,-0.4209415256788801,0.09840240577600692,-0.023254545288509284,0.004694721657888699,0.012655644219527867
1753,-0.5602101579268106,-0.43646645770183157,0.09848813124682512,-0.023251668659755573,0.002249749228545463,0.01416888962838304
1754,-1.0378678783304898,-0.2722560057544812,0.09869017375777495,-0.023248957996135657,0.004806124587353358,0.012747591701563955
1755,-0.5387066112403127,-0.35676081037794194,0.09874813089109911,-0.023247479570740803,0.0018777939144224835,0.01176510935647764
1756,-0.5452896456388492,-0.5033291814038248,0.09882721161217807,-0.023239903585962594,0.001890215193734669,0.013795109251498645
1757,-0.47131808496231004,-0.30079806576367635,0.09888886284985005,-0.023234386705485794,0.0016079701631699292,0.010913485298337532
1758,-0.41518537769999375,-0.30319488361185326,0.09893244047751913,-0.023230719887145708,0.0015716093400012941,0.011145768055087641
1759,-0.5369312345313019,-0.37565276126220076,0.09899303191294058,-0.023223721075797,0.001732974370980123,0.011945232667482193
1760,-0.5469965985926855,-0.4715286243279506,0.09907207351821873,-0.02321402699921854,0.0016570818614050438,0.013120058739232008
1761,-0.7760300624485194,-0.40000993713916805,0.09920773043787488,-0.023201187539722695,0.003268214657620158,0.01058979551428802
1762,-0.39191131823110936,-0.3442809009684702,0.09924991539486698,-0.023199670185579013,0.0013804862654235393,0.011131140262623513
1763,-0.33768089760832276,-0.326591199368655,0.09927068878167682,-0.023194711334528436,0.0013835156032034463,0.011063303680532061
1764,-0.4054554894439252,-0.35979996510652196,0.09932331912196922,-0.023188908179723484,0.0015930644757389608,0.013092915372777531
1765,-0.336879758485339,-0.4530962651445349,0.0993541151526017,-0.023183288490324888,0.0013286586167136276,0.013595023900728323
1766,-0.4989530863228281,-0.3472203357877336,0.09943392317642902,-0.02317891510803707,0.00198319478458966,0.013402443635052287
1767,-0.40454301043948243,-0.4633899205385872,0.0994866188971314,-0.023172554292528826,0.0015323690658131973,0.011988739350680063
1768,-0.5889174816798797,-0.39019313611631357,0.099548520706105,-0.023163489169191403,0.0024062680985007232,0.012459354292668189
1769,-0.5747336831520811,-0.2897563551359574,0.09964422611804197,-0.023159938691187272,0.001815170695110402,0.010562470428234019
1770,-0.33718406001722767,-0.3978934035220882,0.09967944445872216,-0.02315392843344806,0.001156797220828874,0.011591634875241176
1771,-1.1542655128490384,-0.3247745572408516,0.09991402410449904,-0.02314759354916075,0.00597235192873571,0.010763895824393221
1772,-0.5927107748269724,-0.3451798188131844,0.10000502168729236,-0.023137016264281603,0.0020322743560975865,0.009767962544499468
1773,-0.9906391134194089,-0.42598264472937375,0.10020279931873,-0.02312760283038036,0.004760231517580581,0.010374782867327391
1774,-0.44910705748728363,-0.39657257953624964,0.10025004785668651,-0.02312569160109862,0.0015268771643116611,0.013143922291907825
1775,-0.34766617835989805,-0.3435424343290449,0.10028063444451045,-0.023121699170836292,0.001516447590832294,0.011600321860702758
1776,-0.5404971643995545,-0.3952599807923221,0.10036492226473581,-0.023117819056668938,0.001750030917219349,0.010210102037641057
1777,-0.37102929840582005,-0.29007573964863786,0.10042012936990415,-0.02311361368468057,0.0015644067872727836,0.010595250469684488
1778,-0.36191320475836464,-0.3979125008316079,0.10046657886510811,-0.023103037063491826,0.00138402326618577,0.012090913251257895
1779,-0.3818601124911497,-0.3171599428157287,0.1005093502471849,-0.023096912070764256,0.001566149916971145,0.01384110036804711
1780,-0.4955490319316189,-0.4220292736958194,0.10055999545065585,-0.023091117099358478,0.0017268782091102686,0.013448706968691625
1781,-0.41506709565344424,-0.349280439466197,0.10060929712049303,-0.023080134776183554,0.0014889420601912782,0.01265612814354883
1782,-0.46476189883811947,-0.29040134546577123,0.10067425884253503,-0.02307783031125222,0.0020418577685777034,0.012263485153799486
1783,-0.8857140790360859,-0.34752269809823577,0.10085169666906801,-0.02307211259102401,0.003907121026323314,0.010892273266090186
1784,-0.6015971866547343,-0.32353213123575364,0.1009425451807157,-0.02306930801807607,0.002873235369929029,0.011776695604350598
1785,-0.7027858040288226,-0.4899083071862102,0.1010739424801274,-0.023056991934424217,0.0026472266180556795,0.013190872512448564
1786,-0.5570687120855309,-0.38783082159269056,0.10115779708457841,-0.02304960940637358,0.0018177598651676853,0.01184979965517243
1787,-0.5910171426613758,-0.3736783000137534,0.10124574425096006,-0.023046932092049867,0.002024429822460888,0.010983467508407846
1788,-0.3846411867487005,-0.4836527215162027,0.10129455064187703,-0.023037991483242377,0.001386074648906697,0.015809145075392887
1789,-0.4059855943858169,-0.36861884761871416,0.10133975843116706,-0.023031551943870028,0.0015652524560289137,0.011303495846658629
1790,-0.3119401590055832,-0.35812451932179556,0.10135677457063812,-0.023023685868112206,0.0011928969415301617,0.012083938076228928
1791,-0.38815020127181604,-0.32147924147111717,0.10139572431808974,-0.02302003245092165,0.0014549441948398434,0.009933934835595747
1792,-0.4052862490923806,-0.2754047908586722,0.10141331579962283,-0.0230187830680023,0.0015496704946999062,0.011349270825549018
1793,-0.6931531014922763,-0.42201347448521287,0.10151092970172151,-0.02301055935013048,0.002879261925307296,0.01259560272631004
1794,-0.4979208113707309,-0.40804374591455794,0.1015728776915335,-0.023003382583956237,0.001589398899299657,0.012037742719830572
1795,-0.601805827712062,-0.36472894391972,0.1016667703505124,-0.022997749603071972,0.002365401357016083,0.010605891880869299
1796,-0.7246159957260393,-0.2734481066752077,0.10177809432126608,-0.0229960036080254,0.0031385457052986888,0.01124421682779171
1797,-0.36529628857528695,-0.3198592223506067,0.10182151174364591,-0.022991994262585615,0.0012835330043037974,0.010610974744503754
1798,-0.41198579021193643,-0.3557871177920256,0.10185713436603333,-0.022984979873484888,0.0013765643436377522,0.010672869648528415
1799,-0.2874757006084037,-0.3145639443839262,0.10187283392175536,-0.022981622180632703,0.001165721252810553,0.011789330694774556
1800,-0.5972552187979309,-0.3988066828758611,0.10196412621618804,-0.022979682152551077,0.0025404651777212067,0.012526431249664802
1801,-0.5316319048041209,-0.4374767305063027,0.1020462892605478,-0.022975061775414016,0.0021831345161656534,0.012807796897681403
1802,-1.1865314595663918,-0.3022045474397572,0.10227254757470285,-0.022970750290121956,0.006582848764567593,0.010241552280827697
1803,-0.7187332163153571,-0.47365505112597567,0.10240200777995256,-0.022953802386944173,0.003196379907858266,0.011801733466445773
1804,-0.43179353470747667,-0.31962405001658956,0.10245821653277434,-0.02295010850758236,0.0017843784071750418,0.010832048164524918
1805,-0.4251036264183755,-0.3910308431368969,0.10250101308588885,-0.022950083613601003,0.001540079334689341,0.01342561912473836
1806,-0.42198261800203146,-0.38349463262159217,0.10254791220011464,-0.02294344940265956,0.0018349109450645873,0.01205975664648868
1807,-0.4594100961045067,-0.3868374988140868,0.10259931397866916,-0.022938931619366644,0.001839082959803827,0.011853499431784379
1808,-0.3558848516330556,-0.4540527940993537,0.10262772073695511,-0.02293475296699816,0.0014675998536252848,0.014296965540654216
1809,-0.45879405334679507,-0.41676430281800264,0.10269665344837486,-0.022929162897875846,0.0016891112999079785,0.01224631786749147
1810,-0.4437136925936945,-0.3699541844477269,0.10275996878786518,-0.022924925773292575,0.0015876495515821777,0.013250990281576202
1811,-0.4310775441527559,-0.2676447743106908,0.102817757448269,-0.022921561286542765,0.001642857584879399,0.011467538980618221
1812,-0.3017810385503497,-0.32051537829362226,0.10283578007681757,-0.02291743604026535,0.001382949455256828,0.01177745286139919
1813,-0.6703676782624589,-0.38949012713571174,0.10295689458787254,-0.02290618566034436,0.002738573849089066,0.01106170157093444
1814,-0.5938232786737335,-0.3048426486532304,0.10303893964316807,-0.02290420777142057,0.002086525213648169,0.01221705928559831
1815,-0.5020877166901144,-0.3417269237566123,0.10310971385475556,-0.02289874774093904,0.0016255054537319695,0.011013430931492128
1816,-0.7749259215337272,-0.3875567558729898,0.1032574553248134,-0.02289220678783581,0.0033192963600669166,0.011602699353579361
1817,-0.8317494307311776,-0.44881471577730464,0.10340125895943543,-0.022883878997505398,0.0035337840408327112,0.012846165192323322
1818,-0.4829804954411768,-0.32394005102831486,0.10346001235642754,-0.02287511211399335,0.0019117012101777483,0.012662454395965856
1819,-0.5192957686156187,-0.38391898728795637,0.10354019977270851,-0.022872028003931694,0.0020621860788174583,0.012854138095333941
1820,-0.8272788367923827,-0.3836275137958784,0.10367839493315222,-0.022865441159358436,0.003537356498853316,0.009765890777651593
1821,-0.4500586278083741,-0.33194796641035634,0.10372216142851678,-0.022861620923531948,0.0017409951754722023,0.011204217299392492
1822,-0.6583905753557953,-0.3856058487690527,0.10383905851670525,-0.022857086544397165,0.0026013070778012717,0.011886744285776808
1823,-0.49899709871054826,-0.28162169970366907,0.1039085142900613,-0.022853680083382684,0.0017763881465387118,0.010459026737540445
1824,-0.4071913516824908,-0.39786601405738115,0.10394901129453693,-0.02285174601076533,0.001605766775683132,0.012827224376282401
1825,-0.5901036871794582,-0.30570987660240473,0.1040350714106555,-0.022845040247582056,0.002187782897557821,0.009946973098745877
1826,-0.35155943734379214,-0.3093176319068447,0.10405905518536777,-0.022842293434807284,0.001255755404122315,0.01169887940809296
1827,-0.4734256726524015,-0.29410584845620397,0.10411689368824908,-0.02284056653627977,0.0020515958354869706,0.010231764527117196
1828,-0.8109790912394189,-0.4357201355584143,0.10426247492495569,-0.022829575589842797,0.003296279540002867,0.010573793078464639
1829,-0.5068227077239847,-0.4464530780845791,0.10433633720618476,-0.02282429200322298,0.0016410934711697117,0.013006578054624246
1830,-0.3854974514021364,-0.3244681682294984,0.10437852904929967,-0.022821865598045898,0.0017484119847109997,0.01211817534277786
1831,-0.5947662183690222,-0.4026608203649172,0.10448548750934271,-0.022817377084679357,0.002671944247847114,0.012074058709796508
1832,-0.5552474597381976,-0.40171322872552695,0.1045470837474931,-0.022812615247355533,0.0023226569399444875,0.012580212767255801
1833,-0.259783681557484,-0.41743421859435004,0.10456013148181621,-0.02280750891901778,0.0010352641464598704,0.013606390407489767
1834,-0.595093708365673,-0.45275120004459884,0.10466868040441342,-0.022803568395764414,0.0024637732949176006,0.014428140007146727
1835,-0.5709547215979474,-0.3014884682433538,0.10474197268649878,-0.022797968118738753,0.0022363887107483215,0.011018563763034209
1836,-0.6095072791207515,-0.32656953344338135,0.10483251216854851,-0.02279717715200994,0.0029300414665297827,0.01008022633994279
1837,-0.35658906345079583,-0.295301742346315,0.10486960640359075,-0.022794487120250364,0.0012783971851439036,0.010010348258977446
1838,-0.6282548393251919,-0.3774552705285581,0.10496745898704049,-0.02278883381957355,0.002043395861870908,0.0106332490995491
1839,-0.47378409155666107,-0.39160200258856553,0.10501986736623918,-0.022782270964155273,0.0018735050442488643,0.013440746292569609
1840,-0.42231264968077975,-0.4053492590988336,0.10506563236777168,-0.02278098797252222,0.0013593893922574532,0.011141694290649491
1841,-0.4282565741402782,-0.37253348979208306,0.10511965693046052,-0.0227741885579329,0.0015779001501505365,0.013342554855416765
1842,-0.9399127955253967,-0.3905021710145138,0.10529349500855749,-0.0227669968647746,0.00383273670157551,0.013544183718242097
1843,-0.70017290828045,-0.40620834737898215,0.10542042468903386,-0.02275682913584193,0.0034666893048157428,0.012078702012745886
1844,-0.39256795792308263,-0.46364494448941856,0.10546655315196243,-0.022747510275130375,0.0012018192788883142,0.01375909203108066
1845,-0.6967269853491153,-0.338951169469388,0.10556430862630879,-0.022745678080505583,0.003248247366572882,0.010630891618192154
1846,-0.7334520679742825,-0.3876537677121355,0.105698549603054,-0.02273918250166655,0.0034485106637487553,0.011177101349155259
1847,-0.820929808649055,-0.47493622256082907,0.1058274820811531,-0.02273150384311743,0.0034739335002227584,0.014062423933766721
1848,-0.28613888907933527,-0.3335440058641728,0.10584572640060351,-0.022727300721526136,0.0011692470715892393,0.012303812785427302
1849,-0.378465948731214,-0.4550045108105522,0.10587302145679078,-0.022719439572307744,0.0016535627549614119,0.014010326204127163
1850,-0.48006664917651404,-0.31982728077718403,0.10594250520225656,-0.022715510842648383,0.0016956767717994485,0.011809820751539272
1851,-0.41619401001596507,-0.45845113106071855,0.10599789196801399,-0.022703451483246994,0.001698930857787641,0.012506726168379688
1852,-0.47848440063567677,-0.36874170755373975,0.10605178563965972,-0.02269964759455132,0.0019179318159271003,0.013493139620530028
1853,-0.6102221734069999,-0.3115055028490784,0.10614757010869832,-0.0226956941665527,0.00207049159353307,0.010315220884004493
1854,-0.5625168444250952,-0.40905853319849006,0.10623601476731849,-0.022691920749969157,0.0025988661094575446,0.010806836805595731
1855,-0.5190575438387909,-0.3933647018464499,0.10630673174308983,-0.022687751450546353,0.0018228720151092048,0.013732475448145537
1856,-0.5252118216515752,-0.2612004349584913,0.10638090314266609,-0.022685587672431055,0.0017569766806502496,0.008814542552357934
1857,-0.7539966108158307,-0.26952084943720717,0.10651546489573084,-0.022681898019999886,0.0031506638075874944,0.010165633766113454
1858,-0.49582993784718604,-0.36154649378700354,0.10658564843005779,-0.022679232745843016,0.0016511865108591926,0.012856581874438819
1859,-0.40085898401527176,-0.3424781434595659,0.10663538035209685,-0.022676238473566653,0.001265881221781524,0.012631523987069748
1860,-0.4973949558069753,-0.47330668196984765,0.10670038465952454,-0.02266896596987685,0.0019351621013298484,0.015432495044215804
1861,-0.4627638728456686,-0.3462618810629696,0.10675712770931804,-0.02266490472558686,0.0017517916883763175,0.01180826813774923
1862,-0.4529282398284056,-0.30319821057544405,0.10680064766718389,-0.022662914495479212,0.001943007798496964,0.011419317361948565
1863,-0.4599576448439528,-0.43294541474161946,0.10687397654572009,-0.022658891918663774,0.0013170665948101983,0.012101121224808952
1864,-0.525536805514259,-0.26415949200136374,0.10693645077948007,-0.022654639638074143,0.0019650236115669717,0.009096136332779135
1865,-1.2006543947317554,-0.4347108582033403,0.1071777323450245,-0.022643837301256457,0.007397098994838352,0.01496896495622793
1866,-0.9744559096518989,-0.3586523267609346,0.10737761353749337,-0.02264086581517735,0.0045237081231995074,0.010352021332153464
1867,-0.6091104510315443,-0.5048768632327959,0.10749129025891521,-0.022632302208834217,0.0026120948983990853,0.015704818896347488
1868,-0.30321034874068414,-0.3135336439908422,0.10751326500303002,-0.022627420623116196,0.001096070797582352,0.012156069526181614
1869,-0.43117248878042946,-0.48011849805714585,0.10758637519811556,-0.02262154157413271,0.0016081789018136986,0.013145716682092653
1870,-0.34504620148275295,-0.2836682030458705,0.10762370869002778,-0.02261670792948859,0.001368280483129944,0.011571219442925662
1871,-0.4213855314089741,-0.3708940603430398,0.10767520766402992,-0.022612692614476102,0.0016325925314866045,0.013130917739052922
1872,-0.46297262849772824,-0.34224682997927774,0.1077358076974486,-0.022603330143502024,0.0014643287106781892,0.010703415493049958
1873,-0.8087486243273723,-0.38098171435420214,0.10789037503127515,-0.022599075083360648,0.0035493316509391426,0.012927770526603518
1874,-0.33285762060408725,-0.40962289049800715,0.10790887938542262,-0.02259379139458992,0.001550719911886192,0.013113593965109136
1875,-0.411102191752741,-0.32537985899362853,0.10794527143813602,-0.022589186926649418,0.0013035969258081896,0.011423256630772196
1876,-0.2756477181295582,-0.3530409408274513,0.10796066775639346,-0.02258618099267202,0.0014689695242674702,0.01325881993834803
1877,-0.7075112438116391,-0.37320825330264595,0.1080581559900442,-0.022579981081769174,0.0025767217219310776,0.010074819356186754
1878,-0.4661248535974374,-0.4165108347910001,0.10809283592790676,-0.02257185065034247,0.0016939688613146983,0.014197154635725018
1879,-0.5028698377657975,-0.3594533812168584,0.10816369535550935,-0.02256645339247659,0.0017249757238024747,0.012505038383293324
1880,-0.37785068956321793,-0.3525724675840013,0.10821030779314417,-0.022557978974063253,0.0015021211409712754,0.012652084001232692
1881,-0.39732003864223714,-0.41935480766771766,0.1082415398180666,-0.022548823677193165,0.0016299634211285757,0.011270704976765437
1882,-0.35005445314843076,-0.3761853897258129,0.10826193363822112,-0.022545239161231474,0.0013708946521095544,0.011735785988597133
1883,-0.6625866040394782,-0.3064232832773353,0.10836625619413703,-0.022542056426579887,0.0020731863324729856,0.011492246620719793
1884,-0.4726121942330857,-0.35627564228993924,0.10843648649893674,-0.02253867872959217,0.0020072362704312515,0.011588336061602636
1885,-0.356105681060956,-0.38512108622956887,0.1084718799103268,-0.022530867335460406,0.0011590909038970908,0.01109971278547543
1886,-0.5762559884185624,-0.3581140165400041,0.10855704526918324,-0.022525472839004603,0.0022043412627927752,0.010038867227120737
1887,-0.4469362939314572,-0.3912300237933119,0.10860009632167461,-0.022519732756692733,0.0017984440608982217,0.0128672035327465
1888,-0.38591781489180765,-0.30188738705186074,0.10864249095462612,-0.022517004200113856,0.0016313441824743367,0.010752094034005257
1889,-0.878998757867826,-0.3744499995924663,0.1087999169667947,-0.022514342491277865,0.0039825944205581386,0.011276732064310926
1890,-0.5014708302118515,-0.4953391475953397,0.10885724228075781,-0.022502600535599604,0.0016348789677049903,0.013706572508028347
1891,-0.45302250007796374,-0.4110314570008379,0.10890611610956638,-0.022495792363261914,0.0016131263987662055,0.011268150233050415
1892,-0.6990421831393181,-0.4023657372588165,0.10904891669177087,-0.022492956095672555,0.002709728372070307,0.012667986862722996
1893,-0.42378514063697265,-0.2965503489229957,0.10910862499511817,-0.022490134794377527,0.0013671641174661752,0.010389466241717674
1894,-0.44972299095308527,-0.34515150053518495,0.10918044882651527,-0.022489630058597825,0.0018801536277592336,0.01293410005038527
1895,-0.3810105262560845,-0.43314766230854174,0.109213744195811,-0.02247939174799226,0.0013172111811312341,0.015111395809690752
1896,-0.5505081514521352,-0.2856693235787063,0.10930393811043791,-0.02247597497275482,0.001880596909665558,0.010716474660142278
1897,-0.3296162937886021,-0.4605313665821632,0.10934611668929674,-0.022460368303993176,0.001451246901399548,0.013109858324465064
1898,-0.3381242163823504,-0.3523821711914959,0.10937424820039163,-0.02245791628682076,0.0015800159163073886,0.010625800770322193
1899,-0.7025220358731746,-0.3071100267212174,0.1094803223267062,-0.022454867558231045,0.003013741958144664,0.010989799783780434
1900,-0.3074569436339927,-0.3883270637853905,0.10950336956180881,-0.02244564430850756,0.0012385783286266827,0.013261696427726156
1901,-0.4372856041463326,-0.42852582207648193,0.10956485660695695,-0.022437796039085082,0.0018642852668963373,0.012056655405378851
1902,-0.5790707166658174,-0.36000737256824855,0.10965341384184214,-0.022434477065362075,0.0024455036196431323,0.01354527209655214
1903,-0.642034351308127,-0.3593836097215209,0.10974965135638458,-0.02242796287086318,0.002813838697924195,0.010751738096230342
1904,-0.36307233166079655,-0.49831647579516153,0.10978390185260987,-0.022418531504628917,0.001198065047755351,0.013491113826554987
1905,-0.786482838233515,-0.37054891272190493,0.10992662264849809,-0.02241322236596473,0.0036727149719670946,0.010264795968884357
1906,-0.8430609678790179,-0.42302416583017877,0.11006743384618042,-0.022407732733271145,0.0032736995982590987,0.012644844324853133
1907,-0.5760232189119978,-0.3161692502729523,0.11016113171750136,-0.022403649715485155,0.0021384439941381475,0.010497295255504264
1908,-0.4964356742901152,-0.39909631172591925,0.1102157477496134,-0.022399333157544908,0.0021690925134600866,0.013017330237449842
1909,-0.9793466170252256,-0.4214279933412638,0.1104020790790683,-0.022390580693298936,0.00438162055579564,0.012013384917863516
1910,-0.3513864648995568,-0.35559041148788784,0.11044351608509614,-0.02238555778585396,0.0014018330124537979,0.01054938286708149
1911,-0.5943459394950781,-0.36062519512170316,0.11053602286523075,-0.022379887200186778,0.0019984141997379853,0.013106103985830201
1912,-0.4736602368807488,-0.42046222084518364,0.11061050096950763,-0.02237469223439858,0.0015927019094809773,0.011956784476156782
1913,-0.726486713485647,-0.37269385890395595,0.11073925248018049,-0.022367845295635194,0.002983251981636488,0.012376538941405469
1914,-1.0151063903479347,-0.25479883889801885,0.11093049182774364,-0.02236137860276605,0.004706465859967025,0.010272097543900842
1915,-0.4827241025669555,-0.3262636675007547,0.1109834100022596,-0.02235728404509216,0.001772818534541,0.01155969018143856
1916,-0.8959708548467415,-0.3676972867597446,0.11114631589472064,-0.022354872080379732,0.003903230120011998,0.012413215186080899
1917,-0.5253145592418402,-0.4582185195722238,0.11122752202685682,-0.02234861393723081,0.0026212000580726293,0.014808382254919305
1918,-0.7758709973020939,-0.36102044018600454,0.11138701431205755,-0.022345712891832722,0.0030877214670110196,0.014019141026976578
1919,-0.4014268046103761,-0.4476078518107296,0.11142728093523756,-0.022335890010201302,0.001149633217245308,0.012974509299217432
1920,-0.3712779939386375,-0.35719286766181707,0.11146613798252498,-0.02233120682757634,0.0012681012261422837,0.011601237216598803
1921,-0.47126412383705213,-0.4256596893654597,0.11150820650029858,-0.022320502839650203,0.0016303168220114165,0.012531769352050871
1922,-0.36728816419634647,-0.30509416802703143,0.11153572688628596,-0.022317027734767226,0.001434793718714026,0.010840555825563163
1923,-0.5364305125506091,-0.456304323100182,0.11162310508520319,-0.02230725661099935,0.0021224510588560602,0.013339747574874076
1924,-0.4084151867009874,-0.3091476636941362,0.11166035962732819,-0.02230209655065453,0.001509096872832721,0.011934226827747885
1925,-0.8045864018738148,-0.33332790574643756,0.11181011844707046,-0.022296158477005387,0.0035778844468551244,0.010981593766568874
1926,-0.32762543757218393,-0.41900052400924953,0.11184342297581128,-0.022289871046226338,0.0012565866874996352,0.013971478594140814
1927,-0.4757659700570189,-0.3099927427101877,0.11191082349692925,-0.02228506732134032,0.0016291764331974844,0.010675361192578942
1928,-0.34594754984342097,-0.2862086269942057,0.1119436814619088,-0.022282617241949333,0.0014194823113833166,0.009591646090182999
1929,-0.42653631729746316,-0.368298963850619,0.11198815765865705,-0.022276023718186336,0.0016053684984230286,0.011685577506599133
1930,-0.3156721349059428,-0.35943857316323513,0.1120153089960894,-0.022272551273840754,0.0014546318633020558,0.011498871693857372
1931,-0.514993635111846,-0.47060216424350915,0.11208873458284407,-0.022267073602040447,0.002108405449282154,0.012098951321327225
1932,-0.6256288591052332,-0.3949495695235263,0.11219890328481018,-0.022261146740280558,0.002396784187769417,0.011283094240155655
1933,-0.4841361727613072,-0.41327165459614845,0.11225786158481203,-0.022258122524913673,0.0016396137756060135,0.01621432332482417
1934,-0.4572722253414468,-0.48245340479796794,0.1123098227107202,-0.022253134778062414,0.0017936819012700602,0.013701220842425118
1935,-0.3507708851243053,-0.33707503847419285,0.11234381642863896,-0.02224821494228177,0.0013687816333608392,0.01095642829655795
1936,-0.4529740197166696,-0.3740494639345785,0.11239765020938712,-0.022241750705102422,0.0018183293019904377,0.011555917586291941
1937,-0.3435732070941742,-0.4318260617704443,0.11244119274226438,-0.022232381800541365,0.001350607186439413,0.011985914629318077
1938,-0.6095165347433424,-0.37619981494271004,0.11254118516435704,-0.02222795350632529,0.0025414894656103073,0.01207929596726996
1939,-0.7379671823805336,-0.45039451724446444,0.11265376088557699,-0.02221744358697666,0.002834559258621092,0.014065212620810195
1940,-0.6309407575129162,-0.44039481082560794,0.11277432325785788,-0.022208381728948814,0.002246682809314706,0.013275428311181866
1941,-0.46584876823389776,-0.42093754825683294,0.11281901918486194,-0.022203548327928174,0.0018364647768548566,0.01290492863236005
1942,-0.3950443258451503,-0.575801062366597,0.11286096858217494,-0.022194611190467207,0.001379500455013677,0.015556210163858076
1943,-0.4061606526369866,-0.45270068554922716,0.11288272988984509,-0.02218463205467498,0.0013292010127861577,0.011419095463907939
1944,-0.4495708290424509,-0.49170140178774796,0.11294135734568672,-0.022174641940107553,0.0018498226271054892,0.015093988732178584
1945,-0.5356952489418024,-0.42769568083582804,0.11302667111915783,-0.022167642541198247,0.0021882860665249386,0.01127314625728086
1946,-0.6291317474409331,-0.3648126564401344,0.1131338383754751,-0.022163326945157307,0.002246884088060067,0.012852213386204342
1947,-0.38235389786485585,-0.4570533619834626,0.1131780731690227,-0.022156939457187965,0.001265909961621301,0.014700332708353274
1948,-0.48256346659498156,-0.4206567932963382,0.1132394838209861,-0.02214830082702,0.0014559792816996923,0.010948790708663645
1949,-0.39549817473876553,-0.3119782161218765,0.11329339138347228,-0.022144899427359494,0.0014862037678902247,0.012306619915274649
1950,-0.4795231619179725,-0.38850798859836816,0.11334291192972179,-0.02213619908742295,0.001984426987536996,0.011788422152548727
1951,-0.5435284813752929,-0.4403331385340518,0.11339783333461012,-0.02213278312663288,0.002030329144675908,0.013973182472730864
1952,-0.4231476326037673,-0.3849345456092726,0.11344940112654178,-0.02212825974507181,0.0014284168163559378,0.012454110474248749
1953,-0.6058892846966228,-0.3448930823511852,0.11354667771734735,-0.022127049585300033,0.002458189739282525,0.01345459060949255
1954,-0.4412324121262126,-0.36489836085939203,0.11359420306770926,-0.02211956825744168,0.0014028526209902046,0.013661089070545489
1955,-0.5097293671348474,-0.3481262064307874,0.11367509424927884,-0.022115280571007465,0.0018497901440584187,0.011446945366786155
1956,-0.3357082500368484,-0.35998632562025723,0.11371700907751775,-0.02210986368176806,0.0014647800355561146,0.011944973655450697
1957,-0.6047049853667736,-0.375631012624601,0.11381703645360496,-0.02210604251835174,0.002314517343844257,0.009994147607334584
1958,-0.44110084156155743,-0.3632973308573431,0.11386240146100962,-0.02210310622880511,0.0018961997308615235,0.012608940744931308
1959,-0.45235955645413106,-0.3288828480301575,0.11391200303740026,-0.02208810322802803,0.001619460604743628,0.011238847147265129
1960,-0.3998352158965461,-0.36779350288819485,0.11395280471715957,-0.022083753581070717,0.0013908645614175471,0.012086098653040455
1961,-0.46971385375082614,-0.3184515613445269,0.11401770273903744,-0.02207784748097271,0.001526116463932307,0.0120292278292665
1962,-0.5298064119976263,-0.4348871287359318,0.11408676147832988,-0.022073692302233838,0.0023496137887567994,0.013241289805624126
1963,-0.4163528731424184,-0.31045530585721903,0.11413016002318394,-0.02206769979576054,0.0016684441441941892,0.01088751596773009
1964,-0.30132476724995544,-0.3579227479142586,0.1141492791639709,-0.022062035268118743,0.0012940073593771403,0.011409737647574116
1965,-0.5314987725204375,-0.301680914058239,0.11422744559636089,-0.022057972409669134,0.002146714714239792,0.010705204811092352
1966,-0.4138217347451756,-0.337621460917563,0.11426178609354028,-0.02205330126750883,0.0015819342209657842,0.011812695126153187
1967,-0.5357517078893561,-0.5165487662878282,0.11432646725021083,-0.02204069061927493,0.0020992279906163224,0.013711003846684097
1968,-0.6265373362239561,-0.3322291425163,0.11443302282205019,-0.022035500928134426,0.0024505844856170774,0.012330911249882693
1969,-0.5290598001481122,-0.34093281398162195,0.11447374942578654,-0.02202977547434171,0.0018881682674644284,0.010582226182997364
1970,-0.9390075784847774,-0.38256815096852753,0.11466210519926441,-0.022021927651681896,0.004135586724701997,0.010787353413896526
1971,-0.4249877171141465,-0.36242135261615005,0.11471736068026606,-0.02201946526601983,0.0016465340752700645,0.011193362207855297
1972,-0.4603169790442902,-0.35925277855805315,0.11477859436178778,-0.02201507446118448,0.001380134885832494,0.010990447379030197
1973,-0.49378674051001314,-0.3708091989758463,0.11483867483330933,-0.022013099660015866,0.0013744796280755237,0.014265563960441902
1974,-0.3897640455757942,-0.3073954907861719,0.11486410160168978,-0.022008345437551712,0.0015578910113911658,0.010285997048360291
1975,-0.36736227639803476,-0.4102955409255097,0.11488820349070618,-0.02200378875168718,0.0009870532986734027,0.013680918277885791
1976,-0.6498064542274142,-0.4210057033438123,0.1149851284077969,-0.021995798857069673,0.0024202803703360695,0.011709219040994565
1977,-0.7188418382686647,-0.3497847204289666,0.11510525380483373,-0.0219934674958785,0.0028737788011164796,0.011248744282188384
1978,-0.32167268986619957,-0.31261850714565786,0.11512740323586372,-0.02199177857118703,0.001093726796151031,0.012146595936189889
1979,-0.4440584517023252,-0.4210086518341628,0.11517077324423065,-0.021992014086934533,0.0014604818252294991,0.014163925794068461
1980,-0.6280012191721428,-0.27829681232561637,0.1152628103194326,-0.021988419451317045,0.0021685184413639774,0.010974455089533682
1981,-0.36484625109281194,-0.3874298225614713,0.11528990518984165,-0.02198271350182435,0.0013537601259288822,0.01191065822298767
1982,-0.36673906763040565,-0.35052243297413577,0.11531521770907878,-0.021978293576548846,0.0010532344138416473,0.011594225088762861
1983,-0.5824690945198727,-0.38085956701700446,0.11538913987373736,-0.021971043691965415,0.002582469722777431,0.011947976119741962
1984,-0.4446115126194461,-0.42553649839178675,0.11543923996729905,-0.021955665699998628,0.0020356660783119964,0.01292625778485509
1985,-1.43563018345218,-0.3891412688873122,0.11575956661097289,-0.021947381189818656,0.008719561828949413,0.011253063589995914
1986,-0.4149282372349897,-0.4391730694161075,0.11581556379724142,-0.021943928723759824,0.0014831408749254426,0.013596852550530308
1987,-0.4067612794670966,-0.346180439289453,0.11588137835482047,-0.021941277776947737,0.0013865532533549917,0.012427241635685699
1988,-0.6325800767766927,-0.38730318838495625,0.11598728167719206,-0.021937000230340533,0.0024723423996234456,0.013690976534704495
1989,-0.48980664932284435,-0.3554279525262239,0.11603749069373502,-0.02193149684618881,0.0017675055309746902,0.014221705176468178
1990,-0.35097583272100635,-0.2826286557782509,0.1160797638388525,-0.02192924212291518,0.0012398460427389037,0.011463588310212028
1991,-0.3956273384474996,-0.3307364390685542,0.11612545183403963,-0.021924156866718888,0.0017200289484683893,0.01065268889493687
1992,-0.5300842146967385,-0.32742795032804617,0.11616497215367134,-0.021919473507612634,0.002254297292593057,0.011220478659367436
1993,-0.4121546900317937,-0.3368565489133913,0.11621598356401304,-0.021914762272408402,0.0014982036264791527,0.013221434244177297
1994,-0.4365646840876304,-0.324717660745643,0.1162641258048879,-0.021911841544003028,0.0015747660901275751,0.011268900493194539
1995,-0.42080345815467884,-0.45111337185712985,0.11629938227794225,-0.021905074900792527,0.0016529650590151052,0.012655146400958
1996,-0.6922759745927816,-0.33969308942633025,0.1164010353251199,-0.021900748798726544,0.002335416554874644,0.010437603485918488
1997,-0.3452067680118848,-0.3072309686177007,0.11643081502608117,-0.021899409929448187,0.0015569131591890452,0.011733137615827012
1998,-0.35740374297723393,-0.384102940367663,0.11646849476081532,-0.02189516373671426,0.001399867408580148,0.01209562792107969
1999,-0.5303230894138276,-0.4009318564235459,0.11654965068463505,-0.021889824551244403,0.0020448114395766057,0.01337548041655691
2000,-0.3935664048100742,-0.35682892304217306,0.11659704793321181,-0.021879950918385068,0.0012752762108882395,0.013026999723320188
2001,-0.36616180228891404,-0.3327855966100599,0.1166352418413777,-0.021873795670929338,0.0014728874391973963,0.010666744480613614
2002,-0.5741241652116205,-0.36063253508835935,0.11672889421875532,-0.02186856846731419,0.002044107823358821,0.011599014712053747
2003,-0.35848141655880594,-0.43409275214167653,0.11676283238345524,-0.021861688577766,0.0013635105585274934,0.013572386172390564
2004,-0.5188628350025084,-0.3325684900179359,0.11683699379986093,-0.02185564276342565,0.001781882575929673,0.012223373820248545
2005,-0.46492883221829917,-0.35465619744473553,0.11689144133933274,-0.02184974697679676,0.0017966358340783472,0.012019820843737112
2006,-0.44427560529754095,-0.33701318800363994,0.11694955275190042,-0.021846481825664402,0.0019163150016022052,0.01181751174446925
2007,-0.7984873265155904,-0.3507447621000912,0.11708055140250663,-0.021842166899187193,0.0031599206876589477,0.011279923487069438
2008,-0.5562254502047644,-0.4680571067367037,0.11714248522516754,-0.02183640584141417,0.0020638796155503197,0.01321913511941855
2009,-0.4609637353652353,-0.5352149845775714,0.11719769672810122,-0.021832115747094913,0.0012665379659951405,0.01346311448212682
2010,-0.6922759533717282,-0.4470189130419573,0.11730604941319005,-0.02182033740890502,0.0023902342595382275,0.011791652483946298
2011,-0.6505313489620302,-0.49654806315216643,0.11740981235076318,-0.021807600767490283,0.002646506878800732,0.015268488693587644
2012,-0.5233042502002916,-0.3871852098386112,0.11748559251435664,-0.02179096037441057,0.00171436520388193,0.011807179507173084
2013,-0.7545968192198841,-0.40213302666871686,0.11760442847456529,-0.021783533930683587,0.0025608986743766086,0.012397637923912958
2014,-0.31630108716011607,-0.3072616530115299,0.11762270303015662,-0.021780139672469355,0.0012888036095654466,0.010324523541671491
2015,-0.36764257396978905,-0.38474284206439974,0.11765344647197813,-0.021774472640209666,0.0014424972375915905,0.013060582334123483
2016,-0.5196157023618804,-0.300597725898415,0.11773505593556195,-0.02177253255513558,0.0018972666706255695,0.011545923951316381
2017,-0.5643371884560847,-0.33760655139871687,0.11782328248041485,-0.021766011126936966,0.0021240056043189282,0.012041734041676768
2018,-0.6070149699600106,-0.3525911126991936,0.11791914092242328,-0.02176132898328792,0.002055620441278881,0.01245175801534934
2019,-0.5131108768241732,-0.4935311539209722,0.1179929194000961,-0.021741280950593092,0.0015228808263522428,0.010729674408966675
2020,-0.35617980575535657,-0.4348567955955677,0.11801372466646405,-0.021728944989565988,0.0018253061081129989,0.011010618216198502
2021,-0.4110470693022843,-0.3190502601332225,0.11806486905975162,-0.0217220028991672,0.0013860623938214006,0.01191231337092646
2022,-0.4602129745977454,-0.34989349066085546,0.11812544729325467,-0.02171923397923996,0.0018233129538003758,0.015530851574075367
2023,-0.4156523554231728,-0.2954548947804671,0.11815938584440791,-0.02171633292888092,0.0014830787537899767,0.01100974376531311
2024,-0.3251196529395541,-0.2939822062119624,0.11817745535180722,-0.021712788374556983,0.001073589816719498,0.012385421214486518
2025,-0.37896832699765015,-0.4792605969845674,0.11820840645311137,-0.021704514211671546,0.0015276206460501961,0.01389253507329054
2026,-0.4904562896118452,-0.308134295301674,0.11827949367908532,-0.021698580892875505,0.001592246628040856,0.010772163065779066
2027,-0.6811542940935817,-0.42827828463216977,0.11839223912931898,-0.02169004637101054,0.0028254570858273283,0.014050744716423945
2028,-1.59091172162251,-0.3180162169655947,0.1187610977851107,-0.02168393970571491,0.011104100052794271,0.01339197139609486
2029,-0.689843423399135,-0.33390275860698027,0.11887441626461119,-0.021680685251182514,0.002851799306287776,0.012078904571710217
2030,-0.3881789153214229,-0.3208714983395257,0.11890525476007496,-0.021679041012653038,0.0014949148681763628,0.010482938450340738
2031,-0.2947186885810188,-0.37441379096880734,0.11892992055283572,-0.02167495499589527,0.001164886068275755,0.01390195878819261
2032,-0.9573543608828756,-0.39888614701032404,0.11911608853755598,-0.02166844433236492,0.00468192209626553,0.011904055700996334
2033,-0.4391559955605017,-0.46897012335069543,0.11917826057640671,-0.021660588864828464,0.0016954630762424602,0.015000351641579486
2034,-0.4095537696944785,-0.4295795549025082,0.11920663995501588,-0.021652988228390718,0.0015502640406911932,0.013291683354988225
2035,-0.4211723003437949,-0.432884327529952,0.11925259732752078,-0.021650863499420032,0.0012520616147188432,0.015085815451396943
2036,-0.5021808613961115,-0.3195272731971893,0.11931153479932366,-0.021646229303430492,0.001883520158973515,0.012911026225024831
2037,-0.5014371461422132,-0.36292331985369336,0.11938844135375944,-0.021639984107861842,0.0018979413078351528,0.013014025154339708
2038,-0.6496086625489,-0.3776261053444987,0.11950862389560535,-0.0216328360416046,0.002717633146141893,0.013380492085600125
2039,-0.46446244229983746,-0.38411712172878637,0.11957787306704484,-0.021625570755426652,0.0017391230689056748,0.012108157102667036
2040,-0.4412203214486658,-0.2899495832686819,0.11962282320660249,-0.02162225369957616,0.001497206438382108,0.011496933474913413
2041,-0.6319780659379831,-0.2863722432218858,0.1197325303387942,-0.021616832816074686,0.0022947398003215587,0.01024106362100143
2042,-0.42924921182725645,-0.2824193373702071,0.11979039253944172,-0.02161252297654697,0.0019343666940082242,0.011737215261188006
2043,-0.3132122948480834,-0.3249350652215392,0.11981268663275611,-0.021606846943701546,0.0016899013816790657,0.012882188970468894
2044,-0.4118574242977336,-0.39327883778982525,0.11987281877124516,-0.021605206688854864,0.0017654401536624945,0.011809046610889936
2045,-0.3855873148586753,-0.3586474194620384,0.11990740911666431,-0.02160306848075376,0.001348051901993368,0.013710249113103482
2046,-0.4508060685635912,-0.35054617149073186,0.11996514899810083,-0.02159180914082183,0.0015263139314726467,0.010310814810470218
2047,-0.9236232692196416,-0.3847256507526756,0.12014206845846181,-0.021587630462154134,0.004041459153561565,0.011906749249475152
2048,-0.43787686281209964,-0.294030714919587,0.12020914228721104,-0.021585511961195628,0.0016637343791234486,0.01116058914147626
2049,-0.6727780803284878,-0.2681399114614187,0.12029682329148912,-0.021583016632693366,0.0025952476374315144,0.01079020554113311
2050,-0.63583672940423,-0.4470458500401171,0.12039300733221525,-0.021575163043124044,0.0024249157396942366,0.014661803212879243
2051,-0.43370206303217657,-0.31973442311183986,0.12042285337106186,-0.021572657230586833,0.001682708119197036,0.010559699942815136
2052,-0.6951702401556277,-0.2483131760797368,0.12055074627949428,-0.021569365238138734,0.0029641889197712834,0.010527485674768897
2053,-0.6830513207213252,-0.41670286880101476,0.12065957531612631,-0.021562514908732785,0.002559297658202198,0.014274699198509298
2054,-0.3674150956687104,-0.3716441531613826,0.12069625633587938,-0.021558040790191038,0.0010532877235925157,0.012406798218066114
2055,-0.5055213530585755,-0.3572557639734417,0.12076241373647083,-0.021551689713843917,0.0020416116593361595,0.01072056885799215
2056,-0.3797337780128102,-0.3727505010723625,0.1207973745412486,-0.021549093387630606,0.0016306162544232718,0.012655879993860189
2057,-0.36987069301922393,-0.3594186349323029,0.12082764858425017,-0.021548958042592825,0.0012731153938883842,0.013051230221041763
2058,-0.4305452130844246,-0.388822403810299,0.120878683673501,-0.021543099462164355,0.0017141019898369147,0.012039393148972155
2059,-0.6653634275758322,-0.38454025640905753,0.12098933059875007,-0.02153988223151855,0.0026607940728528862,0.012932614318902023
2060,-0.3876426381073748,-0.47228886923168056,0.12102707653123457,-0.021532940335778614,0.0016277929096379267,0.015373410057959596
2061,-0.4455316759686176,-0.3527985945526461,0.12108514970201154,-0.02152449541808765,0.001477253261854224,0.009880546768826068
2062,-0.4337925915319727,-0.38983457019603346,0.12113585671694227,-0.02151766946865663,0.0016677666701875524,0.010711768161814577
2063,-0.34497368221627656,-0.3623742576052354,0.12115891672360969,-0.02151488850989477,0.0011483815562169217,0.012417740576616206
2064,-0.28937822037007604,-0.3018301121118687,0.12117509567069683,-0.02150971896940148,0.0010870319771644924,0.011644294870418237
2065,-0.46553782972725594,-0.3678373547809915,0.1212353768650758,-0.021504376809611463,0.001626056948480613,0.01325068073108165
2066,-0.47814224887063156,-0.335562639540189,0.1212914510359319,-0.021499697655541508,0.0017526632537156102,0.011786569213229764
2067,-0.3888508995689866,-0.31530810890349414,0.121309915924567,-0.021496452693174663,0.0013733167780577468,0.011029850973511059
2068,-0.3704647162557371,-0.29698731303336184,0.1213429123812386,-0.021491561657237725,0.0014150023939885723,0.009738777851692988
2069,-0.3617867451587634,-0.3086829434106726,0.12138094926934674,-0.02148798500279794,0.0014611495040018857,0.008536201022289958
2070,-0.39319612295837636,-0.28688648478502815,0.12141797516365564,-0.021486871275230728,0.001565338514384321,0.01094755031880927
2071,-0.5067192106955933,-0.334028539237084,0.12151144626867627,-0.021484349205588248,0.001838408962536634,0.012091975187674965
2072,-0.5189274587784595,-0.4296488276462227,0.12160192746853905,-0.021477626792022697,0.002121643267272352,0.01209753227451664
2073,-0.47233755116276804,-0.3798006799493304,0.12166658109988804,-0.021472309194896056,0.0017872346365397258,0.011849202085377411
2074,-0.5569750390212289,-0.3244748686132773,0.121749987452474,-0.021468320253593402,0.001911516469500883,0.012497165088477374
2075,-0.4741027885252682,-0.4634243418588725,0.12180892154884665,-0.021467705992070756,0.0019993472475651904,0.015214448006304787
2076,-0.42269691565426193,-0.3458392213004577,0.1218447316649589,-0.021463204845687277,0.0013978954761398369,0.011652306029690224
2077,-0.46853784902868506,-0.36851707476781426,0.1219124532897468,-0.021459247332833303,0.0015455067267191912,0.014202388315444275
2078,-0.426660354038972,-0.4913570106958996,0.12195733783316598,-0.021455360490681592,0.0018079452903639716,0.016230578444002036
2079,-0.43961985875197934,-0.3502477206743746,0.12200524629484255,-0.021451671303825755,0.001729901344661034,0.012815840792776161
2080,-0.6881540766456432,-0.4523292160800096,0.12214027068310178,-0.021447722962816117,0.0027415914357926904,0.012124343758243094
2081,-0.5921118492960642,-0.3192729681766169,0.12222738079461384,-0.021446646391043607,0.0027070392179998726,0.01205515393879494
2082,-0.44010119578105894,-0.3046214015812992,0.12226918862203141,-0.021444614750433598,0.0017302049844897943,0.011431989344869577
2083,-0.4338730503549492,-0.357475302169891,0.12233524541629755,-0.021439625429295946,0.0015151872709089468,0.011873692063525851
2084,-0.5107572619551141,-0.41099568245019014,0.12240871155802702,-0.021433319049966,0.0018472597220552823,0.013741561247305918
2085,-0.4624696398693155,-0.38795992205897617,0.12245105752632118,-0.02142977142595549,0.0019598897616067965,0.0140984618802163
2086,-0.42118733572408007,-0.34393293868721686,0.1224924777614229,-0.021424859112631003,0.0016904706456046502,0.010314205074175874
2087,-0.9833760331922052,-0.40172894245193697,0.12269956427074523,-0.021415873270967584,0.0043066845781878586,0.011384021842583312
2088,-0.44953045505748834,-0.3524769040756214,0.12276173167704792,-0.02141324967927883,0.0017799302324673686,0.01202675375347338
2089,-0.3791100826080018,-0.4200144497338288,0.1228196886325777,-0.021405688106222755,0.0013689607023273465,0.012295777038411145
2090,-0.32476188179486287,-0.43155097279167703,0.12284002318305264,-0.021402800615619305,0.0010396921664710549,0.012296808757677202
2091,-0.6593340485222062,-0.42729617247914903,0.12292362913300908,-0.021394431986818938,0.002759114896306997,0.013223090784713142
2092,-0.3573343655848682,-0.3639103643871905,0.12295895992384552,-0.0213876724987302,0.0010751893169608203,0.011812690535501123
2093,-0.4489558764994134,-0.33421243001212847,0.12300189237520297,-0.021384290507788773,0.0017585118523848256,0.011443029398233547
2094,-0.3635039388231821,-0.45824523931629335,0.12303291188672422,-0.021374972152976603,0.0013838437322213118,0.013026373838085956
2095,-0.477586040651112,-0.2588311887874946,0.12309506739674801,-0.02137277844730361,0.0015885627352342979,0.010640076522869364
2096,-0.4241929123836879,-0.37594757257261735,0.12313599182923539,-0.021367133152432074,0.0015616050868805771,0.012372796915307271
2097,-0.30223999743957414,-0.4252916161135623,0.12314980545187966,-0.021365842877295795,0.0009785497143032927,0.013346242900722304
2098,-0.36613627374243185,-0.31380856712213023,0.12317285401533626,-0.02136582672044118,0.0012206718905788394,0.011400951094845424
2099,-0.5716220479140717,-0.40401418988489696,0.12324792269050354,-0.021358908382423002,0.0020951096776954735,0.013087319236598794
2100,-0.5890962195240399,-0.35036805340326804,0.12334157195679957,-0.021349583752059604,0.0018401999815592042,0.01197711765638542
2101,-0.40475320758771605,-0.3722323217560973,0.12338608933469519,-0.0213459439344575,0.001220461040718196,0.01292051364047585
2102,-0.3338767821214507,-0.3153587742220486,0.12342027358578932,-0.02133975066202283,0.0012114046858751333,0.010909141428265356
2103,-0.45402733667946793,-0.43688078091783406,0.12348618143142122,-0.021334859628296263,0.0014873012260490904,0.012176639671089113
2104,-0.4453999503410251,-0.33081851979808596,0.12353231331317165,-0.021333045865263627,0.001385076077894975,0.012230943874443423
2105,-0.4804638072652842,-0.4504292491949861,0.12359592197223843,-0.021325608094999303,0.0016222876006272537,0.011786942568454578
2106,-0.49134759227967856,-0.4335887141388903,0.1236663015716245,-0.021319413366487665,0.0017981178585124438,0.014998089439161835
2107,-0.63342645368694,-0.31510030861474037,0.12376986388499123,-0.021315426349598737,0.002609683878644166,0.010908689592443784
2108,-0.9022986938298656,-0.4024244441650455,0.12394709603704963,-0.021308726737933364,0.004058497662191944,0.013153636090934043
2109,-0.3561789516411129,-0.42573735926708334,0.12398953914130707,-0.02130362547710424,0.0011894799991580402,0.012763198926865081
2110,-0.40015450700694943,-0.34577452835590033,0.12402700740546498,-0.021297566781817254,0.0014084976786223565,0.010266109246840545
2111,-0.4320267514473541,-0.2742786745532416,0.12408418564297581,-0.021294448210767904,0.0013413975609057347,0.011593834254567037
2112,-0.6095054606484923,-0.39091987399657313,0.12417013226355192,-0.021284782227038952,0.0024187169625701985,0.010662532765271382
2113,-0.43171695647971464,-0.27698115739853457,0.12419379479618678,-0.021279239719257576,0.0016812258611652987,0.010754383454794115
2114,-0.7560099977008662,-0.30528503268115886,0.1243195297896385,-0.021277653928306675,0.0025661716126019777,0.011301871881273415
2115,-0.9528798701821422,-0.3588811389490038,0.12451054453114534,-0.021274121263886066,0.004783131627035734,0.013559210522966226
2116,-0.6193862157223404,-0.3706059109066431,0.12461091716892422,-0.021270064486510063,0.0025146745651847408,0.013302016008032628
2117,-0.39759997325963764,-0.31869680936562167,0.12464345181264494,-0.02126463187070437,0.0016444980499372157,0.012000155781975242
2118,-0.45407621451739716,-0.4548832962284492,0.12469647095249149,-0.021259175442373185,0.0015154593453135163,0.014244966741540195
2119,-0.49702043722748435,-0.5284975853532778,0.12474378047177488,-0.021252629006811134,0.0018343894413379138,0.012410507034502498
2120,-0.4136528562769564,-0.39087202791784775,0.1247763927185945,-0.021249819192899387,0.0015798860707154833,0.014090852022832149
2121,-0.6599349359737846,-0.4992149413531561,0.12487807604011177,-0.021243760387859845,0.0024998707571806016,0.01392614961676629
2122,-0.4176443336922335,-0.40034391644628997,0.1249268091130906,-0.0212369325690121,0.0016407058750911722,0.01267199248235879
2123,-0.33003673105483616,-0.347435470524602,0.1249615210911779,-0.021232062822454476,0.0012169574468281709,0.012078568229682726
2124,-0.5115911633743737,-0.37025844662901486,0.1250404966267263,-0.021226223388578668,0.0017889161480125566,0.013470815894033423
2125,-0.3805073182088557,-0.36273016271868397,0.1250904608985657,-0.021220697345997366,0.0014021792439759015,0.012102008562732509
2126,-1.1846123321019777,-0.3236599045532276,0.12533763877662762,-0.021217680250721863,0.007451389990575333,0.011690141488770399
2127,-0.4666720556528812,-0.3852811985642545,0.125390849888017,-0.021213901701440475,0.001673379241860996,0.012325113430233996
2128,-0.6153296428343389,-0.36806636845783075,0.1254742646805918,-0.021210219675731827,0.0021800842304688464,0.012899481668522488
2129,-0.7652483456457188,-0.3325857628392122,0.12560906873528935,-0.021200832388853147,0.0029229978130922503,0.010316182675819652
2130,-0.46923073018335126,-0.3684969876228675,0.1256546493762908,-0.021194253522100883,0.0019949049296808796,0.012427119318101556
2131,-0.39250111518595643,-0.32687912011515335,0.1256894616407744,-0.02118495841082926,0.001465266374712865,0.012932853473495024
2132,-0.37467830219526865,-0.3223708847623527,0.12574074861840048,-0.02118209341315212,0.0015892631329197345,0.011276912768115537
2133,-0.6614305851930717,-0.3988108452678856,0.1258604662605657,-0.021178508341290245,0.0022531807492150386,0.013772933425142578
2134,-0.4170957273052302,-0.37435209739896086,0.1258974549009877,-0.02117308749447205,0.001694124136314594,0.01335820612282659
2135,-0.3253319303509546,-0.4299739038320212,0.12594167573959075,-0.02116672739234346,0.0011739095630063415,0.011882417616623073
2136,-0.6121938230845674,-0.3304918760877922,0.12604341790850299,-0.021161893075333307,0.0024072989492754287,0.012905936093649964
2137,-0.5814477000753143,-0.4317735645241334,0.1261208602486475,-0.021158385865404816,0.0028540001893540058,0.013756250516407813
2138,-0.38791626071396557,-0.4305258514138695,0.12614824879633152,-0.021151269934469683,0.0014861263097103805,0.01417791847506966
2139,-0.4161985302911736,-0.2691217479577434,0.12619894681921814,-0.021146951981522732,0.0017481230372734988,0.01193589209812482
2140,-0.6982067280664409,-0.3461827864171113,0.12631640829458615,-0.02113926623226172,0.003543621853574225,0.012127590073015814
2141,-0.611448941104908,-0.3614787971260628,0.12641315484506585,-0.02113193323796288,0.0027832076757750113,0.012459141987411843
2142,-0.5875225984625239,-0.35716049431311087,0.12648943166316315,-0.021122614295717594,0.0025466422693208035,0.011030861268850096
2143,-0.4762561688534443,-0.2908260231151382,0.12655978839475113,-0.021119577129559836,0.0016848058994297335,0.011793181376510036
2144,-0.5073603020641572,-0.35695469098553284,0.1266183809937951,-0.021115532578575392,0.0025902278029099925,0.012036114989057654
2145,-0.3500762664383405,-0.3580223844364942,0.12664596345178766,-0.02110707628038158,0.0013786313839565217,0.012111209816492389
2146,-0.5756323071352649,-0.45523417139985395,0.12674144767557977,-0.02109679448725754,0.002434744541588011,0.013065293369117876
2147,-0.3872980587873473,-0.564139131785447,0.12678945845824915,-0.021086956666201286,0.0014541634821964326,0.01341324548646254
2148,-0.2960212891144847,-0.43450705110569815,0.12680654608345776,-0.021084658000491894,0.0011456827143269093,0.013776572641341576
2149,-0.31901482956300753,-0.4627492117071571,0.126835164359763,-0.02107389235899781,0.0013401584968690755,0.012317201651751165
2150,-0.42117125931278154,-0.31729497149215957,0.12688347415087953,-0.02106962493608381,0.0013955258631849158,0.012577470046745753
2151,-0.8542245734816176,-0.332539158152612,0.12703457335055243,-0.02106592166169316,0.0036584328843421708,0.01100689184182377
2152,-0.6164980451992739,-0.3468029296255728,0.1271322797705023,-0.021061999302563267,0.002262446957583673,0.0116272186640118
2153,-0.40906180785772595,-0.4528270814425513,0.1271749506122216,-0.02105277205414962,0.0012856635945882294,0.014345162925325575
2154,-0.33274241891726836,-0.3667035869691414,0.12719992527959906,-0.021045854325959224,0.0011056660191886938,0.013171690534704465
2155,-0.4133289777427841,-0.4004394075232979,0.12723744571834322,-0.021041278303575675,0.001345913348518521,0.011442318068368922
2156,-0.6837575195244958,-0.3692532746031295,0.12736204841800025,-0.021032686042419074,0.0031500343124840477,0.012361682840334905
2157,-0.4217918896650763,-0.35299892916401043,0.12740430951866902,-0.021030450493057504,0.0012693498924485618,0.012747395150235978
2158,-0.5355814659794969,-0.3626026336312104,0.12748851409898976,-0.021025575602165437,0.002108121118725387,0.012451378751409567
2159,-0.4541548069183765,-0.38365555097800663,0.12756588660942528,-0.021020937533498988,0.001843203480299111,0.013815392429286087
2160,-0.4084398901063297,-0.4407830864444217,0.12759535958402254,-0.021010835028285945,0.001187504839363689,0.013989468438329437
2161,-0.379217014259112,-0.3876915409997565,0.12764422459882607,-0.02100740534968344,0.001351596521407494,0.013217717426569997
2162,-0.2943739570337154,-0.43131066287197645,0.12766796395654478,-0.021003338385634358,0.0008940213156671267,0.012076782484878633
2163,-0.3467026442766754,-0.42871737043357294,0.12770603841437755,-0.02099463790422401,0.00136312547700851,0.01272468908163854
2164,-0.4020356633351691,-0.3767916326446618,0.12773282141892003,-0.020990699937608343,0.0016592258348372643,0.013102602980239209
2165,-0.4237598252065338,-0.44738895085717945,0.12777833235385716,-0.020984432180632142,0.0014141661248355773,0.015363944631144422
2166,-0.37934262355464166,-0.3933535205649281,0.12781473390049422,-0.020980032419054936,0.0015683291376587033,0.012837113521415462
2167,-0.5078002420247291,-0.40182652093917814,0.12788312238135116,-0.02097352222401691,0.0020650495708480873,0.014472943882606502
2168,-0.4371631541301022,-0.34792217079217136,0.127924057493897,-0.020969334385241192,0.001695991328068051,0.01225898664848314
2169,-0.31860962416281335,-0.36986197799852577,0.12795149927789332,-0.02096496278881279,0.001322399017244591,0.013283638145528291
2170,-0.5056580399154221,-0.32378570210061774,0.1280042288184753,-0.020961507033293195,0.0018370085266267244,0.010319054216571517
2171,-0.34772398790909087,-0.32374240673817745,0.12804345668836647,-0.020955946254601267,0.0011466248749920631,0.012845701559710728
2172,-0.3758453254021298,-0.346918480158503,0.1280765733691592,-0.020953720974751643,0.001455149999084005,0.013639800080411092
2173,-0.3500026322832875,-0.32548569800341526,0.12812117740480033,-0.02095018850627597,0.0017122665009419243,0.013020956646937724
2174,-0.3709045675229248,-0.4323383145635507,0.1281508511928105,-0.020942224729360963,0.0013437690178564744,0.013318472956120327
2175,-0.7846347898894385,-0.41988036329046935,0.12830262775381346,-0.020934767979416978,0.003073878503056246,0.012492471191920419
2176,-0.5069679845338474,-0.36654571863883106,0.12837306136749824,-0.02093188133438988,0.0018269640513829397,0.012298631230952652
2177,-0.4085758177091178,-0.44418188931376995,0.12841976857436208,-0.020925866095194024,0.001364319680311527,0.01475816446525771
2178,-0.5259000465999764,-0.28074657919589047,0.12848428245033772,-0.0209224774978357,0.00200232717445118,0.01334963443466624
2179,-0.4368290472961195,-0.4719836381734366,0.12853114609510605,-0.020912364403604417,0.0015455185206634844,0.012611410355827723
2180,-0.9643127624694592,-0.37681572028502724,0.12871737466720085,-0.020906746101823536,0.004569348695886435,0.012238984137571646
2181,-0.3986479931669295,-0.2775929651377135,0.12876341802437324,-0.02090257679409524,0.0015695674084065887,0.009672187262024403
2182,-0.29804986028059044,-0.27471959508184146,0.12879501515925257,-0.020898745492757196,0.0012093615215823437,0.011218653575880004
2183,-0.435434170935388,-0.3450553049494422,0.12885668795555852,-0.02089655037415942,0.0013443671046798977,0.01425190728427793
2184,-0.6475130172581531,-0.42641882749776266,0.1289564231706822,-0.020882535985921134,0.0032015520307711455,0.01460282841428017
2185,-0.38121278409527054,-0.49425812240909034,0.12898005602190912,-0.020869569942345866,0.0016853545113014662,0.013533316895632263
2186,-0.32364093278632805,-0.3379974175503638,0.12900939598757025,-0.020866159929568348,0.0018531540422473845,0.011631246907986817
2187,-0.48653280169367935,-0.3868552020611139,0.1290776319093996,-0.020863976458002968,0.0020026884939266134,0.015271533773572212
2188,-0.43273644055122074,-0.31629082830813215,0.1291157766166508,-0.020862013534975805,0.001267134926531495,0.011945232629005788
2189,-0.33574992907977297,-0.28296431159007235,0.12915736557303642,-0.02086019826968984,0.0013804919679993855,0.011846850175956212
2190,-0.38825032540530907,-0.332998050579433,0.12922074755288504,-0.02085578742000248,0.0014377108100403764,0.011194187129521733
2191,-0.5073318173648909,-0.43618363030611057,0.1292793001487077,-0.02084451983914854,0.0014250240376555007,0.011979634989728276
2192,-0.3073632138043517,-0.3219764302470313,0.12930465752789996,-0.020836903894110994,0.001068081930409674,0.011574728582332348
2193,-0.3183251692126948,-0.3982198155294474,0.129328854577082,-0.020832654272415096,0.0011521803632077079,0.013431092975528636
2194,-0.45408327635598483,-0.345850932264972,0.12937864120885098,-0.020828361364908666,0.00156601430641128,0.013787045987891036
2195,-0.5140261417091053,-0.422474100068864,0.12943936754663538,-0.02082389736347249,0.0021276374671556687,0.014431360548176883
2196,-0.5290240288712075,-0.43238547117327575,0.12952459020658647,-0.02081730896633543,0.0018501416341806316,0.01396812276550306
2197,-0.35791727644557386,-0.3499971919288073,0.12954752605184314,-0.02081267521129062,0.0013808196764377874,0.010003115927801213
2198,-0.37501016371859225,-0.2989622524569173,0.12957435105415507,-0.02080717711812756,0.0014739912053283303,0.010389246147133453
2199,-0.6920122557505907,-0.3291334963959652,0.12969727792093416,-0.020801213762554276,0.002489352463178985,0.01159099656801754
2200,-0.49146740598467065,-0.32662989767438044,0.129749125536083,-0.020796884619219903,0.0015482461748601247,0.012739220117332499
2201,-0.49202261478922404,-0.40382507139238377,0.12981287116688228,-0.020787735691982355,0.0014663935577010285,0.011574712309208292
2202,-0.39951800437867724,-0.32711644068141954,0.1298471660151134,-0.020781934397245905,0.0014675903589610217,0.011648583210845722
2203,-0.751639109545856,-0.3651172987678249,0.1299938729754507,-0.02077390836185693,0.00340644566670745,0.011141413997118054
2204,-0.2924569691739073,-0.4144968973857728,0.1300125396751058,-0.020769222233061886,0.00134645160021561,0.013991247227304902
2205,-0.3496587115059689,-0.44387974513626205,0.1300482505123081,-0.02076077957096769,0.0009972105775501905,0.013937194338102482
2206,-0.3246760074906199,-0.3400753807539576,0.13008483673734386,-0.020754825339340234,0.0015589979113749726,0.011255301348662669
2207,-0.5759250941274857,-0.3509492019653336,0.13016543564211663,-0.020748376100765742,0.00226623546798331,0.011034779671465928
2208,-0.7015994248107487,-0.35321655720413436,0.13026521184019557,-0.020741856456410527,0.002522551859246671,0.012854263943421596
2209,-0.326558334514343,-0.359414828909841,0.1302932282325415,-0.020729081296003742,0.001085382007735149,0.01079132658922654
2210,-0.3428844195350556,-0.352045122162436,0.1303319183420106,-0.020723635661364447,0.0011867918523135357,0.011429334425481634
2211,-0.6932980030071636,-0.39245491378991076,0.13045898572479533,-0.020720798220619452,0.002591376330244244,0.012524994575761221
2212,-0.48920816930394195,-0.4330946719259847,0.13050653164750123,-0.02072000611157758,0.0020029237546783157,0.014486238364665038
2213,-0.25506976537234877,-0.4898538379216938,0.13052747071053036,-0.02071300403734443,0.0011128858519451486,0.015521255536600593
2214,-0.4505901685363685,-0.3649330288782679,0.13057245302965384,-0.020705140495179342,0.0019189103980989791,0.013194582526236627
2215,-0.39744864121879275,-0.31946164524910137,0.13061392057598556,-0.020702677339227978,0.0014910090921787347,0.013148989861581117
2216,-0.4112656904217586,-0.32992288423638333,0.13064898211924647,-0.020699410170044417,0.0015624395826997575,0.011212454305739746
2217,-0.30383998726422123,-0.3510064045763635,0.13067187515913953,-0.020693092481939058,0.0012994650890376439,0.013927060808466452
2218,-0.4167790033525266,-0.36940253401628653,0.13072919958908194,-0.02069268663257308,0.0019913343901408337,0.013042413235785021
2219,-0.2894371006578601,-0.32843966332767593,0.13075225861091108,-0.02068655960649378,0.001054646211813024,0.009352233643705351
2220,-0.6617958802554345,-0.34240727341613997,0.1308513149217808,-0.020681656800199354,0.0026813857357056436,0.011008667919443323
2221,-0.3406623621054421,-0.3355467280612771,0.13087580899008158,-0.02067499815024073,0.001318184224616273,0.01059316456564944
2222,-0.35850230211300005,-0.3562942099023345,0.1309095173733682,-0.020670630920761372,0.0016634292410272243,0.011233496141010598
2223,-0.5674231584295705,-0.4840361391858138,0.130997689293356,-0.020663048560085773,0.002057887011090344,0.015269380210857105
2224,-0.3661737002336853,-0.35015261919365026,0.13102590077819887,-0.020659117072339667,0.0011807759988767597,0.01178625228425643
2225,-0.460016930561391,-0.29982079947711215,0.13107600372015776,-0.020655814292723087,0.0016490919085055658,0.011816406502243875
2226,-0.46631850674874725,-0.35131563203740823,0.1311385749245822,-0.020650969186809604,0.0018399466230085394,0.009900803543978445
2227,-0.4804406300060741,-0.5352974300291743,0.13119107333983535,-0.02063881700089671,0.0015186070516472424,0.01632535526012534
2228,-0.43624547967673494,-0.35108680476796317,0.1312350057127507,-0.020634698589059294,0.0018648359969720574,0.01392553994939479
2229,-0.8386722745011306,-0.43016536863741534,0.13138937202318607,-0.020626839533183686,0.0036323376180200924,0.012487764536295135
2230,-0.6194787414680429,-0.3351901394945225,0.13149256806912685,-0.020621733158600174,0.002557311240768305,0.01293990471355177
2231,-0.37731225943042934,-0.4550543048466549,0.13152169311230744,-0.02061555793674649,0.0015386916463079625,0.01324800482568687
2232,-0.6647645973729889,-0.47827582553229514,0.13163216891371332,-0.020611150274993023,0.0025664446617247143,0.013662916152257057
2233,-0.5049393794636929,-0.40678444307580935,0.13170469429587825,-0.02060378583326528,0.0015087352316694746,0.012098616777458876
2234,-0.5751602457319384,-0.3823085234358712,0.1318186896098125,-0.020595355464095674,0.002029868652601185,0.012051947273410774
2235,-0.43699491815073555,-0.4178741918448466,0.13188465254564335,-0.020589576781956276,0.001377285225428793,0.012494397350361654
2236,-0.3655866110704665,-0.350651032903079,0.131924655774466,-0.02058107762253842,0.001248622866853626,0.010729326500942483
2237,-0.6047196666385876,-0.33591143894504216,0.13200641714762207,-0.020575192255157415,0.0022213431702209465,0.01226140134495516
2238,-0.4540884966981741,-0.3608851774352026,0.13205935097933186,-0.020567041297231418,0.0017160476312118806,0.01073794521400174
2239,-0.41509883245426543,-0.4511280423233267,0.13210848306415687,-0.020559129856848254,0.0017229942764423938,0.013722867799014245
2240,-0.3593366335364348,-0.497381027441519,0.13214082909576458,-0.020545939075384826,0.0013074025762405443,0.014049842098527636
2241,-0.9786766748441137,-0.416777103024825,0.13234748945198785,-0.020541978945174618,0.004466627939748411,0.011921873075186124
2242,-0.27916510100086395,-0.2840289140879745,0.13236267356409762,-0.020537325421465774,0.001366869713696506,0.010713385735671517
2243,-0.44286829653978593,-0.37477021796810484,0.13240235011434354,-0.02052720095787445,0.0012954963960572076,0.01081983227581686
2244,-0.5729832332664393,-0.39855529310143634,0.1324796690976084,-0.02052167671407013,0.0018911791158112464,0.012890253866743265
2245,-0.5591831624266443,-0.3510097100299612,0.13256573162949922,-0.02051855091612774,0.002263959197387271,0.012914614789842033
2246,-0.489588178116325,-0.3008124229125443,0.1326165996052157,-0.020514636988255473,0.0015133089174044923,0.01179270748395705
2247,-0.4963027313459261,-0.3335610746642494,0.1326748150185432,-0.020510545417095936,0.0016668515523022643,0.013355318479206001
2248,-0.3466958966931778,-0.33104962673850263,0.13269566802532348,-0.02050357295187435,0.0014856955855270745,0.012069261872256862
2249,-0.2886468765574071,-0.4336453180618804,0.13271230405190557,-0.020497048092072603,0.0012233615207426093,0.013364141543545408
2250,-0.7725843754778626,-0.2958121756527746,0.13283845779428294,-0.020491090273023392,0.0036754448240763136,0.009851686217682598
2251,-0.4056078733667336,-0.5434104774375217,0.1328834367064382,-0.020474380021315623,0.0018445222298672942,0.014549799459762177
2252,-0.32705391601677875,-0.3787175134231662,0.1329096168560855,-0.020469511582232383,0.0012397648338383918,0.011565429000888304
2253,-0.30145519002593507,-0.3940556112470675,0.13292523628052222,-0.020463202438256643,0.001209234859218965,0.013428039531798799
2254,-0.4027156464516876,-0.31267698487290696,0.13295962535873732,-0.020459096287373135,0.001575422438796241,0.010135662755321292
2255,-1.1393205156074329,-0.404421073070986,0.13322099739199755,-0.020456044909693032,0.006339455924965372,0.014457062031891423
2256,-0.38737152708773054,-0.2687828811968977,0.13327469492858904,-0.02045000783795493,0.0015594133107297821,0.009515991149396332
2257,-0.4507125187941638,-0.31901870481453465,0.1333105101651561,-0.02044450467040785,0.0018768944614455034,0.011163415801145115
2258,-0.4716258102618984,-0.34305020008529546,0.13335640851663436,-0.020437606981633154,0.0016506748791000102,0.012763561846618268
2259,-0.32492039027320935,-0.4515386653488364,0.13337879739306172,-0.020427886757195726,0.0011780334263109004,0.013288536205025235
2260,-0.31103708697449267,-0.4247975634171036,0.1334082217120267,-0.020420236547894367,0.0012169617160279868,0.011789875791082758
2261,-0.6510702810790778,-0.2896956220389649,0.13350057923388073,-0.02041497594156021,0.0022454457198000963,0.009665398907466191
2262,-0.8304511750839303,-0.3985979867096028,0.1336597260115573,-0.02041201232009521,0.003645891930920375,0.01485843718947418
2263,-0.5392357867338806,-0.38959325918541254,0.1337284867984398,-0.020405328352047357,0.002328848208162042,0.01038296809452824
2264,-0.3155099446118092,-0.4087401207220053,0.13375064653225877,-0.020400849104301406,0.001141226426695669,0.013470170573676022
2265,-0.4952532344298962,-0.49984587959772503,0.13379752965524025,-0.020390539501774576,0.0018886531059247923,0.013560732129443146
2266,-0.3229427034840263,-0.35152147645921067,0.1338292388992646,-0.02038351262402878,0.0011916091144574762,0.01303302805640197
2267,-0.5005341697408094,-0.4089594522108632,0.13389289105180271,-0.020375777459768474,0.0019202814877478896,0.01234798970213408
2268,-0.4267473694809818,-0.32257907565221944,0.13393018665640044,-0.020371996329033797,0.0017915639273865572,0.010322255756463445
2269,-0.43712483689658604,-0.44018100341681554,0.13398601654596506,-0.020364177745648693,0.0013784384241514297,0.013625039324596694
2270,-0.3803352175912754,-0.4400196156205661,0.13402642124588482,-0.020363579750329083,0.0012782941581182523,0.012626501876401349
2271,-1.5897340393497763,-0.40520904158592763,0.13439822132070714,-0.020358107874670357,0.012277089959400812,0.011990339612070813
2272,-0.6029377285065305,-0.33356605812995416,0.1344931570460952,-0.02035529569314453,0.002070814427368767,0.010933141649499224
2273,-0.4083199193480884,-0.37745891033000883,0.13453325101506236,-0.02035120708026041,0.001769371497884272,0.013807703313023688
2274,-0.7357300846326736,-0.3877492647349625,0.13467826551096151,-0.020345278971063543,0.0033060383956777816,0.010821701759527892
2275,-0.2866981042400733,-0.38960768909807136,0.13469995626976553,-0.020337925008507937,0.0012563322557805636,0.012284160639396451
2276,-0.46745012843313943,-0.4006593546551202,0.13475597241585432,-0.02033471791913789,0.001779868028278044,0.012169736545740236
2277,-1.0594735704343639,-0.3100367193630334,0.1349862816582137,-0.02033182220089143,0.005882004477663313,0.01316803882551523
2278,-0.7755308787990316,-0.4695184442381326,0.135112236456463,-0.020329996986449723,0.002960629636849618,0.014334701385281727
2279,-0.453363986380097,-0.44918726565092093,0.13517162375508088,-0.020316396899435308,0.0013066140754267104,0.013410932733206697
2280,-0.6831120702533956,-0.2762715327092078,0.1352706082530212,-0.02031323001141834,0.0025329484482809923,0.011921753556714713
2281,-0.4532847006951906,-0.3294169328404047,0.1353163220667604,-0.02030547014846811,0.0018323420391908392,0.011437594611608641
2282,-0.7042123953235319,-0.30686887340405167,0.13545133933679565,-0.020303357903541135,0.0028187311309148476,0.011011648592654334
2283,-0.4113713388925644,-0.4061068876466766,0.13550622430471038,-0.020288883710350432,0.0013768713442661186,0.012993558167397737
2284,-0.34924800578921883,-0.3217797760717863,0.13554153120995124,-0.020285149191792244,0.0013470444359000053,0.014566167845588446
2285,-0.4616365210750993,-0.37208859299643815,0.13559813324081935,-0.020281934353718518,0.0017317272923710568,0.01140595732158701
2286,-0.45613288288481096,-0.31077503703762954,0.13565032568095478,-0.020280410809627652,0.001839980532085649,0.012321190745627607
2287,-0.40998870277201477,-0.38392594323078194,0.1356869946367579,-0.0202736844552486,0.0016948043610180749,0.01342124105219194
2288,-0.5068432588606608,-0.49020237810886724,0.13575577137440453,-0.020268505061500262,0.0014370335488992996,0.015079829568446277
2289,-0.5159543921266015,-0.35844750974547834,0.13582457369406123,-0.020264914301540284,0.0017559277273674146,0.013365199740251826
2290,-0.38699781007180284,-0.35227544461029275,0.13586520064904556,-0.020261199060987313,0.0016094397209502084,0.011990678632509013
2291,-0.3576075350798376,-0.40229785339723406,0.13588845709566957,-0.020252923002046636,0.0014840230446539072,0.012590171390363857
2292,-0.5566947233039188,-0.39894818166269325,0.13595899988690455,-0.020248447464027177,0.0024942402263428143,0.0124365970853828
2293,-0.8840248314521677,-0.3236035744792998,0.13612836166388362,-0.02024444465791909,0.0040081824817120955,0.012625168759548604
2294,-0.5226250102831802,-0.4222414384177777,0.13619939892991823,-0.020230996755976623,0.0018491137784159117,0.010876104948377811
2295,-0.8238070040795683,-0.4319517258944271,0.1363629547453727,-0.020225923675349294,0.004013848003766644,0.014959028758100339
2296,-0.3833773942594351,-0.3017513665707363,0.13638103980926577,-0.020222526169921415,0.0013554483765163391,0.010107102634023826
2297,-0.5137627020362925,-0.35396053541061806,0.13643993899360743,-0.020219639634219546,0.0020497598487221385,0.01259305433032373
2298,-0.9039022287715868,-0.3167312780414395,0.13662212274009594,-0.020214402498817577,0.004615488250332175,0.015199637255083094
2299,-0.6768170553337991,-0.3535090050307391,0.13673764598294696,-0.020209715881773182,0.0030644133565784675,0.013288087100290735
2300,-0.33949995438769326,-0.4073852762575642,0.13677853763133285,-0.02020690370560553,0.001225369503550033,0.011678035959175657
2301,-0.4140305043274632,-0.37142975832241026,0.13683272351157733,-0.020199795650445034,0.0013969678445787798,0.01262226990843845
2302,-0.43384875316332255,-0.26301079634274893,0.1368803760290014,-0.020195879778918166,0.0014652187683231134,0.01032956576902057
2303,-0.7292207108933713,-0.3642747981948197,0.1369820577097975,-0.02019319347122322,0.0026644458574375716,0.01389194595783683
2304,-0.3251257027734531,-0.42644570212912836,0.13701733613080658,-0.020187386458319845,0.0013442294058925055,0.015722088605141817
2305,-0.639127877506994,-0.3695824906170064,0.1371202964475039,-0.020183614672837438,0.0024024389937174965,0.013369678846578576
2306,-0.4203964898121758,-0.2671900915626111,0.13717706609743743,-0.020178460801792954,0.0014870548554396183,0.011188669961930199
2307,-0.44499145775552373,-0.3670798485988594,0.13723062102172304,-0.020176475752163487,0.001532966665890992,0.012380457170225087
2308,-0.3939226922530331,-0.38229077280027435,0.13727795651839592,-0.02016955137720987,0.00149764553346025,0.012903944949889895
2309,-0.4389200777856153,-0.5067420748249356,0.13732670087422924,-0.020161170592314166,0.0014076521882530808,0.015591879720625985
2310,-0.5551711090706616,-0.33535484690191913,0.1374054602057954,-0.020159057694329883,0.0021310093500917543,0.014158527607965439
2311,-0.3869705568078866,-0.4583660552579071,0.13744567687394674,-0.020153639219933264,0.0017391322365264516,0.01389589507774502
2312,-0.45591711119866885,-0.42733805612353,0.13749565095337665,-0.020144706277701336,0.0016200258344706711,0.014359011164322352
2313,-0.3345820558989713,-0.376522661896881,0.13751520433451458,-0.020139713903610384,0.0010572662725087472,0.015550151113638343
2314,-0.5950041774842127,-0.31111464588423837,0.13760974158799646,-0.020134832325090547,0.0023102801533089598,0.011333379276958907
2315,-0.38318609052332714,-0.45016635603438476,0.1376470916955842,-0.020126823333140097,0.0014567893196358022,0.012490269401810448
2316,-0.6533753360245055,-0.4210667315702368,0.13775604172279185,-0.0201233163652761,0.0025707703096995807,0.014675394846469382
2317,-0.3533737733147746,-0.36203293358767735,0.1377774944069858,-0.020119149897643285,0.0015939743045306628,0.013281937905435656
2318,-0.4871530080807129,-0.35660915936854115,0.13781973695363986,-0.020107187285131507,0.0015717827977302845,0.010087394797099018
2319,-0.34009356899012877,-0.4212592820214156,0.137848516015466,-0.020095377628440193,0.0012824251204007473,0.01129723143165916
2320,-0.5118210981644832,-0.39025711457787976,0.13789108783575504,-0.020088950031330856,0.0019775265537135323,0.010672637445165839
2321,-0.4860977365770266,-0.5391356702380206,0.1379583043307337,-0.020075424205464456,0.0020246577650570594,0.015434921184523607
2322,-0.5895625351682994,-0.2939822506493549,0.13806048647406044,-0.020072164023965767,0.0020671454339162235,0.014332988763091645
2323,-0.3662686926218127,-0.3795878719514078,0.13807893455812575,-0.020062001478209333,0.0011948986974857883,0.013787445599366906
2324,-0.4100491119344313,-0.3294550499854773,0.13811075813394652,-0.020055074953782105,0.00176668321248794,0.01069472269016785
2325,-0.5692512799666445,-0.42996558620331127,0.13820262516499474,-0.020045558487793103,0.0019306173731854792,0.014803971505160163
2326,-0.350329163731354,-0.32384467663664185,0.13823541726002625,-0.020043995277942005,0.0013225183332640767,0.01237882009464419
2327,-0.5508494857116466,-0.25162150985943155,0.1383274893155638,-0.020040449064445406,0.0017363508844905407,0.009918357251298445
2328,-0.4720298864387531,-0.32634828688739526,0.13837499559423896,-0.0200334131589243,0.0018946536776688588,0.012551399931832099
2329,-0.5444274341152088,-0.3945594851371449,0.13845681580748112,-0.02002431150323809,0.0018507923174624918,0.011257365184646484
2330,-0.31464976484114127,-0.48789627291715376,0.1384844303394202,-0.02001539376945883,0.0011558604973346787,0.014853595724614975
2331,-0.4169549873286847,-0.4304539666233754,0.13852255442569417,-0.02001324702929967,0.0018630590287804837,0.015435622228308556
2332,-0.48178179693942297,-0.38291647077496177,0.13859254802095644,-0.02000538099503065,0.0018315109542468855,0.013561635878982162
2333,-0.3407342137402841,-0.43769361717741956,0.13861823742599194,-0.02000264737546816,0.0013615566523027236,0.017742637224429206
2334,-0.445181338197865,-0.46059177243645033,0.13867390401102586,-0.019992286581204607,0.0020989361484944763,0.014252330178867793
2335,-0.4489695230399444,-0.37622463194560063,0.13872660692231395,-0.019987310255386054,0.0015769230341836288,0.01348310579798981
2336,-0.5177208126701444,-0.34770439308150114,0.1387866916224492,-0.019984292774640654,0.002227947265853749,0.011222265126351917
2337,-0.3837226567802402,-0.30422630635831366,0.138832557576408,-0.019980163479242533,0.00160012091205457,0.013024312035330186
2338,-0.43316882209412166,-0.2854858390115264,0.13888680305107065,-0.01997870233513239,0.0014348399740211982,0.009449312187158375
2339,-0.4299646165254149,-0.41184724527981115,0.13895146279561235,-0.019972237536738543,0.0014522324765023705,0.011292186388248289
2340,-0.6592174797894229,-0.2641421310302384,0.13905161507895572,-0.019969057284730328,0.002286936370093916,0.009886338741244588
2341,-0.8028257390912172,-0.39700187816129356,0.13917928257532125,-0.019962931203888593,0.0032318589927038672,0.012020431038125856
2342,-0.3662768269286837,-0.33167995540290063,0.13920302127487721,-0.01995956382755764,0.0013697699331071873,0.011280848924557161
2343,-0.3134590870422715,-0.41025850057464136,0.13921992703588565,-0.019951841183474726,0.0012450005675852477,0.011271704804059472
2344,-0.3691400467298339,-0.39199881614108756,0.1392600029034074,-0.019942136355986514,0.001750265846089181,0.013059190993167949
2345,-0.42690958385449085,-0.4440989989865876,0.1393107768171726,-0.01993208242751009,0.0018613612276082098,0.01547430354029545
2346,-0.4547852203919587,-0.4081802208240699,0.1393572430772711,-0.019921130208818687,0.001077230145024012,0.012190229774092353
2347,-0.43318305870171603,-0.3867952611667608,0.13940974073678247,-0.01991287742959991,0.001825269131764637,0.01213022120366081
2348,-0.585645535841979,-0.4164244001049252,0.13949423030095043,-0.019906375551352492,0.0029500893459774567,0.014273580249906444
2349,-0.3349111030631907,-0.38375715090416435,0.139522991352441,-0.019896870779553186,0.0012739932978442531,0.0113412877030034
2350,-0.6479871749816968,-0.4395993478494189,0.13962254243507463,-0.019884993846191187,0.002368366167220874,0.013710941975441553
2351,-0.6899120480045831,-0.4147831560121832,0.13972048019835623,-0.019879642237966875,0.0026832304314723084,0.01282478785408108
2352,-0.3891321151273619,-0.3164834163934686,0.13974338831522817,-0.019876280650623312,0.0015147284335467256,0.014153504208341161
2353,-0.45243349910700364,-0.3487557196847688,0.13978685610550695,-0.019872214632793983,0.0018878967883923683,0.012156851965733838
2354,-0.45031085199447296,-0.37278055192371784,0.13983820850224593,-0.019864646613045163,0.0018368360235774474,0.010070389861127764
2355,-0.4222750076035212,-0.26966162031943747,0.1398712018201196,-0.019862174892282876,0.0017369154103101404,0.010687446480188212
2356,-0.5100903035721436,-0.27870948018589947,0.13993274688762797,-0.019859927715142514,0.001993552556562995,0.010615496728896681
2357,-0.6175572624775177,-0.2752687245951481,0.14002588319943604,-0.01985745241938781,0.002603563181695781,0.009923357305997395
2358,-0.27114566462110007,-0.4458374210578951,0.14004919648334313,-0.019851052770317085,0.0012970825780931404,0.013087361476263083
2359,-0.6977696700001557,-0.3280671184414852,0.14017623915409383,-0.019848281695311065,0.003080418251133915,0.012950095420348662
2360,-0.411607401883923,-0.28038195541356115,0.14022771008797988,-0.019845424491736288,0.0015518506117399877,0.012317374497828402
2361,-0.5562036145932038,-0.367098642377798,0.14030691232865275,-0.019840164000628147,0.001991181170576674,0.01217903150933449
2362,-0.5735878693382033,-0.4852539593191991,0.14039677682560875,-0.01983266743201325,0.0023291335052434666,0.014811418113345078
2363,-0.4056694555507597,-0.294117047071087,0.14043753680016785,-0.019832501672891103,0.0013712089231937698,0.012406417219643369
2364,-0.5150793245828017,-0.3386404867086963,0.1405084320128025,-0.019827623220633018,0.002139971772834023,0.01219456313390521
2365,-0.5227907323750999,-0.42286939807691853,0.14057299807251672,-0.019823648179287303,0.0018453797936262232,0.013513202700397343
2366,-0.5734920181775373,-0.3214560612539696,0.14065117115934414,-0.019818538727656466,0.0023449270485663832,0.011199698680473484
2367,-0.3284049412687911,-0.3697231188023952,0.14067950541665594,-0.01981246696953739,0.0015790457751747187,0.013391472071014123
2368,-0.6280795197616632,-0.3347437595207792,0.14077418763780078,-0.019809859282215223,0.002459450867093173,0.012667250758065735
2369,-0.42571724229774466,-0.3124024212070989,0.1408268401277821,-0.01980769322596432,0.0016204724771298243,0.011981928915760096
2370,-0.5146712695235754,-0.39951490530465744,0.14087819812913538,-0.019804985018197236,0.0018383206925840217,0.012078658755579409
2371,-0.783005168487522,-0.3326590631968325,0.1410132477857335,-0.019801065197069284,0.004028323034976315,0.013699039989936802
2372,-0.399470637945855,-0.470233445011662,0.1410496501510748,-0.019796413539922706,0.0014506146018684698,0.01427320776068857
2373,-0.4399947157021934,-0.3731618594219275,0.14110772304562616,-0.019789244616127303,0.0018389981468959766,0.013211130325129921
2374,-0.5692059823784312,-0.3910727796687629,0.14117310255565196,-0.019780006186012566,0.0021170348654427486,0.012168250319106682
2375,-0.330355598262587,-0.3784100530561757,0.14120043989799377,-0.019779109592536554,0.0011263766945618925,0.01194275670503965
2376,-0.5902287441059787,-0.38831072820499607,0.1413026483217047,-0.019773728872962925,0.0017645387792634174,0.013285774824671167
2377,-0.5709132580219016,-0.2725420848234502,0.14139800270877137,-0.019766180696475226,0.0017807381128859283,0.011514183018514862
2378,-0.3195098208520004,-0.3966195745947174,0.14141890522465256,-0.019760998494763187,0.0010403155708916599,0.012424929691233863
2379,-0.3278469142894902,-0.4049811472468242,0.14144265444963272,-0.019749375072617474,0.0012733644649985606,0.013378108316052977
2380,-0.6201465068983114,-0.3558845114933844,0.14154086796775273,-0.01974180514018678,0.0019221429214817053,0.011099623590102302
2381,-0.5822690795356816,-0.35001306165414725,0.1416210485985762,-0.019739003384611452,0.0022038378560231783,0.012624739347710584
2382,-0.8776586709177676,-0.28044060314880764,0.14177875825309708,-0.01973416397534847,0.004460909205976457,0.011313592757962477
2383,-0.9138414978896595,-0.32408808906349196,0.1419205431317575,-0.019731150489769388,0.003917100093139486,0.012522881307530055
2384,-1.2300534135023258,-0.49515761324320545,0.14218044282659012,-0.019725983893429284,0.006552974884796294,0.015676906632189982
2385,-1.4413823842732247,-0.32002573956550634,0.1424968683566176,-0.019723609840525846,0.010812949700778512,0.012574659474511876
2386,-0.45358208613587786,-0.37022117773839863,0.14255647861016701,-0.01972132698789702,0.0015803412480916172,0.012648962458884874
2387,-0.545878404171287,-0.4076545908364252,0.14264980256403512,-0.01971598510040653,0.0020747718017824416,0.011298384493777814
2388,-0.4830101033742816,-0.47611472033507457,0.14272084881676403,-0.01970893447288009,0.0018059060266765409,0.014113406259697779
2389,-0.3916374562832295,-0.3919593697520683,0.14276715354266903,-0.019704459331862243,0.0013011859164430368,0.012420782324970965
2390,-0.4186258434049837,-0.33533001450379735,0.14280609327944582,-0.01970022950464332,0.0016839703545955542,0.01313803551468016
2391,-0.7044120917924013,-0.37426089917494865,0.14292687288246356,-0.01969876967032481,0.0029071401732198,0.015645024798331436
2392,-0.7589066511350357,-0.3961489594059212,0.14305248085338806,-0.019689201466379955,0.002678700630441551,0.01278929542149174
2393,-0.30212343318445234,-0.38166463379612997,0.1430681118000759,-0.019686224039869624,0.0011985679198106536,0.012021178934964937
2394,-0.5117034981018231,-0.3488351806121133,0.1431484230742613,-0.019675756166654613,0.0021500183427729073,0.012289877668419543
2395,-0.3876731186548306,-0.2977767203714353,0.14319740984035992,-0.019672401566535238,0.0014041604256782095,0.01164690512058134
2396,-0.43334907715485466,-0.48751813061902094,0.1432458984183068,-0.019666828077310464,0.0014562438731966136,0.01351782244687791
2397,-0.4179567639905634,-0.4101132672624891,0.1432885355361811,-0.019659866412343865,0.001545085290613787,0.013574862047284114
2398,-0.5156624669624507,-0.4521278593766025,0.14333827375051938,-0.019650356966292443,0.001895098383996648,0.014645947773868578
2399,-0.4913563652297896,-0.3513873855503996,0.14339823025797258,-0.01964655018234889,0.0017896951503461708,0.012462055837114789
2400,-0.44834436425398017,-0.3721520028693388,0.14343915723801787,-0.01963423717161004,0.0017124983727799408,0.013414201661090754
2401,-0.5139680894104006,-0.4202552978403155,0.14349630141205746,-0.019629492305809206,0.0015439009639071327,0.013033413648929052
2402,-0.6339746311143988,-0.29824735063197244,0.14358739409114826,-0.019625508055313587,0.002804249565814652,0.009378987219876301
2403,-0.4446853059949881,-0.2839035279466294,0.14361787665404463,-0.019619786102963704,0.001825290484310766,0.012127324441942911
2404,-0.4541828374032442,-0.2986898810314716,0.14367338144023356,-0.019614504966855118,0.0015658420362318316,0.012019562980064867
2405,-0.32438197215724063,-0.29982980360341344,0.14371299333497844,-0.0196094133530611,0.0011503410585561884,0.01145175430752713
2406,-0.5898380404360385,-0.4448124882146984,0.1438088893161377,-0.01960009212908569,0.002131055468068758,0.014066413850764665
2407,-0.6531986124736906,-0.312429222007921,0.1439187655614386,-0.01959553018572839,0.00291815210280699,0.010726433619593797
2408,-0.3017579307023997,-0.32396952328255724,0.14393802750683457,-0.019590611173675297,0.0010388669146133946,0.013496217012570652
2409,-0.4072801065772312,-0.31257994584606036,0.143984738392828,-0.01958657931746104,0.0019246269448733584,0.01098670513699702
2410,-0.6389259915023106,-0.43810488082056226,0.14410288961528267,-0.019576230468410664,0.0022931641235110043,0.011909378069865112
2411,-0.47790500696125104,-0.3665075842007126,0.14417029720170055,-0.0195691345466734,0.0014712034341176888,0.013007099296907524
2412,-1.2226026191743509,-0.32834120041126164,0.14444038448767862,-0.01956092116343866,0.006803630624823081,0.011071311917468957
2413,-0.4519377285645167,-0.3758937021239237,0.14448385432688082,-0.01955530750343439,0.0018669995683544653,0.012535151759916017
2414,-0.4065114988767149,-0.3318644068283495,0.1445369726748424,-0.01955000477821193,0.0014168430825554422,0.011295600051696606
2415,-0.37515369918820585,-0.4190298392398339,0.1445812366273737,-0.01954338584720896,0.0014915223642917733,0.012382177502437917
2416,-0.5046805407795417,-0.3631241379897614,0.1446624456368184,-0.01953871471151004,0.002246221534098071,0.012869476538695048
2417,-0.4527026805075944,-0.3345412965574626,0.14471631138973678,-0.019534115002692403,0.0019701259757358754,0.012731797715813864
2418,-0.33782972527403493,-0.5040893075848868,0.14475098129225494,-0.019526868396595825,0.0013467672388598687,0.014191727879100764
2419,-0.4517369920369099,-0.3689332173275644,0.1448009790139035,-0.01952406567676848,0.0015825702551556112,0.014295483542347463
2420,-0.42070129658586897,-0.5752827568049594,0.14484270170119515,-0.019516976107304847,0.0011765692471200758,0.01755979777860755
2421,-0.38005879369618323,-0.5105357064760663,0.14489208403811307,-0.019501225804310213,0.0015404163793469182,0.012778715502290651
2422,-0.974023016608215,-0.45925547814219475,0.14503920183822636,-0.019499467076099078,0.004489881104003455,0.01377007600293647
2423,-0.5808925022234214,-0.3655769581396353,0.14509829052032241,-0.019490822435322665,0.0019497740451348087,0.011229773754674639
2424,-0.38356739224608416,-0.3410066031214193,0.14513300706808765,-0.01948723624458372,0.0016947009098491346,0.011914733329219041
2425,-0.38139376322649904,-0.3875462046032841,0.14517372901206085,-0.019479875498151385,0.0012347867148929247,0.014471851688276974
2426,-0.4181220465428863,-0.2694365069903936,0.14521152103769958,-0.019477586660004216,0.0017806598936986092,0.012228851481266274
2427,-0.558981300915436,-0.41864681305197804,0.1452996630035782,-0.01946746520607124,0.0024816913641737227,0.01176795478665768
2428,-0.35737638283205025,-0.44740943246717313,0.14533430769321004,-0.019447567468034346,0.0013372159251591688,0.013897017433928537
2429,-0.3507345078822717,-0.3781461174550445,0.145365976899363,-0.019438101495126814,0.0012245906364679894,0.011333375020165648
2430,-0.34369273218701507,-0.5746461344755048,0.1453911922881549,-0.019430236221571213,0.0011064575133754606,0.015867938757826897
2431,-0.28980638233287254,-0.3075916062518087,0.14540794955245162,-0.019424200900409295,0.00098017657520553,0.013186099044916813
2432,-0.8089137926348182,-0.48072635015297854,0.14556026073502243,-0.019412531687923652,0.0033148726748095667,0.013552533442697624
2433,-0.5311365113423872,-0.2680335874104753,0.1456301131394113,-0.0194096773946766,0.001990862318183365,0.011275558303983496
2434,-0.4342985019134337,-0.4826961768786342,0.14567130414789886,-0.019397464879547886,0.001749084974739392,0.01389010847300074
2435,-0.6214151226678146,-0.5322746789974308,0.14576316087457675,-0.01938829971848169,0.00212030264518674,0.014012102824999624
2436,-0.38555130732035203,-0.2732707413466546,0.1457929821736507,-0.01938482150223839,0.0014033672606146063,0.011511938997785198
2437,-0.4320849285325868,-0.36693339517053836,0.14584641585945865,-0.019382714411896176,0.0016662760147496815,0.013028172344906282
2438,-0.5039563981748189,-0.3677910372381084,0.1459197663442641,-0.019379121179109882,0.001867712533464388,0.012667356943090565
2439,-0.43246426782098735,-0.3306171391219796,0.14597489484467657,-0.01937389492832944,0.0015418193786453972,0.010982135328077368
2440,-0.3815785748727817,-0.41570562724336224,0.14601247380421312,-0.019372080959068977,0.0013275369111397223,0.014001965359375578
2441,-0.4211614565510432,-0.3136635284181766,0.14607637942021168,-0.019369608292929073,0.0014554117184427658,0.012420499494200578
2442,-0.4001487288540093,-0.4676200356414497,0.1461216745970228,-0.019364029988254306,0.001721470180172288,0.014241927195818144
2443,-0.52110959092765,-0.3741829034012275,0.14619817395744425,-0.019362572137136578,0.0020643551078313705,0.014450383515058214
2444,-0.4443643588639513,-0.4667058573552542,0.14625353713329683,-0.019354646153772345,0.0018020532512656017,0.014237344594881412
2445,-1.5270579285288282,-0.33404075563771435,0.1465991046440698,-0.019351445088171496,0.010325702032584696,0.013305315440129379
2446,-0.5875376596617298,-0.3687613800878084,0.1466999574343254,-0.01934618269098654,0.002229979665784282,0.011643473734696864
2447,-0.4498101542230396,-0.3436587411666381,0.14674149048708612,-0.019338531375013582,0.001535653672414585,0.011155378412012256
2448,-0.5462999084138278,-0.355411682748255,0.1468204279920319,-0.0193338883257713,0.0017421254776408214,0.012567178930089148
2449,-0.6259680616633353,-0.34098096913677606,0.14692110728114255,-0.019329906684895422,0.002906352615534804,0.010657195140522312
2450,-0.8207283185078794,-0.3570943067832404,0.14708914747334234,-0.019325064341325453,0.0032153756297463917,0.011803065128149244
2451,-0.39859496066037275,-0.29153572683205287,0.14712413509464295,-0.019320727670189254,0.0016989024483817494,0.0118095570612183
2452,-0.42899831314745157,-0.4289787249173563,0.14717729876511423,-0.01931375940601825,0.0019537733134021977,0.013195694318193136
2453,-0.5707264835778463,-0.3424355696061725,0.1472674931940566,-0.01931299513760576,0.002569949855310725,0.012946961674559256
2454,-0.8261935888203612,-0.6135221313400556,0.1474335298534983,-0.01930306621667442,0.0032923676999577194,0.014425023693527696
2455,-0.30841030665744407,-0.5042554486735629,0.14745549603664743,-0.019288799899930112,0.0011965136551227312,0.011503063343111053
2456,-0.3104321501375698,-0.41788990544243876,0.14748353989527654,-0.019282859103804697,0.0012842630217445603,0.013113348076411983
2457,-0.6759734814387611,-0.39223688967099035,0.14760031258140266,-0.01927421448584787,0.0028203968077014216,0.012244672760781818
2458,-0.6737874205971812,-0.23314411117430636,0.1477165178822733,-0.01927186971682703,0.0024521345778484457,0.010746873368026516
2459,-0.3892010023885116,-0.33394942280834117,0.1477664681188914,-0.019267633737950974,0.001243127323311629,0.013796967334933002
2460,-0.3289590753874844,-0.3470900968490371,0.14777898588425917,-0.019263174283744758,0.0012609638776373382,0.012845263351447004
2461,-0.3812973251765072,-0.3493820197582677,0.14780248058511475,-0.01926212579821896,0.0014425014039694214,0.015499536313202264
2462,-0.7120530983545029,-0.3114033624563684,0.14792074703929997,-0.01926012212008093,0.0030782264333085933,0.01147557147417767
2463,-0.7792294216238271,-0.4305113570536024,0.14805989641710407,-0.019255888899370403,0.0036254979999331845,0.015364083561441583
2464,-0.5306994004476739,-0.45193873171311055,0.1481292809248732,-0.019246779964261673,0.0019628023446083024,0.012484312643382608
2465,-0.367383609563514,-0.3846666093521255,0.14815805205741053,-0.019242275815447487,0.0013190934436574505,0.013861908097882646
2466,-0.9251154420317945,-0.3611469985480331,0.14832612074268844,-0.01923916305887633,0.00415238309789809,0.011073255058473671
2467,-0.9191978052800073,-0.4221925671876338,0.14848463352697072,-0.019232037694849054,0.00349242729850102,0.011607881563653891
2468,-0.30376151545481705,-0.3587683011706179,0.1485089530684222,-0.019226546897705674,0.0012652872945060818,0.011922507225922894
2469,-0.533623554730384,-0.5127876945603455,0.14859436596004275,-0.01921825729765004,0.0017882722707626144,0.013856962846821586
2470,-0.6773173846125119,-0.38805218234245886,0.14869453925943138,-0.019212160922030715,0.002418173539154336,0.012547097009941964
2471,-0.36634154721345674,-0.36749460946798945,0.14873011379328724,-0.01920624049164792,0.0013981511187455503,0.0123608056196903
2472,-0.35198345114485097,-0.2794010562034123,0.14875951469948234,-0.019202962321234706,0.0014489844651053342,0.009846502640093723
2473,-0.36998417234661984,-0.39222918049757455,0.1487874486042153,-0.01919755761246661,0.0012681432537713744,0.013671121625946322
2474,-0.6039268753412342,-0.27827585546874345,0.14887271079511685,-0.019192611307870915,0.002555581823999004,0.010840505748776557
2475,-0.49240818682253396,-0.38176252826135565,0.1489336693365941,-0.019184471522214513,0.001974082626838131,0.012234901618250398
2476,-0.49322341145361,-0.3162775588174775,0.14899658963405413,-0.019181883492741875,0.0019006948619204802,0.010033649124865133
2477,-0.37439732094123007,-0.43458055789140815,0.14903000875463437,-0.019178623662749892,0.0015565829641904375,0.013352164977186954
2478,-0.41128225004244984,-0.2718638916587937,0.14907822148370548,-0.019177142706213263,0.0016383769342168254,0.010335467741275577
2479,-0.53490081177965,-0.3893722649201573,0.1491586540178973,-0.019175592399529554,0.0023727907135465166,0.012418446331198017
2480,-0.38628621638580035,-0.4521499915094758,0.14920301002229097,-0.019172478970413773,0.0017435391160861642,0.013901684414690037
2481,-0.542072691998048,-0.4319468899191445,0.14927121027717344,-0.019161593934274433,0.0020499352768248882,0.01216019725258317
2482,-0.4244516224221428,-0.4341652253282192,0.14932455711148382,-0.01915423704732716,0.001566179799576692,0.014564250058449357
2483,-0.3999350924166464,-0.3895157314707291,0.14937429685179682,-0.019149045083305886,0.0013375223550024372,0.01105840029410021
2484,-0.30156522709214434,-0.3501476244678901,0.1494033691316102,-0.019147104759575772,0.001017556055662098,0.013718648100545728
2485,-0.5518072792908083,-0.3357702135152763,0.1494543034612141,-0.019144392119451983,0.0015842923476894427,0.01046510927648876
2486,-0.8756083497504119,-0.3413069731689951,0.14961881322482976,-0.019138959919599772,0.003560472739286472,0.010002608208164846
2487,-0.4772976765078862,-0.43286167797484426,0.14967433613437145,-0.019132863585290184,0.0017605351647172244,0.015302769524425431
2488,-0.35050953996261697,-0.47619630697419846,0.14970457509071414,-0.019128144581519593,0.0013822660709643926,0.01363283617031464
2489,-0.47400728068033604,-0.371357332022494,0.14975964227691213,-0.01912287302324269,0.0018886208184728942,0.013201226497909174
2490,-0.43298538750037624,-0.4249218445673596,0.14980331497415456,-0.01911364939746877,0.0015392055305347373,0.012509031653248756
2491,-0.652106455741819,-0.3730354662441192,0.14990682217024104,-0.019109287334501686,0.0024351444841931155,0.014921393857944474
2492,-0.31746741957524194,-0.3152260741312788,0.14993150160638177,-0.019102439355463956,0.0012128703631957686,0.011061312124215156
2493,-0.405935176221363,-0.31522007526457857,0.14997855518636344,-0.01909970540236792,0.001565258786499821,0.011686668287791498
2494,-0.541583244485513,-0.39283795300690605,0.15004505098199256,-0.019092040617685532,0.002183419464718857,0.012201181965913065
2495,-0.5204831321102042,-0.4154892122596869,0.15012495746044244,-0.01908236953534408,0.0018471242602276655,0.013201691913366134
2496,-0.3964352726941836,-0.46236437393396573,0.1501590424100087,-0.01907530331816105,0.0017105383070491651,0.015385720697364517
2497,-0.3768658094892495,-0.36272154793884226,0.150178419761809,-0.01907053267590736,0.0015727993534114552,0.011548134335951506
2498,-0.43165680841646836,-0.3237736738677497,0.15023819442021366,-0.01906912550329604,0.0016859621470378377,0.012023098710073793
2499,-0.3783396501793531,-0.2645312238569454,0.1502743952181846,-0.019063733613080888,0.0016762547962064246,0.012789192726318573
2500,-0.38834004992885957,-0.45025239458609145,0.15032119073961908,-0.019048986155595422,0.0016442471435140886,0.011005705691998916
2501,-0.5181862330817559,-0.26157309208495094,0.15040487818743603,-0.019043818718683936,0.0022787181220287793,0.009565414049064256
2502,-0.3590856977652759,-0.2821594451082314,0.15042448405351075,-0.019038863315651827,0.0011392052527951088,0.011357916155908447
2503,-0.5358179409525367,-0.37069916295468974,0.15050381400693127,-0.019034134496032917,0.002193800026682671,0.014345268305401145
2504,-0.5769509999814082,-0.43163705891119175,0.15059097719067538,-0.019029187366702387,0.0020078970488546983,0.014984700763572117
2505,-0.612074225701274,-0.49999437537157665,0.15070879577586294,-0.019019317808839753,0.0023398004008284173,0.01459434694234083
2506,-0.4948174666083107,-0.36579225558267775,0.15077792263820522,-0.019014985541749987,0.0020952636584546346,0.011704975895135158
2507,-0.6354231431976325,-0.36675173260209704,0.15084640174685307,-0.019010249200755572,0.0024344209689321937,0.012847499046799174
2508,-0.574489620656359,-0.2984610635272727,0.15092007324330883,-0.019006348474180427,0.002229259087747475,0.011938039427061578
2509,-0.38784549462036616,-0.34596997748303565,0.1509636165317065,-0.019002482259567507,0.0013746048689629966,0.012712651137616961
2510,-0.31219412472927727,-0.43691482165238577,0.1509952018439466,-0.01899361610113481,0.0013880208198309722,0.013294966036339565
2511,-0.45824045261736296,-0.3934483737917266,0.1510453242375941,-0.018988561637980062,0.0017818174711756677,0.01218524697515368
2512,-0.45071556926218137,-0.39957216923053784,0.15109448108369344,-0.018984705661114522,0.0015497902642104423,0.013827859429607832
2513,-0.7435748188726553,-0.39908775279542896,0.15123237819248517,-0.01898115152987727,0.0031941341558285722,0.013408142950834107
2514,-0.40392951391718246,-0.3135956240379657,0.15129427974324458,-0.01897585921565271,0.0015496265701402795,0.01094905918396008
2515,-0.49123702083809256,-0.29443861134500604,0.1513377909211453,-0.01897144395207795,0.0019221145261282403,0.010330421367306684
2516,-0.43593920933893615,-0.4124503561490905,0.15136462508281368,-0.018969376821775134,0.001749614098046952,0.013298340408221079
2517,-0.4920723497955012,-0.41529655425787576,0.15140932696853315,-0.01896482970874122,0.0015761397123962317,0.0121977833523902
2518,-0.4398460558636491,-0.38363093016020866,0.15145549515988818,-0.018961736156816983,0.0015961541581039152,0.014829525888873405
2519,-0.4941655088941157,-0.41707686619402307,0.15153905854392052,-0.018957747345868355,0.0018892184909544373,0.012609306393142132
2520,-0.7430783403646989,-0.28310702395137205,0.1516642902584499,-0.018953374363376355,0.0028801291895309135,0.011084359781784089
2521,-0.4707488464513814,-0.38468667648969757,0.151711992957924,-0.018948612877845175,0.001711852925508391,0.01215055335965575
2522,-0.4440633163842846,-0.4369398945202699,0.15175354671703578,-0.01894232289710758,0.001514620704247686,0.014706480806267823
2523,-0.3493122819143642,-0.392010232206104,0.1517886859855619,-0.01893900545794913,0.0015302157468585066,0.013676246631506232
2524,-0.37672574394530695,-0.35383824229149935,0.15183230123392621,-0.0189345475886476,0.0014768523975417487,0.012799252163312489
2525,-0.3731798349332288,-0.3157579271868673,0.15187613905218564,-0.018930657669626136,0.0013742670358104423,0.011689194371400117
2526,-0.390128298731937,-0.37599089608081177,0.151920210095443,-0.0189221488939122,0.001503272207309937,0.01311630147762842
2527,-0.3786706993849582,-0.30610925158325303,0.1519544603848753,-0.01892066090147131,0.0013493335469849928,0.009915978919810243
2528,-0.4311928951229258,-0.4646480619631791,0.15199537362378018,-0.018908076092410228,0.0018913127709571389,0.012415892702010767
2529,-0.4311772918343362,-0.4157074226897307,0.152040239254384,-0.01890479155651441,0.001826656330870538,0.013868870046156303
2530,-0.37522721010155247,-0.3197893555547734,0.15206593075163857,-0.01890119026959941,0.0012591386273203627,0.012839961633632739
2531,-0.24952209009878412,-0.3015026654388516,0.15207548382106667,-0.018896756440443935,0.0009846587065214867,0.010880233143426713
2532,-0.5396711405677388,-0.2900127924861512,0.15216167515297077,-0.018893640354203507,0.002068735589822602,0.01157260999592427
2533,-0.4422572338009006,-0.41445718036209417,0.15220908352902332,-0.018884012668650037,0.0016398003492164345,0.012613344575553775
2534,-0.379443112392628,-0.30742125618750704,0.15224624003737872,-0.01888055635361501,0.0015550032381658452,0.010976928544409646
2535,-0.41690005042450456,-0.40629697072988613,0.15228898755524314,-0.018875671357172198,0.0015069092399380328,0.013093350526268331
2536,-0.4303557399595678,-0.3376442645972215,0.15232377561472063,-0.01887067416703983,0.0015422945821313404,0.011597897243764796
2537,-0.27013918915775986,-0.3681696162823346,0.15234683878548963,-0.01886424385977717,0.0011875660378184037,0.013256591955346014
2538,-0.33021482917173656,-0.31452113750885935,0.15237213609023376,-0.018857436732789484,0.001126011024258143,0.01371839586256263
2539,-0.3477944462141794,-0.34279771993132657,0.15239932761409117,-0.018852581327168962,0.0016318318165492102,0.01182853557339874
2540,-0.5969152261990016,-0.2711582852772053,0.1524826511528809,-0.018850236142337766,0.0022440368675903243,0.011855629440005523
2541,-0.34938927888641613,-0.5262731650649939,0.1525304481194305,-0.018839017917478527,0.0016072212749699128,0.014784180997942204
2542,-0.4750955179060553,-0.29354789362438743,0.15258597896011028,-0.018834980748141262,0.0019800200265630654,0.010804068904525059
2543,-0.4089742968389912,-0.4087444093118519,0.1526146689388481,-0.01882645977742504,0.00160566170976569,0.014576801584608192
2544,-0.3768300331131736,-0.42428893540297585,0.15265698229834918,-0.018813729669250916,0.0016644497112276344,0.013132697824958168
2545,-0.41237389193403173,-0.3967596888096493,0.15271255096451414,-0.018806476222508736,0.0015264817054589626,0.011804169542215406
2546,-0.3034303084007613,-0.38375780514772634,0.15274508244119522,-0.01880043110329224,0.0016676227035409086,0.012254351847816912
2547,-0.5283242919414716,-0.4071078919629015,0.15281020398117748,-0.01880183030031782,0.002022509820413329,0.011606823860783771
2548,-0.3980542442457358,-0.30675981435742333,0.1528627156865526,-0.01879685070966346,0.0017442603590000238,0.013282785162202
2549,-1.0277009684390626,-0.3399530267957297,0.15306835486746534,-0.01879382381587329,0.004544543184846551,0.012126712860833033
2550,-0.4501282694091253,-0.3344130208597012,0.15312785292619477,-0.018789147442266188,0.001407172837050869,0.012309830038124237
2551,-0.7054181564756831,-0.554547777711513,0.15323560817899512,-0.01877949198522901,0.002428558183365368,0.016536382439672648
2552,-0.300564722289908,-0.3295814727165317,0.1532542771260518,-0.018776078860738964,0.0010848267473928656,0.013605711736172105
2553,-0.3274997562511105,-0.4216257759597862,0.153267395795579,-0.018772283146304466,0.0014214836519269908,0.015019116639262172
2554,-0.5121167562577342,-0.44865304392826205,0.15333610632127806,-0.01876191017469853,0.0020647619662840164,0.013160269426872059
2555,-0.5298786087320414,-0.42925960629812165,0.15340358142138738,-0.01875629339549026,0.0019026191103229718,0.01442334061279431
2556,-0.4139643724495691,-0.3747658455732865,0.15344353344244424,-0.018747683469152416,0.0014739103393235787,0.011074404575224486
2557,-0.4344071660405318,-0.43888208317141814,0.15350064099100655,-0.018745021311017213,0.001551346287783586,0.013914048404180123
2558,-0.4030047357467036,-0.36155238350855184,0.15354075223236763,-0.018740407412446838,0.0014546438074351984,0.015506655091432396
2559,-0.29980345660673113,-0.4152807104207621,0.15355647073174788,-0.018738168500321006,0.0010856472146857279,0.016481303513190604
2560,-0.3659037914677619,-0.30356163000669073,0.15358908295485635,-0.018733080977379725,0.001124161015579896,0.010462182719280663
2561,-0.3868383847548099,-0.358137578451767,0.15363403806803325,-0.01872821265796564,0.0013723349957178324,0.013230485225399042
2562,-0.35594191098367367,-0.37726554644693355,0.153664492898133,-0.018720213772624637,0.0011894349819976848,0.014459448619575902
2563,-0.4253187228227339,-0.5273562358987258,0.15370374412472712,-0.018711207205631575,0.0016260867151856129,0.014495432548590446
2564,-0.6689937058696532,-0.40149328810734897,0.15381053901431396,-0.018705578120729052,0.002537997911799414,0.013732812388669293
2565,-0.4070612942264221,-0.3042019922052542,0.1538469098837278,-0.01870143122010007,0.0015836470807561462,0.011624162035809751
2566,-0.7140014092700273,-0.3656499012077927,0.1539690567389432,-0.01869557585464413,0.0029167181050991,0.012304587614150058
2567,-0.5099707358549875,-0.3228807795128421,0.15402650250452193,-0.01868513211419078,0.0021375770196252145,0.01170868839189165
2568,-0.4519842957744828,-0.3366467007038259,0.15406540055160256,-0.018679029013295805,0.0014600398956925824,0.014492192897036566
2569,-0.630296139935541,-0.34916224171179355,0.1541541938658416,-0.018675822215949007,0.0021375802600852494,0.013606663086291885
2570,-0.31622852508386695,-0.298164857352624,0.15418336214901276,-0.018673570020231765,0.0012311294693719379,0.010322751658415619
2571,-0.7042699798580181,-0.35153561395081995,0.15429800690432324,-0.018669174447385684,0.002591674865122315,0.012603623919407288
2572,-0.3505098479419312,-0.42180784559745665,0.1543268183729923,-0.018661237606354242,0.0014318794881267411,0.013157973044534704
2573,-0.41925052336640933,-0.35519991266692774,0.15435522513828104,-0.01865317007346555,0.0018880698542518201,0.012189396503190736
2574,-0.39898663346217256,-0.3802151648317406,0.15439480492693036,-0.018646920157009514,0.0012701705450200447,0.013368168023301498
2575,-0.48786757868780395,-0.3040174293326528,0.15444357055093322,-0.018644099269164677,0.0017443942872182995,0.011611607438247531
2576,-0.3496060918641062,-0.37489720686208416,0.1544665145564762,-0.018637733762119153,0.0014962127670916316,0.01307335917495599
2577,-0.679583494658726,-0.3189612100621437,0.1545737117799664,-0.01863373627538139,0.0029437818511100604,0.011059068835206316
2578,-0.623769229848981,-0.3398613761921308,0.1546671717766059,-0.01862567874810973,0.0022862729066971486,0.010203568408021101
2579,-0.3217084631433265,-0.34862248610666996,0.15469677090566503,-0.018622566491377772,0.0012323993356389853,0.014068368566565922
2580,-0.37288325552341556,-0.3508557730498625,0.15472149815715583,-0.018620643922792585,0.0015260404520878353,0.012653485986269454
2581,-0.5456756071227676,-0.39925643918255904,0.15478850116746593,-0.018612896125627575,0.0019453813126194383,0.012041881258235545
2582,-0.4746803761900218,-0.44209629902239184,0.15484156061306517,-0.018601186104949742,0.002178877318312793,0.013144487677943137
2583,-0.67943460469087,-0.4748825159098845,0.15495076324688464,-0.018588942074094648,0.0027534419112474843,0.013603729158728723
2584,-0.3159535149476623,-0.6194586089306885,0.15496926271175188,-0.018581930056090906,0.0012976930377769707,0.016106647569528634
2585,-0.5328266351234635,-0.3735966393983281,0.15504190018768316,-0.018575371819852676,0.0022959857711370327,0.011558720697821686
2586,-0.377127718901139,-0.3095468266408511,0.15508637183836146,-0.018571909986286286,0.0012963142769124442,0.013525095472892417
2587,-0.698203328900589,-0.3193042187908054,0.1551925279695501,-0.01856897457166948,0.002825158303123974,0.01231337761830741
2588,-0.34490786043303806,-0.3533018483671244,0.15521325852179335,-0.018559048782325033,0.0010702241286246487,0.013137202071265758
2589,-0.6389777335610769,-0.4158249097107744,0.15530273447892526,-0.01855626477896187,0.0023821853203834322,0.015354517384605694
2590,-0.8299846339642676,-0.44827972035754365,0.15546295992536097,-0.018552037025648577,0.004075705849822489,0.012159026274682414
2591,-0.37394607250180434,-0.3705057979689881,0.15549860985521374,-0.018543863889670928,0.0017134219752476202,0.01178776487984125
2592,-0.3941224171205998,-0.3757416053682638,0.15554151606434255,-0.018539011402654276,0.0011201964621526648,0.01254366781780983
2593,-0.401185322488706,-0.45280656020357285,0.1555787914829876,-0.018533961082212367,0.0015331404932111654,0.014851369705614159
2594,-0.4405320275743887,-0.3683834008666336,0.15564057076118537,-0.018531545357220715,0.0014554876445053934,0.013002647672343976
2595,-0.3575251559525707,-0.4666147631423929,0.15568281881164053,-0.018523192947889896,0.0013429462947205431,0.012911197363105852
2596,-0.36356953652935964,-0.35579730032949203,0.15570737420231529,-0.018515999463157847,0.0013873338432660697,0.013382330313990224
2597,-0.4450225651272049,-0.3684784034186789,0.15576198446884684,-0.018512381110639263,0.0013923783308196131,0.014819512973370258
2598,-0.40594563454798244,-0.41051190988785224,0.1557978670477624,-0.018504240987158017,0.0015814366817310905,0.011555489747270605
2599,-0.3279422575282044,-0.4429637186089289,0.15581203349539002,-0.018501683977802157,0.0009658706829069079,0.01257006019667549
2600,-0.4216766870315664,-0.376676457495324,0.1558448808931891,-0.0184962123224108,0.0015722620212694528,0.014912331832777011
2601,-0.3887828137973399,-0.4556681157296767,0.15588361864511865,-0.018486607761390775,0.0014677060635163862,0.014089496799601968
2602,-0.39494404643717096,-0.38027114821574265,0.15592807965411126,-0.01848399146185775,0.0015591658876081458,0.014205981090177375
2603,-0.6650315647166545,-0.37017467146060784,0.1560424521206425,-0.018478074653884572,0.003130534129159884,0.013897451940775098
2604,-0.39517457844318443,-0.32545916005476216,0.15608396069584082,-0.018472035726028672,0.0013343765681704234,0.011394517793643597
2605,-0.37822308238242963,-0.38685331958479036,0.15610528729368686,-0.01846322330549756,0.0014799087598599573,0.013220427530979758
2606,-0.45187892446977085,-0.4320663244294294,0.15614036445195006,-0.01845596620636736,0.0014903635832180227,0.013569236342739752
2607,-0.3604832237805175,-0.35059329669343015,0.15616229631199025,-0.018452270903998227,0.0010921113482402901,0.013826301781831389
2608,-0.3251743025424954,-0.41249439595933796,0.1561843156386695,-0.018444590734169083,0.0012615358977423165,0.014404917157262734
2609,-0.5640395237342737,-0.3362031536347999,0.1562615001167309,-0.018436805798557034,0.0019516230841015647,0.012466083279138727
2610,-0.4066261223381952,-0.4653439004942399,0.15630397884068736,-0.01842961276662571,0.0016819559386413547,0.014990749079568953
2611,-0.5455669746585543,-0.34405126023651866,0.15637947649372258,-0.018427046612115704,0.0020140219799904546,0.012028910323186436
2612,-0.3944556887828096,-0.35483387566335667,0.15642906462851341,-0.01841962719331225,0.0014209813536102246,0.01135656234035197
2613,-0.46057427636202886,-0.31887167658941235,0.15648005177764074,-0.018412269902105566,0.0017673196374424502,0.012043424543567506
2614,-0.46177027586159003,-0.3590379981329992,0.15651862092334962,-0.018407222981503366,0.0018692517975521753,0.011843129060330339
2615,-0.3080348561650103,-0.40955994967559955,0.15654521904836882,-0.018399997798711255,0.0012153164002944158,0.01327783433980751
2616,-0.30778533939454406,-0.49553710489831915,0.1565713955406562,-0.018384204053985602,0.001310553527742486,0.014848288251407245
2617,-0.3997155193544769,-0.3754930595235199,0.15661256313320512,-0.018379737297875343,0.00131161981281886,0.011729480559516834
2618,-0.467523681928232,-0.41004702796949766,0.1566574228447096,-0.018372535288649922,0.0019879573576638476,0.012963045520519901
2619,-0.3770836586931306,-0.3703183176795529,0.1566859800131881,-0.018365315149271276,0.0016422500033912168,0.01275101327457211
2620,-0.902133640085576,-0.35304968073950743,0.15687771936405456,-0.018355336990497656,0.003896432012590028,0.012476203307438285
2621,-1.4456062849400897,-0.3333354078415752,0.1572072122085797,-0.01834632101831869,0.00953967705395787,0.012609711112375127
2622,-0.8490147377651929,-0.3343160326426124,0.15737525534877383,-0.01834408966357879,0.0035590416300055896,0.012233164301689524
2623,-0.5768936741952673,-0.3544702747549289,0.15746772708609796,-0.018337342665442055,0.002447002358702954,0.011967178997097469
2624,-0.3382615863174134,-0.45390720838933407,0.15748931242238107,-0.018331738861794688,0.0011899158112973712,0.016335601592727112
2625,-0.5194762117024289,-0.44571823930818355,0.1575575852624829,-0.018318322597601116,0.0019072258005122127,0.013950220330510191
2626,-0.4247665590684902,-0.5034166232401477,0.15760383014597118,-0.01830798565496593,0.0015207090004512715,0.01442844986659956
2627,-0.8700565862453195,-0.38232214040967105,0.1577615522872335,-0.01830438562049794,0.0036406212364778197,0.010624589861217561
2628,-0.5633161100336251,-0.33895623270874503,0.15785624243593466,-0.0183016908810949,0.002293232938179981,0.013390475053775615
2629,-0.8301055654938891,-0.29502642514319344,0.15800131577319584,-0.018295798916581767,0.00336408861287828,0.011043695269390936
2630,-0.7998866676214771,-0.4299604652775427,0.15813237389132861,-0.01828979999172892,0.0029851211585172626,0.013340831156119564
2631,-0.8286104492167178,-0.539441390412799,0.1582919336064131,-0.01827906789113017,0.00340744431739991,0.014677739866264477
2632,-0.28708667474868244,-0.4016842755406791,0.15831076380526574,-0.018271943854255106,0.0010518250776230503,0.01085202901717746
2633,-0.3816332057278621,-0.4488481334286749,0.15833799722016081,-0.018261755185181323,0.0018534974874793028,0.014148455938733824
2634,-0.344991170305488,-0.34970863185577483,0.15836772426359663,-0.018257055229618468,0.0017275706294684068,0.01381212196904535
2635,-0.8163179790521988,-0.353295230704116,0.15851468071746613,-0.018251147012939922,0.0032513202426009318,0.012871824255889452
2636,-0.4269328387300992,-0.38779925922894665,0.1585620828001582,-0.018247098524215428,0.001702085591277901,0.014893349370939044
2637,-0.39037061653117977,-0.4439845076835375,0.1585990063675898,-0.01824058265852614,0.001575233378146357,0.013460014049252638
2638,-0.47690156385424987,-0.3909598970824988,0.15865426302846353,-0.018233701114323604,0.0019035129137828439,0.01460100674400282
2639,-0.5549965236889709,-0.26226193432828504,0.15873376163677744,-0.018228953782504033,0.002202729910010331,0.0110445688386022
2640,-0.5355441351334643,-0.29255610938656024,0.1587966163129528,-0.0182255496993572,0.002145756017759953,0.011963133226754859
2641,-0.5149775919221855,-0.4085478831223981,0.15883618484771247,-0.01821922782864791,0.0016833440316892845,0.01517246935620889
2642,-0.40853365826129445,-0.31672997011107673,0.15888363927610138,-0.018216003575201745,0.0012465877825312288,0.011437367790015486
2643,-0.4394118305494983,-0.3529488639964386,0.15894017182154258,-0.018213109815501668,0.001471108741312001,0.010987206436428011
2644,-0.49383159688982964,-0.3897908579555538,0.15900730590022372,-0.01821236380522505,0.001819043423069435,0.012799029696436072
2645,-0.980527393346517,-0.41294144423838347,0.15920044851896364,-0.018207919862233496,0.004825276163736839,0.015269240459198457
2646,-0.33639047610250683,-0.3991287245460752,0.15922836931433526,-0.01820335284056897,0.0012968997762071528,0.012536014804051638
2647,-0.4540326816565037,-0.44281970674024407,0.1592840743191196,-0.018194805555462854,0.0016865394060782632,0.013859651481564214
2648,-0.35810041041765306,-0.5404632359686142,0.15932012156887204,-0.01818463367164994,0.0014752922914808332,0.014200940230080419
2649,-0.40178609887192807,-0.3408774582367181,0.15936107512708764,-0.018181490401243006,0.0013723243829380904,0.012380068400518068
2650,-0.3697855662760836,-0.27675727553133606,0.15939325144787342,-0.01817769819355091,0.0014863017261203277,0.010424599328317985
2651,-0.5111989005678286,-0.4282896152482335,0.1594688286515906,-0.018163144265124484,0.0014256177388388103,0.013499221778822072
2652,-0.4560093989725657,-0.38660139014862993,0.15952314648921392,-0.018156801034949422,0.001396085185875639,0.011563314659662654
2653,-0.6257706694359758,-0.3014924889767865,0.1596039734059951,-0.01815490885603355,0.0024035834444266985,0.011604342172978085
2654,-0.28566883474223415,-0.3607422452295329,0.159626358019492,-0.018147553363031803,0.0011343890662581738,0.012531100588102301
2655,-0.44539348686709673,-0.3314177884676204,0.15967644210071724,-0.018143953208981906,0.001856319389962028,0.012731778447387387
2656,-0.5460827665238267,-0.46582040097876937,0.15974272532518788,-0.018131751990999527,0.0023916172115902566,0.014906148353929031
2657,-0.21853726398989268,-0.362622371273362,0.15975542654580735,-0.01812830500743929,0.0010285653811506772,0.015793186300266448
2658,-0.4501630724763756,-0.42426441853912605,0.1598108525324313,-0.01812182525634087,0.0016989902326403645,0.014526817613362202
2659,-0.3655508701257962,-0.3253561601806256,0.15983657056368042,-0.018118898501240495,0.0014372278706154115,0.01231472761537985
2660,-0.38412525511514767,-0.3892936274348482,0.15987715817236797,-0.018113112341248096,0.0013450193846316464,0.013686141951853822
2661,-0.3142945276252364,-0.4610668641321286,0.15989111336585946,-0.0180994772526409,0.001110638831757321,0.01534093112600026
2662,-0.5151283004631255,-0.33693979263930796,0.15996311716642062,-0.018096592607541043,0.0016218612366077129,0.011571394860120465
2663,-0.3821184157713426,-0.49846139290883784,0.1599935255014366,-0.01808453776562156,0.001166017597835992,0.015399344818311482
2664,-0.48316915292074225,-0.372128693058846,0.16003906399879447,-0.018082523985979072,0.0019140611787978009,0.01165124369247512
2665,-0.636642997302847,-0.4232589735106253,0.16014136549419036,-0.01807457834108182,0.002597380407632234,0.011365718132701536
2666,-0.5403091305372005,-0.3371547502007489,0.16019309049267713,-0.018071701373192056,0.0022564163184223426,0.012926133761990805
2667,-0.41695197736329076,-0.2902654816262453,0.1602263524541653,-0.01806785839947016,0.0018068565725351115,0.0110158195790239
2668,-0.4637206239285374,-0.3606082096970103,0.16026942267103883,-0.018059256610512178,0.0016681609649008813,0.012877847256097223
2669,-0.41875154298288775,-0.3790760486235031,0.16032451299111583,-0.018053741814066805,0.0014475259047713172,0.013121728329311529
2670,-0.31711244665929383,-0.34190269490195313,0.1603609554483254,-0.018047435400347502,0.0012284593232196963,0.011717372316877804
2671,-1.0010019809869097,-0.31069535981852237,0.16054481366567674,-0.018043914100549584,0.004590351158314266,0.01194304333056175
2672,-0.5046477273740418,-0.3690106277743513,0.1606158084108914,-0.018039297390805446,0.0016212110328325212,0.01179632858483632
2673,-0.5695820650672144,-0.3703118623188486,0.16068942243822246,-0.018031847326174775,0.0018991175180115773,0.01376231588164041
2674,-0.35633822927410175,-0.37055938451668957,0.16072752752597355,-0.01802959903261078,0.0010896567176544314,0.01277111446579675
2675,-0.4379254177958195,-0.3095992945080772,0.16078383879548125,-0.0180228727993054,0.0014955916142585237,0.010695277076751792
2676,-0.39971352737951216,-0.34285928374701835,0.16081051774500313,-0.018017799202574385,0.0013840317775246375,0.011620427934347703
2677,-0.4154743255769871,-0.40045016655516963,0.16085689672432524,-0.01801131397568418,0.0017369896819269533,0.011732619766564397
2678,-0.40089196030222857,-0.2966828530438519,0.1608991621576621,-0.018006798337642814,0.0016410487710538093,0.010037300554897795
2679,-0.3572158139490109,-0.27935941728469815,0.16094327946180392,-0.018002510352912674,0.0015615127364279583,0.010349641546701049
2680,-0.45124250185178194,-0.47585906274067985,0.1609926082631393,-0.017993610261652013,0.0018721911843517175,0.013866243590240726
2681,-0.616868555936391,-0.375926158407962,0.1610895596618015,-0.017988946312096365,0.0027575974532926227,0.014325832828974285
2682,-0.4541767801364367,-0.3901402165958,0.1611447158712087,-0.017986507446710823,0.001746208279997144,0.012963361072052397
2683,-0.7193664586311145,-0.31259221500798196,0.16126887983023358,-0.017982755999416355,0.0031835409972673554,0.012256589669446602
2684,-0.7138678204186497,-0.31849362747266763,0.16140707076454472,-0.017979015984033446,0.002627266157152742,0.010583928712472787
2685,-0.5740047517270659,-0.5486955870814804,0.16147564836553918,-0.017968365316778426,0.0024248047233691177,0.019271966117941106
2686,-0.26822036375195313,-0.28476265265330186,0.16149460474509714,-0.017967678733609955,0.0011986293644473262,0.011966180787929033
2687,-0.6286106066602688,-0.3344751725785942,0.16159784429070553,-0.017963976766868454,0.0022147308596419417,0.010634445795659551
2688,-0.4068058190533048,-0.39030021411260657,0.16163748468793887,-0.01795899880418765,0.0015311900380029504,0.015208811311963768
2689,-0.5002045382111354,-0.29433822955975436,0.16170633408059848,-0.017956000362689406,0.0018173798288562912,0.0116829502900039
2690,-0.3304717314174547,-0.4698762193157021,0.16172378332000317,-0.01794585474961216,0.0014420896203078278,0.016327982284041333
2691,-0.38851782702338633,-0.374269643569241,0.16175601999036063,-0.01793876042494759,0.0015540429582720375,0.011924028360978254
2692,-0.3727870424071164,-0.35102855340468986,0.16178790324661646,-0.01793722060601675,0.0013173271425076607,0.012626611800183611
2693,-0.33055360006962653,-0.3655256830039425,0.16181697713106502,-0.01793365767041714,0.001147915596023474,0.011587724533340235
2694,-0.4710228852778352,-0.31847563407536156,0.1618605265708635,-0.01792791961973344,0.0015331058523239214,0.01155915532753342
2695,-0.6650480589255551,-0.3230902181475766,0.16197094498344866,-0.01792531099049896,0.002226208570607328,0.012875500289601584
2696,-0.7548095746144988,-0.4602240671852377,0.16209683215768841,-0.017910848791923336,0.0035983920853634044,0.014733497198824492
2697,-0.4725253906793849,-0.43460912274831376,0.16214931412920774,-0.017904614947280136,0.0016929459452115526,0.014990865330975978
2698,-0.437520664321445,-0.3215164501775925,0.16219687915047634,-0.017902467744501833,0.0014671281827973498,0.011977608151627265
2699,-0.2586166769676873,-0.31778459761972194,0.16221681479539524,-0.017899770017977396,0.0011284708862968201,0.012757903340047868
2700,-0.4552111202203154,-0.34692230540469887,0.1622811515586773,-0.017895005409581458,0.001645153871369863,0.01408155096268514
2701,-0.3972032522206461,-0.3687515799625842,0.16231926158469615,-0.017889691425268483,0.0014449683757249642,0.012190202315119811
2702,-0.3059218806631794,-0.35909441892062977,0.16234280816029278,-0.01788377711938632,0.0012195499424807966,0.011812325839643905
2703,-0.34892993994643173,-0.3679255706248633,0.16237506259824397,-0.017881893835379796,0.00117255826602441,0.01142676367845544
2704,-0.675429662267584,-0.384700300728649,0.16248131923352663,-0.01787983313968199,0.0026142250778055354,0.014617793102504011
2705,-0.29929865757909996,-0.3579454070080824,0.16250339885560497,-0.017875622114264265,0.001009085652599109,0.011563375360819486
2706,-0.7127839500703812,-0.33777775188718284,0.16260535754378133,-0.01786441592902969,0.002809624684903246,0.011113936663579082
2707,-0.503789381683322,-0.45506490207565264,0.16265348616391068,-0.017856783900902652,0.0020237218751103046,0.014811153553767647
2708,-0.47301689018550575,-0.3627451386491956,0.16272349539101336,-0.01784940284187055,0.0019066707145896499,0.014270419568228688
2709,-0.46506386980539854,-0.3556531711221178,0.1627594991892595,-0.017844880613838838,0.0019341293989386856,0.012535000587373578
2710,-0.3503336388381357,-0.3544107042441304,0.16278313610532763,-0.017837309381709337,0.001640246761289847,0.012882815811937098
2711,-0.27595369937005576,-0.2845098766890053,0.1628022036772163,-0.017831406239680835,0.0011215135444088767,0.01244560033357686
2712,-0.4170801107365458,-0.36530505222336374,0.16283384906773915,-0.01782604899936893,0.0016740586104474987,0.013454983416592743
2713,-0.5165620342303473,-0.4653086654924711,0.16291608603480634,-0.017821580771329126,0.0019697542269953797,0.012566808084029516
2714,-0.28265867374200443,-0.42543937599944803,0.16293374284835832,-0.017814894121860728,0.0010622904945679287,0.013210408142476256
2715,-0.42153146316413437,-0.3194447187438124,0.16298740716129853,-0.017811219560718038,0.001474705165991953,0.011546145662661218
2716,-0.5454972917102096,-0.35340508427161466,0.16307892940968702,-0.01780684427799058,0.002508019958433562,0.01235704762457021
2717,-0.44207352759370133,-0.3549386293231336,0.16311480665075373,-0.017799968567170726,0.002100895315489757,0.012139097807342352
2718,-0.7664894477752836,-0.4979043024382973,0.16324849475481706,-0.01778869024216633,0.0033322133821875447,0.0146159043625243
2719,-0.38017590729968664,-0.42109209811846277,0.1632783212041109,-0.017781204045387033,0.001587665779164861,0.012600156917870082
2720,-0.5358311944977883,-0.6245748273574299,0.16335846283701544,-0.017761955657918615,0.0018941714342054798,0.01502242352518006
2721,-0.9485805993104585,-0.585618772571703,0.16354951021545674,-0.017747091241155748,0.0042698439560826355,0.01431739305294833
2722,-0.3580747978438493,-0.33604671607154446,0.16358937571619947,-0.01774111744640462,0.001204594930290248,0.012234705401045149
2723,-0.39379423127546487,-0.43096057976154706,0.16362181590326186,-0.017740170582974495,0.0018041743702750313,0.015695964145783028
2724,-0.38771104984642957,-0.41464816500062623,0.16366903838819383,-0.017733866073563722,0.0011683039854544686,0.012506178739660409
2725,-0.39915557953016323,-0.3660299066845366,0.16371325682257398,-0.017730166083158933,0.0018533341273604764,0.011813725598475617
2726,-0.3558485120254784,-0.4260600468844645,0.16374646904139886,-0.017724551153889597,0.0013388811711627566,0.013169467943805304
2727,-0.4691403904475119,-0.3627626806188664,0.1638091721063915,-0.01771967360467539,0.0017818724485985811,0.015947407147285427
2728,-0.45227567660826995,-0.3859900933164687,0.16386129914840092,-0.01771176998363763,0.0014860242018404917,0.013277938623131357
2729,-0.3947768715428895,-0.4206488416474157,0.16392372880073336,-0.017701146064740984,0.0012629975121690932,0.013104578868492572
2730,-0.6495561873360831,-0.31438809434078874,0.16400899712680267,-0.01769493248871938,0.002802366978668477,0.012425259716472842
2731,-0.42610787582961945,-0.39536682509784954,0.16405390785428864,-0.017686150141952902,0.0016300326182464948,0.013194465055916824
2732,-0.40383899114211796,-0.28499178474244863,0.16409463194408844,-0.017684098926493648,0.0013776553389456608,0.011143617763694432
2733,-0.32090883409765003,-0.3954964975088038,0.16411931557450743,-0.017680341924928848,0.0013859364005300197,0.012782474498134308
2734,-0.4024792390796836,-0.37422458264200487,0.16415494512225537,-0.017674260130946483,0.0014858154139019422,0.014064667245084326
2735,-0.6896559581440078,-0.41812865663509613,0.16427010623921398,-0.017666664517616486,0.002904115356171173,0.011935845780352831
2736,-0.47305149333359464,-0.3371342877622083,0.16431082266093783,-0.017662802350416656,0.0017953582284621224,0.013140745578450404
2737,-0.6175379070100262,-0.32445920723307053,0.1643992319320335,-0.01765919248306272,0.002455857294421258,0.011462837008994645
2738,-0.7061922033033218,-0.3558970843472189,0.16453120783265476,-0.017657314479800144,0.0026886777147490334,0.013717891106219753
2739,-0.3387603799136182,-0.36545934221569143,0.16455806714113794,-0.017652671418565292,0.0011866694032302211,0.012559404796381131
2740,-0.47105957068435345,-0.3557391527825,0.16461071157886722,-0.01764924263703346,0.001399326250532687,0.012699929355727176
2741,-0.31893997688401227,-0.29810592261846464,0.16463351009794458,-0.01764712322123814,0.0011593584529303747,0.012814727833057744
2742,-0.43993234245326307,-0.35421607921119025,0.16469074683621493,-0.017641012115719855,0.0020855422992257233,0.011653882529974758
2743,-0.47022564487870344,-0.41189274039443086,0.16473826680299325,-0.017633133254588207,0.0018332261078600278,0.014310434330405637
2744,-0.4184626637814373,-0.36516057755550285,0.16476891056106488,-0.017627624994907144,0.0013457838013102824,0.013141710404613456
2745,-0.5105073190282159,-0.4055610156103863,0.16482267921884378,-0.017617889323990388,0.0017140219417957302,0.015357671618359922
2746,-0.35574472824356257,-0.47855898357921256,0.164840289886256,-0.017612700334016296,0.001405478564675431,0.013171047181050055
2747,-0.4037472270466443,-0.37304222330423736,0.16487041730562688,-0.017606432429026073,0.0014974656971453203,0.012031586273061643
2748,-0.29777721076476,-0.4297373386778211,0.1648874325299887,-0.017600578733560156,0.0010797243944301884,0.016348656073773754
2749,-0.4820764994276451,-0.3909098644968579,0.16493949830809224,-0.01759029911732179,0.0016062467330097564,0.011161340617043106
2750,-0.5683364664294859,-0.3176653163176013,0.16501876097758492,-0.017584332138269897,0.002201451700247123,0.011801694048063426
2751,-0.39623076846656874,-0.4055347123249683,0.165068972834008,-0.017577111446096996,0.0015417042819122052,0.01433186637324313
2752,-0.7772917957332606,-0.2958511930652398,0.16520284609635597,-0.017571316985063937,0.003211422835632041,0.010538028967144546
2753,-0.46861476419684994,-0.3837323054395737,0.16526422741313038,-0.01756831254680486,0.0018301911358205622,0.014042566082122922
2754,-0.4590687935989757,-0.23949481846773085,0.16530465210904566,-0.017565894041623252,0.0014161889069026314,0.010149512102224556
2755,-0.33644859410778705,-0.3667006990335948,0.16533397981636314,-0.01756467066728318,0.00117037320113441,0.013023162450010208
2756,-0.4698063604538506,-0.352018214696305,0.1654082396574596,-0.017557913328005253,0.00197614530388939,0.01164115139936782
2757,-0.6898770152056837,-0.30671032860413594,0.16548800644750972,-0.01755180195746067,0.002057269381260499,0.014751129385741505
2758,-0.3668068634670618,-0.34996670303903393,0.16551605515042747,-0.017547813797301196,0.0014981548793277573,0.010900417667863593
2759,-1.0590203754488565,-0.4214534797709723,0.16574958140207227,-0.01754431913946824,0.005692953898030038,0.013115137400725178
2760,-0.40496952200635805,-0.36849211278253374,0.1658005852036051,-0.017540084298503674,0.0013665667520337944,0.013950808908143963
2761,-0.37890905833439054,-0.35583611762572853,0.16583197225778487,-0.017534015214488247,0.0012433154956629012,0.01315867765260147
2762,-0.6977031152609304,-0.41514794558545937,0.16596180386000436,-0.01752816304919805,0.0026689131435932907,0.014188380156137893
2763,-0.7624750058665588,-0.3938485153336031,0.16610386855969833,-0.017524411795897716,0.003875784467659167,0.01448174810626369
2764,-0.35991517321401667,-0.3490050955438534,0.16613653824444408,-0.017517622469049077,0.0014355104585372738,0.012462774468374117
2765,-0.30987958330806376,-0.29023235773056116,0.16616151331948023,-0.017515536396721605,0.0014207694825772873,0.011893272887511628
2766,-0.25807737265047964,-0.3601017981355735,0.1661798078152853,-0.017513282962545743,0.0011848500827794659,0.012465254837319023
2767,-0.39925349303736135,-0.41570212150354763,0.16620437651131,-0.01750878747257638,0.0019432920980461128,0.012639889514085956
2768,-0.7454034446800268,-0.2841272485380824,0.1663148890751605,-0.017504939728546443,0.00291829975497154,0.01109839759144524
2769,-0.3996934740509836,-0.2620481797976287,0.1663659803242252,-0.01750347447611975,0.0013893667349686913,0.010290598303678993
2770,-0.5477669507080902,-0.42417056236858414,0.16645677751639545,-0.01749880652595591,0.002337567266709953,0.01693213051320288
2771,-0.40355037879927486,-0.3967192394761796,0.1664951332145389,-0.01749011952003828,0.0013721862184333062,0.011807215736156833
2772,-0.5078521687639643,-0.3444685054804868,0.16656069935908982,-0.01748001802985198,0.0022676237443875137,0.010223093146522953
2773,-0.33752439520199357,-0.28252682264499407,0.16658529070199282,-0.01747742369075902,0.0011759710447187149,0.010826628379230437
2774,-0.42662838729208485,-0.4123837988830497,0.16662130680569667,-0.017471828117895348,0.001594198696482601,0.012814167244523894
2775,-0.7970980644342703,-0.4320277051262169,0.1667570608327801,-0.017470046004200376,0.003193466691332023,0.015438986634073615
2776,-0.3255935323001736,-0.43291445452985144,0.1667921677452752,-0.01746432608937512,0.0013172518353802049,0.013192815638412632
2777,-0.48071466435269544,-0.30665928868818365,0.16685825447194505,-0.017459548933232184,0.0016789397247307595,0.011766527138299343
2778,-0.4924196264833047,-0.37302339714772575,0.16693501061726798,-0.017457043571572753,0.0020061302160614123,0.012264114668620464
2779,-0.5124936325173329,-0.43974673621239535,0.16700102377682638,-0.017448219926923796,0.0021785541723723244,0.012398796720735935
2780,-0.5088557909902955,-0.367112351844913,0.16705251059644136,-0.01744297109155517,0.0019092079887449256,0.012659307134127834
2781,-0.5133435123874153,-0.2703839553978215,0.1671184714712644,-0.017441828707630374,0.0023351465305203574,0.012061114626084541
2782,-0.6971813623121443,-0.42169424190410854,0.16724196413427184,-0.01743526855484254,0.002715029625961993,0.013769984530485684
2783,-0.3094875636140823,-0.35877698682320697,0.16726319356936697,-0.017432697606142387,0.0011353752267134858,0.012039107088421281
2784,-0.40749993648789506,-0.4608988256503561,0.16731336374195924,-0.017423492545439692,0.0013918282076344996,0.013774677787006516
2785,-0.37670085993726526,-0.34430590624117713,0.16735381749692535,-0.01741930446863994,0.00158081956488184,0.011166784601575882
2786,-0.4720627401649688,-0.2868613352632864,0.1674101478348481,-0.01741684969407975,0.001866633952580582,0.011847923075333269
2787,-0.52863794449686,-0.2714798131596442,0.16748588663698574,-0.017413074260036725,0.002057441687183013,0.010890547272276207
2788,-0.33054768174536286,-0.41512955305854987,0.1675258195318328,-0.017407520495260766,0.0010686553532338972,0.015316914997630268
2789,-0.6541339322664644,-0.4378434237075055,0.16763814015972386,-0.01739814423460287,0.0030206493826741396,0.014442837776404642
2790,-0.3001897280257561,-0.33578301497667706,0.16765681654652864,-0.017396349888830504,0.0012560333862275607,0.011731220327266409
2791,-0.32714203269921216,-0.34750022626658583,0.16769388740050664,-0.01739197031347054,0.001119707564646798,0.013621794133931032
2792,-0.355352799317869,-0.3078430435199218,0.16772985826466708,-0.01738655615364751,0.0015172675231491307,0.013367941315910604
2793,-0.3811179105446514,-0.3822907173874035,0.16776021054605134,-0.017382399554576686,0.0015449961568910987,0.014367525015581634
2794,-0.32292973610995857,-0.5274555184947541,0.16778566143689116,-0.017374930988461684,0.0015625978381335196,0.013573672699233447
2795,-0.5276646502690776,-0.34366099604118017,0.1678669498640857,-0.017369784603577257,0.0017806237717164029,0.010383501511057266
2796,-0.5009384520830144,-0.4397106250012347,0.16792575454925068,-0.017363723402592214,0.002125773374124763,0.012769299352165545
2797,-0.4847173388022178,-0.44822014279894845,0.16799516024096212,-0.01735520499180421,0.002022894658644532,0.014789667583047493
2798,-0.48578497377783786,-0.5169915142247481,0.16807435125174272,-0.017346719641002387,0.0016818559272354548,0.01661119880169604
2799,-0.359630131465499,-0.31781844672410126,0.16810283209798196,-0.017340529198869713,0.0012226912764324322,0.010934722905950264
2800,-0.4617036713442551,-0.3172852486319936,0.1681519559371445,-0.01733020360710599,0.0019173758616719484,0.0124385843230504
2801,-0.4357828215002043,-0.4107293333268198,0.16819847154900838,-0.017323303104421546,0.0015656383193219153,0.012043630346263297
2802,-0.39229125364905093,-0.3945197433314826,0.16823706908624259,-0.017317114862736387,0.0015392280248962744,0.012266533355793917
2803,-0.4783296160828372,-0.329704810964719,0.16830441935595816,-0.017312623341644438,0.0017594071783190578,0.011013364869416014
2804,-0.6170275322963964,-0.35510244250770256,0.16841188757572503,-0.017310899165466406,0.0023783819870973563,0.01307393467780116
2805,-0.34818516846861586,-0.35530689352560657,0.16843339789063075,-0.01730787652072387,0.0016175555654731352,0.011940087110051735
2806,-0.6143556244952422,-0.4464988993464509,0.16853281616717228,-0.01729166372783675,0.002013270078566011,0.013766063813553695
2807,-0.3912459964434196,-0.44275398098962976,0.16856135835590264,-0.01728692072662107,0.001792759068758911,0.011657064656344645
2808,-0.6638816638176024,-0.33059904859725414,0.16866993128796756,-0.017277253465438618,0.0023039810560555526,0.010749092514205942
2809,-0.6468918512358173,-0.39835192266830755,0.16877921585217298,-0.01727093013102712,0.0021703957689097335,0.014519288282439922
2810,-0.5106785958489269,-0.3501647616529171,0.16884904063629463,-0.017266046869286338,0.0017557162287637396,0.013399784975055756
2811,-0.4453057746997292,-0.40723425940332814,0.16889416620355635,-0.017263181559773817,0.0016381412108134397,0.01466202371379179
2812,-0.4518514818379992,-0.3633484737486947,0.16895372215742402,-0.017260153370953966,0.0017229590509714838,0.01211000451114912
2813,-0.48718067482310473,-0.46673206340791107,0.16901598207633342,-0.017257077780847185,0.0015991650277782901,0.01482358076560921
2814,-0.4127917649389922,-0.3406552524507974,0.16906213281622373,-0.01725317398432369,0.0013334452594055493,0.012453352987242478
2815,-0.3841059718131107,-0.3362256494713535,0.16910505125968758,-0.01725057546510044,0.0015913043199541964,0.011885144915169548
2816,-0.5565742284656507,-0.2997427874329969,0.1691745640919221,-0.017246188105681844,0.0020054234596312147,0.012845131410442415
2817,-0.7253834414216629,-0.4363896095166465,0.16929781241627803,-0.017240452383548627,0.0027295451166468882,0.016492863364100184
2818,-0.6352639017656306,-0.30399940324469094,0.1694169219516861,-0.017236268622882193,0.0021845326750616107,0.01351216167828192
2819,-0.6663522847563952,-0.5429797154549861,0.1695356149900265,-0.017222675935539576,0.002746045573385584,0.016703962793131102
2820,-0.43155965702541654,-0.4454548051764568,0.16957851455358885,-0.017214570537655127,0.001622550406205042,0.013120309582227837
2821,-0.33135060594296295,-0.3597936085677854,0.16960719127938134,-0.017205205464258858,0.0014416680328684618,0.013453484840235239
2822,-0.39058267417587367,-0.3193483400476685,0.16963876613958262,-0.017200944522252657,0.0014879820827970879,0.012962718764806936
2823,-0.707874184597679,-0.4661265659212141,0.1697586379734596,-0.01719001509691995,0.00306819315122086,0.014260895065535939
2824,-0.5009684846172191,-0.3522036918813292,0.1698328256638506,-0.01718378245695401,0.0019265339625550032,0.012279773053570456
2825,-0.3424004564230373,-0.4656908700377101,0.1698538590527217,-0.017172819364619184,0.0015530232609296014,0.015667743740604586
2826,-0.7148920899655359,-0.32508592997361324,0.16996289771165418,-0.017167440961956014,0.002988957793999036,0.012054053365559408
2827,-0.3986854060896587,-0.34317883820313533,0.17000892960592018,-0.017159356270459048,0.0015115689105654132,0.011928771434933007
2828,-0.3409910161623053,-0.34831834218858976,0.17003851240780413,-0.017154408386919135,0.0013593269776365378,0.01427224207784347
2829,-0.5350748161514136,-0.2769780484662305,0.17010844913713125,-0.017149580773496622,0.001920971818229675,0.010883344690683404
2830,-1.1597856070677435,-0.49345778463891976,0.17036340303775355,-0.017132291805055492,0.006377547821576415,0.01456660108108802
2831,-0.49145940092897544,-0.3507906182191191,0.17043510568786518,-0.01713081780725521,0.0015655243698845399,0.015585753659091785
2832,-0.5268217580520334,-0.38360106467192207,0.17049924888957282,-0.017118331022836653,0.0015533016576107569,0.013799483516331859
2833,-0.4854101412041044,-0.26231261634044767,0.17058065983170453,-0.017114695907367663,0.0016303346275178,0.010212786626701954
2834,-0.5866599766945481,-0.3015181939796737,0.1706516928906896,-0.017111692516886122,0.002107443190040147,0.01284468088350419
2835,-0.6515639161037795,-0.3218210647783862,0.17076817404602396,-0.01710267289585778,0.0024921416825451626,0.012789237622759797
2836,-0.3927366245243792,-0.32371008915475225,0.1708209635845431,-0.01709905499932474,0.0015144125461067624,0.013280310435086292
2837,-0.640274556111065,-0.38955599244900907,0.17091192211626466,-0.01709659939847713,0.002917485192612586,0.01388219753509175
2838,-0.2992279100648599,-0.4071833506961149,0.17093142556809218,-0.01709459274907386,0.0013627639276392258,0.016803540695333984
2839,-0.645973221035662,-0.4307102151714496,0.17102639236120368,-0.01709124467986478,0.0026641033327695603,0.01598489078731107
2840,-0.3670855848046068,-0.283039919906446,0.17105998524195423,-0.01708850180323843,0.0012984761962323507,0.011070417165171978
2841,-0.7236745949566743,-0.4942460539873382,0.17115097413487357,-0.017086988717437007,0.002977322194654684,0.015685390576143734
2842,-0.3806470816123141,-0.4248147934920899,0.17119118732462113,-0.017083070801233783,0.0015243138840926877,0.013301186466209328
2843,-0.3698453814717774,-0.39060646520383707,0.17122312185852648,-0.01707934653748205,0.0016574915866156643,0.013670029481906331
2844,-0.6849411975105961,-0.3318616832704827,0.17133653391227277,-0.017074062962010833,0.0031109751479411357,0.011451250780102671
2845,-0.5565251661427472,-0.2710743896205844,0.17140972378680555,-0.017071957610255702,0.0022409881550661155,0.014095374328579446
2846,-0.5337437756507832,-0.2886692238387776,0.17149066722636233,-0.017069824986049295,0.0022685236764870722,0.013487147617793115
2847,-0.3937006185604454,-0.4218753430562612,0.1715240541469399,-0.01706286715017822,0.0013073548422525387,0.01326128421705036
2848,-0.5191817126382141,-0.3215020914029491,0.17157631974090232,-0.01705878386709384,0.0018466706458323422,0.012525543084999195
2849,-0.7009786613019894,-0.3563965285798222,0.17168264372152978,-0.017053595900680295,0.0025759608846549417,0.013637912489756612
2850,-0.36316048688498104,-0.42736104794577356,0.17172945326306402,-0.01705319917209707,0.0016362366773087498,0.014142114985756134
2851,-0.32985840147636203,-0.28016470986040404,0.17175219894458213,-0.01705134138826845,0.0010966449510195536,0.013179394107309991
2852,-0.4669853506423651,-0.2697716843235761,0.17179594243007532,-0.017046430535920955,0.0018672602036015,0.010650389221437845
2853,-0.44570829919280586,-0.44150058865964825,0.17185453386455907,-0.01704201001271265,0.0017756266849529754,0.013600499290893171
2854,-0.5083791405644743,-0.3531069297227109,0.17192507843545074,-0.01703712932622315,0.0019299389494363975,0.013338046905473506
2855,-0.6477784205940443,-0.3817202936268396,0.17203957824810917,-0.01702975148223215,0.0023942839749875873,0.014320175398686805
2856,-0.36574910451503434,-0.3506508749336142,0.17207443420805926,-0.017025251828633445,0.0013523960672811985,0.012484269246870655
2857,-0.4029005562092443,-0.43637889665912827,0.17211316222075773,-0.017020001258973665,0.0014148188428080733,0.014679946973738022
2858,-0.38123968694642923,-0.49324195809481586,0.17214152521506668,-0.017010307378382442,0.00163033994932953,0.017380403415165106
2859,-0.32680815206486846,-0.28051717573766155,0.1721679832168369,-0.01700739708081479,0.0013437154560472953,0.012341738633559363
2860,-1.3596645481922696,-0.4012744729306561,0.17246052450262386,-0.01700587247365817,0.007538683208089932,0.015646620659570457
2861,-0.32131493208982753,-0.3792360669199234,0.17249873080878042,-0.016998165394495363,0.0014504190902920237,0.011947882606757165
2862,-0.3753572649168388,-0.4370455119678666,0.17252977389208118,-0.016989129170327116,0.0012693173192038771,0.015281952123515014
2863,-0.7068109535116537,-0.26084619760647754,0.17264812295682017,-0.01698650730577356,0.0027236560399367697,0.011052760448932417
2864,-0.3935993239361283,-0.34578337905950496,0.17267882671081367,-0.01698323726770962,0.001238170083661177,0.014376209183795919
2865,-0.5291924094277668,-0.32376999139182977,0.1727676936952646,-0.016980657441629708,0.0022539585775479616,0.012801081586922548
2866,-0.3462275509343664,-0.4707482693827462,0.1727873502495706,-0.016973461639571117,0.001277369222594131,0.016153483119220095
2867,-0.4616733733903045,-0.5550884769000801,0.17284938384017334,-0.016967542461876962,0.0016672696194746427,0.015482269059364792
2868,-0.37243200326032305,-0.3748628157202507,0.17288001252579205,-0.016962263687857946,0.0015986398530782556,0.012668008675604584
2869,-0.35170296232200565,-0.3278933037853538,0.1729239427097053,-0.01696214507173887,0.0010881053818445135,0.01338651390682244
2870,-0.6919169442096526,-0.43113648485065964,0.1730428149489423,-0.01695807952257652,0.0030813909481763858,0.013469422376191658
2871,-0.2986692031443252,-0.34982186507173946,0.1730631222462584,-0.016953697094754364,0.0013540172487644653,0.013142093279805568
2872,-0.44784557082055004,-0.31044017824805975,0.17310416821578653,-0.01694932540742935,0.0018427167154102587,0.012465083059379491
2873,-0.3467726045459006,-0.3422431653642644,0.17311914013929378,-0.016943000575861372,0.0012437783047171986,0.013827847119600533
2874,-0.4583647741460322,-0.4326073340964803,0.17317103228951972,-0.016939716846904547,0.0014229033771871367,0.01463481850832005
2875,-0.3259913789645946,-0.3835737535187773,0.1732116067833753,-0.01693073885120993,0.0011207730572552845,0.013415672766115426
2876,-0.3235939591915493,-0.36358225601456046,0.17323720835765977,-0.016922688459639238,0.0012098576478097923,0.013902457869165887
2877,-0.3559896062619672,-0.39936993529641324,0.17326233733749732,-0.01691723727063017,0.00159573367296708,0.014679530067106815
2878,-0.5820592662262253,-0.3281183392292366,0.1733660958933516,-0.016913228579869197,0.0019459677002599829,0.013721334739632607
2879,-0.32581499013969156,-0.4167548958096459,0.1733967171318457,-0.016909855368683953,0.0013867149895984495,0.013321095151860723
2880,-0.42135579203947643,-0.25676182835917666,0.17344925198133365,-0.01690260473187668,0.001548160105429199,0.010131524589032147
2881,-0.42865689397832,-0.45080239651372006,0.17347140544087317,-0.01689351232933069,0.0015096142765996486,0.01291619520914318
2882,-0.6031671343097367,-0.3392539961061641,0.17357265573673658,-0.016886995911993618,0.002365670447102766,0.013392141187338821
2883,-0.5495710286948375,-0.313773482974047,0.1736499931445735,-0.016884573716522085,0.0022663229453346156,0.01222916764872304
2884,-0.5423852607570159,-0.4382449069792457,0.17373525106471002,-0.01687889523962351,0.0019461954809878934,0.015494855679521483
2885,-0.3662362797044419,-0.2770166168808302,0.17378502044558558,-0.01687518189089538,0.0017052490473293326,0.011744707364321417
2886,-0.385014311450168,-0.3951886393583525,0.1738357748189614,-0.016869287784945123,0.0016500528289197106,0.012207570276659462
2887,-0.6393817547018023,-0.395709987082239,0.1739390796769083,-0.016864539310388397,0.0024769961852411956,0.015118178521471737
2888,-0.5175122398211468,-0.30470665005783065,0.17402775952984825,-0.016860086083249477,0.001970219485075831,0.012676945310999449
2889,-0.41600103764215807,-0.41587921635615793,0.1740701644590822,-0.016852723031672845,0.0015433351175254204,0.014697003764072932
2890,-0.3756586329752614,-0.2966667464198168,0.1740939933735435,-0.0168497652448808,0.0011945279698537584,0.01217869112382532
2891,-0.35139487463468855,-0.40288254094681125,0.17412905323429945,-0.016842563960592815,0.0012579060455896916,0.013875772593246937
2892,-0.45978504058032155,-0.3479144407948796,0.17416667946551728,-0.016838551458851242,0.0015885529876714427,0.01280182192007695
2893,-0.5109750115785705,-0.2777505495308159,0.17424620261127868,-0.01683638702315494,0.001516113017153593,0.014377211510469928
2894,-0.4637815465333816,-0.430329242719468,0.1743049973520377,-0.01683589375028594,0.0018342212851741935,0.016721124637374823
2895,-0.44825208639436487,-0.34276235423544915,0.17435050613642591,-0.016833617995150523,0.0017013228498092901,0.014443994734520023
2896,-0.360824950629045,-0.3506913412939306,0.17438901051518424,-0.016831126545671406,0.0013570664593318676,0.012472045921579052
2897,-0.5621002221905456,-0.4152471077652022,0.17449474884751257,-0.016817919132381478,0.0019540215724556643,0.011666417332844625
2898,-0.47796286497260043,-0.4631471630931146,0.17457340109265254,-0.016808537447079608,0.0017476258732575178,0.015026088451252388
2899,-0.3725663802090962,-0.4652999793507463,0.1746040838115023,-0.016796674381884567,0.001359062547296756,0.015483786900165112
2900,-0.35855210265448423,-0.4010051073897956,0.17463535752199222,-0.016789273306725454,0.0014067954127698827,0.014050771848378076
2901,-0.3979240743311794,-0.3514777401513717,0.17466944516262098,-0.01678516502621611,0.001547249872694059,0.015037274028169852
2902,-0.47957193716347507,-0.5464925035215723,0.17473242803456512,-0.01678067539232556,0.0014137987244546158,0.014789044220538288
2903,-0.4953344476332405,-0.45687988968065046,0.1747674892896785,-0.01677440342117189,0.0018453837642627168,0.013059510816789651
2904,-0.4710583970725512,-0.4745964008883861,0.17482977957712983,-0.016760018525746396,0.0018849982887210789,0.015035486830969858
2905,-0.26301071320171227,-0.3344905087501769,0.1748540483212393,-0.016752538049294222,0.00099476528882298,0.012626301154519057
2906,-0.4033093063438549,-0.38044409553343417,0.17490201216173754,-0.0167442933583213,0.001663569158855912,0.01308460635699639
2907,-0.646517541382327,-0.3711716723040693,0.17500930538679962,-0.016738387285458893,0.0028749212830931166,0.012827876154171703
2908,-0.39037609603318346,-0.41661260195528654,0.1750537858529079,-0.016730898580006596,0.0012327781353601022,0.014661016972347887
2909,-0.4775666030191693,-0.3606615389882805,0.17510058877037454,-0.016723092019196525,0.001521338356523718,0.01336209666919019
2910,-0.5650165985177955,-0.3206228673750157,0.17517357235792916,-0.016718655939625057,0.0021999687280820014,0.014125247635358973
2911,-0.38862581270586877,-0.3638143089523671,0.17521118164637417,-0.01671368145544513,0.0014128065427496017,0.013480020641065233
2912,-0.84666084572045,-0.3712776804610476,0.17537699239078733,-0.01670882608374502,0.0039977930081076946,0.011813666046801966
2913,-0.3144903696666237,-0.37274329745352086,0.17540218098186303,-0.01670315353580588,0.0012174319805896047,0.012337635629183644
2914,-0.41430553210600635,-0.36323894519435296,0.1754541433232975,-0.016698526168565646,0.0013377888189998821,0.013802407366125964
2915,-0.35598616900171137,-0.3325755121051748,0.17547492845301274,-0.016687912708495706,0.0017552947953589789,0.011847413026112873
2916,-0.3954899395649784,-0.40784356742420924,0.17552030215726128,-0.016683844929447668,0.0014749151530002818,0.013898367231913988
2917,-0.36720122821518203,-0.3170156516623771,0.17555205793101636,-0.0166824696245205,0.0013327225564568849,0.011545254000471947
2918,-0.405843730992108,-0.43258448486754053,0.17558932806946242,-0.016672694538780945,0.0015217751909621777,0.017056212655897816
2919,-0.41246543657555784,-0.45865721035493634,0.17563501018514766,-0.016669419076985267,0.0016206691118240094,0.01578407095613095
2920,-0.3595262051643134,-0.31889927053330874,0.1756843805399594,-0.016665730980016186,0.0012231283085086867,0.012090237696701584
2921,-0.2750601067003167,-0.4810424383151908,0.17570804895537756,-0.01664716856305144,0.0012868101268103066,0.013356611045344106
2922,-0.47017110629310693,-0.5352071753989038,0.17576298073898777,-0.016636682837409572,0.001966066784029475,0.01488744545146509
2923,-0.3492906412400097,-0.3906608049636059,0.1757972209661304,-0.016628107062830043,0.0014318973869547418,0.012699342511993316
2924,-0.37139129561219786,-0.28469149542566513,0.175833352375361,-0.01662328582182977,0.00141159464138036,0.010409682009617999
2925,-0.5501876160284956,-0.34992980573370663,0.1758926754976189,-0.016618834706008126,0.0019417693402699013,0.013155696714067891
2926,-0.3375374711980912,-0.33511621086528953,0.1759216607638186,-0.016616318693290368,0.0013600243027858685,0.01422645852048663
2927,-0.3554101320593323,-0.32370446788490587,0.17595436252729177,-0.016611492624221527,0.00154285866907322,0.011697939959051388
2928,-0.5076430471009048,-0.3292403890915045,0.1760078980289447,-0.016607223556720885,0.0015844696626615637,0.011987242878367289
2929,-0.7509639460557928,-0.28382359167247906,0.17613871027614394,-0.016603723585018947,0.0031270777068597255,0.010075541940940213
2930,-0.4776147971187135,-0.3678350483450068,0.17620273970884132,-0.01659915590866269,0.0018296066069143917,0.013176069467996782
2931,-0.4562849797276862,-0.3856136063061912,0.17625651471839046,-0.0165906218151521,0.0019514801356666472,0.013602810276879766
2932,-0.3364754769743866,-0.4419701830514731,0.1762693641289085,-0.016582172753679496,0.0013972900180401222,0.015278688741598783
2933,-0.39880527041457786,-0.37307603859461685,0.1763069066287088,-0.016574796270612438,0.0014693342024216752,0.01468372869962446
2934,-0.32207169893725335,-0.38817991133613405,0.17632713316805979,-0.016566259085776462,0.0012477432604055601,0.012726144946402774
2935,-0.3109043296737733,-0.3240814565359743,0.17634711236359477,-0.016562647704913225,0.0011315191424514377,0.013165469160963337
2936,-0.42420675141989034,-0.3952102394729742,0.17640586317684873,-0.01655605787751738,0.001570645302073826,0.013922553993559973
2937,-0.3614832932578978,-0.2489135212860959,0.17643361316838366,-0.016552860004520404,0.0016617696662853977,0.010726862551771505
2938,-0.40841748898670455,-0.3825792527547195,0.1764674491945415,-0.016545526108289254,0.0016269129300306136,0.01298897211460039
2939,-0.38991749969443024,-0.3040840926385321,0.17651444321290358,-0.016541032987524358,0.0014617259399379123,0.012549334369145194
2940,-0.5562726260500213,-0.46346678911558964,0.17657701584348634,-0.016538127279500728,0.0022374344754728472,0.01641888224999366
2941,-0.43841480770512675,-0.3563747393692209,0.17661623416555333,-0.016535086999560286,0.001484122310433644,0.013281575194764184
2942,-0.3638749093200476,-0.2854499448226071,0.17665409493594647,-0.016529890963507265,0.0017776454600800734,0.013878830768447287
2943,-0.39769491387419414,-0.4121985165159072,0.17669634726957478,-0.01652559608502244,0.0014094539612968483,0.014415412162280141
2944,-0.2491375871972711,-0.3508345384730134,0.1767116621053585,-0.01651272093555703,0.0011374586867870689,0.011448860258386505
2945,-0.32128311529824904,-0.45774920463913116,0.1767336913074555,-0.01650545173603756,0.001187105916351398,0.012244863686545001
2946,-0.4718888002422207,-0.5172215254039013,0.1767901535651468,-0.016484313582978735,0.0020917932224265297,0.01362415579178647
2947,-0.3817241868389923,-0.34859578804348035,0.1768178791267139,-0.016477018424530303,0.0015175654948584578,0.014039520077975015
2948,-0.5074327370213848,-0.344810516165363,0.17687598022303808,-0.016471160584289813,0.0019285186854459866,0.013158133228628285
2949,-0.6304789745902282,-0.4848102392966184,0.17695457324923153,-0.016468349246434758,0.0027044491165331146,0.016503727677949234
2950,-0.5940008830370739,-0.3504406797816631,0.1770421871117304,-0.01646668212746383,0.002676079241110575,0.013480373729633618
2951,-0.5144216731850116,-0.49241358387238743,0.177122932399283,-0.01645288033614009,0.00191285466590521,0.01525317682692055
2952,-0.577107087344112,-0.3553340756808468,0.17721447778090288,-0.016447380262165478,0.0025671308789916953,0.01272768574088332
2953,-1.0402007352177394,-0.5019762286366183,0.17742369043073555,-0.016437840096393114,0.0057291928172062846,0.013546286494713062
2954,-0.3759043977945654,-0.31247864829592864,0.17744780986198805,-0.016431687795708125,0.0013511712868895665,0.011797444721728655
2955,-0.39652828824100333,-0.2900674380408096,0.17748780754333687,-0.016428392977235137,0.0016676295408247005,0.010915417146937263
2956,-0.39172240517996915,-0.4462980113444235,0.17752970510137828,-0.016423412140097026,0.001368102195672836,0.016234970876735488
2957,-0.5108152040642748,-0.4716033202108088,0.17759762123968198,-0.016406561816801047,0.0016065162912425113,0.013407794410543381
2958,-0.27654735477259007,-0.3231280242529397,0.17762425613409383,-0.016403241242859735,0.001089836587204098,0.012436567602897155
2959,-0.42751287895376927,-0.23267420094994617,0.17766943399099813,-0.01639937711366952,0.0021647481086060523,0.010833004904531549
2960,-0.39678420198986014,-0.3310793237816277,0.1777029033796957,-0.01639316488561771,0.0014536773887834694,0.010816456684073297
2961,-0.5830432663769277,-0.3734903095151252,0.1777950546974187,-0.016390991362325448,0.0020212986630527272,0.011657939420707716
2962,-0.36253764693301455,-0.4124566845547089,0.17783186450797575,-0.016381551529836693,0.0012177383028889478,0.014676535446789124
2963,-0.5542086516952707,-0.39107504581802216,0.177917581637262,-0.01637323931987647,0.0020606235257591495,0.013361208793932045
2964,-0.4183276346624287,-0.30626251424186196,0.17798902188200624,-0.01637166779620642,0.0018870268052338518,0.010020369055894098
2965,-0.7061019121249414,-0.36193669733284195,0.178109116519105,-0.016367200299345717,0.0030211477819991842,0.01324003475930597
2966,-0.39438287580828574,-0.3073779248490278,0.17814049108697394,-0.016360252890732736,0.0016493346563286311,0.011635350420587724
2967,-0.45635265626935406,-0.3102440381021266,0.17820350184900205,-0.016354017419901296,0.001824219910860891,0.011782024701377616
2968,-0.3393857808678746,-0.29203025959521944,0.17821883138618552,-0.016345513283274462,0.0013585086871907355,0.010047924872837302
2969,-0.3447948065174124,-0.33506654639969485,0.1782447190912904,-0.016339805495392094,0.0014306249595404318,0.01094111314094046
2970,-0.40644330558141883,-0.6726713990400401,0.17828788642449647,-0.016319651247300455,0.0013378543518169999,0.01673363371989954
2971,-0.6487689836091044,-0.30576228374645953,0.1784096630269687,-0.016314067308220347,0.0026492237424759293,0.013148792259924606
2972,-0.4433259440052951,-0.33307234657817586,0.17845750582476066,-0.016311112865097753,0.0019001055436226784,0.01091423425975663
2973,-0.5861790940531049,-0.44788244486657475,0.1785634930348792,-0.016299806197017375,0.0019905134068208654,0.014362868534182638
2974,-0.3393877770875946,-0.33735741584807244,0.17857802933075193,-0.016291693465690222,0.0013070886104390282,0.012478281035476387
2975,-0.4465359031928522,-0.28538152046794996,0.178638916456916,-0.01627976458502437,0.0015672729705089273,0.009895147103613049
2976,-0.49435899634873454,-0.5045082053440385,0.1787040353192459,-0.016271406842889802,0.0021491104817021505,0.013023604153712898
2977,-0.4945569718932367,-0.3692320954914965,0.17876574975974105,-0.016266939472005415,0.0019519472355499742,0.01481617176129949
2978,-0.9366764020953713,-0.4806337857640199,0.17894436129228558,-0.01625422561794747,0.004215844977025758,0.015257245834071566
2979,-0.30962497772618575,-0.4611986132672348,0.17897304059966493,-0.01624101919336877,0.0014739377638737668,0.011792578088875608
2980,-0.4657231530294624,-0.33920569971587905,0.17902626037410885,-0.016230028491697926,0.0017758917492387517,0.012609776850837475
2981,-0.390267987545856,-0.36545162056317987,0.17906346314647784,-0.01621939185716738,0.0013206739427299712,0.010920687063223791
2982,-0.3624830610800524,-0.40018821141723104,0.1790939856916761,-0.01621252433424641,0.0014618107844296061,0.012480371937667132
2983,-0.6527085654490272,-0.4169291135083271,0.17921405813485092,-0.016199058443986957,0.0024472944196482944,0.0124876449397263
2984,-0.5425478981495757,-0.2819617722042195,0.17928646029978157,-0.016192153745846708,0.0026618940850453364,0.009887957341532262
2985,-0.5357682242784185,-0.3797049346737308,0.1793551005453668,-0.01618667354601446,0.0022810966244023656,0.012203076491332504
2986,-0.40704323752119526,-0.4214826656635613,0.1794091799463364,-0.016180984607606287,0.0015815161114788702,0.013088200367355028
2987,-0.3733803344936463,-0.4159056532201189,0.17944500977278163,-0.016176922681230305,0.0013959721884930186,0.013901311248819246
2988,-0.47216047091806546,-0.2959062239859072,0.1795016605667175,-0.016170729085583646,0.0018977877866453209,0.012689162455353831
2989,-0.35877499052678985,-0.47356809961638546,0.1795374481287269,-0.01616387076630558,0.0013927186317750748,0.015193150555942668
2990,-0.42823572776048463,-0.3115205949097414,0.17959602207463538,-0.016160377559197574,0.0013712062543025667,0.011882953369768688
2991,-0.4976292774254553,-0.33707719560017746,0.17966763753434314,-0.01615420626722055,0.001820019495525679,0.011617620308465684
2992,-0.38767602971546994,-0.34414946703202826,0.17971055939133648,-0.01614839316761409,0.001558559046569194,0.015532615467763477
2993,-0.41050007102296143,-0.4141199578829066,0.17974173459711054,-0.016141789117761464,0.0014510383621194934,0.014181068533665717
2994,-0.41169458301286305,-0.28915408965335615,0.17978251937919337,-0.01613897496838028,0.0013459214918628718,0.010338712461981587
2995,-0.5277505201432592,-0.340757904893592,0.17986486090525333,-0.016130096051142115,0.0020356382083268317,0.012599053242760087
2996,-0.6265901215326416,-0.351641968085648,0.1799568020665411,-0.01611931328543459,0.0025853228240075394,0.011825743745820008
2997,-0.3333941379904148,-0.4343174449059372,0.17998100085372679,-0.016114821042842075,0.0013532011226076504,0.013419411621271943
2998,-0.5056553719386222,-0.3381004778815674,0.18004524296206492,-0.016110389867373627,0.001949688465264808,0.015725787520914213
2999,-0.5580903506760078,-0.4463288186280504,0.1801401708841842,-0.01610393893952651,0.002304565039742965,0.013314837693401483
