iter,down_reward,up_reward,down_cos,up_cos,down_mse,up_mse
0,-1.4521378949913442,-1.1898725294015575,-0.12644636446374424,-0.12727230372094148,0.009378458327191532,0.022562512682225845
1,-2.0497423176565315,-3.5168114870440434,-0.12598174111670563,-0.12908966645926281,0.019167682057877857,0.07850671004868943
2,-1.7410399444714542,-3.3285559082042697,-0.1256285929287429,-0.13074780921757584,0.017352223927965864,0.07037349639071308
3,-2.225696804991203,-0.48808079381264585,-0.12511957170154256,-0.13086652329332213,0.02484765293694196,0.01331335596536861
4,-0.4792898473935942,-2.121347479765998,-0.12507727502834382,-0.1318659728420711,0.0016645356922433052,0.037890637774026695
5,-0.5475422856627253,-1.2220647478651352,-0.12498022805527408,-0.13233991973557746,0.00177760288660252,0.021911088544057912
6,-1.264629587721854,-1.604884370621146,-0.12471214064660673,-0.1330523585667172,0.007091380540091299,0.02589600824119408
7,-2.192737487237293,-6.141783449910043,-0.12427067575818437,-0.13623582156602562,0.028134179084262252,0.2011738048045283
8,-0.8006903457008825,-1.0037962171725077,-0.12413656255313181,-0.1366615486663982,0.003300780594192906,0.019003773597585646
9,-0.882764989275711,-0.5484449722864928,-0.12397587271104345,-0.1368208275717182,0.004888830985392816,0.014579925508663211
10,-0.7969116625062432,-6.391404711651756,-0.12382908600345315,-0.14006577189427494,0.004348886967821239,0.2736086012758132
11,-3.904351774371077,-0.7751267010753595,-0.12290173631553537,-0.14032573112343563,0.07001359764182616,0.015021303287808381
12,-1.6126714187068178,-0.9870509744276724,-0.12254563912140903,-0.14069271592622024,0.014064659793221052,0.02029544810617595
13,-2.8621274448058784,-2.563020466462061,-0.1218690056729467,-0.14187172688356037,0.03478548151738875,0.06352566042991156
14,-0.6439857194757861,-1.1694046785279757,-0.12176042856828578,-0.14235666848197584,0.0023430025242811223,0.01853831461812716
15,-1.857842666582747,-1.0055378552933023,-0.12134035433425769,-0.14273464475082212,0.014710883186095676,0.01833690715989937
16,-6.082639523457561,-13.775995608089124,-0.11998711728714416,-0.14968924971478587,0.2274396833641631,1.1309699380648313
17,-0.7610257960397269,-2.218591697766463,-0.11987975524357682,-0.1506274770575828,0.003294901322699691,0.0600754375327579
18,-2.006177580544385,-2.4569932028338144,-0.11942744852555935,-0.15171938585219105,0.016769025757958134,0.04561675573976233
19,-3.549961244012718,-3.023162026413179,-0.11854007797015105,-0.15306807905197295,0.054407081480710114,0.08183679441487504
20,-0.8327687112465659,-2.474442477406441,-0.11839128302476382,-0.1542857809767806,0.004102827151970079,0.043875398135199146
21,-0.7918736601717709,-2.264778101011001,-0.11823993740606645,-0.15527736412930598,0.003701649542793157,0.05167877308360307
22,-0.7556151353478153,-1.240824939967181,-0.11813449439533492,-0.1558467852538052,0.0028738391914527647,0.02115717526909339
23,-0.9397122244609751,-1.8521383071601374,-0.11798818358909925,-0.15673339257788774,0.004156341072322578,0.03211015407798431
24,-1.0788616789777896,-3.0372318056731142,-0.11774823562609182,-0.15818469517606584,0.005999766242076243,0.06849411966802398
25,-5.773570473110342,-4.292371743063356,-0.1163329856398805,-0.16016072527716854,0.16237813530545894,0.1359139991547153
26,-1.377666209747018,-6.165137997649396,-0.11606680809589952,-0.16325442101028273,0.010038429417385739,0.21987370660158478
27,-1.4618435676693546,-2.0420479722532128,-0.1157689803706604,-0.16420058572714283,0.00858918033635104,0.0329864460449434
28,-5.258967986206198,-2.979668336035179,-0.11451485506552792,-0.16566256868433196,0.13412864066092012,0.07259803800938262
29,-0.7784176923582495,-4.477932650291855,-0.11438560884948573,-0.16779509656801586,0.0038217735445207567,0.14795994838729784
30,-0.8650734156312235,-5.2825200428434975,-0.11423184279437189,-0.17049312599870164,0.0042189337079963935,0.16482412140973898
31,-2.8596401371543534,-12.621518643541322,-0.11355508248403898,-0.17672491444868454,0.045286332371156174,1.226528576657646
32,-0.9937407678521283,-3.198076015709471,-0.11338034387978996,-0.1781422508930441,0.004689300908953341,0.10566431822481516
33,-0.988644353283838,-7.641845987375885,-0.1131851158311021,-0.18185210211292072,0.00451617893224649,0.3865623907503229
34,-0.7940271938771188,-10.106674625844382,-0.1130278327909437,-0.18674049513208532,0.0033002169419610212,0.8024905150948077
35,-2.0087233509516222,-2.0502361962958626,-0.1125577130414943,-0.18756433546533294,0.017390188522490583,0.057899859669971215
36,-4.038706097721831,-14.04904375802367,-0.11164936125243093,-0.19439692868905814,0.10319468243770696,1.6896062911262373
37,-0.6304262506145504,-5.1045175045351385,-0.11154777142709243,-0.19677245297729104,0.0022938839906682545,0.2522490059064208
38,-1.0248947418995578,-11.632539536260389,-0.11133886993339581,-0.2022877056379432,0.0046485716735194344,1.4303092172436636
39,-2.451603315480804,-3.84262238153298,-0.11079311035453979,-0.204010778317315,0.029778636101026726,0.1570885708773081
40,-2.5839388979753872,-24.976340018009722,-0.11018994700530377,-0.21566383644950365,0.029248330440192698,8.247325204059843
41,-0.8371584025736923,-18.87543394665793,-0.1100391294427755,-0.2243399085322737,0.0038476861100909176,7.720496754291003
42,-0.6911268830791503,-55.267319461586915,-0.10991603947531817,-0.24883802883703474,0.002867827386389916,149.42093168159238
43,-1.2341988697754287,-28.549580962265612,-0.10966377197395213,-0.25957922081665846,0.007036339945742652,726827.002576096
44,-1.6863373885244664,-46.7653915898425,-0.10929889505391634,-0.0003961103255852427,0.012079576937721931,9.907619190691136e+23
45,-0.5378594611998956,nan,-0.10920781728346991,nan,0.0020267164711617837,nan
46,-1.33784069736107,nan,-0.10893855351200632,nan,0.009379978155166491,nan
47,-1.7141023473283818,nan,-0.1085680462811146,nan,0.020360088118648312,nan
48,-0.8478295558970592,nan,-0.10839402824992243,nan,0.003471411138758061,nan
49,-2.17322989050845,nan,-0.10793169845741435,nan,0.019879318672980355,nan
50,-0.7582981598381483,nan,-0.10780503775210838,nan,0.0035627195861382376,nan
51,-1.0071177326574836,nan,-0.10761281420821708,nan,0.004517120809638083,nan
52,-1.9199863191050603,nan,-0.10719128349615412,nan,0.017862224940176315,nan
53,-2.743574876346528,nan,-0.10656520208981429,nan,0.0380008776888846,nan
54,-0.8141837804033518,nan,-0.1063908970483896,nan,0.003541443525971265,nan
55,-3.0030169639094257,nan,-0.10567769227456546,nan,0.04072357783143738,nan
56,-0.7486280610279702,nan,-0.10556677303925091,nan,0.003015127518913421,nan
57,-0.6927016924055182,nan,-0.10546060012228971,nan,0.00278237754310666,nan
58,-0.7781544390103868,nan,-0.10535266159946301,nan,0.00280438523227891,nan
59,-0.672108474780154,nan,-0.10524103409598227,nan,0.0028703934659709837,nan
60,-1.4339262688178667,nan,-0.10493280067477376,nan,0.009640563517058706,nan
61,-2.2165620308637632,nan,-0.10441190333129456,nan,0.020638853397943198,nan
62,-0.9564576963782421,nan,-0.10423224113339498,nan,0.004280353862410915,nan
63,-2.8586529589646883,nan,-0.103559293128128,nan,0.03415834229657114,nan
64,-0.755781906187173,nan,-0.10342629940206517,nan,0.0032057967898353194,nan
65,-0.9329465911988551,nan,-0.10324026978924493,nan,0.0043851229331214065,nan
66,-0.6983102151199853,nan,-0.10311563150844323,nan,0.0028647354036647936,nan
67,-2.085828760476011,nan,-0.10268136944087915,nan,0.026290593576023515,nan
68,-1.459250137964877,nan,-0.10236538977413961,nan,0.009909699525062638,nan
69,-1.3679214764720122,nan,-0.10209506408881455,nan,0.00924748841527279,nan
70,-4.322252415629519,nan,-0.10108163392987096,nan,0.1004318857715852,nan
71,-0.7040458026893566,nan,-0.10093889660347782,nan,0.002928290979277458,nan
72,-0.7629448984358792,nan,-0.10081915740069632,nan,0.002989955256847645,nan
73,-1.067091657282572,nan,-0.10059253825257682,nan,0.005270919757017179,nan
74,-0.5373623996470513,nan,-0.10052708245350463,nan,0.0017514800579628547,nan
75,-1.286153793363466,nan,-0.10026865999662053,nan,0.006980262704010729,nan
76,-1.4142473295305533,nan,-0.09997924958974479,nan,0.00873694698844728,nan
77,-0.8315080712131309,nan,-0.09982894287203686,nan,0.0037843044145048762,nan
78,-1.5736549172815772,nan,-0.0994547459999161,nan,0.01051900225429306,nan
79,-1.7531905506855652,nan,-0.09905417702559463,nan,0.01495567909511336,nan
80,-0.9344201873384945,nan,-0.09887392550741322,nan,0.0040271609064369464,nan
81,-3.8406413459481437,nan,-0.09797925267680585,nan,0.08272494594071593,nan
82,-0.9567632715006061,nan,-0.09780718945288217,nan,0.005517623997457161,nan
83,-0.8442821687984764,nan,-0.09762842058959204,nan,0.003606477417231442,nan
84,-0.7575398749735369,nan,-0.09748189893331927,nan,0.0029566461870188243,nan
85,-0.8789221124760892,nan,-0.09731981740539739,nan,0.004354418648636666,nan
86,-0.8453380848985547,nan,-0.09716797253784754,nan,0.0037608230822388754,nan
87,-1.084715647840598,nan,-0.09693814945032368,nan,0.006186032286462203,nan
88,-0.7145996662667683,nan,-0.09681646212028781,nan,0.0031081430006415717,nan
89,-2.4353970361703943,nan,-0.0962795302312049,nan,0.026884437410892324,nan
90,-2.545384057345445,nan,-0.09570900105957332,nan,0.03165138612925835,nan
91,-1.1385326394475432,nan,-0.09546129252484538,nan,0.006325883514807668,nan
92,-0.7216907175959154,nan,-0.0953102953438875,nan,0.0032616952098576523,nan
93,-0.6165998931029179,nan,-0.09521761419164738,nan,0.0019646237925104327,nan
94,-0.739393027131126,nan,-0.09507900188875888,nan,0.0029199687322643683,nan
95,-0.736756878222212,nan,-0.094963497024239,nan,0.0026098162252131173,nan
96,-1.597782923714888,nan,-0.09460689038822306,nan,0.011831721096241154,nan
97,-2.0285016695175213,nan,-0.09417650661771063,nan,0.02037421213182897,nan
98,-0.6960843741409816,nan,-0.09406863725990192,nan,0.0027304810749628652,nan
99,-1.3784883820908975,nan,-0.09375752830620115,nan,0.009848507681624524,nan
100,-0.3799747703708907,nan,-0.09370521572353231,nan,0.0016110950342724255,nan
101,-0.6924123910387512,nan,-0.09358209240267915,nan,0.002784621823808185,nan
102,-0.6419648718107049,nan,-0.09346664041130098,nan,0.003346835735500928,nan
103,-1.7105264372854139,nan,-0.09309360002486192,nan,0.012780307736819008,nan
104,-0.9933360886351923,nan,-0.0929042052559246,nan,0.004677327782296587,nan
105,-1.4738682690560037,nan,-0.09260305201797493,nan,0.010117876509743886,nan
106,-1.9197212723130879,nan,-0.09213340991821968,nan,0.015696605612042898,nan
107,-1.1836802298952693,nan,-0.09189346033229719,nan,0.006474531348750462,nan
108,-0.9058822347190264,nan,-0.09170782389265539,nan,0.0035097669137258013,nan
109,-1.705960589218854,nan,-0.09130615053659609,nan,0.013559989242246587,nan
110,-0.7227026341653782,nan,-0.09118054356766563,nan,0.002991493387031153,nan
111,-0.4075924958057234,nan,-0.09113030758282743,nan,0.001459390353523801,nan
112,-0.7832263260838059,nan,-0.09100803163738876,nan,0.0029546048089334463,nan
113,-0.7702143840544077,nan,-0.09086817262692838,nan,0.003312713889729789,nan
114,-0.8496894793170254,nan,-0.0906889151397287,nan,0.003988610218609297,nan
115,-1.2385854843218702,nan,-0.09042221414967604,nan,0.008009479621009183,nan
116,-0.7711559493317885,nan,-0.09030291426197051,nan,0.0032854489139508645,nan
117,-5.899427106312204,nan,-0.08896519907221644,nan,0.18103580584393317,nan
118,-0.8011030912833811,nan,-0.08881768180686636,nan,0.003134124207729341,nan
119,-1.7842546019549805,nan,-0.08844883034675129,nan,0.01623460690560454,nan
120,-0.6506577746212753,nan,-0.08835707313357405,nan,0.0030033300102422942,nan
121,-0.6769306259939252,nan,-0.08825173373877795,nan,0.002605937131673216,nan
122,-1.4363736613730111,nan,-0.08792317468683303,nan,0.008542402458156188,nan
123,-0.5241666259268464,nan,-0.08784823805121673,nan,0.0020304575326623355,nan
124,-0.6313190920785446,nan,-0.08775030909762918,nan,0.0023928001303950017,nan
125,-2.1826266311256455,nan,-0.0872391136455075,nan,0.022374828172041627,nan
126,-0.8486580893126626,nan,-0.08708780420902763,nan,0.0036913064177368916,nan
127,-0.44076520031379135,nan,-0.0870342247038049,nan,0.0014189245887626482,nan
128,-0.5140790229658202,nan,-0.0869450539402404,nan,0.0017099325360353031,nan
129,-1.3958207492726293,nan,-0.08662132615381263,nan,0.009307750278810343,nan
130,-1.5400316374377532,nan,-0.08628447351278984,nan,0.010260972643885972,nan
131,-0.31673027850129165,nan,-0.08625593885908484,nan,0.0008377259209057863,nan
132,-0.4769390933378262,nan,-0.08619088105251534,nan,0.001660772782826289,nan
133,-3.1020297859809407,nan,-0.08546436532119128,nan,0.05012824629095783,nan
134,-1.221859124316705,nan,-0.08523013671034523,nan,0.010304672165950355,nan
135,-0.7736712056218263,nan,-0.08507918295552053,nan,0.0031220537672233773,nan
136,-1.42814965815605,nan,-0.08476206725792639,nan,0.008711263144052172,nan
137,-0.6338867767812232,nan,-0.0846771561575917,nan,0.0023244855305380842,nan
138,-1.0959660883632374,nan,-0.0844300766810398,nan,0.006024918461678002,nan
139,-1.608930180633665,nan,-0.08407655357325117,nan,0.011464508898269042,nan
140,-0.7360823622958415,nan,-0.0839505574185961,nan,0.003986616428705421,nan
141,-2.2724205785577754,nan,-0.08340703026426054,nan,0.02349167627997188,nan
142,-0.9939783979983172,nan,-0.08320040806878246,nan,0.0045040958156507375,nan
143,-0.7383372770937615,nan,-0.08304816179236262,nan,0.003651542429996417,nan
144,-2.167672822017201,nan,-0.08252476724764965,nan,0.021053984136465535,nan
145,-0.7628734671333873,nan,-0.08242402517537475,nan,0.003587564839843661,nan
146,-0.5471108691323534,nan,-0.0823388988906818,nan,0.0017983360277463022,nan
147,-1.480986384814321,nan,-0.08203895524568673,nan,0.011163006239494186,nan
148,-0.5553175059150912,nan,-0.08194872385187965,nan,0.0023391637831981856,nan
149,-0.8420486384397946,nan,-0.08175924341628701,nan,0.004105772858901674,nan
150,-0.613273523761487,nan,-0.0816646447159877,nan,0.002219038555807719,nan
151,-1.0499916453611917,nan,-0.08147886943356235,nan,0.005513892692343428,nan
152,-1.5554824268720133,nan,-0.08115041615195906,nan,0.010677119330342199,nan
153,-0.5379617825404466,nan,-0.08107298900433876,nan,0.0021608393122390934,nan
154,-0.40345899816177333,nan,-0.08102313931911655,nan,0.0013976119251785516,nan
155,-1.840907919992202,nan,-0.08059681685028534,nan,0.014159603030566535,nan
156,-2.2556594536602477,nan,-0.08010410861610567,nan,0.022631537644068257,nan
157,-2.9551700532343754,nan,-0.07938942712513344,nan,0.03933700156391131,nan
158,-1.6953758982169989,nan,-0.0789984411914372,nan,0.012699524616824437,nan
159,-0.627539246160836,nan,-0.07889470067337948,nan,0.0021377259202901987,nan
160,-0.7869561882781354,nan,-0.0787354961318116,nan,0.003625434883090363,nan
161,-0.3840604321695101,nan,-0.07869575557341152,nan,0.0014143335809718963,nan
162,-0.431077185368619,nan,-0.07864470516120224,nan,0.0013189612293651744,nan
163,-2.2832985023531416,nan,-0.07811521270286785,nan,0.02235290976294609,nan
164,-0.3282817429932238,nan,-0.07806734479382202,nan,0.0012997309252625652,nan
165,-0.8767887893257411,nan,-0.07791403947045723,nan,0.0039709531383522985,nan
166,-0.7809054354829786,nan,-0.07777666283273899,nan,0.003336139239606954,nan
167,-0.7550693611376996,nan,-0.07766434538911468,nan,0.003220782215204912,nan
168,-0.6614530444539146,nan,-0.07754162126881839,nan,0.002343439932233185,nan
169,-1.3701162508879874,nan,-0.07721692136250345,nan,0.007849233896993182,nan
170,-1.10399582150688,nan,-0.07697659186605063,nan,0.005527848139006619,nan
171,-0.8176388456474538,nan,-0.07683847666868152,nan,0.0036888465821058427,nan
172,-2.390294943607241,nan,-0.07626029397095764,nan,0.02726607449572867,nan
173,-0.8358558189163283,nan,-0.07609247895030544,nan,0.003326693778689419,nan
174,-2.7099017403131582,nan,-0.07546587885026228,nan,0.03351124938462813,nan
175,-0.4634594258574709,nan,-0.07539518338316047,nan,0.0019963666935730803,nan
176,-1.6010077496907915,nan,-0.0750266647164684,nan,0.01168181222938213,nan
177,-0.4426340770602794,nan,-0.07496794244377732,nan,0.0015490284346925509,nan
178,-2.269637902546113,nan,-0.07444480917099061,nan,0.022372758445438998,nan
179,-0.5955317244360326,nan,-0.07433253560312245,nan,0.0019556399882493447,nan
180,-1.4344257302217316,nan,-0.07403380059520111,nan,0.00889001184882238,nan
181,-0.9046927412831183,nan,-0.07385783723559697,nan,0.005718138697431233,nan
182,-0.6353772602480331,nan,-0.0737583379414211,nan,0.002085772449296678,nan
183,-0.7329110656958466,nan,-0.07364351353701525,nan,0.0027464867109745234,nan
184,-0.707618342707131,nan,-0.07352454051315886,nan,0.0030320184120969946,nan
185,-2.0834167162410284,nan,-0.07308132569601278,nan,0.024330651526833096,nan
186,-1.107580710049277,nan,-0.07288157522673046,nan,0.005994098626844376,nan
187,-1.9691253396672042,nan,-0.07241821161901593,nan,0.018824177841905713,nan
188,-0.41731165593591124,nan,-0.07237725444124975,nan,0.0020542108800068485,nan
189,-0.8471319121917538,nan,-0.07222570192766653,nan,0.00397033456157177,nan
190,-1.1784831085668834,nan,-0.07198436820416373,nan,0.007537662122437235,nan
191,-2.3152050918985334,nan,-0.07144097236810842,nan,0.026142331778308842,nan
192,-1.0999967060649105,nan,-0.07124329570961169,nan,0.006005800185148821,nan
193,-0.7288325775314111,nan,-0.0711196592203986,nan,0.002962265320522814,nan
194,-0.958012249490053,nan,-0.07091874865508362,nan,0.005058867535689413,nan
195,-1.0363229630330553,nan,-0.07070413958065529,nan,0.005192763538522814,nan
196,-0.3577218968521592,nan,-0.07066142238392013,nan,0.0013190559705035369,nan
197,-0.773504040367174,nan,-0.07052121284775538,nan,0.0031174326840159045,nan
198,-0.760110731161459,nan,-0.07039724108635025,nan,0.0030570066540765357,nan
199,-2.0613226079586124,nan,-0.06995216414850619,nan,0.02087353938480734,nan
200,-0.459167228541042,nan,-0.06989682504055303,nan,0.0019891143629319585,nan
201,-1.245358912274726,nan,-0.06963277357687367,nan,0.006667125752856004,nan
202,-0.6671283228338988,nan,-0.06951972685263869,nan,0.0029320967501192782,nan
203,-0.5363334383086418,nan,-0.06943167816425683,nan,0.0019714768846867694,nan
204,-1.7855849364351608,nan,-0.06900806199861195,nan,0.013581618563283411,nan
205,-0.9094453693638191,nan,-0.06881613013508942,nan,0.004078367164107814,nan
206,-0.6821482200926398,nan,-0.06872074389037894,nan,0.0024155767073683614,nan
207,-0.6813849077611112,nan,-0.06860526390537391,nan,0.002350372587842553,nan
208,-1.3649762089292008,nan,-0.06829455697080923,nan,0.008694637001119096,nan
209,-1.3927596062969867,nan,-0.0679888876340892,nan,0.008846645595247957,nan
210,-0.5574023278872755,nan,-0.06791267356075313,nan,0.001956590385249601,nan
211,-0.4907832304967167,nan,-0.06783171688554114,nan,0.0018190208374987886,nan
212,-0.5400375221426255,nan,-0.06775151802605789,nan,0.002203547831465873,nan
213,-1.0018628587983431,nan,-0.06756452471005918,nan,0.004668797844972129,nan
214,-0.5044787272743588,nan,-0.06747801232155827,nan,0.001983344366957645,nan
215,-2.232472920826275,nan,-0.06693986816576376,nan,0.020427912487032875,nan
216,-1.605599520168022,nan,-0.0665588424850356,nan,0.011385938159151177,nan
217,-0.6172544120573089,nan,-0.06644699644103196,nan,0.0028614968582749405,nan
218,-0.9868615776036559,nan,-0.06624877890224953,nan,0.004695513133508423,nan
219,-0.5546822704098793,nan,-0.06615525503469438,nan,0.0018109245598147766,nan
220,-0.7990669378231062,nan,-0.06601380950270372,nan,0.003515006534309007,nan
221,-0.5788102565715995,nan,-0.06592712648822627,nan,0.0019897242245880014,nan
222,-0.7284595718745398,nan,-0.06578690762920873,nan,0.002992327628939164,nan
223,-0.8394663300926241,nan,-0.06560174174097352,nan,0.00434234459144174,nan
224,-0.6152502513637064,nan,-0.06550964814150372,nan,0.0026477682539962984,nan
225,-1.1193741463447735,nan,-0.06526862266461121,nan,0.005777022912671593,nan
226,-0.9573919334327784,nan,-0.06507637252976511,nan,0.004346141212503234,nan
227,-0.829530035755686,nan,-0.06490750954278755,nan,0.003837830420171957,nan
228,-0.4532795655119614,nan,-0.06486578323707091,nan,0.001197255869373215,nan
229,-0.6605921660887915,nan,-0.0647688426589503,nan,0.0022406680937057874,nan
230,-1.0087567679231857,nan,-0.06456126868069692,nan,0.0050152840904636314,nan
231,-0.4601037176341663,nan,-0.0645055878814066,nan,0.0017769008529511156,nan
232,-2.0547425696858563,nan,-0.06404337496420401,nan,0.020199228771194042,nan
233,-1.1619537281471157,nan,-0.06378689591219035,nan,0.006438051658677312,nan
234,-0.6230418991973317,nan,-0.06366812473970936,nan,0.0023867924771981764,nan
235,-0.5088231429700109,nan,-0.06360363649652057,nan,0.0018883061655772281,nan
236,-1.0487510798822777,nan,-0.0633965881404886,nan,0.005560097725852527,nan
237,-1.3648509172237915,nan,-0.06309384572500239,nan,0.009849567808722705,nan
238,-0.5259917204483475,nan,-0.06301056687864992,nan,0.0017896887321659986,nan
239,-1.2970893184955095,nan,-0.06273729461173733,nan,0.008554472441711307,nan
240,-0.7700563049091459,nan,-0.06260241669671224,nan,0.003189920015549513,nan
241,-0.4931726538364059,nan,-0.0625296609530411,nan,0.0018232798210937292,nan
242,-0.5307169344736976,nan,-0.062440991868863864,nan,0.0018668095557758276,nan
243,-0.6322906800279912,nan,-0.06233045546775899,nan,0.0027172322760575353,nan
244,-0.4750068526555205,nan,-0.06226591524512435,nan,0.001624553550429288,nan
245,-0.8476841482889688,nan,-0.06209948720469349,nan,0.0035766864390197124,nan
246,-0.6120055403223943,nan,-0.06200427112814455,nan,0.002411226804159543,nan
247,-1.529437548010012,nan,-0.061696008130901696,nan,0.01221670316390648,nan
248,-1.2241470160526824,nan,-0.061450632568878075,nan,0.006805310719771986,nan
249,-0.5383228072683368,nan,-0.06138256939228126,nan,0.0018320797198358688,nan
250,-0.509571895739646,nan,-0.06130933323374647,nan,0.0020299375911790895,nan
251,-0.637858257690991,nan,-0.06120542472224903,nan,0.00324501649413154,nan
252,-1.001469161992679,nan,-0.060991362897314515,nan,0.005785306900077076,nan
253,-0.43351520861559295,nan,-0.060938958471396104,nan,0.0013521916426498947,nan
254,-0.7156133113804144,nan,-0.060810705036657385,nan,0.0029859357859016813,nan
255,-1.0306845213337485,nan,-0.060608549814467165,nan,0.005958120527611843,nan
256,-1.088303081992738,nan,-0.060366083138007856,nan,0.006690546585544005,nan
257,-0.4100527907571759,nan,-0.06032449942390383,nan,0.0014411713065997371,nan
258,-2.309826383373305,nan,-0.059805363333989274,nan,0.02615652709836809,nan
259,-0.6973255510929505,nan,-0.05967988393775022,nan,0.00277607228915194,nan
260,-1.2409696760495443,nan,-0.05941811725194788,nan,0.007026375604269161,nan
261,-0.6123279023883718,nan,-0.05930733860235234,nan,0.0024105276077950196,nan
262,-0.3472049755167808,nan,-0.05926781458805941,nan,0.0012819653364100137,nan
263,-0.6146749864520845,nan,-0.059185451079830476,nan,0.0026922081395482594,nan
264,-0.5189315074909014,nan,-0.05910818580512017,nan,0.0017802954682316948,nan
265,-0.5297246669416665,nan,-0.059044441285530255,nan,0.0016791518809696777,nan
266,-0.8477435942928507,nan,-0.05888587792358626,nan,0.003778635134417486,nan
267,-0.6225983553775655,nan,-0.05879079985362429,nan,0.0023204349836294545,nan
268,-1.3545501363615935,nan,-0.058491886232051614,nan,0.00869038698366943,nan
269,-0.6308040207131727,nan,-0.05838806132094459,nan,0.0021317269508182523,nan
270,-1.2314965678472127,nan,-0.058140114364339676,nan,0.0071615551400506785,nan
271,-1.9995508700254259,nan,-0.057663094576700366,nan,0.019208883237348037,nan
272,-0.8866648875746096,nan,-0.057491886357886775,nan,0.004227590041423015,nan
273,-1.0158049282443797,nan,-0.057315230307605686,nan,0.00434858775443213,nan
274,-0.5391370220623247,nan,-0.057222569136114496,nan,0.0018781095082050032,nan
275,-0.6592592007964182,nan,-0.057112862986230084,nan,0.002455780149099802,nan
276,-0.6451569928861705,nan,-0.057029538751971476,nan,0.002247595954581131,nan
277,-0.5549957128801993,nan,-0.056924892889025074,nan,0.001975995837368702,nan
278,-1.103396799977455,nan,-0.056703728018010664,nan,0.006086873348417968,nan
279,-0.5035930243347799,nan,-0.05662647984028257,nan,0.0017982118472422458,nan
280,-1.057924718619373,nan,-0.05643167660433811,nan,0.0054517204986781745,nan
281,-0.7126530387817402,nan,-0.05629398902496043,nan,0.0032468437520137734,nan
282,-0.615050111013149,nan,-0.056211629878868,nan,0.0022463675247418762,nan
283,-0.4467997604163428,nan,-0.05614983092140601,nan,0.0014869150212959965,nan
284,-0.40864612529487515,nan,-0.0561021483046096,nan,0.001745776717233756,nan
285,-0.5261483844298274,nan,-0.056017825237579186,nan,0.001924212204981179,nan
286,-0.7724911409849728,nan,-0.05586578006479441,nan,0.003522154205344528,nan
287,-1.839114137616834,nan,-0.055396987324861244,nan,0.014955137944850757,nan
288,-0.9375803058039713,nan,-0.0551986856379968,nan,0.0048807408862205325,nan
289,-2.1108388756013694,nan,-0.05469188382980377,nan,0.019355150895583293,nan
290,-0.6030842885337737,nan,-0.05460376560464873,nan,0.0024100738162664906,nan
291,-0.4500523802485401,nan,-0.054549719468595485,nan,0.0015732532656972495,nan
292,-0.7315058485082975,nan,-0.054430074287550534,nan,0.0029452254646748855,nan
293,-0.7937377531204167,nan,-0.05428604023408432,nan,0.0035331659871837896,nan
294,-0.561900097574408,nan,-0.054207907982748174,nan,0.0021655616487118623,nan
295,-0.359749019506197,nan,-0.054158240412582534,nan,0.0013292626185610298,nan
296,-0.8254782609323988,nan,-0.05399744597848194,nan,0.0037400619675102375,nan
297,-0.5715133107132441,nan,-0.05392933851997492,nan,0.0017709537939686537,nan
298,-0.6726712167088318,nan,-0.053801720043031874,nan,0.0029909662518101125,nan
299,-0.6264236618934532,nan,-0.053702619615841565,nan,0.0021236574553041786,nan
300,-0.8297534501856031,nan,-0.05355385792054492,nan,0.0034171353233966983,nan
301,-0.8188215149463892,nan,-0.05337630364220183,nan,0.0037157746877967517,nan
302,-0.43865112736918527,nan,-0.05329829086922019,nan,0.0016977627088256995,nan
303,-0.6984185220613968,nan,-0.0531533295682925,nan,0.003232559034067415,nan
304,-0.519882475540619,nan,-0.053092882110439256,nan,0.0019651570311284886,nan
305,-2.1196413994668863,nan,-0.05259946909681848,nan,0.020993383878492866,nan
306,-0.7588670283401198,nan,-0.052449064842714666,nan,0.0038459620252695123,nan
307,-0.8567874808133807,nan,-0.05226254043779582,nan,0.004273700036594689,nan
308,-0.729567191834276,nan,-0.05212537519587595,nan,0.0031859392139494134,nan
309,-0.6645209237388531,nan,-0.05198579362057247,nan,0.0028049538848840135,nan
310,-1.6650060426742488,nan,-0.05161076903337011,nan,0.012038626655862576,nan
311,-0.5462687628508885,nan,-0.05153196313898406,nan,0.0019207167825401883,nan
312,-0.6654752803414403,nan,-0.051430520126057984,nan,0.00277543652192553,nan
313,-0.46427156921593443,nan,-0.05138833017622903,nan,0.0016048761252823388,nan
314,-1.180364007832547,nan,-0.05113812627496345,nan,0.006926438851952214,nan
315,-0.5406335247310516,nan,-0.051052406805267875,nan,0.0016212804961389918,nan
316,-0.8216716910119792,nan,-0.0509037545361051,nan,0.003400515999902621,nan
317,-1.1326455176382328,nan,-0.05066195860577267,nan,0.005635149278356578,nan
318,-0.47052396685077874,nan,-0.05059948687268714,nan,0.0016909203629352123,nan
319,-0.7424118708103286,nan,-0.05047921713796252,nan,0.0031254987258908895,nan
320,-0.7216512427725073,nan,-0.05035422794480761,nan,0.0031459332344282824,nan
321,-0.8878831835893534,nan,-0.05017949927314408,nan,0.004451979522059177,nan
322,-0.6571131735488666,nan,-0.05006862322767712,nan,0.002247074024963282,nan
323,-0.6693024945830807,nan,-0.04996147942008813,nan,0.002937693487211237,nan
324,-1.0744544132121883,nan,-0.0497463806755519,nan,0.005532452754891703,nan
325,-0.3820202634257139,nan,-0.04970693311058889,nan,0.0012503206810781284,nan
326,-0.4878514430905899,nan,-0.049651229106989415,nan,0.0017006276700918764,nan
327,-0.6727177236644525,nan,-0.04953873158072871,nan,0.002974641856588929,nan
328,-0.47779733169394567,nan,-0.04947317542086936,nan,0.0016439353682815643,nan
329,-0.5519662380197379,nan,-0.04939509492547406,nan,0.0025191669971860835,nan
330,-0.7077276308598273,nan,-0.049291893997909716,nan,0.0025086377438900452,nan
331,-0.6837511278073752,nan,-0.049154053262254194,nan,0.00235895075438689,nan
332,-0.7680436565931024,nan,-0.04900788935192795,nan,0.002934572023601632,nan
333,-0.6888950646543035,nan,-0.04890320771748949,nan,0.0028014949177274577,nan
334,-0.5632484764854321,nan,-0.04882512322255727,nan,0.0020659310995381616,nan
335,-0.7586174796372425,nan,-0.04867836289596471,nan,0.002934354832242582,nan
336,-0.6053996664039027,nan,-0.04858659526014801,nan,0.0024560204166719562,nan
337,-0.6763104438434082,nan,-0.04849041268885713,nan,0.002761352419632006,nan
338,-0.5693091763729251,nan,-0.04840332227731152,nan,0.0020308936522473215,nan
339,-0.649630654828675,nan,-0.04828675164815201,nan,0.002943851052530645,nan
340,-0.4757198297794902,nan,-0.04821944187420466,nan,0.0015584219718782447,nan
341,-0.5284121700444983,nan,-0.04813927867063194,nan,0.0020241014911216546,nan
342,-0.5138141021362123,nan,-0.04807057542685819,nan,0.001960746768540351,nan
343,-1.7592984957565563,nan,-0.047690237687256457,nan,0.014811317084457177,nan
344,-1.017905996460679,nan,-0.04749382494091997,nan,0.0052328665076177405,nan
345,-0.4716138038158198,nan,-0.047444942421471875,nan,0.001471830272614989,nan
346,-0.46763682093081266,nan,-0.04738108176241496,nan,0.0017070896621780875,nan
347,-0.6201260525788681,nan,-0.047280656367925646,nan,0.0026030682816364763,nan
348,-0.42761688726157954,nan,-0.0472227858278778,nan,0.0013720515056602528,nan
349,-0.4019051562722974,nan,-0.04717788577038533,nan,0.0013759268653987552,nan
350,-0.33827568920900375,nan,-0.047138355994536404,nan,0.0010474717852056983,nan
351,-1.1080297264401544,nan,-0.04691519821883806,nan,0.006350508274044842,nan
352,-0.442807481313799,nan,-0.046859728022848206,nan,0.0016798879261313727,nan
353,-0.4636065737342129,nan,-0.04679389085740782,nan,0.0012438521525691565,nan
354,-0.9095036463957706,nan,-0.046614620982078143,nan,0.003955121822979992,nan
355,-0.555379056161434,nan,-0.046529598098047124,nan,0.002280336141770703,nan
356,-1.7234408729425643,nan,-0.04617377668102233,nan,0.014547097197242145,nan
357,-0.697429084335757,nan,-0.04604939697332042,nan,0.002479493824317859,nan
358,-0.503287978415963,nan,-0.045971800542863366,nan,0.001645025646193188,nan
359,-0.4660273650925444,nan,-0.045924836511492435,nan,0.0018567452906464667,nan
360,-0.6934542581888377,nan,-0.04579067911794408,nan,0.0027944040685169147,nan
361,-0.4093513850252855,nan,-0.04574114807525994,nan,0.0017174974230399593,nan
362,-0.8562043695678634,nan,-0.045579310641737425,nan,0.003942000834415215,nan
363,-1.309624624229812,nan,-0.045312370797504734,nan,0.007835344887775791,nan
364,-0.5335799480171879,nan,-0.04523746956913729,nan,0.0015585591145547075,nan
365,-0.5490837178975755,nan,-0.045152249713482216,nan,0.002063989147694522,nan
366,-1.0704977396342141,nan,-0.04495730465309927,nan,0.004697284571198653,nan
367,-1.516909857876919,nan,-0.04462992480184023,nan,0.010724216116431087,nan
368,-0.41401437583492495,nan,-0.044578410635799495,nan,0.0015376112436660983,nan
369,-0.43695173799178155,nan,-0.0445073333428091,nan,0.0016426221992366476,nan
370,-0.8269146765783686,nan,-0.0443221757974917,nan,0.0038562900318366545,nan
371,-0.7553255829163881,nan,-0.044182675588620844,nan,0.0030376418652011843,nan
372,-0.8302349919871859,nan,-0.0440097694230813,nan,0.0036261271206283778,nan
373,-1.0100511129972247,nan,-0.04381225051685663,nan,0.0052769335990734394,nan
374,-2.0352507936762008,nan,-0.04335367565385149,nan,0.017521871946223667,nan
375,-0.8961834216833524,nan,-0.043172777931977796,nan,0.004511390138477461,nan
376,-0.472693535000171,nan,-0.04310851428499424,nan,0.0017622585167513772,nan
377,-0.48375961905838677,nan,-0.04304950986301942,nan,0.0016292097605868417,nan
378,-0.6411048432919197,nan,-0.04295050754408972,nan,0.002389278598691014,nan
379,-1.3104952348299839,nan,-0.042664308846869115,nan,0.00784366385139286,nan
380,-0.45102566956479295,nan,-0.04262124162286407,nan,0.0013393072520909706,nan
381,-0.998125339701012,nan,-0.04244461918714785,nan,0.004610019248435333,nan
382,-0.9758808236471721,nan,-0.04223486250323779,nan,0.00521963197240471,nan
383,-0.3705059242689989,nan,-0.04221105673916148,nan,0.0014137154257094211,nan
384,-0.7263753185228545,nan,-0.04209300164415821,nan,0.0031348458178203863,nan
385,-1.8301255916503045,nan,-0.04164655031610646,nan,0.015641582711564562,nan
386,-0.42079954992110663,nan,-0.041591328980942775,nan,0.001296991185496194,nan
387,-0.46343728878361845,nan,-0.04151908995839395,nan,0.0017755095716885248,nan
388,-0.3957074216740147,nan,-0.04147975023516619,nan,0.0010523464457858726,nan
389,-0.8740346613869497,nan,-0.04133141414760718,nan,0.0032087028187904342,nan
390,-0.7868745220120548,nan,-0.04117577461470613,nan,0.003834383767916381,nan
391,-1.537650026295521,nan,-0.040832905887258054,nan,0.014184482448311785,nan
392,-0.7300953017652121,nan,-0.040697904289319645,nan,0.0033178263386963074,nan
393,-0.9603420277391094,nan,-0.04050221098147502,nan,0.004558117971887,nan
394,-0.7304353230944346,nan,-0.04037427559515355,nan,0.0034498958042632043,nan
395,-0.612358419328542,nan,-0.04026642501504728,nan,0.0025681921183936447,nan
396,-2.224981456586639,nan,-0.03978309817045243,nan,0.024058717651444454,nan
397,-1.588157933503322,nan,-0.039394560084546316,nan,0.011450087091956754,nan
398,-0.3968215303778688,nan,-0.03934959339334216,nan,0.001201348911479132,nan
399,-1.1668484336071496,nan,-0.03910654725426581,nan,0.006825720152137679,nan
400,-1.2253475174622952,nan,-0.03887100977581793,nan,0.0076208383466464715,nan
401,-0.6437878518486998,nan,-0.03876752306694891,nan,0.0024706581192989224,nan
402,-0.7995572467035452,nan,-0.038585499247658826,nan,0.0034717880743005175,nan
403,-0.46233687773497195,nan,-0.03852800135489476,nan,0.0017194361396889123,nan
404,-1.2730477740231516,nan,-0.038262066273203624,nan,0.00720878032699249,nan
405,-1.2550051030958547,nan,-0.03797031860401017,nan,0.006944473037047003,nan
406,-0.8629753223801051,nan,-0.037797340958953776,nan,0.004123525084558251,nan
407,-0.6562102787258596,nan,-0.03768893738955368,nan,0.002339253767707862,nan
408,-0.6735287276941522,nan,-0.03756330552523813,nan,0.0026071055767316635,nan
409,-0.755896961974187,nan,-0.03742972708098443,nan,0.0029434155001138505,nan
410,-0.9446302724140982,nan,-0.03725116025549541,nan,0.004402820626761558,nan
411,-0.5390515881302695,nan,-0.03716639659319335,nan,0.0016331374037540293,nan
412,-0.4156147934569548,nan,-0.03710483344875803,nan,0.0016901759065022465,nan
413,-1.1940492959605884,nan,-0.03684538319319416,nan,0.006214331674269946,nan
414,-1.9176889590346187,nan,-0.03645342286161422,nan,0.02122361829892673,nan
415,-0.5313251969137229,nan,-0.03635580060291975,nan,0.001964854307543104,nan
416,-0.7540598223109231,nan,-0.03621870829374807,nan,0.002965306558580921,nan
417,-0.6870239264889252,nan,-0.03612255906162754,nan,0.0027096150329319955,nan
418,-0.5455908399347893,nan,-0.03603567888166984,nan,0.0024348704845316357,nan
419,-0.447064218194548,nan,-0.0359768102876995,nan,0.0018202807814834531,nan
420,-0.8524077015348895,nan,-0.03581778382045015,nan,0.0037003738098095895,nan
421,-0.35488457339723556,nan,-0.035783737101874886,nan,0.0010931815225025537,nan
422,-0.39844629966713513,nan,-0.035737748037281206,nan,0.001576525022982719,nan
423,-1.981542634368216,nan,-0.035248177349937536,nan,0.018008789383264556,nan
424,-0.8160908815271327,nan,-0.035104306355567286,nan,0.0035557940491644092,nan
425,-0.37964234118154633,nan,-0.03507227415193437,nan,0.001499489777656701,nan
426,-0.46744734823466183,nan,-0.035000722321528545,nan,0.0013353468352094357,nan
427,-0.7627706500204531,nan,-0.034847010526813264,nan,0.00301325552303311,nan
428,-0.5710722565582371,nan,-0.034749392361698314,nan,0.002524464439710123,nan
429,-1.0237475903228517,nan,-0.03456317570226243,nan,0.005067896515616716,nan
430,-0.5439305139767818,nan,-0.03448616360661004,nan,0.0018322597421976956,nan
431,-0.6789482161330711,nan,-0.03438061861498731,nan,0.0025045998841869564,nan
432,-0.6751820310887379,nan,-0.03427470093279013,nan,0.0026859489082465982,nan
433,-0.40313967617564894,nan,-0.03421764080027942,nan,0.0012446281427800578,nan
434,-0.5695498060437196,nan,-0.034142666877025066,nan,0.0019093866593271462,nan
435,-0.830583397447269,nan,-0.03398842181991959,nan,0.0032222273811819114,nan
436,-0.7652588976302375,nan,-0.033844470754813984,nan,0.0029407370575222753,nan
437,-0.9270269750183033,nan,-0.033667404267753775,nan,0.004316733475799644,nan
438,-0.6075651205667548,nan,-0.033562414509507664,nan,0.002684598498578086,nan
439,-0.48146713383807765,nan,-0.03349352019558717,nan,0.001778957561897679,nan
440,-0.9799981536994353,nan,-0.03329456871322714,nan,0.004514636629930358,nan
441,-0.6238051309391576,nan,-0.033192587371839735,nan,0.0024792079813716525,nan
442,-0.6629324199249921,nan,-0.033090154735939306,nan,0.002541913255202417,nan
443,-1.0226215744391831,nan,-0.03286182922800616,nan,0.005260478346857329,nan
444,-0.6177209356439534,nan,-0.03274818335689432,nan,0.0027554092035387526,nan
445,-0.8242241656793257,nan,-0.032590299250623664,nan,0.0033975664695195663,nan
446,-1.1272914377082508,nan,-0.03235375314251819,nan,0.006207022091699831,nan
447,-1.235723283383983,nan,-0.03209156576333742,nan,0.008010410678675644,nan
448,-1.3756787166178486,nan,-0.03176025221379922,nan,0.0086988066146546,nan
449,-0.6201556253696114,nan,-0.031683923315812657,nan,0.0022126714037399645,nan
450,-2.106364370477231,nan,-0.031206926794594962,nan,0.020339814105291402,nan
451,-0.6458447681654087,nan,-0.031096285431857742,nan,0.0021470950769372265,nan
452,-0.5158815435217914,nan,-0.03101234479722353,nan,0.0017167021373996677,nan
453,-0.5262269451688658,nan,-0.030924389643227586,nan,0.001981062111611333,nan
454,-0.42969092410114784,nan,-0.030879237388744686,nan,0.0016090488754535233,nan
455,-0.5955551401972986,nan,-0.030758591971908132,nan,0.0023265429318244705,nan
456,-0.5695430500329812,nan,-0.030669031930553682,nan,0.0023250269656570847,nan
457,-0.4384495934889989,nan,-0.030618941516459407,nan,0.0015122446028256803,nan
458,-0.5825322732413516,nan,-0.03050382305415567,nan,0.0024906568974980784,nan
459,-0.5186178788776401,nan,-0.030416154574461847,nan,0.0018616564692135386,nan
460,-0.6804151238573481,nan,-0.030336822515544374,nan,0.002463478248239945,nan
461,-0.5334226784755999,nan,-0.030262341363467435,nan,0.0018901227457176345,nan
462,-0.5367327594646553,nan,-0.030173462752499023,nan,0.0019176811970287716,nan
463,-0.8418541327011262,nan,-0.0300263766421758,nan,0.0034151009354663696,nan
464,-0.4325789454394826,nan,-0.029963189182256808,nan,0.0015919461013979446,nan
465,-0.7826040977131014,nan,-0.029837967430783683,nan,0.002951157169006983,nan
466,-0.8946262124535846,nan,-0.029686870519044176,nan,0.005004901283910063,nan
467,-0.5206681908585982,nan,-0.02961011266349771,nan,0.002211466200103867,nan
468,-1.1940832044315923,nan,-0.029334207286415843,nan,0.007653324590197896,nan
469,-0.8228105993704444,nan,-0.029220118435603067,nan,0.00455508067738221,nan
470,-0.5811531824358358,nan,-0.02911221029673429,nan,0.0021734538492593266,nan
471,-1.1404947743845342,nan,-0.028873551808767387,nan,0.006263851474285981,nan
472,-0.4767051568011361,nan,-0.028815281040122032,nan,0.0016274516180257576,nan
473,-0.4269639803267994,nan,-0.028750995001845837,nan,0.0012872654160094835,nan
474,-0.7090893997985445,nan,-0.02862670209899821,nan,0.002425774311748076,nan
475,-1.2312541394012673,nan,-0.02839630242607297,nan,0.007829765093072356,nan
476,-0.6078949242349193,nan,-0.02829880118349741,nan,0.002782737578353783,nan
477,-1.236609784970279,nan,-0.028027464168862027,nan,0.006692215713560082,nan
478,-0.469550926377157,nan,-0.02795865869617832,nan,0.0017471178119669098,nan
479,-1.1781277603564757,nan,-0.027715696904362166,nan,0.007908016792590334,nan
480,-0.6093689254130346,nan,-0.027630157465852227,nan,0.002405407856785662,nan
481,-0.3730721250189622,nan,-0.027596473864728105,nan,0.0013420140441069478,nan
482,-1.3582622076169981,nan,-0.027294174891056344,nan,0.008600784398786856,nan
483,-0.9720723212472122,nan,-0.027093199509910224,nan,0.004533286852143938,nan
484,-0.7497321164127523,nan,-0.026965391671401672,nan,0.0031354705441090126,nan
485,-0.6217754532416552,nan,-0.026866248999305134,nan,0.0024678674647835575,nan
486,-0.7247220558359404,nan,-0.026731952346924985,nan,0.0028817768718471964,nan
487,-0.8721103137724695,nan,-0.026566398598639317,nan,0.003718757531043954,nan
488,-0.6348068318115904,nan,-0.02649715039272068,nan,0.0020033379784343826,nan
489,-0.6270897581424073,nan,-0.02641259515278843,nan,0.0021368618037585236,nan
490,-0.9756477240375471,nan,-0.026206897545116487,nan,0.004677716592922607,nan
491,-1.5289459545283355,nan,-0.025878553324528052,nan,0.01086188195878098,nan
492,-0.5626055871909619,nan,-0.025800109917375618,nan,0.00194130320303756,nan
493,-0.5447576019891841,nan,-0.025737569388295564,nan,0.0023155441914873916,nan
494,-0.9954356486345444,nan,-0.025516408247232353,nan,0.004703791870585717,nan
495,-0.5435434617540305,nan,-0.02542341409019593,nan,0.0019164078871655465,nan
496,-0.5379438121431174,nan,-0.02533027950052583,nan,0.002031012861690179,nan
497,-0.7431840465882408,nan,-0.025209187986273623,nan,0.0031008919176367363,nan
498,-0.8920272906309868,nan,-0.025026924608652554,nan,0.004398215534488822,nan
499,-0.8562453856408866,nan,-0.024868655100379566,nan,0.0030780857976245553,nan
500,-0.5741103399212238,nan,-0.024766737323714053,nan,0.002251725898835645,nan
501,-0.5091115478406155,nan,-0.024689013329873142,nan,0.0017546198905364725,nan
502,-0.513650714391119,nan,-0.024622657461329068,nan,0.0018052389209143092,nan
503,-0.5425164645770212,nan,-0.02456551706184394,nan,0.001986338553398421,nan
504,-0.6079798016585082,nan,-0.02446558022967899,nan,0.0026122080540587093,nan
505,-1.042833044468663,nan,-0.024254847785620037,nan,0.00563080577807291,nan
506,-0.6038967839596424,nan,-0.024159590004302053,nan,0.0021843687930198667,nan
507,-0.6674563626476874,nan,-0.024047963492244903,nan,0.002833381478351228,nan
508,-1.1498502747902721,nan,-0.023793804013854895,nan,0.006771853104317875,nan
509,-0.6075000247802188,nan,-0.023709144409718736,nan,0.002540031963294664,nan
510,-0.6500466820920503,nan,-0.02361030542815827,nan,0.0024052605253340924,nan
511,-0.6843412205916323,nan,-0.023481658606615163,nan,0.002546084912244463,nan
512,-0.5893385402339788,nan,-0.023376325277817373,nan,0.002213092561156295,nan
513,-0.5283050730425654,nan,-0.023307653753651885,nan,0.0020379125724483645,nan
514,-0.6291135438424271,nan,-0.023190391406543477,nan,0.0026930713928823135,nan
515,-0.4040945992390571,nan,-0.02313293116546015,nan,0.0015707686270369054,nan
516,-0.5932090249942189,nan,-0.02305548841229243,nan,0.0024390486931744134,nan
517,-1.266670253377057,nan,-0.022786439934215967,nan,0.007406127214261233,nan
518,-0.43960022756002004,nan,-0.022723964353788144,nan,0.0016254904853427222,nan
519,-0.5288631299392148,nan,-0.02266517417550715,nan,0.002046877439587765,nan
520,-0.4351442293047648,nan,-0.02261615622700828,nan,0.00188907329859162,nan
521,-0.9553056204812811,nan,-0.02240068498603926,nan,0.004158432373281262,nan
522,-0.5610847353858545,nan,-0.02231524513480149,nan,0.0021679297828946227,nan
523,-0.5451113366919026,nan,-0.02222338377629075,nan,0.002191230632349139,nan
524,-0.5533244521501081,nan,-0.022142512962649963,nan,0.002364291418890818,nan
525,-0.589788943164337,nan,-0.022055530843803114,nan,0.0024868835276115955,nan
526,-0.47190113110646303,nan,-0.021994610723144726,nan,0.0016740664770813327,nan
527,-0.6069068976163603,nan,-0.021895711622183147,nan,0.002370869241132677,nan
528,-1.0859292325848278,nan,-0.021680466853551586,nan,0.006087909691136314,nan
529,-0.4235137595905701,nan,-0.021622053187530504,nan,0.002093576388206414,nan
530,-0.7625216182480045,nan,-0.02149670276270468,nan,0.0027628704531624613,nan
531,-0.931233989110947,nan,-0.021316350178929425,nan,0.004358357962967655,nan
532,-0.448234273381329,nan,-0.021248550041488498,nan,0.0016663661248672267,nan
533,-0.7947897819173305,nan,-0.021088468261076077,nan,0.0036759179196283725,nan
534,-0.3537387654659218,nan,-0.021044224330481164,nan,0.0011521294148123713,nan
535,-0.41477259178143494,nan,-0.020984685262988134,nan,0.0015668104764694722,nan
536,-1.0058225750847256,nan,-0.020783485553044528,nan,0.005181229802465209,nan
537,-0.49288081982368653,nan,-0.02072802338577885,nan,0.0019678547580642227,nan
538,-0.7326942568664416,nan,-0.020587047670076707,nan,0.0027924472095758146,nan
539,-0.5432027052345846,nan,-0.020515394261725287,nan,0.0016621872546608353,nan
540,-1.8480555361904127,nan,-0.020118601112848113,nan,0.016980278273132338,nan
541,-0.4596925919295429,nan,-0.020053364636312673,nan,0.001889821335687507,nan
542,-0.9670316920662968,nan,-0.01984304896103564,nan,0.005338367604300456,nan
543,-0.593305011201334,nan,-0.01975675548558244,nan,0.001899194911173211,nan
544,-0.3530235667015852,nan,-0.019720701211666948,nan,0.001215278868086564,nan
545,-1.2234008956772273,nan,-0.019468346471278417,nan,0.006706404100949126,nan
546,-0.4277602805276126,nan,-0.019403572115646736,nan,0.0014305497147141025,nan
547,-1.0137656696869295,nan,-0.019215902288064014,nan,0.005483564403312647,nan
548,-1.0598466793713175,nan,-0.019018264435330622,nan,0.00581607532971921,nan
549,-0.5456785012326907,nan,-0.01892810429254098,nan,0.0021940250310528856,nan
550,-0.43257381438541903,nan,-0.018871642985709258,nan,0.0015794594182895758,nan
551,-0.7224831090256919,nan,-0.018771198869764708,nan,0.0029221291427260197,nan
552,-0.7816144283017249,nan,-0.01863503688428349,nan,0.003366158108593515,nan
553,-0.39548223126463017,nan,-0.018588936021661097,nan,0.0012738413203298715,nan
554,-0.7844663838593084,nan,-0.018448538796275497,nan,0.0036215175757080328,nan
555,-0.9136889288700667,nan,-0.018279703508066805,nan,0.0042372362486490745,nan
556,-1.0153425743041233,nan,-0.018079275045394586,nan,0.004571300985153406,nan
557,-0.5147177702829391,nan,-0.01800174470807911,nan,0.0018599097321923103,nan
558,-1.0350758356451055,nan,-0.017809864634532477,nan,0.00796668434745429,nan
559,-1.109195926124188,nan,-0.01756063356312248,nan,0.006601629864102152,nan
560,-0.450963055995536,nan,-0.017501850555423967,nan,0.0016388716355327116,nan
561,-0.7285323001728831,nan,-0.01736973008700674,nan,0.002999169870123677,nan
562,-0.4871712405520826,nan,-0.01729428601027267,nan,0.0016759207666086535,nan
563,-0.46577515156319693,nan,-0.017238395702866914,nan,0.0016095360080888995,nan
564,-0.8901216222612207,nan,-0.017054168368826096,nan,0.00450512880441891,nan
565,-0.94946835273235,nan,-0.01686556903075452,nan,0.0048894065216276116,nan
566,-0.5058066283248099,nan,-0.016804836471740005,nan,0.0016361306151044907,nan
567,-0.6871474246036073,nan,-0.016690452844539072,nan,0.0023859251938015314,nan
568,-0.7695838602148296,nan,-0.01656774585683731,nan,0.0028371346318649317,nan
569,-0.4888305574408511,nan,-0.016490082748562018,nan,0.00201130537715791,nan
570,-0.9260310424776326,nan,-0.016306446802217198,nan,0.004449993388736307,nan
571,-0.5516517861355628,nan,-0.016226145223973185,nan,0.001811344484111672,nan
572,-0.7806359515668503,nan,-0.01609740591065488,nan,0.003319515685613787,nan
573,-1.7268815136833295,nan,-0.01573825027156366,nan,0.014278536876231056,nan
574,-1.223435451668758,nan,-0.015461792070842504,nan,0.008235481223509578,nan
575,-0.9671198176169564,nan,-0.015239160872588168,nan,0.004950058089559441,nan
576,-0.7717212387766634,nan,-0.015101988381411883,nan,0.0034523388373187166,nan
577,-0.9067709064606988,nan,-0.014926405008131626,nan,0.004273064384345664,nan
578,-0.6878415659027962,nan,-0.01481314427133925,nan,0.002769847535714105,nan
579,-1.4972284489133125,nan,-0.014499789060603075,nan,0.010937004876526421,nan
580,-0.6648834982078513,nan,-0.014383968526496295,nan,0.002771982033244846,nan
581,-0.853560550280692,nan,-0.01421989061967348,nan,0.003928930348023394,nan
582,-0.594515064407868,nan,-0.014128936355166155,nan,0.0020006081383590977,nan
583,-0.46799093001503483,nan,-0.014061340849660198,nan,0.001686764745122943,nan
584,-1.3064126160678031,nan,-0.01379189460286033,nan,0.01145696126773457,nan
585,-0.4681009749405018,nan,-0.01373496027013152,nan,0.0014896290995114185,nan
586,-0.5249530140689271,nan,-0.013663417164468311,nan,0.002233405691573891,nan
587,-0.7409045497122554,nan,-0.013525834339432772,nan,0.003583103146125664,nan
588,-1.0032369781862867,nan,-0.013301819888812072,nan,0.005112924734239271,nan
589,-0.7897918562254884,nan,-0.013166390339418662,nan,0.003441287329304473,nan
590,-0.561041805829311,nan,-0.01306631046434837,nan,0.0020172028788691906,nan
591,-0.44522523266360226,nan,-0.01300242881577699,nan,0.0014052453724826466,nan
592,-0.8381632271008225,nan,-0.012834854174252343,nan,0.003787904129042846,nan
593,-0.9097592801220078,nan,-0.012681261339745613,nan,0.003969530674065815,nan
594,-0.920173611142181,nan,-0.012509379167656771,nan,0.003777605926551868,nan
595,-0.4440134939657133,nan,-0.012449727732581456,nan,0.0013591355431889658,nan
596,-0.6288905135684044,nan,-0.012344500164703495,nan,0.002357904692786928,nan
597,-0.42529192815411043,nan,-0.01227609957343666,nan,0.0016067205033700564,nan
598,-0.5629794097104414,nan,-0.012171455043921186,nan,0.0021065700706425074,nan
599,-0.7960787416381656,nan,-0.012018015414629834,nan,0.004226920965575189,nan
600,-0.492645102536342,nan,-0.011954383574893312,nan,0.0017879146614542642,nan
601,-0.5164405809973783,nan,-0.011875769808743887,nan,0.002312020601391648,nan
602,-1.1709390107683773,nan,-0.011618536319922072,nan,0.006664835785278068,nan
603,-0.8912436450532585,nan,-0.01146299508637955,nan,0.003589190485022106,nan
604,-0.5337286304616504,nan,-0.011390809898921578,nan,0.0020631925447890513,nan
605,-0.7064975977403283,nan,-0.011260852592333687,nan,0.0029138589790854235,nan
606,-0.43005699091524113,nan,-0.011227862395012675,nan,0.001587277042999353,nan
607,-0.4998967466445946,nan,-0.011165590569186954,nan,0.0019266652507844914,nan
608,-0.7386419371077496,nan,-0.011034493229017502,nan,0.0029635470216686196,nan
609,-0.916675837157903,nan,-0.010878339761936596,nan,0.00445467319933395,nan
610,-0.6230846450048059,nan,-0.010783780362954347,nan,0.002426416790669482,nan
611,-0.7451515537715153,nan,-0.01064265283863915,nan,0.002820408224324866,nan
612,-0.6487115350937028,nan,-0.010555939441063667,nan,0.002410667321766059,nan
613,-0.6606523798108148,nan,-0.0104542155776688,nan,0.002351308236907628,nan
614,-0.41975311675140364,nan,-0.010411879865033084,nan,0.001710217797884504,nan
615,-0.9060544633867522,nan,-0.010244578883568839,nan,0.004194953893917126,nan
616,-0.34651944620954095,nan,-0.010212316596538198,nan,0.0011511860235351769,nan
617,-0.6628201717291198,nan,-0.010095142419411868,nan,0.0027889626073534807,nan
618,-0.39406921011205553,nan,-0.010043676352414588,nan,0.0012921827833996264,nan
619,-0.7052527962593844,nan,-0.00991262169409972,nan,0.0031055061788205045,nan
620,-0.440018703217939,nan,-0.009854663938829946,nan,0.0018203042325740518,nan
621,-0.6184025108013143,nan,-0.009755719085723554,nan,0.0023213879796178567,nan
622,-0.44988887529707566,nan,-0.009699851652792907,nan,0.001993951333168007,nan
623,-1.1979209203577366,nan,-0.009456311425182785,nan,0.008307356805212846,nan
624,-0.7319351738058621,nan,-0.009335316294664695,nan,0.0029551055367896075,nan
625,-1.4172383242741549,nan,-0.009040908239808725,nan,0.00928885624579968,nan
626,-0.30545405249762675,nan,-0.0090098140371191,nan,0.00107032735741424,nan
627,-0.6915500486269491,nan,-0.008889203615358717,nan,0.002785379266896138,nan
628,-0.48936456709524817,nan,-0.008831277408522208,nan,0.001756628797943184,nan
629,-0.6367045462662594,nan,-0.008723470239082097,nan,0.0025321502001737816,nan
630,-0.5015819528261084,nan,-0.00867310459676886,nan,0.0020741596693790265,nan
631,-1.059554226307605,nan,-0.008470554763148445,nan,0.005604329511461529,nan
632,-1.2080697789880497,nan,-0.008211438693886996,nan,0.006733889390109464,nan
633,-0.5021051327752982,nan,-0.008137370573432747,nan,0.002035878163821274,nan
634,-1.1568239698067708,nan,-0.007884347603500812,nan,0.0075226916656551185,nan
635,-0.723716460667083,nan,-0.007763033027529923,nan,0.0030815257809980704,nan
636,-0.8349470904440871,nan,-0.007604739121545264,nan,0.003461434968833392,nan
637,-0.8904824085359028,nan,-0.007406273237683668,nan,0.004371790105490625,nan
638,-1.1954855026714573,nan,-0.0071661440363259945,nan,0.006118274967004152,nan
639,-1.3170264541305976,nan,-0.006861922911150492,nan,0.008681120028500154,nan
640,-0.5825728393740944,nan,-0.006769745436260736,nan,0.002307814139943975,nan
641,-0.4004347464728332,nan,-0.0067090217523356225,nan,0.0017889643494812253,nan
642,-0.482440396704602,nan,-0.0066509822402583485,nan,0.002063828470138618,nan
643,-1.126115485465564,nan,-0.006438339690340621,nan,0.006011444073286732,nan
644,-0.4605170091015852,nan,-0.006382132705123881,nan,0.0017302102846064285,nan
645,-0.3766583365756044,nan,-0.006327434360963589,nan,0.001470726336221384,nan
646,-0.647866176995825,nan,-0.006229436379736973,nan,0.002527452821553653,nan
647,-0.6230975660086738,nan,-0.006128371301271069,nan,0.0027013097914940047,nan
648,-0.8000711592053833,nan,-0.00596434259929631,nan,0.0038580248906520554,nan
649,-0.8600409123348105,nan,-0.005776893836423074,nan,0.004031528619166027,nan
650,-0.9577248600525298,nan,-0.005585029982142921,nan,0.004958580181423509,nan
651,-0.5796423683264208,nan,-0.005486728389627444,nan,0.0018614105238345478,nan
652,-1.1055852119627996,nan,-0.0052608344497603035,nan,0.0068923236673383995,nan
653,-0.32566470022039895,nan,-0.005224993735871903,nan,0.0013814262010604335,nan
654,-0.8368515134548197,nan,-0.005050891742495637,nan,0.003941154751903532,nan
655,-0.7215782760070708,nan,-0.004934753772152606,nan,0.002892729356992427,nan
656,-0.5410934571138516,nan,-0.004855449311998861,nan,0.0020131953223098023,nan
657,-0.35884530354552796,nan,-0.004828684957029318,nan,0.0013052155270726212,nan
658,-1.2651396103369121,nan,-0.004587442441344108,nan,0.010159584093337356,nan
659,-0.39311402872358964,nan,-0.004542365848351402,nan,0.0014550316716372552,nan
660,-0.44911658888049383,nan,-0.004484915520592677,nan,0.0020792866866159916,nan
661,-0.6454521926454693,nan,-0.004351230722846877,nan,0.002630950629922241,nan
662,-0.38292870806699625,nan,-0.004306906912112769,nan,0.0011157785706232008,nan
663,-0.5722455885075601,nan,-0.004198536794171469,nan,0.0019014451131166296,nan
664,-0.7401821768127027,nan,-0.004043429957974829,nan,0.0027714251676525955,nan
665,-0.5621101579765762,nan,-0.003961253652327472,nan,0.0018029534632821,nan
666,-1.1778873492248587,nan,-0.0037165256400332023,nan,0.006876450393809207,nan
667,-0.5549347298294754,nan,-0.003627469427560635,nan,0.002045163562791715,nan
668,-0.658972530715249,nan,-0.003523131346763047,nan,0.003163765954477091,nan
669,-0.52161074388399,nan,-0.0034431813485742016,nan,0.0021497834007465537,nan
670,-0.6339082140140441,nan,-0.003353378215287828,nan,0.002249578055604591,nan
671,-0.4856700486748201,nan,-0.0032917798036023395,nan,0.002131690644970507,nan
672,-1.3910983691056271,nan,-0.003017779525540841,nan,0.008667189870100357,nan
673,-0.6243980815721573,nan,-0.002936133170693902,nan,0.002165171347359638,nan
674,-0.5369477408386734,nan,-0.0028536714272524018,nan,0.0018384272934650304,nan
675,-0.6492092601783397,nan,-0.0027397088290702165,nan,0.0022944553340017893,nan
676,-0.4925796694009141,nan,-0.0026595176051325757,nan,0.0020539680567735847,nan
677,-1.1289230263351666,nan,-0.002436779972695951,nan,0.005918307102678271,nan
678,-0.5300180553015482,nan,-0.002348536756708602,nan,0.002328003626039004,nan
679,-1.2942471124778276,nan,-0.002050390080513928,nan,0.008174779113686095,nan
680,-0.6674442545230234,nan,-0.0019506677549167475,nan,0.0025225800799074543,nan
681,-0.4151407371927153,nan,-0.0019037689559646513,nan,0.0014764891446692214,nan
682,-1.6559980481287009,nan,-0.0015578917092052395,nan,0.012405591184131034,nan
683,-0.6066780864505338,nan,-0.0014397695656101202,nan,0.0025681095262616973,nan
684,-0.7868589416277572,nan,-0.00128617669209977,nan,0.003472348759434983,nan
685,-0.4571223441376438,nan,-0.0012242355388158768,nan,0.0013051759495634175,nan
686,-0.5322972084847298,nan,-0.001173741496223337,nan,0.0016935490499243558,nan
687,-0.42699844840955753,nan,-0.00111439834644571,nan,0.001663354724993119,nan
688,-0.42126744587799536,nan,-0.001054571094545947,nan,0.0018564201015234061,nan
689,-1.219686127617093,nan,-0.0008019127370430802,nan,0.007629364909759458,nan
690,-0.9376359944972,nan,-0.0006096676365090139,nan,0.004501571923527409,nan
691,-0.41440988105357496,nan,-0.000574512871025344,nan,0.0015973298869259446,nan
692,-0.5889663066197007,nan,-0.00048706834769069216,nan,0.0023737943699571533,nan
693,-0.7064528684764612,nan,-0.00035060233412953333,nan,0.0026805088064532504,nan
694,-0.47911993529749547,nan,-0.0002927736009724724,nan,0.0017450828557957201,nan
695,-0.6450409029582432,nan,-0.00017690338334389968,nan,0.002520213496833733,nan
696,-0.6469740600959115,nan,-9.108825060661956e-05,nan,0.0024955993682464176,nan
697,-0.5388989335791551,nan,-2.1073327782881715e-05,nan,0.0019743322677554702,nan
698,-0.44278178196356294,nan,3.605727798314384e-05,nan,0.0018764321301189735,nan
699,-0.5380957158422491,nan,0.00011587140829882947,nan,0.002107035838155198,nan
700,-0.37377787343134933,nan,0.00015206801125039666,nan,0.0013400711778277412,nan
701,-0.8536226029635454,nan,0.0003219512291718781,nan,0.004889952157666248,nan
702,-0.5732172542944733,nan,0.0003926461949299492,nan,0.0021551265845313767,nan
703,-0.47766927404759735,nan,0.0004322288225082044,nan,0.0014940770779319262,nan
704,-0.6068731879128415,nan,0.0005273409402049864,nan,0.002078734298949301,nan
705,-0.4681106648686454,nan,0.0005934378520160642,nan,0.0014934422278077475,nan
706,-0.773631020967907,nan,0.0007307396397341675,nan,0.0033032496408592037,nan
707,-1.1867498485654377,nan,0.0009859336577320292,nan,0.006823544471831197,nan
708,-0.7308399358683,nan,0.001120619429302642,nan,0.003202900970303169,nan
709,-0.7822609924292403,nan,0.0012546043727248856,nan,0.0033607593234748073,nan
710,-0.8410041120831441,nan,0.001430237893143786,nan,0.0038520532820112002,nan
711,-1.5165199373146074,nan,0.001781529190516477,nan,0.010535179305133572,nan
712,-0.5645560704732949,nan,0.0018559716409616218,nan,0.002039119101253688,nan
713,-0.6511908144373452,nan,0.0019591752545829615,nan,0.0024962382142802823,nan
714,-0.5166996908999366,nan,0.0020259687541348418,nan,0.0020763564848390497,nan
715,-0.562127263642388,nan,0.0020960250533165283,nan,0.0018685313767304698,nan
716,-0.3748924653792183,nan,0.0021335173558396036,nan,0.0014533450796504887,nan
717,-0.5412999378683657,nan,0.0022246207737899922,nan,0.002513694105941267,nan
718,-0.8281294153566416,nan,0.0023888202640917804,nan,0.0034713230620897003,nan
719,-0.38370374610085434,nan,0.002433888564582465,nan,0.001255046829288247,nan
720,-0.6753254805569017,nan,0.002557145229792382,nan,0.002288555826087338,nan
721,-0.44657647814401463,nan,0.0026083564354240072,nan,0.0014773186505165103,nan
722,-0.7581831326882357,nan,0.0027530713302978895,nan,0.003190003659824403,nan
723,-0.849156920691209,nan,0.002901915157127625,nan,0.0039697378787333865,nan
724,-0.8587118192340513,nan,0.0030634256973273207,nan,0.00358532285416672,nan
725,-0.9828018776089378,nan,0.0032506575220044,nan,0.005147169339974314,nan
726,-0.49885970948622027,nan,0.0033143099135445127,nan,0.0015800134790020374,nan
727,-1.0010157686322676,nan,0.0035267579980113473,nan,0.004642237822045071,nan
728,-0.44048166797958554,nan,0.003570143029791998,nan,0.001802272409456571,nan
729,-0.33229398442938834,nan,0.0036093492027122072,nan,0.0011296258817964093,nan
730,-0.6949051174190005,nan,0.0037269119924149,nan,0.003539761071932429,nan
731,-0.9027888551574746,nan,0.0038943744013785566,nan,0.004505634224039708,nan
732,-0.730849709685667,nan,0.004036623384691056,nan,0.002782571394728242,nan
733,-0.9598794921698527,nan,0.004224051037734343,nan,0.005024030627741729,nan
734,-0.2748000698770519,nan,0.0042427160216248995,nan,0.0011699601869768783,nan
735,-0.3857136332555061,nan,0.004277800231820976,nan,0.0014761705106330898,nan
736,-0.638704005567378,nan,0.00438827386009887,nan,0.0023159686140017508,nan
737,-0.4860278897595819,nan,0.004461961572216529,nan,0.0015406900309369266,nan
738,-0.5958107141908681,nan,0.004549562229963531,nan,0.0023516248874314097,nan
739,-0.36217969425663504,nan,0.004590104161029287,nan,0.0011212536188234818,nan
740,-0.5949517519385986,nan,0.004650686985686477,nan,0.0020203035429992348,nan
741,-1.0682851426738076,nan,0.0048846656117002285,nan,0.0052775627095970725,nan
742,-0.6112456122135936,nan,0.004987832647552943,nan,0.002351748068608553,nan
743,-0.40376218583397505,nan,0.005024577096849043,nan,0.0017782233775903758,nan
744,-0.6272111135966744,nan,0.0051312757493135385,nan,0.0018957811271337662,nan
745,-0.4737235832613823,nan,0.005185520395384308,nan,0.001676501237072776,nan
746,-0.6886180372014413,nan,0.005290762389817584,nan,0.002199015922813871,nan
747,-0.6817667777591605,nan,0.00539553162355745,nan,0.0028099757212822953,nan
748,-0.6223511808110219,nan,0.005503157161461099,nan,0.002493915314725007,nan
749,-0.6132092068152223,nan,0.005617706574299789,nan,0.002275207222084328,nan
750,-0.5040444621628464,nan,0.005685349709410361,nan,0.0017782803703924133,nan
751,-0.6414919824914687,nan,0.005799518558854786,nan,0.0023886156541962815,nan
752,-1.12989778892599,nan,0.0060462363445903415,nan,0.0068142557815379845,nan
753,-0.5708966359948653,nan,0.006116813717360329,nan,0.0022147221621490925,nan
754,-0.5550627792978924,nan,0.006199977131230589,nan,0.002455610643656711,nan
755,-0.3946800127161822,nan,0.006249214397646161,nan,0.001376319134869253,nan
756,-0.5113960697684384,nan,0.006334751244133591,nan,0.0021974841040187385,nan
757,-0.9978502449652354,nan,0.006552032355823466,nan,0.005343033844722363,nan
758,-0.4541513254939669,nan,0.006600896354295151,nan,0.0019525686118993582,nan
759,-0.6514270414703006,nan,0.006706717309765196,nan,0.0027822793914582212,nan
760,-0.7162649797375014,nan,0.006826659789567959,nan,0.0025096251866167933,nan
761,-0.6656458052091994,nan,0.006946835969438578,nan,0.0026611587257551338,nan
762,-0.6393528775555594,nan,0.0070461329628843435,nan,0.0025873108664174445,nan
763,-0.5575023857357025,nan,0.007125329984605198,nan,0.0022768722967826983,nan
764,-0.6138219153786356,nan,0.0072229817486357175,nan,0.0024808129271779453,nan
765,-0.5511638363375745,nan,0.0073021990155901,nan,0.0020817801109288755,nan
766,-1.4046307047959616,nan,0.00763656570217897,nan,0.010163335626969736,nan
767,-0.9144353472801808,nan,0.007809007925459376,nan,0.004614711236101271,nan
768,-0.34095759806315445,nan,0.007838654200599562,nan,0.0013725046986659598,nan
769,-0.4544511439674169,nan,0.007891310014479375,nan,0.0016235307348171277,nan
770,-0.4251935910821852,nan,0.007929400997955038,nan,0.0012704618917377193,nan
771,-0.33760565758560335,nan,0.007963061633084016,nan,0.0014739023823804461,nan
772,-0.5584121747947962,nan,0.008049912923498069,nan,0.001904705106556274,nan
773,-0.7001350702390161,nan,0.008173880585704753,nan,0.002593110783501176,nan
774,-0.5545099388016859,nan,0.008243970094894696,nan,0.002195823634023203,nan
775,-0.563322118449954,nan,0.008343750103790872,nan,0.002463563425823832,nan
776,-0.4685578127689796,nan,0.008414002244186019,nan,0.0018202436853925568,nan
777,-0.6381687489910426,nan,0.00852917654668125,nan,0.0024681381865025867,nan
778,-0.7003423181486778,nan,0.008662398990947862,nan,0.0029022637416603915,nan
779,-1.1922950788708004,nan,0.008943265857483904,nan,0.00755878843674612,nan
780,-1.3611724462408825,nan,0.00927710665320188,nan,0.008953675128551077,nan
781,-0.5784545463863371,nan,0.009357882156886444,nan,0.0018975582351453359,nan
782,-0.9973199755112911,nan,0.009531784338440616,nan,0.00475994039725571,nan
783,-0.4482494999674723,nan,0.00958712132951517,nan,0.0015203357989572984,nan
784,-0.5495913979171118,nan,0.00968308556710214,nan,0.002297707301886934,nan
785,-0.6310154628945066,nan,0.009779712970042414,nan,0.002095949742339298,nan
786,-0.5633427658863186,nan,0.009861478134256592,nan,0.0019328420055608378,nan
787,-0.3910683429720795,nan,0.00991371246046612,nan,0.001329926877151035,nan
788,-0.403654858807881,nan,0.009977387432045725,nan,0.0013476038332251778,nan
789,-0.3731530429059208,nan,0.010017015714393137,nan,0.001153483988533986,nan
790,-0.5508938659045605,nan,0.010106792764248043,nan,0.0021313476479284344,nan
791,-0.49517011585584464,nan,0.010178981588091524,nan,0.0018492896655381576,nan
792,-0.7406103786368401,nan,0.010322744895986974,nan,0.0026746142256980124,nan
793,-0.777272541441139,nan,0.010459517844764402,nan,0.003226480924706179,nan
794,-0.5686754322203992,nan,0.010532177336331404,nan,0.0020563394562031954,nan
795,-0.5952217213055505,nan,0.010641451193142705,nan,0.002055700333353225,nan
796,-0.6804443462624546,nan,0.010765030991034147,nan,0.0024104320983551124,nan
797,-0.5029653383518657,nan,0.010828822520920812,nan,0.001957766043384726,nan
798,-0.7265442288791203,nan,0.010982065852039948,nan,0.003031066395372775,nan
799,-0.42649162372191884,nan,0.011035759737865043,nan,0.0016884427535647684,nan
800,-0.6197097430074855,nan,0.011148052006904951,nan,0.0023060757408474605,nan
801,-0.35945796353389176,nan,0.011184775185886583,nan,0.0010202175541437575,nan
802,-1.0147305970401936,nan,0.011345137529611806,nan,0.0051873785218220295,nan
803,-0.5347627386511301,nan,0.011434122211321243,nan,0.002172032128692943,nan
804,-0.44494144843261973,nan,0.01146861092614863,nan,0.0014921551374127563,nan
805,-0.4618805813526551,nan,0.01152556294607167,nan,0.0018049246147599513,nan
806,-0.5640088001180061,nan,0.01159043357203368,nan,0.0018567460680323695,nan
807,-0.5287961840917942,nan,0.011664076192849858,nan,0.0019264198932022305,nan
808,-0.462474014876844,nan,0.011725815400123409,nan,0.0020264101386876406,nan
809,-0.51468523709814,nan,0.011807757386282675,nan,0.0021729541204235847,nan
810,-0.3924714384519217,nan,0.011850286393666486,nan,0.0014698504145198867,nan
811,-0.44341149549917336,nan,0.011892253908952023,nan,0.001678817113824298,nan
812,-0.8485262384983809,nan,0.012049726234383943,nan,0.004270421728484666,nan
813,-0.5880419371301859,nan,0.01214468171012094,nan,0.0020653028945532654,nan
814,-0.432898120121379,nan,0.012192816001696947,nan,0.001409927385534417,nan
815,-1.2197927864088152,nan,0.012448454266945169,nan,0.006418276674542649,nan
816,-1.134681299761879,nan,0.012671792872709428,nan,0.006483526345975903,nan
817,-0.6302591640907583,nan,0.012773205849640572,nan,0.002324185750897111,nan
818,-0.664321390378537,nan,0.01288101442420728,nan,0.003128207954370531,nan
819,-0.4253650852211104,nan,0.01294094996998228,nan,0.0015735726533850798,nan
820,-0.41574321797145597,nan,0.012994225232184877,nan,0.0011163635255827258,nan
821,-0.4414128343155885,nan,0.013041707335652198,nan,0.0014457195776412324,nan
822,-0.544913488683156,nan,0.013106753877118932,nan,0.0017883057279116073,nan
823,-0.6008786257128322,nan,0.013202176240816241,nan,0.0023640885391110985,nan
824,-0.8261153408848194,nan,0.013349861829636768,nan,0.003241188489200494,nan
825,-1.8391393363245843,nan,0.013766155927908008,nan,0.01420585590267582,nan
826,-0.759324343530017,nan,0.013919843386698879,nan,0.003573108907666946,nan
827,-0.39734721166158465,nan,0.013946154821951022,nan,0.001432162126685297,nan
828,-0.497339506884042,nan,0.01402210353283911,nan,0.001898847307864073,nan
829,-0.5420234622470627,nan,0.014118030211121013,nan,0.002019776144092396,nan
830,-1.149114429712899,nan,0.014347215777937527,nan,0.007491868055689431,nan
831,-0.58268581889148,nan,0.014429390100990147,nan,0.0021048215462784285,nan
832,-0.9180751743196471,nan,0.014620203609581179,nan,0.005021453751999928,nan
833,-0.4209904978065589,nan,0.014655391302375576,nan,0.001276669737744401,nan
834,-0.44597346489676587,nan,0.014717117213033615,nan,0.0014055703974657366,nan
835,-0.7785059324325398,nan,0.01486111223388798,nan,0.0033678775065366278,nan
836,-2.195025973845751,nan,0.01537145097402549,nan,0.022145030468518522,nan
837,-0.4619424085221482,nan,0.015415054918148633,nan,0.0016970504480764606,nan
838,-0.613574965776174,nan,0.015513892975034655,nan,0.0024237554863536285,nan
839,-0.4845105999823981,nan,0.015595971732174954,nan,0.0018190909010619197,nan
840,-0.6085441041781303,nan,0.015690921038818733,nan,0.002896176415172987,nan
841,-0.4711365400221797,nan,0.015750282112304725,nan,0.0016802572043286895,nan
842,-1.5373856479892534,nan,0.016088940173085813,nan,0.011111895719481684,nan
843,-0.4818322811895755,nan,0.016152757166986977,nan,0.0016588608253367376,nan
844,-0.6422609914687655,nan,0.016254508421522262,nan,0.0025162406740926045,nan
845,-0.5949286324113406,nan,0.01632628130134469,nan,0.0021477011311767566,nan
846,-0.5418973127406537,nan,0.01639433039309725,nan,0.00199302780722605,nan
847,-0.7627914319108764,nan,0.016526321795710588,nan,0.0034609165163639564,nan
848,-0.4117276077044418,nan,0.01657642782521757,nan,0.0017096642265823894,nan
849,-0.33971376877276316,nan,0.016612480989033885,nan,0.0011520761509375777,nan
850,-0.6770232629550448,nan,0.016736851910758816,nan,0.003067737934260455,nan
851,-0.7287763199191247,nan,0.016868805528165977,nan,0.003600281288491942,nan
852,-0.6523349537010543,nan,0.016977927515077092,nan,0.0024481135603836557,nan
853,-0.5524396515258361,nan,0.017063220254611634,nan,0.0021509945074602347,nan
854,-0.883897419309824,nan,0.01723299272592446,nan,0.00436976400456431,nan
855,-0.517601242809024,nan,0.017321244770562714,nan,0.002075631551206799,nan
856,-0.3870656755630495,nan,0.017368484327232942,nan,0.0012347041623375725,nan
857,-0.39136298613704584,nan,0.017415440934221184,nan,0.0012859250675190254,nan
858,-1.0290814910139743,nan,0.017629995293419756,nan,0.005031258283704379,nan
859,-0.5027046100251643,nan,0.017697770631361118,nan,0.0020182883015682227,nan
860,-0.7156101434775524,nan,0.01782287993604886,nan,0.003117541758938049,nan
861,-0.46720571603171834,nan,0.017871493241131988,nan,0.001833302401372356,nan
862,-0.3703628866267575,nan,0.01791228713577106,nan,0.0011976266592102912,nan
863,-0.5078431799624612,nan,0.017990153561264745,nan,0.0016323815908221907,nan
864,-0.4511304080039596,nan,0.018058541506241674,nan,0.0018327573047922376,nan
865,-0.5700407382121322,nan,0.01814507413359474,nan,0.002250501123204284,nan
866,-0.456370993718804,nan,0.018214541960727238,nan,0.0017490847308337966,nan
867,-0.646866016059668,nan,0.018315759815172455,nan,0.0031648580667739123,nan
868,-0.3734679100022786,nan,0.018361744447934036,nan,0.0013964272487258795,nan
869,-0.43694647220248056,nan,0.01842234704125476,nan,0.0016421220473807183,nan
870,-0.4631536983490954,nan,0.018489107984193894,nan,0.0015727542555597947,nan
871,-0.38619642585283664,nan,0.018534798771079813,nan,0.0010923665609191854,nan
872,-0.4608368310547575,nan,0.018600022018813205,nan,0.0017197846724173486,nan
873,-0.3280977939217662,nan,0.018639920333598983,nan,0.0011179711319399242,nan
874,-0.5182429760436986,nan,0.018716224934254556,nan,0.0020936848193781315,nan
875,-0.5906270026609379,nan,0.018794975656287873,nan,0.002564722795055502,nan
876,-0.6312599793495438,nan,0.018904083847518224,nan,0.0028353367093820877,nan
877,-0.5882735932874559,nan,0.018981761977301462,nan,0.002074562249736332,nan
878,-1.0999288725786778,nan,0.01920666590918978,nan,0.005852168667215397,nan
879,-0.5329271811892755,nan,0.019261475935618753,nan,0.0017860212687970264,nan
880,-0.6747475482252262,nan,0.01938812974515408,nan,0.0023307267716719507,nan
881,-1.532295345535442,nan,0.019711766165226144,nan,0.011343300203239879,nan
882,-0.4902674044948087,nan,0.01976852903923705,nan,0.0017020226045188491,nan
883,-0.4797166644593821,nan,0.019836569978926088,nan,0.0022490546000611725,nan
884,-0.5720532116397428,nan,0.01991826801674205,nan,0.002293553105457788,nan
885,-0.4191139919807683,nan,0.01995783329797677,nan,0.001364156770262409,nan
886,-0.35891554110233254,nan,0.020003105284984477,nan,0.0012491622699155552,nan
887,-0.8171918836756392,nan,0.020160866876250016,nan,0.004379311828916713,nan
888,-0.6603436111950989,nan,0.020270247092270644,nan,0.002603664561866859,nan
889,-0.8022007063852281,nan,0.020416734974834934,nan,0.003511355520827433,nan
890,-0.54069012329038,nan,0.02048611261687085,nan,0.002253647264437568,nan
891,-0.48442049875459436,nan,0.020549942741029437,nan,0.0021148662059402644,nan
892,-0.412444711144311,nan,0.020598196846040258,nan,0.001471408225402251,nan
893,-0.9554926468086529,nan,0.020758376618056955,nan,0.004134109846953816,nan
894,-0.5787533639537205,nan,0.020849700613413336,nan,0.0019256316910105371,nan
895,-0.4479067493261349,nan,0.02090740374405698,nan,0.001436175947834739,nan
896,-1.1628863120478976,nan,0.021137605231937362,nan,0.006701701379740752,nan
897,-0.33669905021790975,nan,0.021166222358486024,nan,0.0011709284756208915,nan
898,-0.4597762155858884,nan,0.021252746135634454,nan,0.0016683136495490554,nan
899,-0.6321812808786234,nan,0.021387554412277528,nan,0.002641653309570357,nan
900,-1.452881117848901,nan,0.021714473216736186,nan,0.01156293626449735,nan
901,-0.46399083209706543,nan,0.02177182003777475,nan,0.002016087070857206,nan
902,-0.6727169789724431,nan,0.021881410691206128,nan,0.0026191733934467264,nan
903,-0.6219489262934685,nan,0.021984444793469133,nan,0.0024998720750249973,nan
904,-0.534813276163396,nan,0.022062426054748608,nan,0.0015864235108498004,nan
905,-0.2846079712880767,nan,0.022078391217689727,nan,0.0008711361757658799,nan
906,-0.46873113340392636,nan,0.022132559964162513,nan,0.0016265759895560815,nan
907,-0.35273572590552205,nan,0.022164086648185526,nan,0.0012737675256432545,nan
908,-1.0043834340270146,nan,0.02234882866654266,nan,0.005304260094759739,nan
909,-0.8429170723115901,nan,0.022495096014535802,nan,0.0037736951298018243,nan
910,-0.47147663226724545,nan,0.022549485503509985,nan,0.0018804682275491104,nan
911,-0.5594097258054866,nan,0.022642560188574617,nan,0.0022829313527753152,nan
912,-0.4750942662470491,nan,0.022696695607991712,nan,0.0017691924983156125,nan
913,-0.6482721158156917,nan,0.022813809153059156,nan,0.002736044222885758,nan
914,-1.3856763643161034,nan,0.0231276353172787,nan,0.009972498628903552,nan
915,-0.5092822285576992,nan,0.02319493124829874,nan,0.0018248659884262236,nan
916,-0.71955428143014,nan,0.023321400438172588,nan,0.0030043906176863877,nan
917,-0.6581368325835758,nan,0.023424847754219155,nan,0.0025666179962833694,nan
918,-0.40877947248105845,nan,0.02346306580036255,nan,0.0012182956711810561,nan
919,-0.38818605685990476,nan,0.023501268094706967,nan,0.0013589754468504756,nan
920,-1.1628640086260686,nan,0.023742347111416373,nan,0.0072875628196716405,nan
921,-0.41760247880382567,nan,0.023791259044206977,nan,0.0015548305060287654,nan
922,-0.40752628702913296,nan,0.023838253770408997,nan,0.0016035407837062016,nan
923,-0.37964682535077937,nan,0.023886629289546022,nan,0.0015799811269674576,nan
924,-0.6118108460979051,nan,0.023986455709271867,nan,0.002689372098355505,nan
925,-0.4309301472623369,nan,0.024051303855212102,nan,0.0015034501083197695,nan
926,-0.6266135825024131,nan,0.024165793266075198,nan,0.002693018047994789,nan
927,-0.5622550950185317,nan,0.024256958872844903,nan,0.0025980003293853667,nan
928,-0.5769671155951873,nan,0.024345577895769594,nan,0.0018998084936698136,nan
929,-1.0646461016191264,nan,0.02456387172208328,nan,0.005557707323915035,nan
930,-0.42545567379376736,nan,0.02461228958843507,nan,0.001351136076163242,nan
931,-0.66800493630894,nan,0.024741612313140832,nan,0.002934786005955038,nan
932,-0.8521283647925265,nan,0.02490775424576921,nan,0.0037533915672219908,nan
933,-0.8650888970599294,nan,0.025087379697619372,nan,0.0038511925430481987,nan
934,-0.6493462713174101,nan,0.025192143105051253,nan,0.0028928358215717887,nan
935,-1.026920664131464,nan,0.02541203945158416,nan,0.005293970608453149,nan
936,-0.4080694563034615,nan,0.025457558332349497,nan,0.0013419003259809285,nan
937,-1.3104682795695153,nan,0.02574421290164966,nan,0.008720101704197014,nan
938,-0.6687745102002842,nan,0.025851510838243122,nan,0.0026420668750920463,nan
939,-0.6972133173140025,nan,0.025958256994570432,nan,0.0026596525105397296,nan
940,-0.4499312902941481,nan,0.026013410942612756,nan,0.0015001953890950042,nan
941,-0.41984306228133356,nan,0.026060524569918378,nan,0.001587631381700044,nan
942,-0.47927279813981477,nan,0.026145398961565317,nan,0.001689590991183894,nan
943,-0.38784711085240636,nan,0.02619056959128087,nan,0.0014981609535090448,nan
944,-0.4718283430663041,nan,0.026259923316045326,nan,0.001665087456487352,nan
945,-0.5988902059538321,nan,0.026350113338137245,nan,0.002514542724188859,nan
946,-0.6183790700149744,nan,0.02645378563406155,nan,0.002708643849609936,nan
947,-0.862696838915032,nan,0.02661458752744601,nan,0.0037454159375426223,nan
948,-0.5125480256685807,nan,0.026687684818970762,nan,0.0017771460501780773,nan
949,-0.48342528557815556,nan,0.02674478281695473,nan,0.0017279665658625242,nan
950,-0.39510799829197035,nan,0.026799999131485615,nan,0.0014222694432152621,nan
951,-0.6670220244987005,nan,0.026914172591652047,nan,0.002458532867905652,nan
952,-0.6710022579155815,nan,0.02702785878824902,nan,0.0024323655315466493,nan
953,-0.47436889703374513,nan,0.027094187978130468,nan,0.0016635982392249054,nan
954,-0.4939562091549077,nan,0.02716192962626131,nan,0.0018219288182063347,nan
955,-0.7886884052412104,nan,0.02730249986411042,nan,0.0033941487260077913,nan
956,-0.8404071224219042,nan,0.027477490732893184,nan,0.003717643851951167,nan
957,-0.513232269717641,nan,0.027553021603479885,nan,0.0017902465708037262,nan
958,-0.3531162842281033,nan,0.027581336595950297,nan,0.001326929878471812,nan
959,-0.682012923339051,nan,0.027673461732319993,nan,0.002235826153249062,nan
960,-0.6764854452159542,nan,0.02776641931793985,nan,0.002412989325001544,nan
961,-0.609463743341124,nan,0.02785103270733681,nan,0.0024079407282878757,nan
962,-0.54765306695246,nan,0.02794550671328549,nan,0.0017706300719430204,nan
963,-0.54659137999335,nan,0.028015270880880204,nan,0.002357578786369804,nan
964,-0.614240252885804,nan,0.028101218104999926,nan,0.002544477013956357,nan
965,-0.49160589053141457,nan,0.028172703238949413,nan,0.002295238911466653,nan
966,-0.26135502966598423,nan,0.028195346800043004,nan,0.0012042180405343048,nan
967,-0.5077240190028854,nan,0.02826026390857313,nan,0.0017043773730089048,nan
968,-0.3759853614681108,nan,0.028300204267334005,nan,0.0013752483469432581,nan
969,-0.30597134098464285,nan,0.028324125519951875,nan,0.0012666939940997248,nan
970,-0.4428985351830415,nan,0.028370083642014328,nan,0.0016978597640700114,nan
971,-0.9715699056321414,nan,0.02854971303740291,nan,0.00417744875480592,nan
972,-0.7735456805425129,nan,0.028682054623504944,nan,0.002945153938058549,nan
973,-0.5876529478300884,nan,0.028792991115310834,nan,0.002175465657859994,nan
974,-0.6507405542215522,nan,0.028883750885974037,nan,0.0024925580826280396,nan
975,-0.5614244278406195,nan,0.028977230509631757,nan,0.0016569607466801763,nan
976,-1.105344263742259,nan,0.029235823246426956,nan,0.005908431336817937,nan
977,-0.5528822139348383,nan,0.029317718479776905,nan,0.002225604054984998,nan
978,-0.6065020607501601,nan,0.02940984147084796,nan,0.002442256653881264,nan
979,-0.2829118567925291,nan,0.029427971952289207,nan,0.0012431922172814313,nan
980,-0.7500771230337706,nan,0.02955416212128439,nan,0.002784479337805112,nan
981,-0.4058325724111569,nan,0.02959620586671888,nan,0.0011518103231468212,nan
982,-0.9851103624646739,nan,0.02979757712030991,nan,0.005433172536849483,nan
983,-0.5572895725894874,nan,0.02987292452341742,nan,0.0022687528884073505,nan
984,-0.30607907336163076,nan,0.029911078586427938,nan,0.0009261723280543087,nan
985,-0.5090449693171952,nan,0.029978306038070356,nan,0.0019010530525200061,nan
986,-0.7767324448147392,nan,0.03011603275363845,nan,0.003106614367781283,nan
987,-0.443953423465369,nan,0.030164442837772205,nan,0.0015504538170074671,nan
988,-0.5249349892762242,nan,0.030247113687114132,nan,0.0019646027908383685,nan
989,-0.37856714888517456,nan,0.03029319442727617,nan,0.001242899511050484,nan
990,-0.5591402651185458,nan,0.030375016981035282,nan,0.002285435007363381,nan
991,-1.2202734284012613,nan,0.030649186074384577,nan,0.008376962146650506,nan
992,-0.6078840869641142,nan,0.03075491969330747,nan,0.002058608850393214,nan
993,-0.6652245280716347,nan,0.030842161088633326,nan,0.0020941530601771593,nan
994,-0.4120231056613421,nan,0.030901321876832078,nan,0.001834974536432491,nan
995,-0.9075751394478659,nan,0.031056526042413407,nan,0.004254608631050731,nan
996,-0.4280273966403926,nan,0.031104578453471143,nan,0.0016810882151570355,nan
997,-0.8256086207206891,nan,0.031262229581891954,nan,0.00381905902827087,nan
998,-0.4490433622570201,nan,0.0313256530389514,nan,0.0016621252736252709,nan
999,-0.5798068325737163,nan,0.031416282133915216,nan,0.0019715989746687482,nan
1000,-0.5215661311127378,nan,0.03149415104566363,nan,0.0017779025593197368,nan
1001,-0.4986441581851871,nan,0.031559732533074134,nan,0.0022615476174701853,nan
1002,-0.5273898855718862,nan,0.03163774224217115,nan,0.002446938055980416,nan
1003,-0.6374233678854938,nan,0.03173131020054594,nan,0.002663278907149274,nan
1004,-0.9435435046225611,nan,0.031929391876020986,nan,0.004498288966832795,nan
1005,-1.2770865278339254,nan,0.03220221928686144,nan,0.007428820789161709,nan
1006,-1.883683442858749,nan,0.032674700648505965,nan,0.016371827376193734,nan
1007,-0.44001402580321225,nan,0.03272660994207017,nan,0.0015763709832971368,nan
1008,-0.4844182576843875,nan,0.03279791081511016,nan,0.0018628082156207815,nan
1009,-0.5641262405707823,nan,0.032870145594156464,nan,0.002031476117008321,nan
1010,-0.5988877003094701,nan,0.0329636398361023,nan,0.0024225256067234337,nan
1011,-0.47124028145380603,nan,0.03302090284146691,nan,0.0016751324987677486,nan
1012,-0.6607236830471394,nan,0.0331451430508437,nan,0.002610681398038435,nan
1013,-0.46728244993804474,nan,0.03320954342797087,nan,0.0018305374366572966,nan
1014,-0.6561678488214951,nan,0.033295989786818775,nan,0.0025963463737091533,nan
1015,-1.490018095084895,nan,0.033631745015697094,nan,0.01137067224472579,nan
1016,-0.7896491896006532,nan,0.033781782053450345,nan,0.003093803395523124,nan
1017,-0.5282645284153514,nan,0.033853721786310874,nan,0.002103240901567719,nan
1018,-0.41503673770970645,nan,0.03389908259279141,nan,0.001470115562807382,nan
1019,-0.6486968879789557,nan,0.034010930646685776,nan,0.0023517973931196255,nan
1020,-0.4559437709690371,nan,0.03405980576250137,nan,0.0014411224134878772,nan
1021,-0.5923795596315581,nan,0.03417555976470275,nan,0.002332230578467644,nan
1022,-0.48400152969668286,nan,0.03422453854623186,nan,0.0018261037621262225,nan
1023,-0.5013457705724707,nan,0.034302761142009704,nan,0.0018881264111117778,nan
1024,-0.7102366225318439,nan,0.03443898422461346,nan,0.0029096574588059723,nan
1025,-0.40700821862372266,nan,0.03448420471637871,nan,0.0012475703000639977,nan
1026,-0.4348750236896905,nan,0.034543358650048976,nan,0.0013975904839076824,nan
1027,-1.1010399380207918,nan,0.03476156800683933,nan,0.004726817066160655,nan
1028,-0.528384317243135,nan,0.03484179145922345,nan,0.0017670289989632998,nan
1029,-1.1878753475500399,nan,0.035084957409684744,nan,0.0066423835406287345,nan
1030,-0.501671029640135,nan,0.03515197324432797,nan,0.0016382237256424416,nan
1031,-0.5244688758644881,nan,0.035231104344969434,nan,0.0020719434956526315,nan
1032,-0.27973579815000343,nan,0.03525060840598547,nan,0.0009690250185192289,nan
1033,-0.3081458133092732,nan,0.035282852539616175,nan,0.001126544861005284,nan
1034,-0.5842260691701943,nan,0.03540199656248393,nan,0.0022504342038815995,nan
1035,-1.24830301394158,nan,0.03570596389616001,nan,0.008781806876509795,nan
1036,-0.8601439576882612,nan,0.035861769155542934,nan,0.003675860633389604,nan
1037,-0.5004824598312685,nan,0.0359362037768671,nan,0.0017904986703948694,nan
1038,-0.4494248624461344,nan,0.035990723289860395,nan,0.0015195918937626106,nan
1039,-0.3591710968241494,nan,0.036026698727433096,nan,0.0015021407800871267,nan
1040,-0.5255908048535937,nan,0.0360955526693711,nan,0.0018340110706844214,nan
1041,-0.7951625194630969,nan,0.03623998117095399,nan,0.003192033684741275,nan
1042,-0.8838162650462539,nan,0.036418070980272846,nan,0.0035465285125781125,nan
1043,-1.0165206502962747,nan,0.03662090067970713,nan,0.004742996961919119,nan
1044,-1.3093819994379627,nan,0.03691427569211692,nan,0.008553691583593367,nan
1045,-1.0108466393930322,nan,0.03710549990937186,nan,0.004720162999617176,nan
1046,-0.45751283516402225,nan,0.03715559691325013,nan,0.0014382279544309685,nan
1047,-0.4857974612372319,nan,0.03721060873487958,nan,0.001750521931057186,nan
1048,-0.43570675952612364,nan,0.037270775140284554,nan,0.001712851603561239,nan
1049,-1.0032343919302222,nan,0.03746775400276552,nan,0.004832999710936174,nan
1050,-0.38302288124611117,nan,0.03750750963452057,nan,0.0014591397862758822,nan
1051,-0.5443351905888693,nan,0.03758283269172507,nan,0.001829635912959031,nan
1052,-0.61183732747711,nan,0.037672540869796635,nan,0.0021819583319298433,nan
1053,-0.4673063143847896,nan,0.0377387827194542,nan,0.0019107846732961745,nan
1054,-0.6055943195592022,nan,0.03782665821957267,nan,0.002239817951222743,nan
1055,-1.6587347715006502,nan,0.038207338060311416,nan,0.012614634714242888,nan
1056,-0.5385785601233816,nan,0.038291917414692137,nan,0.0020330027342808916,nan
1057,-0.4297078145612113,nan,0.03835336265985948,nan,0.0016393676655341736,nan
1058,-0.6028535676723357,nan,0.03845394046258344,nan,0.0025378842655947847,nan
1059,-0.9906782865916335,nan,0.038636258060378355,nan,0.005708715900988352,nan
1060,-0.4235620309370427,nan,0.03867788052489504,nan,0.0012711695506173175,nan
1061,-0.520318689979755,nan,0.03874885659291698,nan,0.0017777557254549492,nan
1062,-0.8129729788347415,nan,0.03888194332734095,nan,0.0036489841681136086,nan
1063,-0.4729783359025156,nan,0.03893588754182548,nan,0.0015009223771753118,nan
1064,-0.6432536671418896,nan,0.03902695522905679,nan,0.0027325857888441515,nan
1065,-0.8027067945484075,nan,0.03918614136207841,nan,0.003319253539236874,nan
1066,-0.8293635781084772,nan,0.039344278430145575,nan,0.003757322143956585,nan
1067,-0.4228454980819768,nan,0.03940031338312486,nan,0.001384179956749878,nan
1068,-0.69020352343872,nan,0.039481410016321855,nan,0.002713990213807634,nan
1069,-0.9988032366717682,nan,0.039671473320968154,nan,0.004541127019120449,nan
1070,-0.4679225530206363,nan,0.03971808708405979,nan,0.001671726563288072,nan
1071,-0.5449581854881037,nan,0.03979529829277004,nan,0.002237198093873998,nan
1072,-0.48419352985912817,nan,0.03985103593750498,nan,0.0015466872109219122,nan
1073,-0.38906827699173896,nan,0.03989562713913898,nan,0.0013699368973003653,nan
1074,-0.5607218578871318,nan,0.03997013720817422,nan,0.0022119003507372844,nan
1075,-0.36080143102874423,nan,0.04000833132194751,nan,0.001198332300071284,nan
1076,-0.6803115669202806,nan,0.04013486660225619,nan,0.0024901351926738258,nan
1077,-0.48011184278104585,nan,0.04020638732755997,nan,0.0018211148882112125,nan
1078,-0.4558420844411635,nan,0.04028156808589335,nan,0.0018434850428991497,nan
1079,-0.7652918932219397,nan,0.040419781188160545,nan,0.002675401236380147,nan
1080,-0.42593889438078747,nan,0.040460111349611826,nan,0.00153292753211883,nan
1081,-0.7602307825491383,nan,0.04061137165612226,nan,0.003040006321717587,nan
1082,-0.6951631007916955,nan,0.04073804410816153,nan,0.0036915190254038195,nan
1083,-0.6807752578517634,nan,0.04083691703401022,nan,0.0029738084175407113,nan
1084,-0.6050987017928862,nan,0.040928901059775334,nan,0.002440335414821586,nan
1085,-0.40755205889750773,nan,0.040992572730234274,nan,0.0012385069085677205,nan
1086,-0.631413856028167,nan,0.04109683830404534,nan,0.0020714141515337666,nan
1087,-0.5402294593221528,nan,0.04116964702979252,nan,0.002046497798924587,nan
1088,-0.5813939785277197,nan,0.041277321962710556,nan,0.0023542466980918724,nan
1089,-0.7128173806133348,nan,0.04141102858720757,nan,0.003200821306782834,nan
1090,-0.3525079672730884,nan,0.04144356836370207,nan,0.001238899530278355,nan
1091,-0.42826918243259027,nan,0.04150851197706216,nan,0.0012961134064412747,nan
1092,-1.4073418528136576,nan,0.04183545011993146,nan,0.009386035305192724,nan
1093,-0.6497863016235639,nan,0.04193152202713429,nan,0.0025890350988654145,nan
1094,-0.4488943596905777,nan,0.04197585496484027,nan,0.0011918914295812532,nan
1095,-0.5268355254944765,nan,0.04207079501036364,nan,0.0019525681255770804,nan
1096,-0.6636105290409696,nan,0.04219922241381845,nan,0.0025455206870173596,nan
1097,-0.6903111306737465,nan,0.042313455243769525,nan,0.002304258679165155,nan
1098,-0.4729378277638144,nan,0.04238092118724415,nan,0.0018215807816219802,nan
1099,-0.5443255189950362,nan,0.04247836117947172,nan,0.002293210865139561,nan
1100,-0.5569467971873647,nan,0.04256085973426943,nan,0.0023703368216711975,nan
1101,-0.7371777361867354,nan,0.042679974547256,nan,0.00269451308667589,nan
1102,-0.4424760103530626,nan,0.042715252858851284,nan,0.0019049767942787162,nan
1103,-0.4120620426319463,nan,0.042754293742779025,nan,0.0013873194103877166,nan
1104,-0.3599247886005227,nan,0.04279161585636075,nan,0.001253547669868664,nan
1105,-0.4918331987113777,nan,0.04288316580682123,nan,0.0020682010923739674,nan
1106,-0.370145005902491,nan,0.042920122183540355,nan,0.0012855382596154126,nan
1107,-0.37035646189319016,nan,0.04297069303818406,nan,0.001179290720359573,nan
1108,-1.074930125494131,nan,0.0431737572748754,nan,0.005659735039904059,nan
1109,-0.4473260526949818,nan,0.04323947414352406,nan,0.0017537089885064764,nan
1110,-0.4036830707072544,nan,0.04327471649018143,nan,0.0011636120383529639,nan
1111,-0.39014887092573,nan,0.04332664945819169,nan,0.0014021988651909555,nan
1112,-0.40114242966556085,nan,0.043373258093989564,nan,0.0014909997242868156,nan
1113,-0.5370967442213467,nan,0.04343352425840338,nan,0.002215436673118538,nan
1114,-0.5724749293272995,nan,0.043513016914404276,nan,0.0020825022681678312,nan
1115,-0.7706889321276705,nan,0.04366760388414369,nan,0.003095755499097499,nan
1116,-0.3989765092336652,nan,0.04371218399620609,nan,0.0012443713127446823,nan
1117,-0.4563126232832917,nan,0.043772665829949785,nan,0.0016651949361384559,nan
1118,-1.3397830511103472,nan,0.04408335492809844,nan,0.00853328283052948,nan
1119,-0.6948589230184975,nan,0.04419261053744169,nan,0.0027368400692147116,nan
1120,-0.768217807415268,nan,0.04432591700935474,nan,0.0035540190209675054,nan
1121,-1.155276581051952,nan,0.044555167189965855,nan,0.005899198112484717,nan
1122,-0.29658713671798065,nan,0.044593637821784035,nan,0.0009116312342899301,nan
1123,-1.060500261648975,nan,0.04480228537150453,nan,0.00566691364771762,nan
1124,-0.6106913582909251,nan,0.044900216512598956,nan,0.0021761209094212906,nan
1125,-0.500252385816142,nan,0.04495851099624338,nan,0.0020208749585399785,nan
1126,-0.9338560799282473,nan,0.04513843756704874,nan,0.005040660906431968,nan
1127,-0.48250369348503686,nan,0.04520586464730551,nan,0.001986508095624669,nan
1128,-0.45712164825482193,nan,0.045277433396728226,nan,0.001938812964546115,nan
1129,-0.4760394886291213,nan,0.04533756772319502,nan,0.001749659928115217,nan
1130,-0.3699955878990268,nan,0.04539743353226734,nan,0.0013944579907125454,nan
1131,-0.3978897487834742,nan,0.04541412630471956,nan,0.001340403368051289,nan
1132,-0.43751564780669305,nan,0.04548703623114951,nan,0.0013504714310029944,nan
1133,-0.7829363961218577,nan,0.04562330048826743,nan,0.003228087176018338,nan
1134,-0.5502843942342714,nan,0.045717291532401776,nan,0.002180680996433248,nan
1135,-0.47727305710565265,nan,0.04579452968898232,nan,0.0017136613899227514,nan
1136,-1.4124240940610444,nan,0.04609205523278917,nan,0.008373537065731315,nan
1137,-0.7949821054261362,nan,0.04627059768498948,nan,0.0037612023787952703,nan
1138,-0.3189277918384434,nan,0.04631302185064873,nan,0.0012309000126498,nan
1139,-0.9309793104332262,nan,0.04649204797503078,nan,0.00421890914090763,nan
1140,-0.7303253106903115,nan,0.04660533564277686,nan,0.002795935054409724,nan
1141,-0.5172823014594021,nan,0.04669235681318659,nan,0.0015326348862839052,nan
1142,-0.5701492783585782,nan,0.04676399703087736,nan,0.0020317235645796053,nan
1143,-0.5082472626142122,nan,0.04685042599908125,nan,0.0020378138127905275,nan
1144,-0.5920323876237213,nan,0.04695465589744419,nan,0.002272978574394269,nan
1145,-0.36360177019337614,nan,0.046983666586841485,nan,0.0013703787437759818,nan
1146,-0.3017686784016223,nan,0.04701629617523857,nan,0.0012539808203974653,nan
1147,-0.7356963285859193,nan,0.04711895505682534,nan,0.002790076544062663,nan
1148,-0.4257951754726465,nan,0.047170894214084484,nan,0.001412149639744905,nan
1149,-0.607236493168142,nan,0.047262786044805036,nan,0.0024944586739467987,nan
1150,-0.5463627473348962,nan,0.047355772658296,nan,0.002348351225537798,nan
1151,-0.6840742000535255,nan,0.04748029508799506,nan,0.002622814864396384,nan
1152,-0.9070542750134579,nan,0.04764730410308682,nan,0.004281654625339286,nan
1153,-0.4298615019474805,nan,0.04769359352146998,nan,0.0016220596160601264,nan
1154,-1.006367508115033,nan,0.04792781576893935,nan,0.005235737892560061,nan
1155,-1.0111932888885236,nan,0.048116428595066416,nan,0.004959134193192471,nan
1156,-0.5226171176735227,nan,0.04820479629181535,nan,0.0016949696297447554,nan
1157,-0.5002640245708649,nan,0.0482677274309105,nan,0.0022186994801040045,nan
1158,-0.866621259048687,nan,0.04842180518535982,nan,0.003471366100224945,nan
1159,-0.4768814839050323,nan,0.04847696392054235,nan,0.0018578943204791052,nan
1160,-0.46469669804242764,nan,0.048532636237381466,nan,0.001988318939938363,nan
1161,-0.4805720208706811,nan,0.04860239659690858,nan,0.0017674099031984684,nan
1162,-0.393695685068971,nan,0.0486481526222919,nan,0.0015130475690326686,nan
1163,-0.8918192468154318,nan,0.04880850168626368,nan,0.004011746365277588,nan
1164,-0.8036215759397477,nan,0.048937455765193046,nan,0.0029551936127614332,nan
1165,-0.37376666621750715,nan,0.0489846590636072,nan,0.0013658924563598978,nan
1166,-0.4956142989931574,nan,0.04905225268682426,nan,0.0020148215993890575,nan
1167,-0.6279186282676517,nan,0.04914515496434668,nan,0.002622701082347212,nan
1168,-0.3841362628117704,nan,0.049192730157507074,nan,0.0015090318336008312,nan
1169,-0.44579647293245095,nan,0.049263116103230954,nan,0.001842715564846449,nan
1170,-0.7657681518006383,nan,0.049394740793913296,nan,0.0034460860666784567,nan
1171,-0.5484757025432525,nan,0.04947095867252968,nan,0.002337526473438656,nan
1172,-0.8029119063224479,nan,0.049605828043821194,nan,0.0031701101526413087,nan
1173,-0.7672724318474166,nan,0.04973741095787879,nan,0.0027923819257859874,nan
1174,-0.5657296046522572,nan,0.04981116103477023,nan,0.0018761203072002438,nan
1175,-0.4146923880370578,nan,0.04984971378571157,nan,0.001014944747672962,nan
1176,-0.36783071300116305,nan,0.04988087952157014,nan,0.0011049148687022681,nan
1177,-0.5547897734102899,nan,0.04996839847111468,nan,0.0021250220741374213,nan
1178,-0.3962707248810343,nan,0.050014498241720114,nan,0.001392218818692893,nan
1179,-0.6564765735425611,nan,0.05011343119554167,nan,0.0024028478044518377,nan
1180,-0.8223155857962943,nan,0.05027949466168314,nan,0.003461539940856642,nan
1181,-0.38491239467425015,nan,0.05031906002813857,nan,0.0013788608131778928,nan
1182,-0.4816671867131198,nan,0.0503649408325364,nan,0.001601425670542604,nan
1183,-0.46748857233520313,nan,0.05043149476040105,nan,0.001575420517872005,nan
1184,-0.542723035962162,nan,0.05051384269445788,nan,0.0020603624926053663,nan
1185,-0.9449781727498449,nan,0.05070406578040183,nan,0.005392720654425922,nan
1186,-0.5411457906675974,nan,0.05081271027625194,nan,0.0019342707224389542,nan
1187,-0.43110682611005585,nan,0.05085753920650282,nan,0.0021182815594308,nan
1188,-0.40880544921639417,nan,0.05090764717290197,nan,0.0013376588375771427,nan
1189,-0.4672837604514823,nan,0.050974159345753244,nan,0.0018139027414564913,nan
1190,-0.45520322082949116,nan,0.05103964594949561,nan,0.0017369524331105242,nan
1191,-0.434735038071276,nan,0.05109398413834411,nan,0.001412145359056673,nan
1192,-1.161295346191026,nan,0.05133827927974737,nan,0.006586534430596668,nan
1193,-0.6531788590848017,nan,0.05145471581501096,nan,0.0023514908746450126,nan
1194,-0.28821786068530564,nan,0.0514771331179306,nan,0.0011800899601137665,nan
1195,-0.4614718643761168,nan,0.05153323019468081,nan,0.0013610393871006728,nan
1196,-0.35321552481542157,nan,0.0515626978715099,nan,0.0011060862657028573,nan
1197,-0.902925600923229,nan,0.051735714571454455,nan,0.004671008859730236,nan
1198,-0.6761462618815219,nan,0.0518328131152878,nan,0.0025912463203324318,nan
1199,-0.6270442175061889,nan,0.05193660683803704,nan,0.002399610141239452,nan
1200,-0.4551521399350755,nan,0.051983900403723124,nan,0.0017225555580823576,nan
1201,-0.5352603264524091,nan,0.05206057066699007,nan,0.002110474751530597,nan
1202,-0.5228818905126634,nan,0.05212369288563036,nan,0.0016780040156800051,nan
1203,-0.3681790770935797,nan,0.052154184873346845,nan,0.0014436051865708932,nan
1204,-0.5282963667152134,nan,0.05222510129292857,nan,0.001931240202860453,nan
1205,-0.5511623769789862,nan,0.05229600719522581,nan,0.0020603035320076388,nan
1206,-0.5634436616760266,nan,0.052386447649248304,nan,0.0022764055939767168,nan
1207,-0.41584842287681795,nan,0.052412433407861024,nan,0.001484179152393323,nan
1208,-0.8766907679904596,nan,0.05257617873157031,nan,0.0039568549709547984,nan
1209,-0.4226052825025811,nan,0.05262159931074718,nan,0.0014408071691511834,nan
1210,-0.5417250266514149,nan,0.052720543219331374,nan,0.0020677071315210824,nan
1211,-0.42654364981918075,nan,0.05276848661967878,nan,0.0017020656796257487,nan
1212,-0.36181392011896923,nan,0.05279731392054969,nan,0.0015401108198341144,nan
1213,-0.36849540765726907,nan,0.05284181792545669,nan,0.0015964108383495009,nan
1214,-0.6204872501558708,nan,0.052950032697672136,nan,0.002625016485872119,nan
1215,-0.5637661754253054,nan,0.053020297259160964,nan,0.001904214052904399,nan
1216,-0.36029697774930997,nan,0.0530513272502885,nan,0.0015491091891594736,nan
1217,-0.4707423095863306,nan,0.053114760421283484,nan,0.0018460266180109956,nan
1218,-0.5065154226256743,nan,0.05318188951956338,nan,0.0021547094291568137,nan
1219,-0.7407427016905259,nan,0.05331540595166311,nan,0.0029280729773175007,nan
1220,-0.6108079598106678,nan,0.05339055128242745,nan,0.0024136797965019154,nan
1221,-0.4019821274805912,nan,0.053453558124969366,nan,0.0017620846391513455,nan
1222,-0.9635304353039953,nan,0.05366319592036963,nan,0.005616145832567195,nan
1223,-0.7337975219553111,nan,0.05379273557817854,nan,0.002923968700798744,nan
1224,-0.7644636221757865,nan,0.05393189248010692,nan,0.0029760449754894984,nan
1225,-0.4234020275870201,nan,0.053982679993975255,nan,0.001676568170378348,nan
1226,-0.7362301257381204,nan,0.054101291180362374,nan,0.003507769122645493,nan
1227,-0.442278471817784,nan,0.05414481090944217,nan,0.0016189256167065526,nan
1228,-0.8999594799752471,nan,0.054317630512589664,nan,0.0046536789099554665,nan
1229,-0.9370025784043928,nan,0.05448910752559791,nan,0.0038391762898503912,nan
1230,-0.6870316816417809,nan,0.05460454192662682,nan,0.002903825150561176,nan
1231,-0.3651815331660044,nan,0.054629445581318443,nan,0.0014177891863824106,nan
1232,-0.5655159961106286,nan,0.0547233320115428,nan,0.0021074842524289013,nan
1233,-0.4727460468875733,nan,0.054772829711823366,nan,0.0017187073171489539,nan
1234,-0.7301067822700245,nan,0.05490603939033536,nan,0.002942481935517024,nan
1235,-0.3482441486488354,nan,0.05494089508900765,nan,0.0012804448850234362,nan
1236,-0.5962518762105267,nan,0.05501922413634004,nan,0.002311235476033595,nan
1237,-0.536928494942385,nan,0.055081753055320794,nan,0.001851588450071438,nan
1238,-0.5333686961748978,nan,0.05515841253471189,nan,0.002051228584917441,nan
1239,-0.709508392304192,nan,0.05526243823333546,nan,0.0028779510722597404,nan
1240,-0.5051630422394839,nan,0.05534409831876382,nan,0.0017248666827481072,nan
1241,-0.5848241385032976,nan,0.05545076593423567,nan,0.002260093993786413,nan
1242,-0.42284085125685783,nan,0.055488787589747186,nan,0.0014619716136413587,nan
1243,-0.4891255960840544,nan,0.055549836780838295,nan,0.002147416789634548,nan
1244,-0.4556586510401453,nan,0.055602893785551215,nan,0.0018679645757907516,nan
1245,-0.5771497199755541,nan,0.055676235318784656,nan,0.002211005572644823,nan
1246,-0.4338307404537943,nan,0.055726441478640074,nan,0.0013412019605333703,nan
1247,-0.3751440260552978,nan,0.05576003705421161,nan,0.001097386991655669,nan
1248,-0.4558857702995842,nan,0.05580208535728456,nan,0.0016305616556202577,nan
1249,-0.8485724374540682,nan,0.055948083505223394,nan,0.004435854861026558,nan
1250,-0.8127018563450245,nan,0.056103795813140706,nan,0.003531062663063845,nan
1251,-0.34596287680562027,nan,0.05612801591807339,nan,0.001348231673134991,nan
1252,-0.4958396644498372,nan,0.05617256969294085,nan,0.0013857319604998403,nan
1253,-0.40752483098758874,nan,0.05620454110493709,nan,0.0014433583265401478,nan
1254,-0.5237055974957041,nan,0.05626100450274212,nan,0.0016029626198417301,nan
1255,-0.5101929131139255,nan,0.05631372061287141,nan,0.0017619360883360084,nan
1256,-0.37322240159465947,nan,0.05635028719009451,nan,0.001359126281581759,nan
1257,-0.9634584062935367,nan,0.05653295250943958,nan,0.0050200148660575206,nan
1258,-0.6028473611412571,nan,0.05663449677454562,nan,0.0022582476641878155,nan
1259,-0.5731330600560193,nan,0.05672193290240226,nan,0.0020320393614496985,nan
1260,-0.6009350547242205,nan,0.056812177696051826,nan,0.002337098312492447,nan
1261,-0.511200588551477,nan,0.05687459083457986,nan,0.0018039466009039389,nan
1262,-0.3705872436745773,nan,0.05691018341743619,nan,0.0013512325761755623,nan
1263,-0.9005035525672053,nan,0.05705770423190655,nan,0.003619037129532575,nan
1264,-0.7272524633583853,nan,0.05719411904063953,nan,0.0028336882013732124,nan
1265,-0.6152702330419452,nan,0.05729847684654591,nan,0.0029675522695974755,nan
1266,-0.6005232445527615,nan,0.057387121920195044,nan,0.002305370386824414,nan
1267,-0.38230099072496115,nan,0.05742945256086335,nan,0.0015676963654753895,nan
1268,-0.37460195427022897,nan,0.057457188925990874,nan,0.001172282070416508,nan
1269,-0.6645693422885359,nan,0.057551258783874557,nan,0.002591780203535007,nan
1270,-0.8299028923605956,nan,0.057704898625738285,nan,0.003101494158772161,nan
1271,-0.5000815690093753,nan,0.057779337339518975,nan,0.0017962012677040626,nan
1272,-0.5657603494503849,nan,0.05787445723864098,nan,0.0018338439863176952,nan
1273,-0.5439849740543189,nan,0.05794987863034028,nan,0.002265859449802077,nan
1274,-0.8800524601045453,nan,0.05812135393042291,nan,0.004412490855494158,nan
1275,-0.3477114501376276,nan,0.05814849972288555,nan,0.0015790408044413838,nan
1276,-0.6862396602064312,nan,0.05826615075242755,nan,0.002991315479280887,nan
1277,-0.3081339948111435,nan,0.058298851879141696,nan,0.0010096675407440705,nan
1278,-0.3785382979954194,nan,0.058338392927707323,nan,0.0013528725974567659,nan
1279,-0.45409164779930594,nan,0.05839251065035669,nan,0.001455419054481698,nan
1280,-0.5231659217581485,nan,0.05847671018329358,nan,0.0017930845621816909,nan
1281,-0.47355018612601985,nan,0.0585257134993384,nan,0.0015007957043481049,nan
1282,-0.44939046755940293,nan,0.05858877987207095,nan,0.001282006886832542,nan
1283,-0.40806886179176444,nan,0.058632723334121686,nan,0.001238822773430221,nan
1284,-0.4385490603567749,nan,0.05868500156920166,nan,0.0015708899080168622,nan
1285,-0.9221910399937403,nan,0.05885366713360776,nan,0.0045328778643373285,nan
1286,-0.4060022043661285,nan,0.05888507865640898,nan,0.0020641942552327365,nan
1287,-0.849682754602402,nan,0.059039105579330925,nan,0.0032269498067592594,nan
1288,-0.4488037762190071,nan,0.05909490243854385,nan,0.0018129492828896337,nan
1289,-0.7162255612329701,nan,0.0591988024180497,nan,0.0026613175581971043,nan
1290,-0.4753639473622088,nan,0.05924733188309605,nan,0.0016100133005728364,nan
1291,-0.4953217148377192,nan,0.05932338091220462,nan,0.0017427304669177125,nan
1292,-0.6167151705526861,nan,0.05941298934126861,nan,0.002577078009631769,nan
1293,-0.5384134896441674,nan,0.05950283051504987,nan,0.0018979917544140314,nan
1294,-0.47327836876165646,nan,0.059578050211973516,nan,0.0013045100116095907,nan
1295,-0.6672914668495861,nan,0.05969698754675399,nan,0.00264527424189037,nan
1296,-0.5968570786410619,nan,0.05981931382791557,nan,0.00231925690968023,nan
1297,-0.2705203755616097,nan,0.05984391388401636,nan,0.0009412649388212594,nan
1298,-0.5052682078716485,nan,0.059907809952745014,nan,0.002096280092911011,nan
1299,-0.5844080652572663,nan,0.05999900511673505,nan,0.0020972606979152205,nan
1300,-0.4508697097811382,nan,0.06003503843816541,nan,0.0014791333067479013,nan
1301,-0.4160603343245639,nan,0.06008269391973132,nan,0.0018121987574519635,nan
1302,-0.49902232678189845,nan,0.06016755948222073,nan,0.002120429856875168,nan
1303,-0.4307355300633201,nan,0.060224433360034996,nan,0.0016131023325082997,nan
1304,-0.37871524222012315,nan,0.06025168136875249,nan,0.0013466416519378318,nan
1305,-0.32096179051897855,nan,0.06028175440823971,nan,0.001265125805467712,nan
1306,-0.48758003990606846,nan,0.060347153120965946,nan,0.0019047636747456607,nan
1307,-0.3908050073185232,nan,0.06038932177213875,nan,0.001574026133982789,nan
1308,-0.37869322483674,nan,0.060427773452088905,nan,0.0015276563028682358,nan
1309,-0.5744144473929209,nan,0.06051716480992751,nan,0.0023277299190743008,nan
1310,-0.3306787210237225,nan,0.06055103396800985,nan,0.00117562816961239,nan
1311,-0.6763158125615379,nan,0.06064468055746139,nan,0.0026409333376897584,nan
1312,-0.43380918104766963,nan,0.0607144151321142,nan,0.0012946327621398451,nan
1313,-0.505532982743567,nan,0.06076906297088266,nan,0.002002932855036866,nan
1314,-0.31539030576094945,nan,0.060799920767812626,nan,0.0012145996396118236,nan
1315,-0.9316131922337438,nan,0.061001470643452425,nan,0.004661462231876062,nan
1316,-1.0851725514139503,nan,0.06123713649479822,nan,0.006367720892464958,nan
1317,-0.5547333016549685,nan,0.061314345987675704,nan,0.002107934027155423,nan
1318,-0.46103796478533704,nan,0.06137503380854374,nan,0.001796077065971737,nan
1319,-0.6419436097533446,nan,0.06148153059769372,nan,0.0025022281622980014,nan
1320,-0.9170593598966618,nan,0.06164910165752831,nan,0.0035526370531823686,nan
1321,-1.2539165455642516,nan,0.06192033382456895,nan,0.007882262415204837,nan
1322,-0.7299593014042314,nan,0.06206573826741524,nan,0.003374375697384094,nan
1323,-0.9418536330811736,nan,0.06226224574045241,nan,0.003824271945440706,nan
1324,-0.508749058924267,nan,0.06233078628721158,nan,0.0019710491354981343,nan
1325,-0.6614491529086239,nan,0.06244568312442703,nan,0.0026371543134622363,nan
1326,-0.7815201887561352,nan,0.06261209072362536,nan,0.0035986867374046875,nan
1327,-1.1293433720712707,nan,0.06283342443815357,nan,0.005972434421392034,nan
1328,-0.453309536537547,nan,0.06288553094070808,nan,0.0015447319788748724,nan
1329,-0.41375039656177587,nan,0.06294177083285826,nan,0.001730146575531488,nan
1330,-0.7196400657034087,nan,0.0630752150318451,nan,0.0029139684936939944,nan
1331,-0.5660973442215427,nan,0.06315063305465968,nan,0.0022268909979639333,nan
1332,-0.6548907307491701,nan,0.06323658335108372,nan,0.002739688769933115,nan
1333,-0.6330768887232007,nan,0.0633415870064202,nan,0.0024965665434929186,nan
1334,-0.458948645670395,nan,0.06339797803897775,nan,0.0017815242079990824,nan
1335,-0.8312882069678493,nan,0.06355272720550685,nan,0.003944461796467351,nan
1336,-0.6426164849074736,nan,0.06367779451869092,nan,0.0024992673319991924,nan
1337,-0.49893726430471885,nan,0.06374491126583817,nan,0.0017751134308125424,nan
1338,-0.39610255396696775,nan,0.06378858681193286,nan,0.0017671546078507103,nan
1339,-0.5784200024936436,nan,0.0638844431524615,nan,0.0022522218758558757,nan
1340,-0.5134864360662627,nan,0.06394666786731501,nan,0.0023658589124256127,nan
1341,-0.4758859804472042,nan,0.06401919702083707,nan,0.0019343089663111511,nan
1342,-0.3754323228887437,nan,0.06403937755719097,nan,0.0016610075478271772,nan
1343,-0.4193490795737069,nan,0.0640750083607513,nan,0.0018405131830877153,nan
1344,-0.3878378654576884,nan,0.06412227948454198,nan,0.0011863371722337205,nan
1345,-0.34023231267010273,nan,0.0641461090948266,nan,0.001364308220185431,nan
1346,-0.6584196698694005,nan,0.06425344071758261,nan,0.002930686618814483,nan
1347,-0.6023573216428997,nan,0.06436422225067133,nan,0.001990613808513276,nan
1348,-0.4110853606704372,nan,0.06440483106453827,nan,0.0015717257348155625,nan
1349,-0.3961460656296761,nan,0.06444523475363438,nan,0.001200410174383417,nan
1350,-0.5545819064744296,nan,0.06453593865249475,nan,0.00204084656905549,nan
1351,-0.7323441980645755,nan,0.06467385899369396,nan,0.002817900712395024,nan
1352,-0.2949298930275828,nan,0.06470119042628084,nan,0.0009722540449061765,nan
1353,-0.3577387762606218,nan,0.0647366446142323,nan,0.0013686694129902823,nan
1354,-0.7570429788880957,nan,0.06485869785088258,nan,0.0031082911494146356,nan
1355,-1.3585108293299364,nan,0.06515564350704964,nan,0.010390097032640681,nan
1356,-1.1916554677527602,nan,0.06542000556261973,nan,0.006334968629571971,nan
1357,-0.501325206290252,nan,0.06547951532873039,nan,0.0018104813869983271,nan
1358,-0.5816613755549366,nan,0.06557941229432346,nan,0.0021367296130621414,nan
1359,-0.38622763744315763,nan,0.06562114081614671,nan,0.0012781061215924076,nan
1360,-0.3297382962179665,nan,0.06564543605589296,nan,0.0013143388984558487,nan
1361,-0.5750977745276332,nan,0.06573230346584051,nan,0.0019321597980569382,nan
1362,-0.6121149509517805,nan,0.06583305500740623,nan,0.002211195210550997,nan
1363,-0.39670994807994825,nan,0.06588172570293956,nan,0.0014929527053890944,nan
1364,-0.3163275864504635,nan,0.06591194877317247,nan,0.0016605085316170403,nan
1365,-0.4740480439137663,nan,0.06596188157918491,nan,0.001648738669602441,nan
1366,-0.6843324933284176,nan,0.06607239165995218,nan,0.002430822546906991,nan
1367,-0.3042639118499318,nan,0.0660926558400626,nan,0.0011554513983729302,nan
1368,-0.3545309258508682,nan,0.06612493739805832,nan,0.0010426112164923587,nan
1369,-0.3797608794196299,nan,0.06616680813814674,nan,0.001473230146154318,nan
1370,-0.49974125936078745,nan,0.06624378544261922,nan,0.0019429630271436877,nan
1371,-1.1585267591468682,nan,0.06650054489763235,nan,0.006486490330169579,nan
1372,-0.4423156090698324,nan,0.06655336452753169,nan,0.001853853937046861,nan
1373,-0.497121312873253,nan,0.06662794548358587,nan,0.001781812604946273,nan
1374,-0.39495188741469894,nan,0.06667178136321346,nan,0.0016946826752373104,nan
1375,-0.45338004071631377,nan,0.06672103006910726,nan,0.0015340667880524878,nan
1376,-0.42898247946702495,nan,0.06676390963123298,nan,0.0015245312043841738,nan
1377,-0.7229027923106395,nan,0.06690205219844758,nan,0.00347474459939839,nan
1378,-0.4641139983460962,nan,0.06697478234830959,nan,0.002155780313384405,nan
1379,-0.407642624226191,nan,0.06702791217849272,nan,0.0013903906718129918,nan
1380,-0.5618078417968133,nan,0.06712107264757027,nan,0.002032048649573704,nan
1381,-0.5471266349034463,nan,0.06720135078828664,nan,0.00200308737774491,nan
1382,-0.34064447988233876,nan,0.06723961508546449,nan,0.0013520309715984425,nan
1383,-0.767750726059438,nan,0.06734731568946073,nan,0.002894838747916484,nan
1384,-0.5242471642128362,nan,0.06743553986511566,nan,0.0020169550240686724,nan
1385,-0.37836927553314953,nan,0.06747668389747052,nan,0.0013611993144610264,nan
1386,-0.3775195619749676,nan,0.06752302468239643,nan,0.0012371868286484876,nan
1387,-0.7556602326266981,nan,0.06765107169419626,nan,0.002947077027645405,nan
1388,-0.5876771478873941,nan,0.06772087182345309,nan,0.0019843967769156952,nan
1389,-0.5456821651371799,nan,0.06780593055108805,nan,0.0018364266869048853,nan
1390,-0.3780926771871726,nan,0.06784281903081138,nan,0.0013446046732896618,nan
1391,-0.5018113940073022,nan,0.06789523511555429,nan,0.0016508897849966473,nan
1392,-0.8434267888157317,nan,0.06805816673001762,nan,0.003594087796611332,nan
1393,-0.4972662986907563,nan,0.06813819814101593,nan,0.0022391593028237063,nan
1394,-0.6341097750699798,nan,0.06822923045010332,nan,0.002676747771966294,nan
1395,-0.4568984506306644,nan,0.06829429094451904,nan,0.001406267332409592,nan
1396,-0.6169094038134899,nan,0.06839400340222607,nan,0.002458968694782534,nan
1397,-0.6369889730211323,nan,0.06848915460556715,nan,0.0029293150739137276,nan
1398,-0.47740187533570544,nan,0.06853838896763065,nan,0.0016941789988843092,nan
1399,-0.621724588609947,nan,0.06864537113647365,nan,0.0022879254510155384,nan
1400,-0.43170783691036374,nan,0.06870726831625507,nan,0.0014293769392944705,nan
1401,-0.7881770666573389,nan,0.06883757038477535,nan,0.003056708741027569,nan
1402,-0.6235939297439572,nan,0.0689350261990071,nan,0.002656751266274519,nan
1403,-0.41120367881081904,nan,0.06897873170432642,nan,0.0016209797895305762,nan
1404,-0.39566777654787744,nan,0.0690186268660331,nan,0.0016829582695642804,nan
1405,-0.550366533505386,nan,0.06910421417029095,nan,0.002432401433170728,nan
1406,-0.319464331396709,nan,0.06912568600871123,nan,0.001131761288866203,nan
1407,-0.5775669591045511,nan,0.06922917298619877,nan,0.0023126660469540428,nan
1408,-0.5953807486018617,nan,0.06932550083583051,nan,0.0022004863056322406,nan
1409,-0.9636376392138793,nan,0.0695161533102405,nan,0.004412042437559934,nan
1410,-0.44876600721375964,nan,0.06956002394700442,nan,0.0013003753817916435,nan
1411,-0.39305882632327827,nan,0.06959783634628819,nan,0.0011852106807821907,nan
1412,-1.0928467038485512,nan,0.06979424834855509,nan,0.005805898077352109,nan
1413,-0.7588885449763844,nan,0.06992940239589866,nan,0.002598951279958184,nan
1414,-0.5162859476539593,nan,0.07000725284750542,nan,0.0017943295066024851,nan
1415,-1.2078743571401542,nan,0.0702564499539936,nan,0.006434394900273642,nan
1416,-0.9909629233665257,nan,0.07046805684379721,nan,0.005819770042056241,nan
1417,-0.3577946337823436,nan,0.07050212786339197,nan,0.0012691845699914926,nan
1418,-0.4539256044757477,nan,0.07055586718039715,nan,0.0012581597732783524,nan
1419,-0.48951391797459687,nan,0.07059870363953896,nan,0.001847865892006442,nan
1420,-0.34044129074177637,nan,0.07064215156016712,nan,0.0014629304528919593,nan
1421,-0.26823560507963917,nan,0.07066307883827251,nan,0.0009621862660113761,nan
1422,-0.5061583269023864,nan,0.07074545961874926,nan,0.002124995459888679,nan
1423,-0.825023121934483,nan,0.0709043401389628,nan,0.003200510483704565,nan
1424,-0.37614155837207625,nan,0.07094226673923344,nan,0.0012175876306460705,nan
1425,-0.4718979122215686,nan,0.07098248580143951,nan,0.00152537599746583,nan
1426,-0.8328035206460975,nan,0.07115269028339152,nan,0.00361682598611279,nan
1427,-0.4347755464316916,nan,0.07120377072154598,nan,0.0016358425961764866,nan
1428,-0.5118332971920564,nan,0.07127512858322306,nan,0.0019436712720961437,nan
1429,-0.7053855141687713,nan,0.07140243482863701,nan,0.003049217544936233,nan
1430,-0.38451397292493483,nan,0.07142028935338902,nan,0.0014519753977511598,nan
1431,-0.9659086499848163,nan,0.071617500492523,nan,0.004710896608647385,nan
1432,-0.4517942065761684,nan,0.07167728211305328,nan,0.0018764163746970424,nan
1433,-0.4850739992019691,nan,0.0717324308165977,nan,0.0016339651768769827,nan
1434,-0.5993000995218594,nan,0.07183148647549058,nan,0.0022175505823812886,nan
1435,-0.436089320151374,nan,0.07187060193050421,nan,0.001697623615469438,nan
1436,-0.6204488649957457,nan,0.07196905019185329,nan,0.003112760910189115,nan
1437,-0.6949479676780537,nan,0.07207969342449247,nan,0.0027175459415092105,nan
1438,-0.520007815664738,nan,0.07214683473381119,nan,0.0018082512814365916,nan
1439,-0.5320244999255574,nan,0.07221732594614444,nan,0.0022397941025913593,nan
1440,-0.41955416310199695,nan,0.07225900212520388,nan,0.001426227723723708,nan
1441,-0.4124030256907593,nan,0.07229529722516181,nan,0.0018607775663111047,nan
1442,-0.6075820250296288,nan,0.07238216611819442,nan,0.0023226911615694505,nan
1443,-0.7517808327002393,nan,0.07252719614700742,nan,0.003042712467611651,nan
1444,-0.4915255432756903,nan,0.07260930655987083,nan,0.0021305788510529574,nan
1445,-0.4985640006346082,nan,0.0726878926010111,nan,0.002022375828820441,nan
1446,-0.38239586028528216,nan,0.07271289029013625,nan,0.0016015488021036142,nan
1447,-0.44553591085980176,nan,0.07278107891090131,nan,0.0016429082498375697,nan
1448,-0.30053599243466705,nan,0.07280705978332846,nan,0.0009470001084270598,nan
1449,-0.41195249338807505,nan,0.07284150296111137,nan,0.0012523480817820418,nan
1450,-0.4446221183686822,nan,0.07290882879751336,nan,0.0020334191236041194,nan
1451,-0.7054953931579833,nan,0.0730287516802645,nan,0.0026433168418280896,nan
1452,-0.43629427993705716,nan,0.07307382412333027,nan,0.0016694571644162203,nan
1453,-0.4161269288458623,nan,0.07311850835422534,nan,0.001633802703189263,nan
1454,-0.49155645204845827,nan,0.07318254449808197,nan,0.0015956871109666661,nan
1455,-1.0206483465328764,nan,0.0733896060158788,nan,0.005302260849500638,nan
1456,-0.6294259541981777,nan,0.07349831725440883,nan,0.002028730914596584,nan
1457,-0.4018872022645686,nan,0.07353863112456094,nan,0.001619906750834957,nan
1458,-0.6432135696105854,nan,0.07364561440444466,nan,0.0022021993156461357,nan
1459,-0.31098580655640923,nan,0.07367202838794326,nan,0.0012393759979018133,nan
1460,-0.46895243358957134,nan,0.07371664865102144,nan,0.0015824339583618847,nan
1461,-0.6432757767281627,nan,0.07381900341652008,nan,0.0026324515750162382,nan
1462,-0.39754440682260245,nan,0.07386024820304372,nan,0.0014957197178162842,nan
1463,-1.325616204797004,nan,0.07413019545383795,nan,0.007611693554345134,nan
1464,-0.2869195382342389,nan,0.07415258511751337,nan,0.0009985051095995157,nan
1465,-0.73571962251729,nan,0.07428116220250214,nan,0.003226256506203402,nan
1466,-0.7265726705180808,nan,0.07441821271798066,nan,0.0026682685274100303,nan
1467,-0.5827271263420769,nan,0.07449481003101947,nan,0.002215997351909457,nan
1468,-0.39358397778288023,nan,0.07452853204792856,nan,0.0012857858223823604,nan
1469,-0.7887572833353622,nan,0.07467596998971864,nan,0.0034906164850169,nan
1470,-0.4516585188106087,nan,0.07474530886744297,nan,0.0015506610107003517,nan
1471,-0.7869857306546366,nan,0.07490437959789063,nan,0.003685433297082254,nan
1472,-0.38905415223701856,nan,0.07493688141330303,nan,0.0014112142944597273,nan
1473,-0.5470062375072992,nan,0.07499821822543895,nan,0.001831551268853238,nan
1474,-0.5074429402003492,nan,0.0750768190433016,nan,0.0019676833384422595,nan
1475,-0.4612007143189618,nan,0.07513039695769178,nan,0.0020043740463969767,nan
1476,-0.5032128145688843,nan,0.07520208132305377,nan,0.0015200331692386633,nan
1477,-0.3335882513005149,nan,0.07523378155842673,nan,0.0015938346775243486,nan
1478,-0.5470640366205668,nan,0.07528493830927971,nan,0.0019458737866077439,nan
1479,-0.4435676309712876,nan,0.07533349438902148,nan,0.0019181441392872268,nan
1480,-0.4901963985855771,nan,0.07541238944752551,nan,0.0021625060796441075,nan
1481,-0.43846579782773054,nan,0.07545015630716957,nan,0.0017000511587017607,nan
1482,-0.38069519522286593,nan,0.07549620423343258,nan,0.0014191792325796491,nan
1483,-0.4771591726293425,nan,0.07556785572913405,nan,0.002122623019388972,nan
1484,-0.7373102529906207,nan,0.07572082367322777,nan,0.002863086231543399,nan
1485,-0.44066218485097114,nan,0.07576655545886492,nan,0.001710998658039704,nan
1486,-0.3156939292817181,nan,0.07578344755147484,nan,0.0010478600860926843,nan
1487,-0.3281119859342747,nan,0.07581447742894687,nan,0.0011162622837536456,nan
1488,-0.7370960241117535,nan,0.07594175229383131,nan,0.003179646204889635,nan
1489,-0.31804506040010244,nan,0.07597491568634646,nan,0.0014945568392310496,nan
1490,-0.45001003197470424,nan,0.0760450495711527,nan,0.0015927197213518266,nan
1491,-0.3522072259658456,nan,0.07608088842013944,nan,0.0012535935416706154,nan
1492,-0.48701101310262884,nan,0.07613068640488127,nan,0.0014299972868191118,nan
1493,-0.42707900264745047,nan,0.07620356965574905,nan,0.0016397693563468894,nan
1494,-1.0574371570160361,nan,0.07641624311530108,nan,0.005350086971818569,nan
1495,-0.7357679384078836,nan,0.0765463828130484,nan,0.0031831739811593786,nan
1496,-0.8220924336779949,nan,0.07669794352278647,nan,0.003662799447035958,nan
1497,-0.5507207918462941,nan,0.07678487640293184,nan,0.0021725420564462656,nan
1498,-0.6540295068535498,nan,0.07688819303449668,nan,0.0026596671579430277,nan
1499,-0.649785918515269,nan,0.07700100660751472,nan,0.0026019797601348595,nan
1500,-0.6057721609088039,nan,0.07711267553658425,nan,0.002158383104551223,nan
1501,-0.3457831638784251,nan,0.07714466885439947,nan,0.0014901412700012075,nan
1502,-1.6317200019499245,nan,0.07749572814171485,nan,0.01651110867492103,nan
1503,-0.4355484979012183,nan,0.07754399168778237,nan,0.0012481140544824902,nan
1504,-0.6460267528094699,nan,0.0776532075048631,nan,0.002203199921877492,nan
1505,-0.501744962372452,nan,0.07770985204738946,nan,0.001870006083836487,nan
1506,-1.8097596512861924,nan,0.07811858198804401,nan,0.013605948802408178,nan
1507,-0.8896763127867968,nan,0.0782896387462145,nan,0.004061109270974009,nan
1508,-0.4970925308824345,nan,0.0783550903770025,nan,0.0018292922071265847,nan
1509,-0.40705388327646674,nan,0.07839580796422577,nan,0.0014183170798134862,nan
1510,-0.4127099065684918,nan,0.0784494760623799,nan,0.0018101409634824212,nan
1511,-0.4691567713023694,nan,0.07849812634916095,nan,0.001521076285014501,nan
1512,-0.36701261790627365,nan,0.07854202833966593,nan,0.001467235301174231,nan
1513,-0.8298828602698579,nan,0.07870107078036392,nan,0.0043188232870782686,nan
1514,-0.4357368426633329,nan,0.07876435440772768,nan,0.001679093637952623,nan
1515,-0.4867487118413459,nan,0.07883193327044971,nan,0.0016686455666089896,nan
1516,-1.0511075237040381,nan,0.07903991269309464,nan,0.005608389602340528,nan
1517,-0.4390577415603374,nan,0.07910155953585887,nan,0.001322942581159171,nan
1518,-0.38780609743937067,nan,0.0791456022925741,nan,0.0012248381589735214,nan
1519,-0.6901474444372119,nan,0.07926080954197366,nan,0.00255161493965306,nan
1520,-0.631221682032521,nan,0.0793657357270938,nan,0.003044070058769045,nan
1521,-0.9943182732129848,nan,0.07956058445440366,nan,0.004808759540207334,nan
1522,-0.4197414266209777,nan,0.07959039771352672,nan,0.001601102454539474,nan
1523,-0.4081106037853068,nan,0.07963903581085188,nan,0.001319609819315284,nan
1524,-0.5826736558263512,nan,0.07973257195507212,nan,0.0024687891322983306,nan
1525,-0.724917595568168,nan,0.07986575630800648,nan,0.0032137517192647375,nan
1526,-0.8958265526706694,nan,0.08003839478624632,nan,0.0035817720035070367,nan
1527,-0.39226267570091067,nan,0.08008788412116259,nan,0.0012229452804859515,nan
1528,-0.2724833440297947,nan,0.08011072621532633,nan,0.0008370296919752416,nan
1529,-0.3193930308363453,nan,0.08013041130786888,nan,0.0014545660789002258,nan
1530,-0.5645247788731663,nan,0.08022499024611232,nan,0.0018278090889637718,nan
1531,-0.5928394155747752,nan,0.0803132285514452,nan,0.002065492965709313,nan
1532,-0.3681591781840424,nan,0.0803381532554405,nan,0.0014702629651601666,nan
1533,-0.42772272191631283,nan,0.08038150353654648,nan,0.001373961004057052,nan
1534,-0.4478616457845129,nan,0.08043066002037985,nan,0.0017467841237924304,nan
1535,-0.6544517202702791,nan,0.08054607665688422,nan,0.002029599083340347,nan
1536,-0.4623474565988388,nan,0.08061337164430545,nan,0.0013513246754826653,nan
1537,-0.367366989887701,nan,0.08065294799344708,nan,0.0013730864446549087,nan
1538,-0.5112623342339616,nan,0.08070881401404878,nan,0.0017555899452999608,nan
1539,-0.4468884140804746,nan,0.08075855154549615,nan,0.0012643821436848983,nan
1540,-0.640223918602777,nan,0.08086189936590008,nan,0.002397485715626834,nan
1541,-0.3320763653930922,nan,0.08088267379063749,nan,0.001449348714193244,nan
1542,-0.5290862411483331,nan,0.08097303831842846,nan,0.001966983021829588,nan
1543,-0.5120909920445648,nan,0.0810542495522168,nan,0.0021552327536275063,nan
1544,-0.8491082341060598,nan,0.08121159284660026,nan,0.004005881724800836,nan
1545,-0.7558243257489091,nan,0.08134300937118363,nan,0.003080594497952414,nan
1546,-0.529377906365374,nan,0.08139401969541393,nan,0.0015973638225567806,nan
1547,-0.963687311173884,nan,0.08155800378549813,nan,0.004135086009804144,nan
1548,-0.30028967147313335,nan,0.08157517497747067,nan,0.0012135212665578625,nan
1549,-0.3804902348592389,nan,0.08161338203551519,nan,0.0013420118591816843,nan
1550,-0.6620344692074437,nan,0.08171194969912503,nan,0.002369209803486385,nan
1551,-0.40845311300070725,nan,0.08174105088236443,nan,0.0015674578468339007,nan
1552,-0.4810086554221741,nan,0.08179929931718115,nan,0.0014535007895531986,nan
1553,-0.38208931165759286,nan,0.08185189518798011,nan,0.0013737577148720207,nan
1554,-0.5938001141813222,nan,0.08196024804669594,nan,0.0025629108032936346,nan
1555,-0.419645623490017,nan,0.08200877838971027,nan,0.0015774092088226865,nan
1556,-0.6296244443179243,nan,0.08212118050279342,nan,0.002574960457927449,nan
1557,-0.6477223769354139,nan,0.08223261429650315,nan,0.002668083454710517,nan
1558,-0.43849595914557643,nan,0.08227388477311168,nan,0.0012431238347521893,nan
1559,-0.3628914582172088,nan,0.08230701143030379,nan,0.0014863906275292289,nan
1560,-0.49206670300999844,nan,0.08236745304310945,nan,0.002089184076067728,nan
1561,-0.5092306298026675,nan,0.0824377676880249,nan,0.001679477753241232,nan
1562,-0.5586056725669551,nan,0.08251178946248111,nan,0.0022429286038446695,nan
1563,-0.36602172520442705,nan,0.08255550043217023,nan,0.0013067373085045768,nan
1564,-0.7901289118139925,nan,0.08270802575551721,nan,0.004082635804016847,nan
1565,-0.4969798221995785,nan,0.08277154442768986,nan,0.0017865642089311105,nan
1566,-0.6315153268554424,nan,0.08287177847601576,nan,0.002233918948994592,nan
1567,-0.4320326979930748,nan,0.08292094659789241,nan,0.0016045741133115508,nan
1568,-0.424195079763914,nan,0.08297192832327348,nan,0.0015867514432623877,nan
1569,-0.3598946808443667,nan,0.08300696817235786,nan,0.0015114618896816092,nan
1570,-0.36429088293295614,nan,0.08304844668978123,nan,0.00125971833475308,nan
1571,-1.0835589092902727,nan,0.08325647655553965,nan,0.006021553974809618,nan
1572,-0.36794488358006233,nan,0.08328627971191693,nan,0.0012215753381378445,nan
1573,-0.5335814125828511,nan,0.08336834534618466,nan,0.002044187005229986,nan
1574,-0.6761288564381968,nan,0.08347207726394927,nan,0.0026832881405376764,nan
1575,-0.41854221450939866,nan,0.08351181695464831,nan,0.0018274853835201252,nan
1576,-0.7636002720881447,nan,0.08365720727317665,nan,0.003271479785720489,nan
1577,-0.3911858321661035,nan,0.08369182335034508,nan,0.0017373002087691862,nan
1578,-0.44553018691938995,nan,0.08374334224445136,nan,0.0014364926040041372,nan
1579,-0.4622597719011095,nan,0.08381722126468132,nan,0.0019371180082713908,nan
1580,-0.4669348283987815,nan,0.08387730202559304,nan,0.0013645959638668278,nan
1581,-0.4505428393487266,nan,0.08394942336531198,nan,0.0017046249546517236,nan
1582,-0.8432213729022175,nan,0.08408570997088527,nan,0.003144011968782292,nan
1583,-0.45504704803487633,nan,0.08414423392073513,nan,0.0015287068085380838,nan
1584,-0.4255704561111623,nan,0.08419667388382569,nan,0.0016909082950585428,nan
1585,-1.390941646542727,nan,0.08452432023648418,nan,0.00995298507046145,nan
1586,-0.5654504197665448,nan,0.08459710009028855,nan,0.0015920789983429233,nan
1587,-0.3997613664024468,nan,0.08464568440523416,nan,0.0015919245691394387,nan
1588,-0.40889990813669547,nan,0.0846964792966797,nan,0.0015900011749683475,nan
1589,-0.3685648826417652,nan,0.0847274881059472,nan,0.001398857286904875,nan
1590,-0.491646795907036,nan,0.08481005653284895,nan,0.0018022903548969057,nan
1591,-0.4422683589858435,nan,0.08487583327444384,nan,0.0013278154378686495,nan
1592,-0.35307307516070274,nan,0.0849058536981324,nan,0.0013222339063813974,nan
1593,-0.5322150154168397,nan,0.08498713702501941,nan,0.002352619703932683,nan
1594,-0.9902243494972722,nan,0.08517621728018572,nan,0.005973201028681276,nan
1595,-0.405589711890779,nan,0.08521654007856522,nan,0.0012785771300910492,nan
1596,-0.4615331339403988,nan,0.08528047969641342,nan,0.001395182005688619,nan
1597,-0.8905508624424439,nan,0.08546286647408487,nan,0.004089781287920689,nan
1598,-0.44932828001911346,nan,0.08550431758054348,nan,0.00116255448602843,nan
1599,-0.42467564135097724,nan,0.0855653023983686,nan,0.0016572704757914691,nan
1600,-0.3160352717320048,nan,0.08559748246449901,nan,0.0011023504889048743,nan
1601,-0.798977022448772,nan,0.08571500735100977,nan,0.003797270050988099,nan
1602,-0.6851869734455613,nan,0.08580142276821501,nan,0.00238741571879443,nan
1603,-0.4090103361575823,nan,0.0858649484828633,nan,0.0012997378913960557,nan
1604,-0.8517056506548465,nan,0.08602785531375233,nan,0.0037708109222260155,nan
1605,-0.7776970420354171,nan,0.08618027673937169,nan,0.0032872692371472352,nan
1606,-0.7303227816873022,nan,0.08629918348145157,nan,0.003292021966569095,nan
1607,-1.2892017742637458,nan,0.08658140655067734,nan,0.007855696450795278,nan
1608,-0.36726112195692123,nan,0.08662029745399613,nan,0.0012156434764429118,nan
1609,-1.594126650624797,nan,0.08698242016948209,nan,0.012155707256240936,nan
1610,-0.4183778068786521,nan,0.08703444427132892,nan,0.001424886812664368,nan
1611,-0.42710342117503003,nan,0.08709967852401984,nan,0.0017493405360764552,nan
1612,-0.9822326310428228,nan,0.08731310049585596,nan,0.0041708501407230454,nan
1613,-0.6459426988662965,nan,0.08741538843377661,nan,0.0022859761765927637,nan
1614,-0.8192659776377342,nan,0.08754042204786917,nan,0.0030978247783991874,nan
1615,-0.9608914204725199,nan,0.08771534861480644,nan,0.005328047432929869,nan
1616,-0.32694548785577465,nan,0.08775179202517679,nan,0.0012521258856054759,nan
1617,-0.3960361784174381,nan,0.08779045275403617,nan,0.0014303009015211173,nan
1618,-0.4156368495122582,nan,0.08784438374217937,nan,0.0014368719974020077,nan
1619,-0.7417384460574021,nan,0.08797458535830266,nan,0.0031518169246494707,nan
1620,-0.6606203397281663,nan,0.08809578706114353,nan,0.0024847318129855456,nan
1621,-0.4784929910242358,nan,0.08813901228776032,nan,0.0015687577929798418,nan
1622,-0.4565805312285023,nan,0.08819821191357154,nan,0.001818910715997472,nan
1623,-0.8060365065197642,nan,0.08834454173139022,nan,0.0036325424898279867,nan
1624,-0.7332399835629665,nan,0.08846685943056472,nan,0.00281376432484596,nan
1625,-0.32797916908944824,nan,0.08849007022628266,nan,0.0012569867073515457,nan
1626,-0.5053231252461352,nan,0.08855901523626668,nan,0.0019796049644028395,nan
1627,-0.3460395182696404,nan,0.08858982948679303,nan,0.0012078635288445224,nan
1628,-0.3647786251310433,nan,0.08862991089553242,nan,0.0011784818791131658,nan
1629,-0.6741431706146166,nan,0.08873612153672443,nan,0.003083570517192926,nan
1630,-0.5625560591762123,nan,0.08881267935540332,nan,0.00192649838295631,nan
1631,-0.5306191289649795,nan,0.08889016404320345,nan,0.001952072294681788,nan
1632,-0.4470287718070573,nan,0.08894388245914156,nan,0.0019123599359890896,nan
1633,-0.5400539338644488,nan,0.08901799769153154,nan,0.001920122186639284,nan
1634,-0.4885420204828066,nan,0.0890818183322348,nan,0.0013217780010537814,nan
1635,-0.5589652014228974,nan,0.08912540150629776,nan,0.002093793926079489,nan
1636,-0.5061462093370357,nan,0.08920928253164012,nan,0.002003610975791015,nan
1637,-0.5060745215671633,nan,0.08928052187174144,nan,0.0019754582068403008,nan
1638,-0.4747351690338114,nan,0.08933893391076601,nan,0.0014898496340334032,nan
1639,-0.4361478891674646,nan,0.08939089248837977,nan,0.001836197775531351,nan
1640,-0.5426683612016684,nan,0.08945736969580542,nan,0.002130392699092644,nan
1641,-0.9129560178311072,nan,0.08963168702109581,nan,0.0038460707175920136,nan
1642,-0.4935623539472467,nan,0.08968818960404758,nan,0.0017344397075419432,nan
1643,-0.3394469745656755,nan,0.08972610726772927,nan,0.0013159224384710288,nan
1644,-0.37413327797607976,nan,0.08975373905627561,nan,0.0016032774836785254,nan
1645,-0.37543271625504443,nan,0.08979153685596533,nan,0.001344900268064598,nan
1646,-0.43994803129431254,nan,0.08983081407144221,nan,0.001558358048405835,nan
1647,-0.356745292884657,nan,0.08987759678715093,nan,0.0013223601337881137,nan
1648,-0.4614252906731394,nan,0.08993360538184449,nan,0.0015949464094069355,nan
1649,-0.6777547181391926,nan,0.0900210102356087,nan,0.002449791317761386,nan
1650,-0.4270292876006142,nan,0.09007564505675718,nan,0.001456283509926935,nan
1651,-0.38167575499493683,nan,0.09010692323093902,nan,0.0014496129433899932,nan
1652,-0.5522552202394387,nan,0.09018403205877829,nan,0.0021847394837884444,nan
1653,-0.781248859313946,nan,0.09030629521274804,nan,0.0028539060295746607,nan
1654,-0.3807557796820278,nan,0.09034120638934594,nan,0.0012391015046933757,nan
1655,-0.5014322703018333,nan,0.0904213111090742,nan,0.0019498909233769375,nan
1656,-0.5366822282127607,nan,0.09050050973331755,nan,0.001909415657895152,nan
1657,-0.46547593040569335,nan,0.09054886624262652,nan,0.0016443470882586517,nan
1658,-0.5387062799281034,nan,0.09063367274350059,nan,0.0022307208160006163,nan
1659,-0.4426660144862005,nan,0.09068529947243158,nan,0.0019124844486598418,nan
1660,-0.45862568936586423,nan,0.09074883312269616,nan,0.0013049595706010482,nan
1661,-0.3097251579492582,nan,0.0907750849558439,nan,0.0013105958395656305,nan
1662,-0.5862003120581762,nan,0.09088776704649443,nan,0.0027606823563367483,nan
1663,-0.6315916231279229,nan,0.09097421946914434,nan,0.0027666737816360917,nan
1664,-0.37274728291330816,nan,0.0910221959166286,nan,0.0013363297647774376,nan
1665,-0.7321741975506753,nan,0.09114354856998359,nan,0.0026986470572847106,nan
1666,-0.6773219670577446,nan,0.09126641559579385,nan,0.0026967121278942217,nan
1667,-0.5980198056703282,nan,0.09135845777624457,nan,0.0018787189701363898,nan
1668,-0.577924535590576,nan,0.0914703453945882,nan,0.0025517694595647167,nan
1669,-0.6460005247258757,nan,0.09156347041814565,nan,0.002514246677892551,nan
1670,-0.4841564834574562,nan,0.09165102123960953,nan,0.0019234245916661516,nan
1671,-0.570158217929193,nan,0.09174255050307445,nan,0.002446023097502084,nan
1672,-0.5254914695632379,nan,0.0918291264663453,nan,0.0020161816097083204,nan
1673,-0.43611230728657513,nan,0.09188550974175971,nan,0.0013999050709575644,nan
1674,-0.3552184956733412,nan,0.09192389029539967,nan,0.0015424319303053262,nan
1675,-0.5238273098728007,nan,0.0919853291769139,nan,0.0017446571272573038,nan
1676,-0.3248957419695513,nan,0.09201218652866865,nan,0.0014337744196688208,nan
1677,-0.46752053568901847,nan,0.09205977540306928,nan,0.0014466606012797894,nan
1678,-0.7822743119503289,nan,0.09222470630288501,nan,0.00324395881907404,nan
1679,-0.5911265261841214,nan,0.0923148987859757,nan,0.0019866292466970644,nan
1680,-0.4333141145672443,nan,0.09237788077091907,nan,0.0017648330488195221,nan
1681,-0.6582913545925086,nan,0.09248342435269971,nan,0.0025624843557193965,nan
1682,-0.4133666927939023,nan,0.09254094103043614,nan,0.0014451656604035738,nan
1683,-0.823477164917264,nan,0.09270185208182914,nan,0.0033489438069876287,nan
1684,-0.5773070208406827,nan,0.09279090184543734,nan,0.002042542870148992,nan
1685,-0.4686061397333815,nan,0.09284905941964475,nan,0.0015105645512513294,nan
1686,-0.36320168804219066,nan,0.09288098045886009,nan,0.0013222628063047786,nan
1687,-0.6403362348103282,nan,0.09299314011322996,nan,0.0021488462210087706,nan
1688,-0.4807174934228249,nan,0.09305820051196667,nan,0.0012746701815321481,nan
1689,-0.4354779394302392,nan,0.09309805222383355,nan,0.0017655334051273515,nan
1690,-0.4128957951528588,nan,0.09316127648136699,nan,0.0014604372379661114,nan
1691,-0.25198086058170327,nan,0.09317785590687624,nan,0.0009254019676928531,nan
1692,-0.4389244509941105,nan,0.09323326430954414,nan,0.001620127220181366,nan
1693,-0.451746424084534,nan,0.09329216144557455,nan,0.0017813496953973428,nan
1694,-0.4098002101385839,nan,0.09333962506220014,nan,0.0014572567624612505,nan
1695,-0.5361510886230288,nan,0.09340346860173532,nan,0.001681976052589321,nan
1696,-0.43131884031122825,nan,0.09344795701787971,nan,0.0013476329154579832,nan
1697,-0.5281787981246759,nan,0.09349961755259409,nan,0.0017337397563926902,nan
1698,-0.6527368412023138,nan,0.09360849397526515,nan,0.002596151989681659,nan
1699,-0.5309095517909646,nan,0.09368141052548419,nan,0.0018664357437148274,nan
1700,-0.8116169361761085,nan,0.09383573488835813,nan,0.0033430745878335914,nan
1701,-0.6992025629931429,nan,0.0939700191987789,nan,0.002791413251255933,nan
1702,-0.39780358363596335,nan,0.09402108711719509,nan,0.001574952561902581,nan
1703,-0.37158510639876263,nan,0.09406676296766942,nan,0.0014169087396840542,nan
1704,-0.565148062921526,nan,0.09414312711243772,nan,0.002589646549974823,nan
1705,-0.48237640123294645,nan,0.09423560312915935,nan,0.0018425405836373025,nan
1706,-0.766299296711485,nan,0.09437053923116445,nan,0.0034289391012661337,nan
1707,-0.49968741907150965,nan,0.09443518876636087,nan,0.0014982114854785414,nan
1708,-0.36196269326193214,nan,0.09446319571188219,nan,0.0015649685248687124,nan
1709,-0.3690366032590291,nan,0.09450383764390805,nan,0.001405215178100079,nan
1710,-1.1241054843578313,nan,0.09473052655290791,nan,0.005653090150506452,nan
1711,-0.5080164605477531,nan,0.09480837680254867,nan,0.0016885555324560838,nan
1712,-0.6474537974824348,nan,0.09490031052473254,nan,0.003065700825926338,nan
1713,-0.4235878925134198,nan,0.09495506106777923,nan,0.001543713457545352,nan
1714,-0.2869729048450287,nan,0.09497759848295854,nan,0.0011117885367394901,nan
1715,-0.42936134752945426,nan,0.09503747910453426,nan,0.0019003703951468137,nan
1716,-0.5022317028365186,nan,0.0950947396649916,nan,0.0015957248424994612,nan
1717,-0.5321200571770636,nan,0.0951406886710231,nan,0.0018486922744084908,nan
1718,-0.7469808894429523,nan,0.09529103431169245,nan,0.003162350889935643,nan
1719,-0.5300883555220557,nan,0.09536386818884157,nan,0.0021643787775126153,nan
1720,-0.5302631568983013,nan,0.09543773003360569,nan,0.0018873738443578442,nan
1721,-1.2590908210740641,nan,0.09573427218874027,nan,0.00800371206041796,nan
1722,-0.4414897286373351,nan,0.09577837381249997,nan,0.001828916157040299,nan
1723,-0.5471403171180744,nan,0.0958714867550005,nan,0.0021969708660505515,nan
1724,-0.648444428825862,nan,0.09598072994593997,nan,0.002324097592417814,nan
1725,-0.529785345612196,nan,0.0960480047396614,nan,0.002263909259923232,nan
1726,-0.44020838309888805,nan,0.0961152199170728,nan,0.0015203311352858244,nan
1727,-0.36470621720137786,nan,0.09616198448364799,nan,0.0013948797940961887,nan
1728,-0.4551069599030228,nan,0.09621903484414636,nan,0.0014257531218932868,nan
1729,-1.0911554927793008,nan,0.09645676410748641,nan,0.006722921583712195,nan
1730,-0.462968114917054,nan,0.09650572265308141,nan,0.001716862286210057,nan
1731,-0.3447537699442227,nan,0.09654031555933872,nan,0.0013397838761022307,nan
1732,-0.4308616963783012,nan,0.09658494853394925,nan,0.0015453237926109351,nan
1733,-0.4739828688731866,nan,0.09664366955970648,nan,0.0017737125176251168,nan
1734,-0.7621510791022854,nan,0.09678431467137974,nan,0.002639396800594517,nan
1735,-0.3478731040943268,nan,0.09680737649449715,nan,0.001369901529118764,nan
1736,-0.4365513042374251,nan,0.09684677390744768,nan,0.0014178232411415459,nan
1737,-0.4075085077598754,nan,0.09691541825281673,nan,0.0014002646659927445,nan
1738,-0.415366671914427,nan,0.09696100960894068,nan,0.0015456885884380187,nan
1739,-0.45429269993998117,nan,0.09701829012914946,nan,0.00155195435032063,nan
1740,-0.4006881256539386,nan,0.09706983681413356,nan,0.0011683272232828527,nan
1741,-0.45639844770575644,nan,0.09713477769348813,nan,0.0017481916480157616,nan
1742,-0.3701247917342738,nan,0.09717654308982235,nan,0.0013704960034950423,nan
1743,-0.6707439104405511,nan,0.0973027931592821,nan,0.0026636698887522337,nan
1744,-0.4681054706196111,nan,0.09735086256036593,nan,0.0013852234486401288,nan
1745,-0.6747706671940871,nan,0.09745691003378609,nan,0.0027150158588987935,nan
1746,-0.9027448850094161,nan,0.09763138814525574,nan,0.004169372432937999,nan
1747,-0.8514885384814365,nan,0.09778868093045211,nan,0.0036419747519826208,nan
1748,-0.9529875990007317,nan,0.097956579623702,nan,0.0038408553497338107,nan
1749,-0.8339019175526539,nan,0.09813031776651353,nan,0.003990199136389604,nan
1750,-0.4674334490519417,nan,0.09819376353091225,nan,0.0015815209027213956,nan
1751,-0.3128725249412618,nan,0.09822384224693442,nan,0.001175763640799804,nan
1752,-0.9813656340243303,nan,0.09840240577600692,nan,0.004694721657888699,nan
1753,-0.5602101579268106,nan,0.09848813124682512,nan,0.002249749228545463,nan
1754,-1.0378678783304898,nan,0.09869017375777495,nan,0.004806124587353358,nan
1755,-0.5387066112403127,nan,0.09874813089109911,nan,0.0018777939144224835,nan
1756,-0.5452896456388492,nan,0.09882721161217807,nan,0.001890215193734669,nan
1757,-0.47131808496231004,nan,0.09888886284985005,nan,0.0016079701631699292,nan
1758,-0.41518537769999375,nan,0.09893244047751913,nan,0.0015716093400012941,nan
1759,-0.5369312345313019,nan,0.09899303191294058,nan,0.001732974370980123,nan
1760,-0.5469965985926855,nan,0.09907207351821873,nan,0.0016570818614050438,nan
1761,-0.7760300624485194,nan,0.09920773043787488,nan,0.003268214657620158,nan
1762,-0.39191131823110936,nan,0.09924991539486698,nan,0.0013804862654235393,nan
1763,-0.33768089760832276,nan,0.09927068878167682,nan,0.0013835156032034463,nan
1764,-0.4054554894439252,nan,0.09932331912196922,nan,0.0015930644757389608,nan
1765,-0.336879758485339,nan,0.0993541151526017,nan,0.0013286586167136276,nan
1766,-0.4989530863228281,nan,0.09943392317642902,nan,0.00198319478458966,nan
1767,-0.40454301043948243,nan,0.0994866188971314,nan,0.0015323690658131973,nan
1768,-0.5889174816798797,nan,0.099548520706105,nan,0.0024062680985007232,nan
1769,-0.5747336831520811,nan,0.09964422611804197,nan,0.001815170695110402,nan
1770,-0.33718406001722767,nan,0.09967944445872216,nan,0.001156797220828874,nan
1771,-1.1542655128490384,nan,0.09991402410449904,nan,0.00597235192873571,nan
1772,-0.5927107748269724,nan,0.10000502168729236,nan,0.0020322743560975865,nan
1773,-0.9906391134194089,nan,0.10020279931873,nan,0.004760231517580581,nan
1774,-0.44910705748728363,nan,0.10025004785668651,nan,0.0015268771643116611,nan
1775,-0.34766617835989805,nan,0.10028063444451045,nan,0.001516447590832294,nan
1776,-0.5404971643995545,nan,0.10036492226473581,nan,0.001750030917219349,nan
1777,-0.37102929840582005,nan,0.10042012936990415,nan,0.0015644067872727836,nan
1778,-0.36191320475836464,nan,0.10046657886510811,nan,0.00138402326618577,nan
1779,-0.3818601124911497,nan,0.1005093502471849,nan,0.001566149916971145,nan
1780,-0.4955490319316189,nan,0.10055999545065585,nan,0.0017268782091102686,nan
1781,-0.41506709565344424,nan,0.10060929712049303,nan,0.0014889420601912782,nan
1782,-0.46476189883811947,nan,0.10067425884253503,nan,0.0020418577685777034,nan
1783,-0.8857140790360859,nan,0.10085169666906801,nan,0.003907121026323314,nan
1784,-0.6015971866547343,nan,0.1009425451807157,nan,0.002873235369929029,nan
1785,-0.7027858040288226,nan,0.1010739424801274,nan,0.0026472266180556795,nan
1786,-0.5570687120855309,nan,0.10115779708457841,nan,0.0018177598651676853,nan
1787,-0.5910171426613758,nan,0.10124574425096006,nan,0.002024429822460888,nan
1788,-0.3846411867487005,nan,0.10129455064187703,nan,0.001386074648906697,nan
1789,-0.4059855943858169,nan,0.10133975843116706,nan,0.0015652524560289137,nan
1790,-0.3119401590055832,nan,0.10135677457063812,nan,0.0011928969415301617,nan
1791,-0.38815020127181604,nan,0.10139572431808974,nan,0.0014549441948398434,nan
1792,-0.4052862490923806,nan,0.10141331579962283,nan,0.0015496704946999062,nan
1793,-0.6931531014922763,nan,0.10151092970172151,nan,0.002879261925307296,nan
1794,-0.4979208113707309,nan,0.1015728776915335,nan,0.001589398899299657,nan
1795,-0.601805827712062,nan,0.1016667703505124,nan,0.002365401357016083,nan
1796,-0.7246159957260393,nan,0.10177809432126608,nan,0.0031385457052986888,nan
1797,-0.36529628857528695,nan,0.10182151174364591,nan,0.0012835330043037974,nan
1798,-0.41198579021193643,nan,0.10185713436603333,nan,0.0013765643436377522,nan
1799,-0.2874757006084037,nan,0.10187283392175536,nan,0.001165721252810553,nan
1800,-0.5972552187979309,nan,0.10196412621618804,nan,0.0025404651777212067,nan
1801,-0.5316319048041209,nan,0.1020462892605478,nan,0.0021831345161656534,nan
1802,-1.1865314595663918,nan,0.10227254757470285,nan,0.006582848764567593,nan
1803,-0.7187332163153571,nan,0.10240200777995256,nan,0.003196379907858266,nan
1804,-0.43179353470747667,nan,0.10245821653277434,nan,0.0017843784071750418,nan
1805,-0.4251036264183755,nan,0.10250101308588885,nan,0.001540079334689341,nan
1806,-0.42198261800203146,nan,0.10254791220011464,nan,0.0018349109450645873,nan
1807,-0.4594100961045067,nan,0.10259931397866916,nan,0.001839082959803827,nan
1808,-0.3558848516330556,nan,0.10262772073695511,nan,0.0014675998536252848,nan
1809,-0.45879405334679507,nan,0.10269665344837486,nan,0.0016891112999079785,nan
1810,-0.4437136925936945,nan,0.10275996878786518,nan,0.0015876495515821777,nan
1811,-0.4310775441527559,nan,0.102817757448269,nan,0.001642857584879399,nan
1812,-0.3017810385503497,nan,0.10283578007681757,nan,0.001382949455256828,nan
1813,-0.6703676782624589,nan,0.10295689458787254,nan,0.002738573849089066,nan
1814,-0.5938232786737335,nan,0.10303893964316807,nan,0.002086525213648169,nan
1815,-0.5020877166901144,nan,0.10310971385475556,nan,0.0016255054537319695,nan
1816,-0.7749259215337272,nan,0.1032574553248134,nan,0.0033192963600669166,nan
1817,-0.8317494307311776,nan,0.10340125895943543,nan,0.0035337840408327112,nan
1818,-0.4829804954411768,nan,0.10346001235642754,nan,0.0019117012101777483,nan
1819,-0.5192957686156187,nan,0.10354019977270851,nan,0.0020621860788174583,nan
1820,-0.8272788367923827,nan,0.10367839493315222,nan,0.003537356498853316,nan
1821,-0.4500586278083741,nan,0.10372216142851678,nan,0.0017409951754722023,nan
1822,-0.6583905753557953,nan,0.10383905851670525,nan,0.0026013070778012717,nan
1823,-0.49899709871054826,nan,0.1039085142900613,nan,0.0017763881465387118,nan
1824,-0.4071913516824908,nan,0.10394901129453693,nan,0.001605766775683132,nan
1825,-0.5901036871794582,nan,0.1040350714106555,nan,0.002187782897557821,nan
1826,-0.35155943734379214,nan,0.10405905518536777,nan,0.001255755404122315,nan
1827,-0.4734256726524015,nan,0.10411689368824908,nan,0.0020515958354869706,nan
1828,-0.8109790912394189,nan,0.10426247492495569,nan,0.003296279540002867,nan
1829,-0.5068227077239847,nan,0.10433633720618476,nan,0.0016410934711697117,nan
1830,-0.3854974514021364,nan,0.10437852904929967,nan,0.0017484119847109997,nan
1831,-0.5947662183690222,nan,0.10448548750934271,nan,0.002671944247847114,nan
1832,-0.5552474597381976,nan,0.1045470837474931,nan,0.0023226569399444875,nan
1833,-0.259783681557484,nan,0.10456013148181621,nan,0.0010352641464598704,nan
1834,-0.595093708365673,nan,0.10466868040441342,nan,0.0024637732949176006,nan
1835,-0.5709547215979474,nan,0.10474197268649878,nan,0.0022363887107483215,nan
1836,-0.6095072791207515,nan,0.10483251216854851,nan,0.0029300414665297827,nan
1837,-0.35658906345079583,nan,0.10486960640359075,nan,0.0012783971851439036,nan
1838,-0.6282548393251919,nan,0.10496745898704049,nan,0.002043395861870908,nan
1839,-0.47378409155666107,nan,0.10501986736623918,nan,0.0018735050442488643,nan
1840,-0.42231264968077975,nan,0.10506563236777168,nan,0.0013593893922574532,nan
1841,-0.4282565741402782,nan,0.10511965693046052,nan,0.0015779001501505365,nan
1842,-0.9399127955253967,nan,0.10529349500855749,nan,0.00383273670157551,nan
1843,-0.70017290828045,nan,0.10542042468903386,nan,0.0034666893048157428,nan
1844,-0.39256795792308263,nan,0.10546655315196243,nan,0.0012018192788883142,nan
1845,-0.6967269853491153,nan,0.10556430862630879,nan,0.003248247366572882,nan
1846,-0.7334520679742825,nan,0.105698549603054,nan,0.0034485106637487553,nan
1847,-0.820929808649055,nan,0.1058274820811531,nan,0.0034739335002227584,nan
1848,-0.28613888907933527,nan,0.10584572640060351,nan,0.0011692470715892393,nan
1849,-0.378465948731214,nan,0.10587302145679078,nan,0.0016535627549614119,nan
1850,-0.48006664917651404,nan,0.10594250520225656,nan,0.0016956767717994485,nan
1851,-0.41619401001596507,nan,0.10599789196801399,nan,0.001698930857787641,nan
1852,-0.47848440063567677,nan,0.10605178563965972,nan,0.0019179318159271003,nan
1853,-0.6102221734069999,nan,0.10614757010869832,nan,0.00207049159353307,nan
1854,-0.5625168444250952,nan,0.10623601476731849,nan,0.0025988661094575446,nan
1855,-0.5190575438387909,nan,0.10630673174308983,nan,0.0018228720151092048,nan
1856,-0.5252118216515752,nan,0.10638090314266609,nan,0.0017569766806502496,nan
1857,-0.7539966108158307,nan,0.10651546489573084,nan,0.0031506638075874944,nan
1858,-0.49582993784718604,nan,0.10658564843005779,nan,0.0016511865108591926,nan
1859,-0.40085898401527176,nan,0.10663538035209685,nan,0.001265881221781524,nan
1860,-0.4973949558069753,nan,0.10670038465952454,nan,0.0019351621013298484,nan
1861,-0.4627638728456686,nan,0.10675712770931804,nan,0.0017517916883763175,nan
1862,-0.4529282398284056,nan,0.10680064766718389,nan,0.001943007798496964,nan
1863,-0.4599576448439528,nan,0.10687397654572009,nan,0.0013170665948101983,nan
1864,-0.525536805514259,nan,0.10693645077948007,nan,0.0019650236115669717,nan
1865,-1.2006543947317554,nan,0.1071777323450245,nan,0.007397098994838352,nan
1866,-0.9744559096518989,nan,0.10737761353749337,nan,0.0045237081231995074,nan
1867,-0.6091104510315443,nan,0.10749129025891521,nan,0.0026120948983990853,nan
1868,-0.30321034874068414,nan,0.10751326500303002,nan,0.001096070797582352,nan
1869,-0.43117248878042946,nan,0.10758637519811556,nan,0.0016081789018136986,nan
1870,-0.34504620148275295,nan,0.10762370869002778,nan,0.001368280483129944,nan
1871,-0.4213855314089741,nan,0.10767520766402992,nan,0.0016325925314866045,nan
1872,-0.46297262849772824,nan,0.1077358076974486,nan,0.0014643287106781892,nan
1873,-0.8087486243273723,nan,0.10789037503127515,nan,0.0035493316509391426,nan
1874,-0.33285762060408725,nan,0.10790887938542262,nan,0.001550719911886192,nan
1875,-0.411102191752741,nan,0.10794527143813602,nan,0.0013035969258081896,nan
1876,-0.2756477181295582,nan,0.10796066775639346,nan,0.0014689695242674702,nan
1877,-0.7075112438116391,nan,0.1080581559900442,nan,0.0025767217219310776,nan
1878,-0.4661248535974374,nan,0.10809283592790676,nan,0.0016939688613146983,nan
1879,-0.5028698377657975,nan,0.10816369535550935,nan,0.0017249757238024747,nan
1880,-0.37785068956321793,nan,0.10821030779314417,nan,0.0015021211409712754,nan
1881,-0.39732003864223714,nan,0.1082415398180666,nan,0.0016299634211285757,nan
1882,-0.35005445314843076,nan,0.10826193363822112,nan,0.0013708946521095544,nan
1883,-0.6625866040394782,nan,0.10836625619413703,nan,0.0020731863324729856,nan
1884,-0.4726121942330857,nan,0.10843648649893674,nan,0.0020072362704312515,nan
1885,-0.356105681060956,nan,0.1084718799103268,nan,0.0011590909038970908,nan
1886,-0.5762559884185624,nan,0.10855704526918324,nan,0.0022043412627927752,nan
1887,-0.4469362939314572,nan,0.10860009632167461,nan,0.0017984440608982217,nan
1888,-0.38591781489180765,nan,0.10864249095462612,nan,0.0016313441824743367,nan
1889,-0.878998757867826,nan,0.1087999169667947,nan,0.0039825944205581386,nan
1890,-0.5014708302118515,nan,0.10885724228075781,nan,0.0016348789677049903,nan
1891,-0.45302250007796374,nan,0.10890611610956638,nan,0.0016131263987662055,nan
1892,-0.6990421831393181,nan,0.10904891669177087,nan,0.002709728372070307,nan
1893,-0.42378514063697265,nan,0.10910862499511817,nan,0.0013671641174661752,nan
1894,-0.44972299095308527,nan,0.10918044882651527,nan,0.0018801536277592336,nan
1895,-0.3810105262560845,nan,0.109213744195811,nan,0.0013172111811312341,nan
1896,-0.5505081514521352,nan,0.10930393811043791,nan,0.001880596909665558,nan
1897,-0.3296162937886021,nan,0.10934611668929674,nan,0.001451246901399548,nan
1898,-0.3381242163823504,nan,0.10937424820039163,nan,0.0015800159163073886,nan
1899,-0.7025220358731746,nan,0.1094803223267062,nan,0.003013741958144664,nan
1900,-0.3074569436339927,nan,0.10950336956180881,nan,0.0012385783286266827,nan
1901,-0.4372856041463326,nan,0.10956485660695695,nan,0.0018642852668963373,nan
1902,-0.5790707166658174,nan,0.10965341384184214,nan,0.0024455036196431323,nan
1903,-0.642034351308127,nan,0.10974965135638458,nan,0.002813838697924195,nan
1904,-0.36307233166079655,nan,0.10978390185260987,nan,0.001198065047755351,nan
1905,-0.786482838233515,nan,0.10992662264849809,nan,0.0036727149719670946,nan
1906,-0.8430609678790179,nan,0.11006743384618042,nan,0.0032736995982590987,nan
1907,-0.5760232189119978,nan,0.11016113171750136,nan,0.0021384439941381475,nan
1908,-0.4964356742901152,nan,0.1102157477496134,nan,0.0021690925134600866,nan
1909,-0.9793466170252256,nan,0.1104020790790683,nan,0.00438162055579564,nan
1910,-0.3513864648995568,nan,0.11044351608509614,nan,0.0014018330124537979,nan
1911,-0.5943459394950781,nan,0.11053602286523075,nan,0.0019984141997379853,nan
1912,-0.4736602368807488,nan,0.11061050096950763,nan,0.0015927019094809773,nan
1913,-0.726486713485647,nan,0.11073925248018049,nan,0.002983251981636488,nan
1914,-1.0151063903479347,nan,0.11093049182774364,nan,0.004706465859967025,nan
1915,-0.4827241025669555,nan,0.1109834100022596,nan,0.001772818534541,nan
1916,-0.8959708548467415,nan,0.11114631589472064,nan,0.003903230120011998,nan
1917,-0.5253145592418402,nan,0.11122752202685682,nan,0.0026212000580726293,nan
1918,-0.7758709973020939,nan,0.11138701431205755,nan,0.0030877214670110196,nan
1919,-0.4014268046103761,nan,0.11142728093523756,nan,0.001149633217245308,nan
1920,-0.3712779939386375,nan,0.11146613798252498,nan,0.0012681012261422837,nan
1921,-0.47126412383705213,nan,0.11150820650029858,nan,0.0016303168220114165,nan
1922,-0.36728816419634647,nan,0.11153572688628596,nan,0.001434793718714026,nan
1923,-0.5364305125506091,nan,0.11162310508520319,nan,0.0021224510588560602,nan
1924,-0.4084151867009874,nan,0.11166035962732819,nan,0.001509096872832721,nan
1925,-0.8045864018738148,nan,0.11181011844707046,nan,0.0035778844468551244,nan
1926,-0.32762543757218393,nan,0.11184342297581128,nan,0.0012565866874996352,nan
1927,-0.4757659700570189,nan,0.11191082349692925,nan,0.0016291764331974844,nan
1928,-0.34594754984342097,nan,0.1119436814619088,nan,0.0014194823113833166,nan
1929,-0.42653631729746316,nan,0.11198815765865705,nan,0.0016053684984230286,nan
1930,-0.3156721349059428,nan,0.1120153089960894,nan,0.0014546318633020558,nan
1931,-0.514993635111846,nan,0.11208873458284407,nan,0.002108405449282154,nan
1932,-0.6256288591052332,nan,0.11219890328481018,nan,0.002396784187769417,nan
1933,-0.4841361727613072,nan,0.11225786158481203,nan,0.0016396137756060135,nan
1934,-0.4572722253414468,nan,0.1123098227107202,nan,0.0017936819012700602,nan
1935,-0.3507708851243053,nan,0.11234381642863896,nan,0.0013687816333608392,nan
1936,-0.4529740197166696,nan,0.11239765020938712,nan,0.0018183293019904377,nan
1937,-0.3435732070941742,nan,0.11244119274226438,nan,0.001350607186439413,nan
1938,-0.6095165347433424,nan,0.11254118516435704,nan,0.0025414894656103073,nan
1939,-0.7379671823805336,nan,0.11265376088557699,nan,0.002834559258621092,nan
1940,-0.6309407575129162,nan,0.11277432325785788,nan,0.002246682809314706,nan
1941,-0.46584876823389776,nan,0.11281901918486194,nan,0.0018364647768548566,nan
1942,-0.3950443258451503,nan,0.11286096858217494,nan,0.001379500455013677,nan
1943,-0.4061606526369866,nan,0.11288272988984509,nan,0.0013292010127861577,nan
1944,-0.4495708290424509,nan,0.11294135734568672,nan,0.0018498226271054892,nan
1945,-0.5356952489418024,nan,0.11302667111915783,nan,0.0021882860665249386,nan
1946,-0.6291317474409331,nan,0.1131338383754751,nan,0.002246884088060067,nan
1947,-0.38235389786485585,nan,0.1131780731690227,nan,0.001265909961621301,nan
1948,-0.48256346659498156,nan,0.1132394838209861,nan,0.0014559792816996923,nan
1949,-0.39549817473876553,nan,0.11329339138347228,nan,0.0014862037678902247,nan
1950,-0.4795231619179725,nan,0.11334291192972179,nan,0.001984426987536996,nan
1951,-0.5435284813752929,nan,0.11339783333461012,nan,0.002030329144675908,nan
1952,-0.4231476326037673,nan,0.11344940112654178,nan,0.0014284168163559378,nan
1953,-0.6058892846966228,nan,0.11354667771734735,nan,0.002458189739282525,nan
1954,-0.4412324121262126,nan,0.11359420306770926,nan,0.0014028526209902046,nan
1955,-0.5097293671348474,nan,0.11367509424927884,nan,0.0018497901440584187,nan
1956,-0.3357082500368484,nan,0.11371700907751775,nan,0.0014647800355561146,nan
1957,-0.6047049853667736,nan,0.11381703645360496,nan,0.002314517343844257,nan
1958,-0.44110084156155743,nan,0.11386240146100962,nan,0.0018961997308615235,nan
1959,-0.45235955645413106,nan,0.11391200303740026,nan,0.001619460604743628,nan
1960,-0.3998352158965461,nan,0.11395280471715957,nan,0.0013908645614175471,nan
1961,-0.46971385375082614,nan,0.11401770273903744,nan,0.001526116463932307,nan
1962,-0.5298064119976263,nan,0.11408676147832988,nan,0.0023496137887567994,nan
1963,-0.4163528731424184,nan,0.11413016002318394,nan,0.0016684441441941892,nan
1964,-0.30132476724995544,nan,0.1141492791639709,nan,0.0012940073593771403,nan
1965,-0.5314987725204375,nan,0.11422744559636089,nan,0.002146714714239792,nan
1966,-0.4138217347451756,nan,0.11426178609354028,nan,0.0015819342209657842,nan
1967,-0.5357517078893561,nan,0.11432646725021083,nan,0.0020992279906163224,nan
1968,-0.6265373362239561,nan,0.11443302282205019,nan,0.0024505844856170774,nan
1969,-0.5290598001481122,nan,0.11447374942578654,nan,0.0018881682674644284,nan
1970,-0.9390075784847774,nan,0.11466210519926441,nan,0.004135586724701997,nan
1971,-0.4249877171141465,nan,0.11471736068026606,nan,0.0016465340752700645,nan
1972,-0.4603169790442902,nan,0.11477859436178778,nan,0.001380134885832494,nan
1973,-0.49378674051001314,nan,0.11483867483330933,nan,0.0013744796280755237,nan
1974,-0.3897640455757942,nan,0.11486410160168978,nan,0.0015578910113911658,nan
1975,-0.36736227639803476,nan,0.11488820349070618,nan,0.0009870532986734027,nan
1976,-0.6498064542274142,nan,0.1149851284077969,nan,0.0024202803703360695,nan
1977,-0.7188418382686647,nan,0.11510525380483373,nan,0.0028737788011164796,nan
1978,-0.32167268986619957,nan,0.11512740323586372,nan,0.001093726796151031,nan
1979,-0.4440584517023252,nan,0.11517077324423065,nan,0.0014604818252294991,nan
1980,-0.6280012191721428,nan,0.1152628103194326,nan,0.0021685184413639774,nan
1981,-0.36484625109281194,nan,0.11528990518984165,nan,0.0013537601259288822,nan
1982,-0.36673906763040565,nan,0.11531521770907878,nan,0.0010532344138416473,nan
1983,-0.5824690945198727,nan,0.11538913987373736,nan,0.002582469722777431,nan
1984,-0.4446115126194461,nan,0.11543923996729905,nan,0.0020356660783119964,nan
1985,-1.43563018345218,nan,0.11575956661097289,nan,0.008719561828949413,nan
1986,-0.4149282372349897,nan,0.11581556379724142,nan,0.0014831408749254426,nan
1987,-0.4067612794670966,nan,0.11588137835482047,nan,0.0013865532533549917,nan
1988,-0.6325800767766927,nan,0.11598728167719206,nan,0.0024723423996234456,nan
1989,-0.48980664932284435,nan,0.11603749069373502,nan,0.0017675055309746902,nan
1990,-0.35097583272100635,nan,0.1160797638388525,nan,0.0012398460427389037,nan
1991,-0.3956273384474996,nan,0.11612545183403963,nan,0.0017200289484683893,nan
1992,-0.5300842146967385,nan,0.11616497215367134,nan,0.002254297292593057,nan
1993,-0.4121546900317937,nan,0.11621598356401304,nan,0.0014982036264791527,nan
1994,-0.4365646840876304,nan,0.1162641258048879,nan,0.0015747660901275751,nan
1995,-0.42080345815467884,nan,0.11629938227794225,nan,0.0016529650590151052,nan
1996,-0.6922759745927816,nan,0.1164010353251199,nan,0.002335416554874644,nan
1997,-0.3452067680118848,nan,0.11643081502608117,nan,0.0015569131591890452,nan
1998,-0.35740374297723393,nan,0.11646849476081532,nan,0.001399867408580148,nan
1999,-0.5303230894138276,nan,0.11654965068463505,nan,0.0020448114395766057,nan
2000,-0.3935664048100742,nan,0.11659704793321181,nan,0.0012752762108882395,nan
2001,-0.36616180228891404,nan,0.1166352418413777,nan,0.0014728874391973963,nan
2002,-0.5741241652116205,nan,0.11672889421875532,nan,0.002044107823358821,nan
2003,-0.35848141655880594,nan,0.11676283238345524,nan,0.0013635105585274934,nan
2004,-0.5188628350025084,nan,0.11683699379986093,nan,0.001781882575929673,nan
2005,-0.46492883221829917,nan,0.11689144133933274,nan,0.0017966358340783472,nan
2006,-0.44427560529754095,nan,0.11694955275190042,nan,0.0019163150016022052,nan
2007,-0.7984873265155904,nan,0.11708055140250663,nan,0.0031599206876589477,nan
2008,-0.5562254502047644,nan,0.11714248522516754,nan,0.0020638796155503197,nan
2009,-0.4609637353652353,nan,0.11719769672810122,nan,0.0012665379659951405,nan
2010,-0.6922759533717282,nan,0.11730604941319005,nan,0.0023902342595382275,nan
2011,-0.6505313489620302,nan,0.11740981235076318,nan,0.002646506878800732,nan
2012,-0.5233042502002916,nan,0.11748559251435664,nan,0.00171436520388193,nan
2013,-0.7545968192198841,nan,0.11760442847456529,nan,0.0025608986743766086,nan
2014,-0.31630108716011607,nan,0.11762270303015662,nan,0.0012888036095654466,nan
2015,-0.36764257396978905,nan,0.11765344647197813,nan,0.0014424972375915905,nan
2016,-0.5196157023618804,nan,0.11773505593556195,nan,0.0018972666706255695,nan
2017,-0.5643371884560847,nan,0.11782328248041485,nan,0.0021240056043189282,nan
2018,-0.6070149699600106,nan,0.11791914092242328,nan,0.002055620441278881,nan
2019,-0.5131108768241732,nan,0.1179929194000961,nan,0.0015228808263522428,nan
2020,-0.35617980575535657,nan,0.11801372466646405,nan,0.0018253061081129989,nan
2021,-0.4110470693022843,nan,0.11806486905975162,nan,0.0013860623938214006,nan
2022,-0.4602129745977454,nan,0.11812544729325467,nan,0.0018233129538003758,nan
2023,-0.4156523554231728,nan,0.11815938584440791,nan,0.0014830787537899767,nan
2024,-0.3251196529395541,nan,0.11817745535180722,nan,0.001073589816719498,nan
2025,-0.37896832699765015,nan,0.11820840645311137,nan,0.0015276206460501961,nan
2026,-0.4904562896118452,nan,0.11827949367908532,nan,0.001592246628040856,nan
2027,-0.6811542940935817,nan,0.11839223912931898,nan,0.0028254570858273283,nan
2028,-1.59091172162251,nan,0.1187610977851107,nan,0.011104100052794271,nan
2029,-0.689843423399135,nan,0.11887441626461119,nan,0.002851799306287776,nan
2030,-0.3881789153214229,nan,0.11890525476007496,nan,0.0014949148681763628,nan
2031,-0.2947186885810188,nan,0.11892992055283572,nan,0.001164886068275755,nan
2032,-0.9573543608828756,nan,0.11911608853755598,nan,0.00468192209626553,nan
2033,-0.4391559955605017,nan,0.11917826057640671,nan,0.0016954630762424602,nan
2034,-0.4095537696944785,nan,0.11920663995501588,nan,0.0015502640406911932,nan
2035,-0.4211723003437949,nan,0.11925259732752078,nan,0.0012520616147188432,nan
2036,-0.5021808613961115,nan,0.11931153479932366,nan,0.001883520158973515,nan
2037,-0.5014371461422132,nan,0.11938844135375944,nan,0.0018979413078351528,nan
2038,-0.6496086625489,nan,0.11950862389560535,nan,0.002717633146141893,nan
2039,-0.46446244229983746,nan,0.11957787306704484,nan,0.0017391230689056748,nan
2040,-0.4412203214486658,nan,0.11962282320660249,nan,0.001497206438382108,nan
2041,-0.6319780659379831,nan,0.1197325303387942,nan,0.0022947398003215587,nan
2042,-0.42924921182725645,nan,0.11979039253944172,nan,0.0019343666940082242,nan
2043,-0.3132122948480834,nan,0.11981268663275611,nan,0.0016899013816790657,nan
2044,-0.4118574242977336,nan,0.11987281877124516,nan,0.0017654401536624945,nan
2045,-0.3855873148586753,nan,0.11990740911666431,nan,0.001348051901993368,nan
2046,-0.4508060685635912,nan,0.11996514899810083,nan,0.0015263139314726467,nan
2047,-0.9236232692196416,nan,0.12014206845846181,nan,0.004041459153561565,nan
2048,-0.43787686281209964,nan,0.12020914228721104,nan,0.0016637343791234486,nan
2049,-0.6727780803284878,nan,0.12029682329148912,nan,0.0025952476374315144,nan
2050,-0.63583672940423,nan,0.12039300733221525,nan,0.0024249157396942366,nan
2051,-0.43370206303217657,nan,0.12042285337106186,nan,0.001682708119197036,nan
2052,-0.6951702401556277,nan,0.12055074627949428,nan,0.0029641889197712834,nan
2053,-0.6830513207213252,nan,0.12065957531612631,nan,0.002559297658202198,nan
2054,-0.3674150956687104,nan,0.12069625633587938,nan,0.0010532877235925157,nan
2055,-0.5055213530585755,nan,0.12076241373647083,nan,0.0020416116593361595,nan
2056,-0.3797337780128102,nan,0.1207973745412486,nan,0.0016306162544232718,nan
2057,-0.36987069301922393,nan,0.12082764858425017,nan,0.0012731153938883842,nan
2058,-0.4305452130844246,nan,0.120878683673501,nan,0.0017141019898369147,nan
2059,-0.6653634275758322,nan,0.12098933059875007,nan,0.0026607940728528862,nan
2060,-0.3876426381073748,nan,0.12102707653123457,nan,0.0016277929096379267,nan
2061,-0.4455316759686176,nan,0.12108514970201154,nan,0.001477253261854224,nan
2062,-0.4337925915319727,nan,0.12113585671694227,nan,0.0016677666701875524,nan
2063,-0.34497368221627656,nan,0.12115891672360969,nan,0.0011483815562169217,nan
2064,-0.28937822037007604,nan,0.12117509567069683,nan,0.0010870319771644924,nan
2065,-0.46553782972725594,nan,0.1212353768650758,nan,0.001626056948480613,nan
2066,-0.47814224887063156,nan,0.1212914510359319,nan,0.0017526632537156102,nan
2067,-0.3888508995689866,nan,0.121309915924567,nan,0.0013733167780577468,nan
2068,-0.3704647162557371,nan,0.1213429123812386,nan,0.0014150023939885723,nan
2069,-0.3617867451587634,nan,0.12138094926934674,nan,0.0014611495040018857,nan
2070,-0.39319612295837636,nan,0.12141797516365564,nan,0.001565338514384321,nan
2071,-0.5067192106955933,nan,0.12151144626867627,nan,0.001838408962536634,nan
2072,-0.5189274587784595,nan,0.12160192746853905,nan,0.002121643267272352,nan
2073,-0.47233755116276804,nan,0.12166658109988804,nan,0.0017872346365397258,nan
2074,-0.5569750390212289,nan,0.121749987452474,nan,0.001911516469500883,nan
2075,-0.4741027885252682,nan,0.12180892154884665,nan,0.0019993472475651904,nan
2076,-0.42269691565426193,nan,0.1218447316649589,nan,0.0013978954761398369,nan
2077,-0.46853784902868506,nan,0.1219124532897468,nan,0.0015455067267191912,nan
2078,-0.426660354038972,nan,0.12195733783316598,nan,0.0018079452903639716,nan
2079,-0.43961985875197934,nan,0.12200524629484255,nan,0.001729901344661034,nan
2080,-0.6881540766456432,nan,0.12214027068310178,nan,0.0027415914357926904,nan
2081,-0.5921118492960642,nan,0.12222738079461384,nan,0.0027070392179998726,nan
2082,-0.44010119578105894,nan,0.12226918862203141,nan,0.0017302049844897943,nan
2083,-0.4338730503549492,nan,0.12233524541629755,nan,0.0015151872709089468,nan
2084,-0.5107572619551141,nan,0.12240871155802702,nan,0.0018472597220552823,nan
2085,-0.4624696398693155,nan,0.12245105752632118,nan,0.0019598897616067965,nan
2086,-0.42118733572408007,nan,0.1224924777614229,nan,0.0016904706456046502,nan
2087,-0.9833760331922052,nan,0.12269956427074523,nan,0.0043066845781878586,nan
2088,-0.44953045505748834,nan,0.12276173167704792,nan,0.0017799302324673686,nan
2089,-0.3791100826080018,nan,0.1228196886325777,nan,0.0013689607023273465,nan
2090,-0.32476188179486287,nan,0.12284002318305264,nan,0.0010396921664710549,nan
2091,-0.6593340485222062,nan,0.12292362913300908,nan,0.002759114896306997,nan
2092,-0.3573343655848682,nan,0.12295895992384552,nan,0.0010751893169608203,nan
2093,-0.4489558764994134,nan,0.12300189237520297,nan,0.0017585118523848256,nan
2094,-0.3635039388231821,nan,0.12303291188672422,nan,0.0013838437322213118,nan
2095,-0.477586040651112,nan,0.12309506739674801,nan,0.0015885627352342979,nan
2096,-0.4241929123836879,nan,0.12313599182923539,nan,0.0015616050868805771,nan
2097,-0.30223999743957414,nan,0.12314980545187966,nan,0.0009785497143032927,nan
2098,-0.36613627374243185,nan,0.12317285401533626,nan,0.0012206718905788394,nan
2099,-0.5716220479140717,nan,0.12324792269050354,nan,0.0020951096776954735,nan
2100,-0.5890962195240399,nan,0.12334157195679957,nan,0.0018401999815592042,nan
2101,-0.40475320758771605,nan,0.12338608933469519,nan,0.001220461040718196,nan
2102,-0.3338767821214507,nan,0.12342027358578932,nan,0.0012114046858751333,nan
2103,-0.45402733667946793,nan,0.12348618143142122,nan,0.0014873012260490904,nan
2104,-0.4453999503410251,nan,0.12353231331317165,nan,0.001385076077894975,nan
2105,-0.4804638072652842,nan,0.12359592197223843,nan,0.0016222876006272537,nan
2106,-0.49134759227967856,nan,0.1236663015716245,nan,0.0017981178585124438,nan
2107,-0.63342645368694,nan,0.12376986388499123,nan,0.002609683878644166,nan
2108,-0.9022986938298656,nan,0.12394709603704963,nan,0.004058497662191944,nan
2109,-0.3561789516411129,nan,0.12398953914130707,nan,0.0011894799991580402,nan
2110,-0.40015450700694943,nan,0.12402700740546498,nan,0.0014084976786223565,nan
2111,-0.4320267514473541,nan,0.12408418564297581,nan,0.0013413975609057347,nan
2112,-0.6095054606484923,nan,0.12417013226355192,nan,0.0024187169625701985,nan
2113,-0.43171695647971464,nan,0.12419379479618678,nan,0.0016812258611652987,nan
2114,-0.7560099977008662,nan,0.1243195297896385,nan,0.0025661716126019777,nan
2115,-0.9528798701821422,nan,0.12451054453114534,nan,0.004783131627035734,nan
2116,-0.6193862157223404,nan,0.12461091716892422,nan,0.0025146745651847408,nan
2117,-0.39759997325963764,nan,0.12464345181264494,nan,0.0016444980499372157,nan
2118,-0.45407621451739716,nan,0.12469647095249149,nan,0.0015154593453135163,nan
2119,-0.49702043722748435,nan,0.12474378047177488,nan,0.0018343894413379138,nan
2120,-0.4136528562769564,nan,0.1247763927185945,nan,0.0015798860707154833,nan
2121,-0.6599349359737846,nan,0.12487807604011177,nan,0.0024998707571806016,nan
2122,-0.4176443336922335,nan,0.1249268091130906,nan,0.0016407058750911722,nan
2123,-0.33003673105483616,nan,0.1249615210911779,nan,0.0012169574468281709,nan
2124,-0.5115911633743737,nan,0.1250404966267263,nan,0.0017889161480125566,nan
2125,-0.3805073182088557,nan,0.1250904608985657,nan,0.0014021792439759015,nan
2126,-1.1846123321019777,nan,0.12533763877662762,nan,0.007451389990575333,nan
2127,-0.4666720556528812,nan,0.125390849888017,nan,0.001673379241860996,nan
2128,-0.6153296428343389,nan,0.1254742646805918,nan,0.0021800842304688464,nan
2129,-0.7652483456457188,nan,0.12560906873528935,nan,0.0029229978130922503,nan
2130,-0.46923073018335126,nan,0.1256546493762908,nan,0.0019949049296808796,nan
2131,-0.39250111518595643,nan,0.1256894616407744,nan,0.001465266374712865,nan
2132,-0.37467830219526865,nan,0.12574074861840048,nan,0.0015892631329197345,nan
2133,-0.6614305851930717,nan,0.1258604662605657,nan,0.0022531807492150386,nan
2134,-0.4170957273052302,nan,0.1258974549009877,nan,0.001694124136314594,nan
2135,-0.3253319303509546,nan,0.12594167573959075,nan,0.0011739095630063415,nan
2136,-0.6121938230845674,nan,0.12604341790850299,nan,0.0024072989492754287,nan
2137,-0.5814477000753143,nan,0.1261208602486475,nan,0.0028540001893540058,nan
2138,-0.38791626071396557,nan,0.12614824879633152,nan,0.0014861263097103805,nan
2139,-0.4161985302911736,nan,0.12619894681921814,nan,0.0017481230372734988,nan
2140,-0.6982067280664409,nan,0.12631640829458615,nan,0.003543621853574225,nan
2141,-0.611448941104908,nan,0.12641315484506585,nan,0.0027832076757750113,nan
2142,-0.5875225984625239,nan,0.12648943166316315,nan,0.0025466422693208035,nan
2143,-0.4762561688534443,nan,0.12655978839475113,nan,0.0016848058994297335,nan
2144,-0.5073603020641572,nan,0.1266183809937951,nan,0.0025902278029099925,nan
2145,-0.3500762664383405,nan,0.12664596345178766,nan,0.0013786313839565217,nan
2146,-0.5756323071352649,nan,0.12674144767557977,nan,0.002434744541588011,nan
2147,-0.3872980587873473,nan,0.12678945845824915,nan,0.0014541634821964326,nan
2148,-0.2960212891144847,nan,0.12680654608345776,nan,0.0011456827143269093,nan
2149,-0.31901482956300753,nan,0.126835164359763,nan,0.0013401584968690755,nan
2150,-0.42117125931278154,nan,0.12688347415087953,nan,0.0013955258631849158,nan
2151,-0.8542245734816176,nan,0.12703457335055243,nan,0.0036584328843421708,nan
2152,-0.6164980451992739,nan,0.1271322797705023,nan,0.002262446957583673,nan
2153,-0.40906180785772595,nan,0.1271749506122216,nan,0.0012856635945882294,nan
2154,-0.33274241891726836,nan,0.12719992527959906,nan,0.0011056660191886938,nan
2155,-0.4133289777427841,nan,0.12723744571834322,nan,0.001345913348518521,nan
2156,-0.6837575195244958,nan,0.12736204841800025,nan,0.0031500343124840477,nan
2157,-0.4217918896650763,nan,0.12740430951866902,nan,0.0012693498924485618,nan
2158,-0.5355814659794969,nan,0.12748851409898976,nan,0.002108121118725387,nan
2159,-0.4541548069183765,nan,0.12756588660942528,nan,0.001843203480299111,nan
2160,-0.4084398901063297,nan,0.12759535958402254,nan,0.001187504839363689,nan
2161,-0.379217014259112,nan,0.12764422459882607,nan,0.001351596521407494,nan
2162,-0.2943739570337154,nan,0.12766796395654478,nan,0.0008940213156671267,nan
2163,-0.3467026442766754,nan,0.12770603841437755,nan,0.00136312547700851,nan
2164,-0.4020356633351691,nan,0.12773282141892003,nan,0.0016592258348372643,nan
2165,-0.4237598252065338,nan,0.12777833235385716,nan,0.0014141661248355773,nan
2166,-0.37934262355464166,nan,0.12781473390049422,nan,0.0015683291376587033,nan
2167,-0.5078002420247291,nan,0.12788312238135116,nan,0.0020650495708480873,nan
2168,-0.4371631541301022,nan,0.127924057493897,nan,0.001695991328068051,nan
2169,-0.31860962416281335,nan,0.12795149927789332,nan,0.001322399017244591,nan
2170,-0.5056580399154221,nan,0.1280042288184753,nan,0.0018370085266267244,nan
2171,-0.34772398790909087,nan,0.12804345668836647,nan,0.0011466248749920631,nan
2172,-0.3758453254021298,nan,0.1280765733691592,nan,0.001455149999084005,nan
2173,-0.3500026322832875,nan,0.12812117740480033,nan,0.0017122665009419243,nan
2174,-0.3709045675229248,nan,0.1281508511928105,nan,0.0013437690178564744,nan
2175,-0.7846347898894385,nan,0.12830262775381346,nan,0.003073878503056246,nan
2176,-0.5069679845338474,nan,0.12837306136749824,nan,0.0018269640513829397,nan
2177,-0.4085758177091178,nan,0.12841976857436208,nan,0.001364319680311527,nan
2178,-0.5259000465999764,nan,0.12848428245033772,nan,0.00200232717445118,nan
2179,-0.4368290472961195,nan,0.12853114609510605,nan,0.0015455185206634844,nan
2180,-0.9643127624694592,nan,0.12871737466720085,nan,0.004569348695886435,nan
2181,-0.3986479931669295,nan,0.12876341802437324,nan,0.0015695674084065887,nan
2182,-0.29804986028059044,nan,0.12879501515925257,nan,0.0012093615215823437,nan
2183,-0.435434170935388,nan,0.12885668795555852,nan,0.0013443671046798977,nan
2184,-0.6475130172581531,nan,0.1289564231706822,nan,0.0032015520307711455,nan
2185,-0.38121278409527054,nan,0.12898005602190912,nan,0.0016853545113014662,nan
2186,-0.32364093278632805,nan,0.12900939598757025,nan,0.0018531540422473845,nan
2187,-0.48653280169367935,nan,0.1290776319093996,nan,0.0020026884939266134,nan
2188,-0.43273644055122074,nan,0.1291157766166508,nan,0.001267134926531495,nan
2189,-0.33574992907977297,nan,0.12915736557303642,nan,0.0013804919679993855,nan
2190,-0.38825032540530907,nan,0.12922074755288504,nan,0.0014377108100403764,nan
2191,-0.5073318173648909,nan,0.1292793001487077,nan,0.0014250240376555007,nan
2192,-0.3073632138043517,nan,0.12930465752789996,nan,0.001068081930409674,nan
2193,-0.3183251692126948,nan,0.129328854577082,nan,0.0011521803632077079,nan
2194,-0.45408327635598483,nan,0.12937864120885098,nan,0.00156601430641128,nan
2195,-0.5140261417091053,nan,0.12943936754663538,nan,0.0021276374671556687,nan
2196,-0.5290240288712075,nan,0.12952459020658647,nan,0.0018501416341806316,nan
2197,-0.35791727644557386,nan,0.12954752605184314,nan,0.0013808196764377874,nan
2198,-0.37501016371859225,nan,0.12957435105415507,nan,0.0014739912053283303,nan
2199,-0.6920122557505907,nan,0.12969727792093416,nan,0.002489352463178985,nan
2200,-0.49146740598467065,nan,0.129749125536083,nan,0.0015482461748601247,nan
2201,-0.49202261478922404,nan,0.12981287116688228,nan,0.0014663935577010285,nan
2202,-0.39951800437867724,nan,0.1298471660151134,nan,0.0014675903589610217,nan
2203,-0.751639109545856,nan,0.1299938729754507,nan,0.00340644566670745,nan
2204,-0.2924569691739073,nan,0.1300125396751058,nan,0.00134645160021561,nan
2205,-0.3496587115059689,nan,0.1300482505123081,nan,0.0009972105775501905,nan
2206,-0.3246760074906199,nan,0.13008483673734386,nan,0.0015589979113749726,nan
2207,-0.5759250941274857,nan,0.13016543564211663,nan,0.00226623546798331,nan
2208,-0.7015994248107487,nan,0.13026521184019557,nan,0.002522551859246671,nan
2209,-0.326558334514343,nan,0.1302932282325415,nan,0.001085382007735149,nan
2210,-0.3428844195350556,nan,0.1303319183420106,nan,0.0011867918523135357,nan
2211,-0.6932980030071636,nan,0.13045898572479533,nan,0.002591376330244244,nan
2212,-0.48920816930394195,nan,0.13050653164750123,nan,0.0020029237546783157,nan
2213,-0.25506976537234877,nan,0.13052747071053036,nan,0.0011128858519451486,nan
2214,-0.4505901685363685,nan,0.13057245302965384,nan,0.0019189103980989791,nan
2215,-0.39744864121879275,nan,0.13061392057598556,nan,0.0014910090921787347,nan
2216,-0.4112656904217586,nan,0.13064898211924647,nan,0.0015624395826997575,nan
2217,-0.30383998726422123,nan,0.13067187515913953,nan,0.0012994650890376439,nan
2218,-0.4167790033525266,nan,0.13072919958908194,nan,0.0019913343901408337,nan
2219,-0.2894371006578601,nan,0.13075225861091108,nan,0.001054646211813024,nan
2220,-0.6617958802554345,nan,0.1308513149217808,nan,0.0026813857357056436,nan
2221,-0.3406623621054421,nan,0.13087580899008158,nan,0.001318184224616273,nan
2222,-0.35850230211300005,nan,0.1309095173733682,nan,0.0016634292410272243,nan
2223,-0.5674231584295705,nan,0.130997689293356,nan,0.002057887011090344,nan
2224,-0.3661737002336853,nan,0.13102590077819887,nan,0.0011807759988767597,nan
2225,-0.460016930561391,nan,0.13107600372015776,nan,0.0016490919085055658,nan
2226,-0.46631850674874725,nan,0.1311385749245822,nan,0.0018399466230085394,nan
2227,-0.4804406300060741,nan,0.13119107333983535,nan,0.0015186070516472424,nan
2228,-0.43624547967673494,nan,0.1312350057127507,nan,0.0018648359969720574,nan
2229,-0.8386722745011306,nan,0.13138937202318607,nan,0.0036323376180200924,nan
2230,-0.6194787414680429,nan,0.13149256806912685,nan,0.002557311240768305,nan
2231,-0.37731225943042934,nan,0.13152169311230744,nan,0.0015386916463079625,nan
2232,-0.6647645973729889,nan,0.13163216891371332,nan,0.0025664446617247143,nan
2233,-0.5049393794636929,nan,0.13170469429587825,nan,0.0015087352316694746,nan
2234,-0.5751602457319384,nan,0.1318186896098125,nan,0.002029868652601185,nan
2235,-0.43699491815073555,nan,0.13188465254564335,nan,0.001377285225428793,nan
2236,-0.3655866110704665,nan,0.131924655774466,nan,0.001248622866853626,nan
2237,-0.6047196666385876,nan,0.13200641714762207,nan,0.0022213431702209465,nan
2238,-0.4540884966981741,nan,0.13205935097933186,nan,0.0017160476312118806,nan
2239,-0.41509883245426543,nan,0.13210848306415687,nan,0.0017229942764423938,nan
2240,-0.3593366335364348,nan,0.13214082909576458,nan,0.0013074025762405443,nan
2241,-0.9786766748441137,nan,0.13234748945198785,nan,0.004466627939748411,nan
2242,-0.27916510100086395,nan,0.13236267356409762,nan,0.001366869713696506,nan
2243,-0.44286829653978593,nan,0.13240235011434354,nan,0.0012954963960572076,nan
2244,-0.5729832332664393,nan,0.1324796690976084,nan,0.0018911791158112464,nan
2245,-0.5591831624266443,nan,0.13256573162949922,nan,0.002263959197387271,nan
2246,-0.489588178116325,nan,0.1326165996052157,nan,0.0015133089174044923,nan
2247,-0.4963027313459261,nan,0.1326748150185432,nan,0.0016668515523022643,nan
2248,-0.3466958966931778,nan,0.13269566802532348,nan,0.0014856955855270745,nan
2249,-0.2886468765574071,nan,0.13271230405190557,nan,0.0012233615207426093,nan
2250,-0.7725843754778626,nan,0.13283845779428294,nan,0.0036754448240763136,nan
2251,-0.4056078733667336,nan,0.1328834367064382,nan,0.0018445222298672942,nan
2252,-0.32705391601677875,nan,0.1329096168560855,nan,0.0012397648338383918,nan
2253,-0.30145519002593507,nan,0.13292523628052222,nan,0.001209234859218965,nan
2254,-0.4027156464516876,nan,0.13295962535873732,nan,0.001575422438796241,nan
2255,-1.1393205156074329,nan,0.13322099739199755,nan,0.006339455924965372,nan
2256,-0.38737152708773054,nan,0.13327469492858904,nan,0.0015594133107297821,nan
2257,-0.4507125187941638,nan,0.1333105101651561,nan,0.0018768944614455034,nan
2258,-0.4716258102618984,nan,0.13335640851663436,nan,0.0016506748791000102,nan
2259,-0.32492039027320935,nan,0.13337879739306172,nan,0.0011780334263109004,nan
2260,-0.31103708697449267,nan,0.1334082217120267,nan,0.0012169617160279868,nan
2261,-0.6510702810790778,nan,0.13350057923388073,nan,0.0022454457198000963,nan
2262,-0.8304511750839303,nan,0.1336597260115573,nan,0.003645891930920375,nan
2263,-0.5392357867338806,nan,0.1337284867984398,nan,0.002328848208162042,nan
2264,-0.3155099446118092,nan,0.13375064653225877,nan,0.001141226426695669,nan
2265,-0.4952532344298962,nan,0.13379752965524025,nan,0.0018886531059247923,nan
2266,-0.3229427034840263,nan,0.1338292388992646,nan,0.0011916091144574762,nan
2267,-0.5005341697408094,nan,0.13389289105180271,nan,0.0019202814877478896,nan
2268,-0.4267473694809818,nan,0.13393018665640044,nan,0.0017915639273865572,nan
2269,-0.43712483689658604,nan,0.13398601654596506,nan,0.0013784384241514297,nan
2270,-0.3803352175912754,nan,0.13402642124588482,nan,0.0012782941581182523,nan
2271,-1.5897340393497763,nan,0.13439822132070714,nan,0.012277089959400812,nan
2272,-0.6029377285065305,nan,0.1344931570460952,nan,0.002070814427368767,nan
2273,-0.4083199193480884,nan,0.13453325101506236,nan,0.001769371497884272,nan
2274,-0.7357300846326736,nan,0.13467826551096151,nan,0.0033060383956777816,nan
2275,-0.2866981042400733,nan,0.13469995626976553,nan,0.0012563322557805636,nan
2276,-0.46745012843313943,nan,0.13475597241585432,nan,0.001779868028278044,nan
2277,-1.0594735704343639,nan,0.1349862816582137,nan,0.005882004477663313,nan
2278,-0.7755308787990316,nan,0.135112236456463,nan,0.002960629636849618,nan
2279,-0.453363986380097,nan,0.13517162375508088,nan,0.0013066140754267104,nan
2280,-0.6831120702533956,nan,0.1352706082530212,nan,0.0025329484482809923,nan
2281,-0.4532847006951906,nan,0.1353163220667604,nan,0.0018323420391908392,nan
2282,-0.7042123953235319,nan,0.13545133933679565,nan,0.0028187311309148476,nan
2283,-0.4113713388925644,nan,0.13550622430471038,nan,0.0013768713442661186,nan
2284,-0.34924800578921883,nan,0.13554153120995124,nan,0.0013470444359000053,nan
2285,-0.4616365210750993,nan,0.13559813324081935,nan,0.0017317272923710568,nan
2286,-0.45613288288481096,nan,0.13565032568095478,nan,0.001839980532085649,nan
2287,-0.40998870277201477,nan,0.1356869946367579,nan,0.0016948043610180749,nan
2288,-0.5068432588606608,nan,0.13575577137440453,nan,0.0014370335488992996,nan
2289,-0.5159543921266015,nan,0.13582457369406123,nan,0.0017559277273674146,nan
2290,-0.38699781007180284,nan,0.13586520064904556,nan,0.0016094397209502084,nan
2291,-0.3576075350798376,nan,0.13588845709566957,nan,0.0014840230446539072,nan
2292,-0.5566947233039188,nan,0.13595899988690455,nan,0.0024942402263428143,nan
2293,-0.8840248314521677,nan,0.13612836166388362,nan,0.0040081824817120955,nan
2294,-0.5226250102831802,nan,0.13619939892991823,nan,0.0018491137784159117,nan
2295,-0.8238070040795683,nan,0.1363629547453727,nan,0.004013848003766644,nan
2296,-0.3833773942594351,nan,0.13638103980926577,nan,0.0013554483765163391,nan
2297,-0.5137627020362925,nan,0.13643993899360743,nan,0.0020497598487221385,nan
2298,-0.9039022287715868,nan,0.13662212274009594,nan,0.004615488250332175,nan
2299,-0.6768170553337991,nan,0.13673764598294696,nan,0.0030644133565784675,nan
2300,-0.33949995438769326,nan,0.13677853763133285,nan,0.001225369503550033,nan
2301,-0.4140305043274632,nan,0.13683272351157733,nan,0.0013969678445787798,nan
2302,-0.43384875316332255,nan,0.1368803760290014,nan,0.0014652187683231134,nan
2303,-0.7292207108933713,nan,0.1369820577097975,nan,0.0026644458574375716,nan
2304,-0.3251257027734531,nan,0.13701733613080658,nan,0.0013442294058925055,nan
2305,-0.639127877506994,nan,0.1371202964475039,nan,0.0024024389937174965,nan
2306,-0.4203964898121758,nan,0.13717706609743743,nan,0.0014870548554396183,nan
2307,-0.44499145775552373,nan,0.13723062102172304,nan,0.001532966665890992,nan
2308,-0.3939226922530331,nan,0.13727795651839592,nan,0.00149764553346025,nan
2309,-0.4389200777856153,nan,0.13732670087422924,nan,0.0014076521882530808,nan
2310,-0.5551711090706616,nan,0.1374054602057954,nan,0.0021310093500917543,nan
2311,-0.3869705568078866,nan,0.13744567687394674,nan,0.0017391322365264516,nan
2312,-0.45591711119866885,nan,0.13749565095337665,nan,0.0016200258344706711,nan
2313,-0.3345820558989713,nan,0.13751520433451458,nan,0.0010572662725087472,nan
2314,-0.5950041774842127,nan,0.13760974158799646,nan,0.0023102801533089598,nan
2315,-0.38318609052332714,nan,0.1376470916955842,nan,0.0014567893196358022,nan
2316,-0.6533753360245055,nan,0.13775604172279185,nan,0.0025707703096995807,nan
2317,-0.3533737733147746,nan,0.1377774944069858,nan,0.0015939743045306628,nan
2318,-0.4871530080807129,nan,0.13781973695363986,nan,0.0015717827977302845,nan
2319,-0.34009356899012877,nan,0.137848516015466,nan,0.0012824251204007473,nan
2320,-0.5118210981644832,nan,0.13789108783575504,nan,0.0019775265537135323,nan
2321,-0.4860977365770266,nan,0.1379583043307337,nan,0.0020246577650570594,nan
2322,-0.5895625351682994,nan,0.13806048647406044,nan,0.0020671454339162235,nan
2323,-0.3662686926218127,nan,0.13807893455812575,nan,0.0011948986974857883,nan
2324,-0.4100491119344313,nan,0.13811075813394652,nan,0.00176668321248794,nan
2325,-0.5692512799666445,nan,0.13820262516499474,nan,0.0019306173731854792,nan
2326,-0.350329163731354,nan,0.13823541726002625,nan,0.0013225183332640767,nan
2327,-0.5508494857116466,nan,0.1383274893155638,nan,0.0017363508844905407,nan
2328,-0.4720298864387531,nan,0.13837499559423896,nan,0.0018946536776688588,nan
2329,-0.5444274341152088,nan,0.13845681580748112,nan,0.0018507923174624918,nan
2330,-0.31464976484114127,nan,0.1384844303394202,nan,0.0011558604973346787,nan
2331,-0.4169549873286847,nan,0.13852255442569417,nan,0.0018630590287804837,nan
2332,-0.48178179693942297,nan,0.13859254802095644,nan,0.0018315109542468855,nan
2333,-0.3407342137402841,nan,0.13861823742599194,nan,0.0013615566523027236,nan
2334,-0.445181338197865,nan,0.13867390401102586,nan,0.0020989361484944763,nan
2335,-0.4489695230399444,nan,0.13872660692231395,nan,0.0015769230341836288,nan
2336,-0.5177208126701444,nan,0.1387866916224492,nan,0.002227947265853749,nan
2337,-0.3837226567802402,nan,0.138832557576408,nan,0.00160012091205457,nan
2338,-0.43316882209412166,nan,0.13888680305107065,nan,0.0014348399740211982,nan
2339,-0.4299646165254149,nan,0.13895146279561235,nan,0.0014522324765023705,nan
2340,-0.6592174797894229,nan,0.13905161507895572,nan,0.002286936370093916,nan
2341,-0.8028257390912172,nan,0.13917928257532125,nan,0.0032318589927038672,nan
2342,-0.3662768269286837,nan,0.13920302127487721,nan,0.0013697699331071873,nan
2343,-0.3134590870422715,nan,0.13921992703588565,nan,0.0012450005675852477,nan
2344,-0.3691400467298339,nan,0.1392600029034074,nan,0.001750265846089181,nan
2345,-0.42690958385449085,nan,0.1393107768171726,nan,0.0018613612276082098,nan
2346,-0.4547852203919587,nan,0.1393572430772711,nan,0.001077230145024012,nan
2347,-0.43318305870171603,nan,0.13940974073678247,nan,0.001825269131764637,nan
2348,-0.585645535841979,nan,0.13949423030095043,nan,0.0029500893459774567,nan
2349,-0.3349111030631907,nan,0.139522991352441,nan,0.0012739932978442531,nan
2350,-0.6479871749816968,nan,0.13962254243507463,nan,0.002368366167220874,nan
2351,-0.6899120480045831,nan,0.13972048019835623,nan,0.0026832304314723084,nan
2352,-0.3891321151273619,nan,0.13974338831522817,nan,0.0015147284335467256,nan
2353,-0.45243349910700364,nan,0.13978685610550695,nan,0.0018878967883923683,nan
2354,-0.45031085199447296,nan,0.13983820850224593,nan,0.0018368360235774474,nan
2355,-0.4222750076035212,nan,0.1398712018201196,nan,0.0017369154103101404,nan
2356,-0.5100903035721436,nan,0.13993274688762797,nan,0.001993552556562995,nan
2357,-0.6175572624775177,nan,0.14002588319943604,nan,0.002603563181695781,nan
2358,-0.27114566462110007,nan,0.14004919648334313,nan,0.0012970825780931404,nan
2359,-0.6977696700001557,nan,0.14017623915409383,nan,0.003080418251133915,nan
2360,-0.411607401883923,nan,0.14022771008797988,nan,0.0015518506117399877,nan
2361,-0.5562036145932038,nan,0.14030691232865275,nan,0.001991181170576674,nan
2362,-0.5735878693382033,nan,0.14039677682560875,nan,0.0023291335052434666,nan
2363,-0.4056694555507597,nan,0.14043753680016785,nan,0.0013712089231937698,nan
2364,-0.5150793245828017,nan,0.1405084320128025,nan,0.002139971772834023,nan
2365,-0.5227907323750999,nan,0.14057299807251672,nan,0.0018453797936262232,nan
2366,-0.5734920181775373,nan,0.14065117115934414,nan,0.0023449270485663832,nan
2367,-0.3284049412687911,nan,0.14067950541665594,nan,0.0015790457751747187,nan
2368,-0.6280795197616632,nan,0.14077418763780078,nan,0.002459450867093173,nan
2369,-0.42571724229774466,nan,0.1408268401277821,nan,0.0016204724771298243,nan
2370,-0.5146712695235754,nan,0.14087819812913538,nan,0.0018383206925840217,nan
2371,-0.783005168487522,nan,0.1410132477857335,nan,0.004028323034976315,nan
2372,-0.399470637945855,nan,0.1410496501510748,nan,0.0014506146018684698,nan
2373,-0.4399947157021934,nan,0.14110772304562616,nan,0.0018389981468959766,nan
2374,-0.5692059823784312,nan,0.14117310255565196,nan,0.0021170348654427486,nan
2375,-0.330355598262587,nan,0.14120043989799377,nan,0.0011263766945618925,nan
2376,-0.5902287441059787,nan,0.1413026483217047,nan,0.0017645387792634174,nan
2377,-0.5709132580219016,nan,0.14139800270877137,nan,0.0017807381128859283,nan
2378,-0.3195098208520004,nan,0.14141890522465256,nan,0.0010403155708916599,nan
2379,-0.3278469142894902,nan,0.14144265444963272,nan,0.0012733644649985606,nan
2380,-0.6201465068983114,nan,0.14154086796775273,nan,0.0019221429214817053,nan
2381,-0.5822690795356816,nan,0.1416210485985762,nan,0.0022038378560231783,nan
2382,-0.8776586709177676,nan,0.14177875825309708,nan,0.004460909205976457,nan
2383,-0.9138414978896595,nan,0.1419205431317575,nan,0.003917100093139486,nan
2384,-1.2300534135023258,nan,0.14218044282659012,nan,0.006552974884796294,nan
2385,-1.4413823842732247,nan,0.1424968683566176,nan,0.010812949700778512,nan
2386,-0.45358208613587786,nan,0.14255647861016701,nan,0.0015803412480916172,nan
2387,-0.545878404171287,nan,0.14264980256403512,nan,0.0020747718017824416,nan
2388,-0.4830101033742816,nan,0.14272084881676403,nan,0.0018059060266765409,nan
2389,-0.3916374562832295,nan,0.14276715354266903,nan,0.0013011859164430368,nan
2390,-0.4186258434049837,nan,0.14280609327944582,nan,0.0016839703545955542,nan
2391,-0.7044120917924013,nan,0.14292687288246356,nan,0.0029071401732198,nan
2392,-0.7589066511350357,nan,0.14305248085338806,nan,0.002678700630441551,nan
2393,-0.30212343318445234,nan,0.1430681118000759,nan,0.0011985679198106536,nan
2394,-0.5117034981018231,nan,0.1431484230742613,nan,0.0021500183427729073,nan
2395,-0.3876731186548306,nan,0.14319740984035992,nan,0.0014041604256782095,nan
2396,-0.43334907715485466,nan,0.1432458984183068,nan,0.0014562438731966136,nan
2397,-0.4179567639905634,nan,0.1432885355361811,nan,0.001545085290613787,nan
2398,-0.5156624669624507,nan,0.14333827375051938,nan,0.001895098383996648,nan
2399,-0.4913563652297896,nan,0.14339823025797258,nan,0.0017896951503461708,nan
2400,-0.44834436425398017,nan,0.14343915723801787,nan,0.0017124983727799408,nan
2401,-0.5139680894104006,nan,0.14349630141205746,nan,0.0015439009639071327,nan
2402,-0.6339746311143988,nan,0.14358739409114826,nan,0.002804249565814652,nan
2403,-0.4446853059949881,nan,0.14361787665404463,nan,0.001825290484310766,nan
2404,-0.4541828374032442,nan,0.14367338144023356,nan,0.0015658420362318316,nan
2405,-0.32438197215724063,nan,0.14371299333497844,nan,0.0011503410585561884,nan
2406,-0.5898380404360385,nan,0.1438088893161377,nan,0.002131055468068758,nan
2407,-0.6531986124736906,nan,0.1439187655614386,nan,0.00291815210280699,nan
2408,-0.3017579307023997,nan,0.14393802750683457,nan,0.0010388669146133946,nan
2409,-0.4072801065772312,nan,0.143984738392828,nan,0.0019246269448733584,nan
2410,-0.6389259915023106,nan,0.14410288961528267,nan,0.0022931641235110043,nan
2411,-0.47790500696125104,nan,0.14417029720170055,nan,0.0014712034341176888,nan
2412,-1.2226026191743509,nan,0.14444038448767862,nan,0.006803630624823081,nan
2413,-0.4519377285645167,nan,0.14448385432688082,nan,0.0018669995683544653,nan
2414,-0.4065114988767149,nan,0.1445369726748424,nan,0.0014168430825554422,nan
2415,-0.37515369918820585,nan,0.1445812366273737,nan,0.0014915223642917733,nan
2416,-0.5046805407795417,nan,0.1446624456368184,nan,0.002246221534098071,nan
2417,-0.4527026805075944,nan,0.14471631138973678,nan,0.0019701259757358754,nan
2418,-0.33782972527403493,nan,0.14475098129225494,nan,0.0013467672388598687,nan
2419,-0.4517369920369099,nan,0.1448009790139035,nan,0.0015825702551556112,nan
2420,-0.42070129658586897,nan,0.14484270170119515,nan,0.0011765692471200758,nan
2421,-0.38005879369618323,nan,0.14489208403811307,nan,0.0015404163793469182,nan
2422,-0.974023016608215,nan,0.14503920183822636,nan,0.004489881104003455,nan
2423,-0.5808925022234214,nan,0.14509829052032241,nan,0.0019497740451348087,nan
2424,-0.38356739224608416,nan,0.14513300706808765,nan,0.0016947009098491346,nan
2425,-0.38139376322649904,nan,0.14517372901206085,nan,0.0012347867148929247,nan
2426,-0.4181220465428863,nan,0.14521152103769958,nan,0.0017806598936986092,nan
2427,-0.558981300915436,nan,0.1452996630035782,nan,0.0024816913641737227,nan
2428,-0.35737638283205025,nan,0.14533430769321004,nan,0.0013372159251591688,nan
2429,-0.3507345078822717,nan,0.145365976899363,nan,0.0012245906364679894,nan
2430,-0.34369273218701507,nan,0.1453911922881549,nan,0.0011064575133754606,nan
2431,-0.28980638233287254,nan,0.14540794955245162,nan,0.00098017657520553,nan
2432,-0.8089137926348182,nan,0.14556026073502243,nan,0.0033148726748095667,nan
2433,-0.5311365113423872,nan,0.1456301131394113,nan,0.001990862318183365,nan
2434,-0.4342985019134337,nan,0.14567130414789886,nan,0.001749084974739392,nan
2435,-0.6214151226678146,nan,0.14576316087457675,nan,0.00212030264518674,nan
2436,-0.38555130732035203,nan,0.1457929821736507,nan,0.0014033672606146063,nan
2437,-0.4320849285325868,nan,0.14584641585945865,nan,0.0016662760147496815,nan
2438,-0.5039563981748189,nan,0.1459197663442641,nan,0.001867712533464388,nan
2439,-0.43246426782098735,nan,0.14597489484467657,nan,0.0015418193786453972,nan
2440,-0.3815785748727817,nan,0.14601247380421312,nan,0.0013275369111397223,nan
2441,-0.4211614565510432,nan,0.14607637942021168,nan,0.0014554117184427658,nan
2442,-0.4001487288540093,nan,0.1461216745970228,nan,0.001721470180172288,nan
2443,-0.52110959092765,nan,0.14619817395744425,nan,0.0020643551078313705,nan
2444,-0.4443643588639513,nan,0.14625353713329683,nan,0.0018020532512656017,nan
2445,-1.5270579285288282,nan,0.1465991046440698,nan,0.010325702032584696,nan
2446,-0.5875376596617298,nan,0.1466999574343254,nan,0.002229979665784282,nan
2447,-0.4498101542230396,nan,0.14674149048708612,nan,0.001535653672414585,nan
2448,-0.5462999084138278,nan,0.1468204279920319,nan,0.0017421254776408214,nan
2449,-0.6259680616633353,nan,0.14692110728114255,nan,0.002906352615534804,nan
2450,-0.8207283185078794,nan,0.14708914747334234,nan,0.0032153756297463917,nan
2451,-0.39859496066037275,nan,0.14712413509464295,nan,0.0016989024483817494,nan
2452,-0.42899831314745157,nan,0.14717729876511423,nan,0.0019537733134021977,nan
2453,-0.5707264835778463,nan,0.1472674931940566,nan,0.002569949855310725,nan
2454,-0.8261935888203612,nan,0.1474335298534983,nan,0.0032923676999577194,nan
2455,-0.30841030665744407,nan,0.14745549603664743,nan,0.0011965136551227312,nan
2456,-0.3104321501375698,nan,0.14748353989527654,nan,0.0012842630217445603,nan
2457,-0.6759734814387611,nan,0.14760031258140266,nan,0.0028203968077014216,nan
2458,-0.6737874205971812,nan,0.1477165178822733,nan,0.0024521345778484457,nan
2459,-0.3892010023885116,nan,0.1477664681188914,nan,0.001243127323311629,nan
2460,-0.3289590753874844,nan,0.14777898588425917,nan,0.0012609638776373382,nan
2461,-0.3812973251765072,nan,0.14780248058511475,nan,0.0014425014039694214,nan
2462,-0.7120530983545029,nan,0.14792074703929997,nan,0.0030782264333085933,nan
2463,-0.7792294216238271,nan,0.14805989641710407,nan,0.0036254979999331845,nan
2464,-0.5306994004476739,nan,0.1481292809248732,nan,0.0019628023446083024,nan
2465,-0.367383609563514,nan,0.14815805205741053,nan,0.0013190934436574505,nan
2466,-0.9251154420317945,nan,0.14832612074268844,nan,0.00415238309789809,nan
2467,-0.9191978052800073,nan,0.14848463352697072,nan,0.00349242729850102,nan
2468,-0.30376151545481705,nan,0.1485089530684222,nan,0.0012652872945060818,nan
2469,-0.533623554730384,nan,0.14859436596004275,nan,0.0017882722707626144,nan
2470,-0.6773173846125119,nan,0.14869453925943138,nan,0.002418173539154336,nan
2471,-0.36634154721345674,nan,0.14873011379328724,nan,0.0013981511187455503,nan
2472,-0.35198345114485097,nan,0.14875951469948234,nan,0.0014489844651053342,nan
2473,-0.36998417234661984,nan,0.1487874486042153,nan,0.0012681432537713744,nan
2474,-0.6039268753412342,nan,0.14887271079511685,nan,0.002555581823999004,nan
2475,-0.49240818682253396,nan,0.1489336693365941,nan,0.001974082626838131,nan
2476,-0.49322341145361,nan,0.14899658963405413,nan,0.0019006948619204802,nan
2477,-0.37439732094123007,nan,0.14903000875463437,nan,0.0015565829641904375,nan
2478,-0.41128225004244984,nan,0.14907822148370548,nan,0.0016383769342168254,nan
2479,-0.53490081177965,nan,0.1491586540178973,nan,0.0023727907135465166,nan
2480,-0.38628621638580035,nan,0.14920301002229097,nan,0.0017435391160861642,nan
2481,-0.542072691998048,nan,0.14927121027717344,nan,0.0020499352768248882,nan
2482,-0.4244516224221428,nan,0.14932455711148382,nan,0.001566179799576692,nan
2483,-0.3999350924166464,nan,0.14937429685179682,nan,0.0013375223550024372,nan
2484,-0.30156522709214434,nan,0.1494033691316102,nan,0.001017556055662098,nan
2485,-0.5518072792908083,nan,0.1494543034612141,nan,0.0015842923476894427,nan
2486,-0.8756083497504119,nan,0.14961881322482976,nan,0.003560472739286472,nan
2487,-0.4772976765078862,nan,0.14967433613437145,nan,0.0017605351647172244,nan
2488,-0.35050953996261697,nan,0.14970457509071414,nan,0.0013822660709643926,nan
2489,-0.47400728068033604,nan,0.14975964227691213,nan,0.0018886208184728942,nan
2490,-0.43298538750037624,nan,0.14980331497415456,nan,0.0015392055305347373,nan
2491,-0.652106455741819,nan,0.14990682217024104,nan,0.0024351444841931155,nan
2492,-0.31746741957524194,nan,0.14993150160638177,nan,0.0012128703631957686,nan
2493,-0.405935176221363,nan,0.14997855518636344,nan,0.001565258786499821,nan
2494,-0.541583244485513,nan,0.15004505098199256,nan,0.002183419464718857,nan
2495,-0.5204831321102042,nan,0.15012495746044244,nan,0.0018471242602276655,nan
2496,-0.3964352726941836,nan,0.1501590424100087,nan,0.0017105383070491651,nan
2497,-0.3768658094892495,nan,0.150178419761809,nan,0.0015727993534114552,nan
2498,-0.43165680841646836,nan,0.15023819442021366,nan,0.0016859621470378377,nan
2499,-0.3783396501793531,nan,0.1502743952181846,nan,0.0016762547962064246,nan
2500,-0.38834004992885957,nan,0.15032119073961908,nan,0.0016442471435140886,nan
2501,-0.5181862330817559,nan,0.15040487818743603,nan,0.0022787181220287793,nan
2502,-0.3590856977652759,nan,0.15042448405351075,nan,0.0011392052527951088,nan
2503,-0.5358179409525367,nan,0.15050381400693127,nan,0.002193800026682671,nan
2504,-0.5769509999814082,nan,0.15059097719067538,nan,0.0020078970488546983,nan
2505,-0.612074225701274,nan,0.15070879577586294,nan,0.0023398004008284173,nan
2506,-0.4948174666083107,nan,0.15077792263820522,nan,0.0020952636584546346,nan
2507,-0.6354231431976325,nan,0.15084640174685307,nan,0.0024344209689321937,nan
2508,-0.574489620656359,nan,0.15092007324330883,nan,0.002229259087747475,nan
2509,-0.38784549462036616,nan,0.1509636165317065,nan,0.0013746048689629966,nan
2510,-0.31219412472927727,nan,0.1509952018439466,nan,0.0013880208198309722,nan
2511,-0.45824045261736296,nan,0.1510453242375941,nan,0.0017818174711756677,nan
2512,-0.45071556926218137,nan,0.15109448108369344,nan,0.0015497902642104423,nan
2513,-0.7435748188726553,nan,0.15123237819248517,nan,0.0031941341558285722,nan
2514,-0.40392951391718246,nan,0.15129427974324458,nan,0.0015496265701402795,nan
2515,-0.49123702083809256,nan,0.1513377909211453,nan,0.0019221145261282403,nan
2516,-0.43593920933893615,nan,0.15136462508281368,nan,0.001749614098046952,nan
2517,-0.4920723497955012,nan,0.15140932696853315,nan,0.0015761397123962317,nan
2518,-0.4398460558636491,nan,0.15145549515988818,nan,0.0015961541581039152,nan
2519,-0.4941655088941157,nan,0.15153905854392052,nan,0.0018892184909544373,nan
2520,-0.7430783403646989,nan,0.1516642902584499,nan,0.0028801291895309135,nan
2521,-0.4707488464513814,nan,0.151711992957924,nan,0.001711852925508391,nan
2522,-0.4440633163842846,nan,0.15175354671703578,nan,0.001514620704247686,nan
2523,-0.3493122819143642,nan,0.1517886859855619,nan,0.0015302157468585066,nan
2524,-0.37672574394530695,nan,0.15183230123392621,nan,0.0014768523975417487,nan
2525,-0.3731798349332288,nan,0.15187613905218564,nan,0.0013742670358104423,nan
2526,-0.390128298731937,nan,0.151920210095443,nan,0.001503272207309937,nan
2527,-0.3786706993849582,nan,0.1519544603848753,nan,0.0013493335469849928,nan
2528,-0.4311928951229258,nan,0.15199537362378018,nan,0.0018913127709571389,nan
2529,-0.4311772918343362,nan,0.152040239254384,nan,0.001826656330870538,nan
2530,-0.37522721010155247,nan,0.15206593075163857,nan,0.0012591386273203627,nan
2531,-0.24952209009878412,nan,0.15207548382106667,nan,0.0009846587065214867,nan
2532,-0.5396711405677388,nan,0.15216167515297077,nan,0.002068735589822602,nan
2533,-0.4422572338009006,nan,0.15220908352902332,nan,0.0016398003492164345,nan
2534,-0.379443112392628,nan,0.15224624003737872,nan,0.0015550032381658452,nan
2535,-0.41690005042450456,nan,0.15228898755524314,nan,0.0015069092399380328,nan
2536,-0.4303557399595678,nan,0.15232377561472063,nan,0.0015422945821313404,nan
2537,-0.27013918915775986,nan,0.15234683878548963,nan,0.0011875660378184037,nan
2538,-0.33021482917173656,nan,0.15237213609023376,nan,0.001126011024258143,nan
2539,-0.3477944462141794,nan,0.15239932761409117,nan,0.0016318318165492102,nan
2540,-0.5969152261990016,nan,0.1524826511528809,nan,0.0022440368675903243,nan
2541,-0.34938927888641613,nan,0.1525304481194305,nan,0.0016072212749699128,nan
2542,-0.4750955179060553,nan,0.15258597896011028,nan,0.0019800200265630654,nan
2543,-0.4089742968389912,nan,0.1526146689388481,nan,0.00160566170976569,nan
2544,-0.3768300331131736,nan,0.15265698229834918,nan,0.0016644497112276344,nan
2545,-0.41237389193403173,nan,0.15271255096451414,nan,0.0015264817054589626,nan
2546,-0.3034303084007613,nan,0.15274508244119522,nan,0.0016676227035409086,nan
2547,-0.5283242919414716,nan,0.15281020398117748,nan,0.002022509820413329,nan
2548,-0.3980542442457358,nan,0.1528627156865526,nan,0.0017442603590000238,nan
2549,-1.0277009684390626,nan,0.15306835486746534,nan,0.004544543184846551,nan
2550,-0.4501282694091253,nan,0.15312785292619477,nan,0.001407172837050869,nan
2551,-0.7054181564756831,nan,0.15323560817899512,nan,0.002428558183365368,nan
2552,-0.300564722289908,nan,0.1532542771260518,nan,0.0010848267473928656,nan
2553,-0.3274997562511105,nan,0.153267395795579,nan,0.0014214836519269908,nan
2554,-0.5121167562577342,nan,0.15333610632127806,nan,0.0020647619662840164,nan
2555,-0.5298786087320414,nan,0.15340358142138738,nan,0.0019026191103229718,nan
2556,-0.4139643724495691,nan,0.15344353344244424,nan,0.0014739103393235787,nan
2557,-0.4344071660405318,nan,0.15350064099100655,nan,0.001551346287783586,nan
2558,-0.4030047357467036,nan,0.15354075223236763,nan,0.0014546438074351984,nan
2559,-0.29980345660673113,nan,0.15355647073174788,nan,0.0010856472146857279,nan
2560,-0.3659037914677619,nan,0.15358908295485635,nan,0.001124161015579896,nan
2561,-0.3868383847548099,nan,0.15363403806803325,nan,0.0013723349957178324,nan
2562,-0.35594191098367367,nan,0.153664492898133,nan,0.0011894349819976848,nan
2563,-0.4253187228227339,nan,0.15370374412472712,nan,0.0016260867151856129,nan
2564,-0.6689937058696532,nan,0.15381053901431396,nan,0.002537997911799414,nan
2565,-0.4070612942264221,nan,0.1538469098837278,nan,0.0015836470807561462,nan
2566,-0.7140014092700273,nan,0.1539690567389432,nan,0.0029167181050991,nan
2567,-0.5099707358549875,nan,0.15402650250452193,nan,0.0021375770196252145,nan
2568,-0.4519842957744828,nan,0.15406540055160256,nan,0.0014600398956925824,nan
2569,-0.630296139935541,nan,0.1541541938658416,nan,0.0021375802600852494,nan
2570,-0.31622852508386695,nan,0.15418336214901276,nan,0.0012311294693719379,nan
2571,-0.7042699798580181,nan,0.15429800690432324,nan,0.002591674865122315,nan
2572,-0.3505098479419312,nan,0.1543268183729923,nan,0.0014318794881267411,nan
2573,-0.41925052336640933,nan,0.15435522513828104,nan,0.0018880698542518201,nan
2574,-0.39898663346217256,nan,0.15439480492693036,nan,0.0012701705450200447,nan
2575,-0.48786757868780395,nan,0.15444357055093322,nan,0.0017443942872182995,nan
2576,-0.3496060918641062,nan,0.1544665145564762,nan,0.0014962127670916316,nan
2577,-0.679583494658726,nan,0.1545737117799664,nan,0.0029437818511100604,nan
2578,-0.623769229848981,nan,0.1546671717766059,nan,0.0022862729066971486,nan
2579,-0.3217084631433265,nan,0.15469677090566503,nan,0.0012323993356389853,nan
2580,-0.37288325552341556,nan,0.15472149815715583,nan,0.0015260404520878353,nan
2581,-0.5456756071227676,nan,0.15478850116746593,nan,0.0019453813126194383,nan
2582,-0.4746803761900218,nan,0.15484156061306517,nan,0.002178877318312793,nan
2583,-0.67943460469087,nan,0.15495076324688464,nan,0.0027534419112474843,nan
2584,-0.3159535149476623,nan,0.15496926271175188,nan,0.0012976930377769707,nan
2585,-0.5328266351234635,nan,0.15504190018768316,nan,0.0022959857711370327,nan
2586,-0.377127718901139,nan,0.15508637183836146,nan,0.0012963142769124442,nan
2587,-0.698203328900589,nan,0.1551925279695501,nan,0.002825158303123974,nan
2588,-0.34490786043303806,nan,0.15521325852179335,nan,0.0010702241286246487,nan
2589,-0.6389777335610769,nan,0.15530273447892526,nan,0.0023821853203834322,nan
2590,-0.8299846339642676,nan,0.15546295992536097,nan,0.004075705849822489,nan
2591,-0.37394607250180434,nan,0.15549860985521374,nan,0.0017134219752476202,nan
2592,-0.3941224171205998,nan,0.15554151606434255,nan,0.0011201964621526648,nan
2593,-0.401185322488706,nan,0.1555787914829876,nan,0.0015331404932111654,nan
2594,-0.4405320275743887,nan,0.15564057076118537,nan,0.0014554876445053934,nan
2595,-0.3575251559525707,nan,0.15568281881164053,nan,0.0013429462947205431,nan
2596,-0.36356953652935964,nan,0.15570737420231529,nan,0.0013873338432660697,nan
2597,-0.4450225651272049,nan,0.15576198446884684,nan,0.0013923783308196131,nan
2598,-0.40594563454798244,nan,0.1557978670477624,nan,0.0015814366817310905,nan
2599,-0.3279422575282044,nan,0.15581203349539002,nan,0.0009658706829069079,nan
2600,-0.4216766870315664,nan,0.1558448808931891,nan,0.0015722620212694528,nan
2601,-0.3887828137973399,nan,0.15588361864511865,nan,0.0014677060635163862,nan
2602,-0.39494404643717096,nan,0.15592807965411126,nan,0.0015591658876081458,nan
2603,-0.6650315647166545,nan,0.1560424521206425,nan,0.003130534129159884,nan
2604,-0.39517457844318443,nan,0.15608396069584082,nan,0.0013343765681704234,nan
2605,-0.37822308238242963,nan,0.15610528729368686,nan,0.0014799087598599573,nan
2606,-0.45187892446977085,nan,0.15614036445195006,nan,0.0014903635832180227,nan
2607,-0.3604832237805175,nan,0.15616229631199025,nan,0.0010921113482402901,nan
2608,-0.3251743025424954,nan,0.1561843156386695,nan,0.0012615358977423165,nan
2609,-0.5640395237342737,nan,0.1562615001167309,nan,0.0019516230841015647,nan
2610,-0.4066261223381952,nan,0.15630397884068736,nan,0.0016819559386413547,nan
2611,-0.5455669746585543,nan,0.15637947649372258,nan,0.0020140219799904546,nan
2612,-0.3944556887828096,nan,0.15642906462851341,nan,0.0014209813536102246,nan
2613,-0.46057427636202886,nan,0.15648005177764074,nan,0.0017673196374424502,nan
2614,-0.46177027586159003,nan,0.15651862092334962,nan,0.0018692517975521753,nan
2615,-0.3080348561650103,nan,0.15654521904836882,nan,0.0012153164002944158,nan
2616,-0.30778533939454406,nan,0.1565713955406562,nan,0.001310553527742486,nan
2617,-0.3997155193544769,nan,0.15661256313320512,nan,0.00131161981281886,nan
2618,-0.467523681928232,nan,0.1566574228447096,nan,0.0019879573576638476,nan
2619,-0.3770836586931306,nan,0.1566859800131881,nan,0.0016422500033912168,nan
2620,-0.902133640085576,nan,0.15687771936405456,nan,0.003896432012590028,nan
2621,-1.4456062849400897,nan,0.1572072122085797,nan,0.00953967705395787,nan
2622,-0.8490147377651929,nan,0.15737525534877383,nan,0.0035590416300055896,nan
2623,-0.5768936741952673,nan,0.15746772708609796,nan,0.002447002358702954,nan
2624,-0.3382615863174134,nan,0.15748931242238107,nan,0.0011899158112973712,nan
2625,-0.5194762117024289,nan,0.1575575852624829,nan,0.0019072258005122127,nan
2626,-0.4247665590684902,nan,0.15760383014597118,nan,0.0015207090004512715,nan
2627,-0.8700565862453195,nan,0.1577615522872335,nan,0.0036406212364778197,nan
2628,-0.5633161100336251,nan,0.15785624243593466,nan,0.002293232938179981,nan
2629,-0.8301055654938891,nan,0.15800131577319584,nan,0.00336408861287828,nan
2630,-0.7998866676214771,nan,0.15813237389132861,nan,0.0029851211585172626,nan
2631,-0.8286104492167178,nan,0.1582919336064131,nan,0.00340744431739991,nan
2632,-0.28708667474868244,nan,0.15831076380526574,nan,0.0010518250776230503,nan
2633,-0.3816332057278621,nan,0.15833799722016081,nan,0.0018534974874793028,nan
2634,-0.344991170305488,nan,0.15836772426359663,nan,0.0017275706294684068,nan
2635,-0.8163179790521988,nan,0.15851468071746613,nan,0.0032513202426009318,nan
2636,-0.4269328387300992,nan,0.1585620828001582,nan,0.001702085591277901,nan
2637,-0.39037061653117977,nan,0.1585990063675898,nan,0.001575233378146357,nan
2638,-0.47690156385424987,nan,0.15865426302846353,nan,0.0019035129137828439,nan
2639,-0.5549965236889709,nan,0.15873376163677744,nan,0.002202729910010331,nan
2640,-0.5355441351334643,nan,0.1587966163129528,nan,0.002145756017759953,nan
2641,-0.5149775919221855,nan,0.15883618484771247,nan,0.0016833440316892845,nan
2642,-0.40853365826129445,nan,0.15888363927610138,nan,0.0012465877825312288,nan
2643,-0.4394118305494983,nan,0.15894017182154258,nan,0.001471108741312001,nan
2644,-0.49383159688982964,nan,0.15900730590022372,nan,0.001819043423069435,nan
2645,-0.980527393346517,nan,0.15920044851896364,nan,0.004825276163736839,nan
2646,-0.33639047610250683,nan,0.15922836931433526,nan,0.0012968997762071528,nan
2647,-0.4540326816565037,nan,0.1592840743191196,nan,0.0016865394060782632,nan
2648,-0.35810041041765306,nan,0.15932012156887204,nan,0.0014752922914808332,nan
2649,-0.40178609887192807,nan,0.15936107512708764,nan,0.0013723243829380904,nan
2650,-0.3697855662760836,nan,0.15939325144787342,nan,0.0014863017261203277,nan
2651,-0.5111989005678286,nan,0.1594688286515906,nan,0.0014256177388388103,nan
2652,-0.4560093989725657,nan,0.15952314648921392,nan,0.001396085185875639,nan
2653,-0.6257706694359758,nan,0.1596039734059951,nan,0.0024035834444266985,nan
2654,-0.28566883474223415,nan,0.159626358019492,nan,0.0011343890662581738,nan
2655,-0.44539348686709673,nan,0.15967644210071724,nan,0.001856319389962028,nan
2656,-0.5460827665238267,nan,0.15974272532518788,nan,0.0023916172115902566,nan
2657,-0.21853726398989268,nan,0.15975542654580735,nan,0.0010285653811506772,nan
2658,-0.4501630724763756,nan,0.1598108525324313,nan,0.0016989902326403645,nan
2659,-0.3655508701257962,nan,0.15983657056368042,nan,0.0014372278706154115,nan
2660,-0.38412525511514767,nan,0.15987715817236797,nan,0.0013450193846316464,nan
2661,-0.3142945276252364,nan,0.15989111336585946,nan,0.001110638831757321,nan
2662,-0.5151283004631255,nan,0.15996311716642062,nan,0.0016218612366077129,nan
2663,-0.3821184157713426,nan,0.1599935255014366,nan,0.001166017597835992,nan
2664,-0.48316915292074225,nan,0.16003906399879447,nan,0.0019140611787978009,nan
2665,-0.636642997302847,nan,0.16014136549419036,nan,0.002597380407632234,nan
2666,-0.5403091305372005,nan,0.16019309049267713,nan,0.0022564163184223426,nan
2667,-0.41695197736329076,nan,0.1602263524541653,nan,0.0018068565725351115,nan
2668,-0.4637206239285374,nan,0.16026942267103883,nan,0.0016681609649008813,nan
2669,-0.41875154298288775,nan,0.16032451299111583,nan,0.0014475259047713172,nan
2670,-0.31711244665929383,nan,0.1603609554483254,nan,0.0012284593232196963,nan
2671,-1.0010019809869097,nan,0.16054481366567674,nan,0.004590351158314266,nan
2672,-0.5046477273740418,nan,0.1606158084108914,nan,0.0016212110328325212,nan
2673,-0.5695820650672144,nan,0.16068942243822246,nan,0.0018991175180115773,nan
2674,-0.35633822927410175,nan,0.16072752752597355,nan,0.0010896567176544314,nan
2675,-0.4379254177958195,nan,0.16078383879548125,nan,0.0014955916142585237,nan
2676,-0.39971352737951216,nan,0.16081051774500313,nan,0.0013840317775246375,nan
2677,-0.4154743255769871,nan,0.16085689672432524,nan,0.0017369896819269533,nan
2678,-0.40089196030222857,nan,0.1608991621576621,nan,0.0016410487710538093,nan
2679,-0.3572158139490109,nan,0.16094327946180392,nan,0.0015615127364279583,nan
2680,-0.45124250185178194,nan,0.1609926082631393,nan,0.0018721911843517175,nan
2681,-0.616868555936391,nan,0.1610895596618015,nan,0.0027575974532926227,nan
2682,-0.4541767801364367,nan,0.1611447158712087,nan,0.001746208279997144,nan
2683,-0.7193664586311145,nan,0.16126887983023358,nan,0.0031835409972673554,nan
2684,-0.7138678204186497,nan,0.16140707076454472,nan,0.002627266157152742,nan
2685,-0.5740047517270659,nan,0.16147564836553918,nan,0.0024248047233691177,nan
2686,-0.26822036375195313,nan,0.16149460474509714,nan,0.0011986293644473262,nan
2687,-0.6286106066602688,nan,0.16159784429070553,nan,0.0022147308596419417,nan
2688,-0.4068058190533048,nan,0.16163748468793887,nan,0.0015311900380029504,nan
2689,-0.5002045382111354,nan,0.16170633408059848,nan,0.0018173798288562912,nan
2690,-0.3304717314174547,nan,0.16172378332000317,nan,0.0014420896203078278,nan
2691,-0.38851782702338633,nan,0.16175601999036063,nan,0.0015540429582720375,nan
2692,-0.3727870424071164,nan,0.16178790324661646,nan,0.0013173271425076607,nan
2693,-0.33055360006962653,nan,0.16181697713106502,nan,0.001147915596023474,nan
2694,-0.4710228852778352,nan,0.1618605265708635,nan,0.0015331058523239214,nan
2695,-0.6650480589255551,nan,0.16197094498344866,nan,0.002226208570607328,nan
2696,-0.7548095746144988,nan,0.16209683215768841,nan,0.0035983920853634044,nan
2697,-0.4725253906793849,nan,0.16214931412920774,nan,0.0016929459452115526,nan
2698,-0.437520664321445,nan,0.16219687915047634,nan,0.0014671281827973498,nan
2699,-0.2586166769676873,nan,0.16221681479539524,nan,0.0011284708862968201,nan
2700,-0.4552111202203154,nan,0.1622811515586773,nan,0.001645153871369863,nan
2701,-0.3972032522206461,nan,0.16231926158469615,nan,0.0014449683757249642,nan
2702,-0.3059218806631794,nan,0.16234280816029278,nan,0.0012195499424807966,nan
2703,-0.34892993994643173,nan,0.16237506259824397,nan,0.00117255826602441,nan
2704,-0.675429662267584,nan,0.16248131923352663,nan,0.0026142250778055354,nan
2705,-0.29929865757909996,nan,0.16250339885560497,nan,0.001009085652599109,nan
2706,-0.7127839500703812,nan,0.16260535754378133,nan,0.002809624684903246,nan
2707,-0.503789381683322,nan,0.16265348616391068,nan,0.0020237218751103046,nan
2708,-0.47301689018550575,nan,0.16272349539101336,nan,0.0019066707145896499,nan
2709,-0.46506386980539854,nan,0.1627594991892595,nan,0.0019341293989386856,nan
2710,-0.3503336388381357,nan,0.16278313610532763,nan,0.001640246761289847,nan
2711,-0.27595369937005576,nan,0.1628022036772163,nan,0.0011215135444088767,nan
2712,-0.4170801107365458,nan,0.16283384906773915,nan,0.0016740586104474987,nan
2713,-0.5165620342303473,nan,0.16291608603480634,nan,0.0019697542269953797,nan
2714,-0.28265867374200443,nan,0.16293374284835832,nan,0.0010622904945679287,nan
2715,-0.42153146316413437,nan,0.16298740716129853,nan,0.001474705165991953,nan
2716,-0.5454972917102096,nan,0.16307892940968702,nan,0.002508019958433562,nan
2717,-0.44207352759370133,nan,0.16311480665075373,nan,0.002100895315489757,nan
2718,-0.7664894477752836,nan,0.16324849475481706,nan,0.0033322133821875447,nan
2719,-0.38017590729968664,nan,0.1632783212041109,nan,0.001587665779164861,nan
2720,-0.5358311944977883,nan,0.16335846283701544,nan,0.0018941714342054798,nan
2721,-0.9485805993104585,nan,0.16354951021545674,nan,0.0042698439560826355,nan
2722,-0.3580747978438493,nan,0.16358937571619947,nan,0.001204594930290248,nan
2723,-0.39379423127546487,nan,0.16362181590326186,nan,0.0018041743702750313,nan
2724,-0.38771104984642957,nan,0.16366903838819383,nan,0.0011683039854544686,nan
2725,-0.39915557953016323,nan,0.16371325682257398,nan,0.0018533341273604764,nan
2726,-0.3558485120254784,nan,0.16374646904139886,nan,0.0013388811711627566,nan
2727,-0.4691403904475119,nan,0.1638091721063915,nan,0.0017818724485985811,nan
2728,-0.45227567660826995,nan,0.16386129914840092,nan,0.0014860242018404917,nan
2729,-0.3947768715428895,nan,0.16392372880073336,nan,0.0012629975121690932,nan
2730,-0.6495561873360831,nan,0.16400899712680267,nan,0.002802366978668477,nan
2731,-0.42610787582961945,nan,0.16405390785428864,nan,0.0016300326182464948,nan
2732,-0.40383899114211796,nan,0.16409463194408844,nan,0.0013776553389456608,nan
2733,-0.32090883409765003,nan,0.16411931557450743,nan,0.0013859364005300197,nan
2734,-0.4024792390796836,nan,0.16415494512225537,nan,0.0014858154139019422,nan
2735,-0.6896559581440078,nan,0.16427010623921398,nan,0.002904115356171173,nan
2736,-0.47305149333359464,nan,0.16431082266093783,nan,0.0017953582284621224,nan
2737,-0.6175379070100262,nan,0.1643992319320335,nan,0.002455857294421258,nan
2738,-0.7061922033033218,nan,0.16453120783265476,nan,0.0026886777147490334,nan
2739,-0.3387603799136182,nan,0.16455806714113794,nan,0.0011866694032302211,nan
2740,-0.47105957068435345,nan,0.16461071157886722,nan,0.001399326250532687,nan
2741,-0.31893997688401227,nan,0.16463351009794458,nan,0.0011593584529303747,nan
2742,-0.43993234245326307,nan,0.16469074683621493,nan,0.0020855422992257233,nan
2743,-0.47022564487870344,nan,0.16473826680299325,nan,0.0018332261078600278,nan
2744,-0.4184626637814373,nan,0.16476891056106488,nan,0.0013457838013102824,nan
2745,-0.5105073190282159,nan,0.16482267921884378,nan,0.0017140219417957302,nan
2746,-0.35574472824356257,nan,0.164840289886256,nan,0.001405478564675431,nan
2747,-0.4037472270466443,nan,0.16487041730562688,nan,0.0014974656971453203,nan
2748,-0.29777721076476,nan,0.1648874325299887,nan,0.0010797243944301884,nan
2749,-0.4820764994276451,nan,0.16493949830809224,nan,0.0016062467330097564,nan
2750,-0.5683364664294859,nan,0.16501876097758492,nan,0.002201451700247123,nan
2751,-0.39623076846656874,nan,0.165068972834008,nan,0.0015417042819122052,nan
2752,-0.7772917957332606,nan,0.16520284609635597,nan,0.003211422835632041,nan
2753,-0.46861476419684994,nan,0.16526422741313038,nan,0.0018301911358205622,nan
2754,-0.4590687935989757,nan,0.16530465210904566,nan,0.0014161889069026314,nan
2755,-0.33644859410778705,nan,0.16533397981636314,nan,0.00117037320113441,nan
2756,-0.4698063604538506,nan,0.1654082396574596,nan,0.00197614530388939,nan
2757,-0.6898770152056837,nan,0.16548800644750972,nan,0.002057269381260499,nan
2758,-0.3668068634670618,nan,0.16551605515042747,nan,0.0014981548793277573,nan
2759,-1.0590203754488565,nan,0.16574958140207227,nan,0.005692953898030038,nan
2760,-0.40496952200635805,nan,0.1658005852036051,nan,0.0013665667520337944,nan
2761,-0.37890905833439054,nan,0.16583197225778487,nan,0.0012433154956629012,nan
2762,-0.6977031152609304,nan,0.16596180386000436,nan,0.0026689131435932907,nan
2763,-0.7624750058665588,nan,0.16610386855969833,nan,0.003875784467659167,nan
2764,-0.35991517321401667,nan,0.16613653824444408,nan,0.0014355104585372738,nan
2765,-0.30987958330806376,nan,0.16616151331948023,nan,0.0014207694825772873,nan
2766,-0.25807737265047964,nan,0.1661798078152853,nan,0.0011848500827794659,nan
2767,-0.39925349303736135,nan,0.16620437651131,nan,0.0019432920980461128,nan
2768,-0.7454034446800268,nan,0.1663148890751605,nan,0.00291829975497154,nan
2769,-0.3996934740509836,nan,0.1663659803242252,nan,0.0013893667349686913,nan
2770,-0.5477669507080902,nan,0.16645677751639545,nan,0.002337567266709953,nan
2771,-0.40355037879927486,nan,0.1664951332145389,nan,0.0013721862184333062,nan
2772,-0.5078521687639643,nan,0.16656069935908982,nan,0.0022676237443875137,nan
2773,-0.33752439520199357,nan,0.16658529070199282,nan,0.0011759710447187149,nan
2774,-0.42662838729208485,nan,0.16662130680569667,nan,0.001594198696482601,nan
2775,-0.7970980644342703,nan,0.1667570608327801,nan,0.003193466691332023,nan
2776,-0.3255935323001736,nan,0.1667921677452752,nan,0.0013172518353802049,nan
2777,-0.48071466435269544,nan,0.16685825447194505,nan,0.0016789397247307595,nan
2778,-0.4924196264833047,nan,0.16693501061726798,nan,0.0020061302160614123,nan
2779,-0.5124936325173329,nan,0.16700102377682638,nan,0.0021785541723723244,nan
2780,-0.5088557909902955,nan,0.16705251059644136,nan,0.0019092079887449256,nan
2781,-0.5133435123874153,nan,0.1671184714712644,nan,0.0023351465305203574,nan
2782,-0.6971813623121443,nan,0.16724196413427184,nan,0.002715029625961993,nan
2783,-0.3094875636140823,nan,0.16726319356936697,nan,0.0011353752267134858,nan
2784,-0.40749993648789506,nan,0.16731336374195924,nan,0.0013918282076344996,nan
2785,-0.37670085993726526,nan,0.16735381749692535,nan,0.00158081956488184,nan
2786,-0.4720627401649688,nan,0.1674101478348481,nan,0.001866633952580582,nan
2787,-0.52863794449686,nan,0.16748588663698574,nan,0.002057441687183013,nan
2788,-0.33054768174536286,nan,0.1675258195318328,nan,0.0010686553532338972,nan
2789,-0.6541339322664644,nan,0.16763814015972386,nan,0.0030206493826741396,nan
2790,-0.3001897280257561,nan,0.16765681654652864,nan,0.0012560333862275607,nan
2791,-0.32714203269921216,nan,0.16769388740050664,nan,0.001119707564646798,nan
2792,-0.355352799317869,nan,0.16772985826466708,nan,0.0015172675231491307,nan
2793,-0.3811179105446514,nan,0.16776021054605134,nan,0.0015449961568910987,nan
2794,-0.32292973610995857,nan,0.16778566143689116,nan,0.0015625978381335196,nan
2795,-0.5276646502690776,nan,0.1678669498640857,nan,0.0017806237717164029,nan
2796,-0.5009384520830144,nan,0.16792575454925068,nan,0.002125773374124763,nan
2797,-0.4847173388022178,nan,0.16799516024096212,nan,0.002022894658644532,nan
2798,-0.48578497377783786,nan,0.16807435125174272,nan,0.0016818559272354548,nan
2799,-0.359630131465499,nan,0.16810283209798196,nan,0.0012226912764324322,nan
2800,-0.4617036713442551,nan,0.1681519559371445,nan,0.0019173758616719484,nan
2801,-0.4357828215002043,nan,0.16819847154900838,nan,0.0015656383193219153,nan
2802,-0.39229125364905093,nan,0.16823706908624259,nan,0.0015392280248962744,nan
2803,-0.4783296160828372,nan,0.16830441935595816,nan,0.0017594071783190578,nan
2804,-0.6170275322963964,nan,0.16841188757572503,nan,0.0023783819870973563,nan
2805,-0.34818516846861586,nan,0.16843339789063075,nan,0.0016175555654731352,nan
2806,-0.6143556244952422,nan,0.16853281616717228,nan,0.002013270078566011,nan
2807,-0.3912459964434196,nan,0.16856135835590264,nan,0.001792759068758911,nan
2808,-0.6638816638176024,nan,0.16866993128796756,nan,0.0023039810560555526,nan
2809,-0.6468918512358173,nan,0.16877921585217298,nan,0.0021703957689097335,nan
2810,-0.5106785958489269,nan,0.16884904063629463,nan,0.0017557162287637396,nan
2811,-0.4453057746997292,nan,0.16889416620355635,nan,0.0016381412108134397,nan
2812,-0.4518514818379992,nan,0.16895372215742402,nan,0.0017229590509714838,nan
2813,-0.48718067482310473,nan,0.16901598207633342,nan,0.0015991650277782901,nan
2814,-0.4127917649389922,nan,0.16906213281622373,nan,0.0013334452594055493,nan
2815,-0.3841059718131107,nan,0.16910505125968758,nan,0.0015913043199541964,nan
2816,-0.5565742284656507,nan,0.1691745640919221,nan,0.0020054234596312147,nan
2817,-0.7253834414216629,nan,0.16929781241627803,nan,0.0027295451166468882,nan
2818,-0.6352639017656306,nan,0.1694169219516861,nan,0.0021845326750616107,nan
2819,-0.6663522847563952,nan,0.1695356149900265,nan,0.002746045573385584,nan
2820,-0.43155965702541654,nan,0.16957851455358885,nan,0.001622550406205042,nan
2821,-0.33135060594296295,nan,0.16960719127938134,nan,0.0014416680328684618,nan
2822,-0.39058267417587367,nan,0.16963876613958262,nan,0.0014879820827970879,nan
2823,-0.707874184597679,nan,0.1697586379734596,nan,0.00306819315122086,nan
2824,-0.5009684846172191,nan,0.1698328256638506,nan,0.0019265339625550032,nan
2825,-0.3424004564230373,nan,0.1698538590527217,nan,0.0015530232609296014,nan
2826,-0.7148920899655359,nan,0.16996289771165418,nan,0.002988957793999036,nan
2827,-0.3986854060896587,nan,0.17000892960592018,nan,0.0015115689105654132,nan
2828,-0.3409910161623053,nan,0.17003851240780413,nan,0.0013593269776365378,nan
2829,-0.5350748161514136,nan,0.17010844913713125,nan,0.001920971818229675,nan
2830,-1.1597856070677435,nan,0.17036340303775355,nan,0.006377547821576415,nan
2831,-0.49145940092897544,nan,0.17043510568786518,nan,0.0015655243698845399,nan
2832,-0.5268217580520334,nan,0.17049924888957282,nan,0.0015533016576107569,nan
2833,-0.4854101412041044,nan,0.17058065983170453,nan,0.0016303346275178,nan
2834,-0.5866599766945481,nan,0.1706516928906896,nan,0.002107443190040147,nan
2835,-0.6515639161037795,nan,0.17076817404602396,nan,0.0024921416825451626,nan
2836,-0.3927366245243792,nan,0.1708209635845431,nan,0.0015144125461067624,nan
2837,-0.640274556111065,nan,0.17091192211626466,nan,0.002917485192612586,nan
2838,-0.2992279100648599,nan,0.17093142556809218,nan,0.0013627639276392258,nan
2839,-0.645973221035662,nan,0.17102639236120368,nan,0.0026641033327695603,nan
2840,-0.3670855848046068,nan,0.17105998524195423,nan,0.0012984761962323507,nan
2841,-0.7236745949566743,nan,0.17115097413487357,nan,0.002977322194654684,nan
2842,-0.3806470816123141,nan,0.17119118732462113,nan,0.0015243138840926877,nan
2843,-0.3698453814717774,nan,0.17122312185852648,nan,0.0016574915866156643,nan
2844,-0.6849411975105961,nan,0.17133653391227277,nan,0.0031109751479411357,nan
2845,-0.5565251661427472,nan,0.17140972378680555,nan,0.0022409881550661155,nan
2846,-0.5337437756507832,nan,0.17149066722636233,nan,0.0022685236764870722,nan
2847,-0.3937006185604454,nan,0.1715240541469399,nan,0.0013073548422525387,nan
2848,-0.5191817126382141,nan,0.17157631974090232,nan,0.0018466706458323422,nan
2849,-0.7009786613019894,nan,0.17168264372152978,nan,0.0025759608846549417,nan
2850,-0.36316048688498104,nan,0.17172945326306402,nan,0.0016362366773087498,nan
2851,-0.32985840147636203,nan,0.17175219894458213,nan,0.0010966449510195536,nan
2852,-0.4669853506423651,nan,0.17179594243007532,nan,0.0018672602036015,nan
2853,-0.44570829919280586,nan,0.17185453386455907,nan,0.0017756266849529754,nan
2854,-0.5083791405644743,nan,0.17192507843545074,nan,0.0019299389494363975,nan
2855,-0.6477784205940443,nan,0.17203957824810917,nan,0.0023942839749875873,nan
2856,-0.36574910451503434,nan,0.17207443420805926,nan,0.0013523960672811985,nan
2857,-0.4029005562092443,nan,0.17211316222075773,nan,0.0014148188428080733,nan
2858,-0.38123968694642923,nan,0.17214152521506668,nan,0.00163033994932953,nan
2859,-0.32680815206486846,nan,0.1721679832168369,nan,0.0013437154560472953,nan
2860,-1.3596645481922696,nan,0.17246052450262386,nan,0.007538683208089932,nan
2861,-0.32131493208982753,nan,0.17249873080878042,nan,0.0014504190902920237,nan
2862,-0.3753572649168388,nan,0.17252977389208118,nan,0.0012693173192038771,nan
2863,-0.7068109535116537,nan,0.17264812295682017,nan,0.0027236560399367697,nan
2864,-0.3935993239361283,nan,0.17267882671081367,nan,0.001238170083661177,nan
2865,-0.5291924094277668,nan,0.1727676936952646,nan,0.0022539585775479616,nan
2866,-0.3462275509343664,nan,0.1727873502495706,nan,0.001277369222594131,nan
2867,-0.4616733733903045,nan,0.17284938384017334,nan,0.0016672696194746427,nan
2868,-0.37243200326032305,nan,0.17288001252579205,nan,0.0015986398530782556,nan
2869,-0.35170296232200565,nan,0.1729239427097053,nan,0.0010881053818445135,nan
2870,-0.6919169442096526,nan,0.1730428149489423,nan,0.0030813909481763858,nan
2871,-0.2986692031443252,nan,0.1730631222462584,nan,0.0013540172487644653,nan
2872,-0.44784557082055004,nan,0.17310416821578653,nan,0.0018427167154102587,nan
2873,-0.3467726045459006,nan,0.17311914013929378,nan,0.0012437783047171986,nan
2874,-0.4583647741460322,nan,0.17317103228951972,nan,0.0014229033771871367,nan
2875,-0.3259913789645946,nan,0.1732116067833753,nan,0.0011207730572552845,nan
2876,-0.3235939591915493,nan,0.17323720835765977,nan,0.0012098576478097923,nan
2877,-0.3559896062619672,nan,0.17326233733749732,nan,0.00159573367296708,nan
2878,-0.5820592662262253,nan,0.1733660958933516,nan,0.0019459677002599829,nan
2879,-0.32581499013969156,nan,0.1733967171318457,nan,0.0013867149895984495,nan
2880,-0.42135579203947643,nan,0.17344925198133365,nan,0.001548160105429199,nan
2881,-0.42865689397832,nan,0.17347140544087317,nan,0.0015096142765996486,nan
2882,-0.6031671343097367,nan,0.17357265573673658,nan,0.002365670447102766,nan
2883,-0.5495710286948375,nan,0.1736499931445735,nan,0.0022663229453346156,nan
2884,-0.5423852607570159,nan,0.17373525106471002,nan,0.0019461954809878934,nan
2885,-0.3662362797044419,nan,0.17378502044558558,nan,0.0017052490473293326,nan
2886,-0.385014311450168,nan,0.1738357748189614,nan,0.0016500528289197106,nan
2887,-0.6393817547018023,nan,0.1739390796769083,nan,0.0024769961852411956,nan
2888,-0.5175122398211468,nan,0.17402775952984825,nan,0.001970219485075831,nan
2889,-0.41600103764215807,nan,0.1740701644590822,nan,0.0015433351175254204,nan
2890,-0.3756586329752614,nan,0.1740939933735435,nan,0.0011945279698537584,nan
2891,-0.35139487463468855,nan,0.17412905323429945,nan,0.0012579060455896916,nan
2892,-0.45978504058032155,nan,0.17416667946551728,nan,0.0015885529876714427,nan
2893,-0.5109750115785705,nan,0.17424620261127868,nan,0.001516113017153593,nan
2894,-0.4637815465333816,nan,0.1743049973520377,nan,0.0018342212851741935,nan
2895,-0.44825208639436487,nan,0.17435050613642591,nan,0.0017013228498092901,nan
2896,-0.360824950629045,nan,0.17438901051518424,nan,0.0013570664593318676,nan
2897,-0.5621002221905456,nan,0.17449474884751257,nan,0.0019540215724556643,nan
2898,-0.47796286497260043,nan,0.17457340109265254,nan,0.0017476258732575178,nan
2899,-0.3725663802090962,nan,0.1746040838115023,nan,0.001359062547296756,nan
2900,-0.35855210265448423,nan,0.17463535752199222,nan,0.0014067954127698827,nan
2901,-0.3979240743311794,nan,0.17466944516262098,nan,0.001547249872694059,nan
2902,-0.47957193716347507,nan,0.17473242803456512,nan,0.0014137987244546158,nan
2903,-0.4953344476332405,nan,0.1747674892896785,nan,0.0018453837642627168,nan
2904,-0.4710583970725512,nan,0.17482977957712983,nan,0.0018849982887210789,nan
2905,-0.26301071320171227,nan,0.1748540483212393,nan,0.00099476528882298,nan
2906,-0.4033093063438549,nan,0.17490201216173754,nan,0.001663569158855912,nan
2907,-0.646517541382327,nan,0.17500930538679962,nan,0.0028749212830931166,nan
2908,-0.39037609603318346,nan,0.1750537858529079,nan,0.0012327781353601022,nan
2909,-0.4775666030191693,nan,0.17510058877037454,nan,0.001521338356523718,nan
2910,-0.5650165985177955,nan,0.17517357235792916,nan,0.0021999687280820014,nan
2911,-0.38862581270586877,nan,0.17521118164637417,nan,0.0014128065427496017,nan
2912,-0.84666084572045,nan,0.17537699239078733,nan,0.0039977930081076946,nan
2913,-0.3144903696666237,nan,0.17540218098186303,nan,0.0012174319805896047,nan
2914,-0.41430553210600635,nan,0.1754541433232975,nan,0.0013377888189998821,nan
2915,-0.35598616900171137,nan,0.17547492845301274,nan,0.0017552947953589789,nan
2916,-0.3954899395649784,nan,0.17552030215726128,nan,0.0014749151530002818,nan
2917,-0.36720122821518203,nan,0.17555205793101636,nan,0.0013327225564568849,nan
2918,-0.405843730992108,nan,0.17558932806946242,nan,0.0015217751909621777,nan
2919,-0.41246543657555784,nan,0.17563501018514766,nan,0.0016206691118240094,nan
2920,-0.3595262051643134,nan,0.1756843805399594,nan,0.0012231283085086867,nan
2921,-0.2750601067003167,nan,0.17570804895537756,nan,0.0012868101268103066,nan
2922,-0.47017110629310693,nan,0.17576298073898777,nan,0.001966066784029475,nan
2923,-0.3492906412400097,nan,0.1757972209661304,nan,0.0014318973869547418,nan
2924,-0.37139129561219786,nan,0.175833352375361,nan,0.00141159464138036,nan
2925,-0.5501876160284956,nan,0.1758926754976189,nan,0.0019417693402699013,nan
2926,-0.3375374711980912,nan,0.1759216607638186,nan,0.0013600243027858685,nan
2927,-0.3554101320593323,nan,0.17595436252729177,nan,0.00154285866907322,nan
2928,-0.5076430471009048,nan,0.1760078980289447,nan,0.0015844696626615637,nan
2929,-0.7509639460557928,nan,0.17613871027614394,nan,0.0031270777068597255,nan
2930,-0.4776147971187135,nan,0.17620273970884132,nan,0.0018296066069143917,nan
2931,-0.4562849797276862,nan,0.17625651471839046,nan,0.0019514801356666472,nan
2932,-0.3364754769743866,nan,0.1762693641289085,nan,0.0013972900180401222,nan
2933,-0.39880527041457786,nan,0.1763069066287088,nan,0.0014693342024216752,nan
2934,-0.32207169893725335,nan,0.17632713316805979,nan,0.0012477432604055601,nan
2935,-0.3109043296737733,nan,0.17634711236359477,nan,0.0011315191424514377,nan
2936,-0.42420675141989034,nan,0.17640586317684873,nan,0.001570645302073826,nan
2937,-0.3614832932578978,nan,0.17643361316838366,nan,0.0016617696662853977,nan
2938,-0.40841748898670455,nan,0.1764674491945415,nan,0.0016269129300306136,nan
2939,-0.38991749969443024,nan,0.17651444321290358,nan,0.0014617259399379123,nan
2940,-0.5562726260500213,nan,0.17657701584348634,nan,0.0022374344754728472,nan
2941,-0.43841480770512675,nan,0.17661623416555333,nan,0.001484122310433644,nan
2942,-0.3638749093200476,nan,0.17665409493594647,nan,0.0017776454600800734,nan
2943,-0.39769491387419414,nan,0.17669634726957478,nan,0.0014094539612968483,nan
2944,-0.2491375871972711,nan,0.1767116621053585,nan,0.0011374586867870689,nan
2945,-0.32128311529824904,nan,0.1767336913074555,nan,0.001187105916351398,nan
2946,-0.4718888002422207,nan,0.1767901535651468,nan,0.0020917932224265297,nan
2947,-0.3817241868389923,nan,0.1768178791267139,nan,0.0015175654948584578,nan
2948,-0.5074327370213848,nan,0.17687598022303808,nan,0.0019285186854459866,nan
2949,-0.6304789745902282,nan,0.17695457324923153,nan,0.0027044491165331146,nan
2950,-0.5940008830370739,nan,0.1770421871117304,nan,0.002676079241110575,nan
2951,-0.5144216731850116,nan,0.177122932399283,nan,0.00191285466590521,nan
2952,-0.577107087344112,nan,0.17721447778090288,nan,0.0025671308789916953,nan
2953,-1.0402007352177394,nan,0.17742369043073555,nan,0.0057291928172062846,nan
2954,-0.3759043977945654,nan,0.17744780986198805,nan,0.0013511712868895665,nan
2955,-0.39652828824100333,nan,0.17748780754333687,nan,0.0016676295408247005,nan
2956,-0.39172240517996915,nan,0.17752970510137828,nan,0.001368102195672836,nan
2957,-0.5108152040642748,nan,0.17759762123968198,nan,0.0016065162912425113,nan
2958,-0.27654735477259007,nan,0.17762425613409383,nan,0.001089836587204098,nan
2959,-0.42751287895376927,nan,0.17766943399099813,nan,0.0021647481086060523,nan
2960,-0.39678420198986014,nan,0.1777029033796957,nan,0.0014536773887834694,nan
2961,-0.5830432663769277,nan,0.1777950546974187,nan,0.0020212986630527272,nan
2962,-0.36253764693301455,nan,0.17783186450797575,nan,0.0012177383028889478,nan
2963,-0.5542086516952707,nan,0.177917581637262,nan,0.0020606235257591495,nan
2964,-0.4183276346624287,nan,0.17798902188200624,nan,0.0018870268052338518,nan
2965,-0.7061019121249414,nan,0.178109116519105,nan,0.0030211477819991842,nan
2966,-0.39438287580828574,nan,0.17814049108697394,nan,0.0016493346563286311,nan
2967,-0.45635265626935406,nan,0.17820350184900205,nan,0.001824219910860891,nan
2968,-0.3393857808678746,nan,0.17821883138618552,nan,0.0013585086871907355,nan
2969,-0.3447948065174124,nan,0.1782447190912904,nan,0.0014306249595404318,nan
2970,-0.40644330558141883,nan,0.17828788642449647,nan,0.0013378543518169999,nan
2971,-0.6487689836091044,nan,0.1784096630269687,nan,0.0026492237424759293,nan
2972,-0.4433259440052951,nan,0.17845750582476066,nan,0.0019001055436226784,nan
2973,-0.5861790940531049,nan,0.1785634930348792,nan,0.0019905134068208654,nan
2974,-0.3393877770875946,nan,0.17857802933075193,nan,0.0013070886104390282,nan
2975,-0.4465359031928522,nan,0.178638916456916,nan,0.0015672729705089273,nan
2976,-0.49435899634873454,nan,0.1787040353192459,nan,0.0021491104817021505,nan
2977,-0.4945569718932367,nan,0.17876574975974105,nan,0.0019519472355499742,nan
2978,-0.9366764020953713,nan,0.17894436129228558,nan,0.004215844977025758,nan
2979,-0.30962497772618575,nan,0.17897304059966493,nan,0.0014739377638737668,nan
2980,-0.4657231530294624,nan,0.17902626037410885,nan,0.0017758917492387517,nan
2981,-0.390267987545856,nan,0.17906346314647784,nan,0.0013206739427299712,nan
2982,-0.3624830610800524,nan,0.1790939856916761,nan,0.0014618107844296061,nan
2983,-0.6527085654490272,nan,0.17921405813485092,nan,0.0024472944196482944,nan
2984,-0.5425478981495757,nan,0.17928646029978157,nan,0.0026618940850453364,nan
2985,-0.5357682242784185,nan,0.1793551005453668,nan,0.0022810966244023656,nan
2986,-0.40704323752119526,nan,0.1794091799463364,nan,0.0015815161114788702,nan
2987,-0.3733803344936463,nan,0.17944500977278163,nan,0.0013959721884930186,nan
2988,-0.47216047091806546,nan,0.1795016605667175,nan,0.0018977877866453209,nan
2989,-0.35877499052678985,nan,0.1795374481287269,nan,0.0013927186317750748,nan
2990,-0.42823572776048463,nan,0.17959602207463538,nan,0.0013712062543025667,nan
2991,-0.4976292774254553,nan,0.17966763753434314,nan,0.001820019495525679,nan
2992,-0.38767602971546994,nan,0.17971055939133648,nan,0.001558559046569194,nan
2993,-0.41050007102296143,nan,0.17974173459711054,nan,0.0014510383621194934,nan
2994,-0.41169458301286305,nan,0.17978251937919337,nan,0.0013459214918628718,nan
2995,-0.5277505201432592,nan,0.17986486090525333,nan,0.0020356382083268317,nan
2996,-0.6265901215326416,nan,0.1799568020665411,nan,0.0025853228240075394,nan
2997,-0.3333941379904148,nan,0.17998100085372679,nan,0.0013532011226076504,nan
2998,-0.5056553719386222,nan,0.18004524296206492,nan,0.001949688465264808,nan
2999,-0.5580903506760078,nan,0.1801401708841842,nan,0.002304565039742965,nan
